"<ID>";"Ppv =: Neg";"<ENT>Ppv";"<ENT>Conj";"<ENT>Prép0";"<ENT>Det0";"N1 =: Qu Pind";"N1 =: Qu Psubj";"N1 =: V0-inf W";"N1 =: C1 de Nhum";"de Nhum =: lui-Poss0";"<ENT>C0";"<ENT>Prép1";"<ENT>Det1";"<ENT>C1";"<ENT>Prép2";"N2 =: Nhum";"N2 =: N-hum";"N2 =: ce Qu Pind";"N2 =: ce Qu Psubj";"N2 =: (E+de) V-inf W";"Exemple"
"1";"-";"<E>";"<E>";"à";"le";"-";"-";"-";"-";"-";" abordage !";"<E>";"<E>";"<E>";"<E>";"-";"-";"-";"-";"-";"au§abordage§! "
"2";"-";"<E>";"<E>";"pour";"<E>";"-";"-";"-";"-";"-";" acquit";"<E>";"<E>";"<E>";"<E>";"-";"-";"-";"-";"-";"pour§acquit§ "
"3";"-";"<E>";"<E>";"<E>";"<E>";"-";"-";"-";"-";"-";" active !";"<E>";"<E>";"<E>";"<E>";"-";"-";"-";"-";"-";"§active§! "
"4";"-";"<E>";"<E>";"<E>";"<E>";"-";"-";"-";"-";"-";" activez !";"<E>";"<E>";"<E>";"<E>";"-";"-";"-";"-";"-";"§activez§! "
"5";"-";"<E>";"<E>";"<E>";"<E>";"-";"-";"-";"-";"-";" activons !";"<E>";"<E>";"<E>";"<E>";"-";"-";"-";"-";"-";"§activons§! "
"6";"-";"<E>";"<E>";"<E>";"bien";"-";"-";"-";"-";"-";" Adj";"<E>";"qui";"Vfut W";"<E>";"-";"-";"-";"-";"-";"bien§Adj§ qui Vfut W "
"7";"-";"<E>";"<E>";"<E>";"<E>";"-";"-";"-";"-";"-";" Adj";"que";"tu";"es !";"<E>";"-";"-";"-";"-";"-";"§Adj§ que tu es! "
"8";"-";"<E>";"<E>";"<E>";"<E>";"-";"-";"-";"-";"-";" Adj";"que";"vous";"êtes !";"<E>";"-";"-";"-";"-";"-";"§Adj§ que vous êtes! "
"9";"-";"<E>";"<E>";"<E>";"quel";"-";"-";"-";"-";"-";" Adj";"<E>";"Nhum";"faire !";"<E>";"-";"-";"-";"-";"-";"quel§Adj§ Nhum fait! "
"10";"-";"<E>";"<E>";"<E>";"<E>";"-";"-";"-";"-";"-";" adjugé";"<E>";"<E>";"vendu";"<E>";"-";"-";"-";"-";"-";"§adjugé§ vendu "
"11";"-";"<E>";"<E>";"<E>";"<E>";"-";"-";"-";"-";"-";" adjugé !";"<E>";"<E>";"<E>";"<E>";"-";"-";"-";"-";"-";"§adjugé§! "
"12";"-";"<E>";"<E>";"<E>";"<E>";"-";"-";"-";"-";"-";" advienne";"<E>";"que";"pourra";"<E>";"-";"-";"-";"-";"-";"§advienne§ que pourra "
"13";"-";"<E>";"<E>";"<E>";"la belle";"-";"-";"-";"-";"-";" affaire !";"<E>";"<E>";"<E>";"<E>";"-";"-";"-";"-";"-";"la belle§affaire§! "
"14";"-";"<E>";"<E>";"en";"<E>";"-";"-";"-";"-";"-";" affaires";"comme en";"<E>";"affaires !";"<E>";"-";"-";"-";"-";"-";"en§affaires§ comme en affaires! "
"15";"-";"<E>";"<E>";"<E>";"<E>";"-";"-";"-";"-";"-";" affectueusement";"à";"<E>";"toi";"<E>";"-";"-";"-";"-";"-";"§affectueusement§ à toi "
"16";"-";"<E>";"<E>";"<E>";"<E>";"-";"-";"-";"-";"-";" affectueusement";"<E>";"<E>";"vôtre";"<E>";"-";"-";"-";"-";"-";"§affectueusement§ vôtre "
"17";"-";"<E>";"<E>";"<E>";"<E>";"-";"-";"-";"-";"-";" affectueusement";"à";"<E>";"vous";"<E>";"-";"-";"-";"-";"-";"§affectueusement§ à vous "
"18";"-";"<E>";"pas";"<E>";"de";"-";"-";"-";"-";"-";" affolement !";"<E>";"<E>";"<E>";"<E>";"-";"-";"-";"-";"-";"pas de§affolement§! "
"19";"-";"<E>";"<E>";"à";"la";"-";"-";"-";"-";"-";" aide !";"<E>";"<E>";"<E>";"<E>";"-";"-";"-";"-";"-";"à la§aide§! "
"20";"-";"<E>";"<E>";"à";"la";"-";"-";"-";"-";"-";" aise";"<E>";"<E>";"Blaise";"<E>";"-";"-";"-";"-";"-";"à la§aise§ Blaise "
"21";"-";"<E>";"<E>";"à";"Poss";"-";"-";"-";"-";"-";" aise";"<E>";"<E>";"<E>";"<E>";"-";"-";"-";"-";"-";"à Poss§aise§ "
"22";"-";"<E>";"<E>";"<E>";"<E>";"-";"-";"-";"-";"-";" allez";"<E>";"les";"N !";"<E>";"-";"-";"-";"-";"-";"§allez§ les N! "
"23";"-";"<E>";"<E>";"<E>";"<E>";"+";"-";"-";"-";"-";" allez dire !";"<E>";"<E>";"<E>";"à";"+";"-";"-";"-";"-";"§allez dire§! à "
"24";"-";"<E>";"<E>";"<E>";"<E>";"-";"-";"-";"-";"-";" allez savoir si P";"<E>";"<E>";"<E>";"<E>";"-";"-";"-";"-";"-";"§allez savoir si P§ "
"25";"-";"<E>";"<E>";"<E>";"<E>";"-";"-";"-";"-";"-";" allez voir";" si P-";"<E>";"<E>";"<E>";"-";"-";"-";"-";"-";"§allez voir§ si P-"
"26";"-";"<E>";"<E>";"<E>";"<E>";"-";"-";"-";"-";"-";" allons-y";"<E>";"<E>";"gaiement";"<E>";"-";"-";"-";"-";"-";"§allons-y§ gaiement "
"27";"-";"<E>";"<E>";"<E>";"<E>";"-";"-";"-";"-";"-";" amen !";"<E>";"<E>";"<E>";"<E>";"-";"-";"-";"-";"-";"§amen§! "
"28";"-";"<E>";"<E>";"<E>";"<E>";"-";"-";"-";"-";"-";" amicalement";"à";"<E>";"toi";"<E>";"-";"-";"-";"-";"-";"§amicalement§ à toi "
"29";"-";"<E>";"<E>";"<E>";"<E>";"-";"-";"-";"-";"-";" amicalement";"<E>";"<E>";"vôtre";"<E>";"-";"-";"-";"-";"-";"§amicalement§ vôtre "
"30";"-";"<E>";"<E>";"<E>";"<E>";"-";"-";"-";"-";"-";" amicalement";"à";"<E>";"vous";"<E>";"-";"-";"-";"-";"-";"§amicalement§ à vous "
"31";"-";"<E>";"<E>";"à";"tes";"-";"-";"-";"-";"-";" amours !";"<E>";"<E>";"<E>";"<E>";"-";"-";"-";"-";"-";"à tes§amours§! "
"32";"-";"<E>";"<E>";"à";"nos";"-";"-";"-";"-";"-";" amours !";"<E>";"<E>";"<E>";"<E>";"-";"-";"-";"-";"-";"à nos§amours§! "
"33";"-";"<E>";"<E>";"à";"vos";"-";"-";"-";"-";"-";" amours !";"<E>";"<E>";"<E>";"<E>";"-";"-";"-";"-";"-";"à vos§amours§! "
"34";"-";"<E>";"<E>";"<E>";"bonne";"-";"-";"-";"-";"-";" année";"et";"bonne";"santé !";"<E>";"-";"-";"-";"-";"-";"bonne§année§ et bonne santé! "
"35";"-";"<E>";"<E>";"<E>";"bon";"-";"-";"-";"-";"-";" anniversaire !";"<E>";"<E>";"<E>";"<E>";"-";"-";"-";"-";"-";"bon§anniversaire§! "
"36";"-";"<E>";"<E>";"<E>";"joyeux";"-";"-";"-";"-";"-";" anniversaire !";"<E>";"<E>";"<E>";"<E>";"-";"-";"-";"-";"-";"joyeux§anniversaire§! "
"37";"-";"<E>";"<E>";"<E>";"bon";"-";"-";"-";"-";"-";" après-midi !";"<E>";"<E>";"<E>";"<E>";"-";"-";"-";"-";"-";"bon§après-midi§! "
"38";"-";"<E>";"<E>";"<E>";"bonne";"-";"-";"-";"-";"-";" après-midi !";"<E>";"<E>";"<E>";"<E>";"-";"-";"-";"-";"-";"bonne§après-midi§! "
"39";"-";"<E>";"<E>";"à";"les";"-";"-";"-";"-";"-";" armes !";"<E>";"<E>";"<E>";"<E>";"-";"-";"-";"-";"-";"aux§armes§! "
"40";"-";"<E>";"<E>";"<E>";"prochain";"-";"-";"-";"-";"-";" arrêt ";"<E>";"<E>";"Aix";"<E>";"-";"-";"-";"-";"-";"prochain§arrêt§ Aix "
"41";"-";"<E>";"<E>";"<E>";"prochain";"-";"-";"-";"-";"-";" arrêt ";"<E>";"<E>";"NLoc";"<E>";"-";"-";"-";"-";"-";"prochain§arrêt§ NLoc "
"42";"-";"<E>";"<E>";"<E>";"<E>";"-";"-";"-";"-";"-";" arrête";"<E>";"ton";"char Ben-Hur";"<E>";"-";"-";"-";"-";"-";"§arrête§ ton char Ben-Hur "
"43";"-";"<E>";"<E>";"en";"<E>";"-";"-";"-";"-";"-";" arrière";"<E>";"<E>";"toute !";"<E>";"-";"-";"-";"-";"-";"en§arrière§ toute! "
"44";"-";"<E>";"<E>";"à";"le";"-";"-";"-";"-";"-";" assassin !";"<E>";"<E>";"<E>";"<E>";"-";"-";"-";"-";"-";"au§assassin§! "
"45";"-";"<E>";"<E>";"à";"le";"-";"-";"-";"-";"-";" assaut !";"<E>";"<E>";"<E>";"<E>";"-";"-";"-";"-";"-";"au§assaut§! "
"46";"-";"<E>";"<E>";"<E>";"<E>";"-";"-";"-";"-";"-";" attachez";"<E>";"les";"ceintures";"<E>";"-";"-";"-";"-";"-";"§attachez§ les ceintures "
"47";"-";"<E>";"<E>";"<E>";"<E>";"-";"-";"-";"-";"-";" attachez";"<E>";"vos";"ceintures";"<E>";"-";"-";"-";"-";"-";"§attachez§ vos ceintures "
"48";"-";"<E>";"<E>";"à";"la";"-";"-";"-";"-";"-";" attaque !";"<E>";"<E>";"<E>";"<E>";"-";"-";"-";"-";"-";"à la§attaque§! "
"49";"-";"<E>";"<E>";"<E>";"<E>";"-";"-";"-";"-";"-";" attendez";"<E>";"un";"peu";"<E>";"-";"-";"-";"+";"-";"§attendez§ un peu "
"50";"-";"<E>";"<E>";"<E>";"<E>";"-";"-";"-";"-";"-";" attends";"<E>";"un";"peu";"<E>";"-";"-";"-";"+";"-";"§attends§ un peu "
"51";"-";"<E>";"<E>";"<E>";"<E>";"-";"-";"-";"-";"-";" attention";"<E>";"<E>";"chien méchant";"<E>";"-";"-";"-";"-";"-";"§attention§ chien méchant "
"52";"-";"<E>";"<E>";"<E>";"<E>";"-";"-";"-";"-";"-";" attention";"à";"la";"marche !";"<E>";"-";"-";"-";"-";"-";"§attention§ à la marche! "
"53";"-";"<E>";"<E>";"<E>";"votre";"-";"-";"-";"-";"-";" attention";"s'il";"vous";"plaît !";"<E>";"-";"-";"-";"-";"-";"votre§attention§ s'il vous plaît! "
"54";"-";"<E>";"<E>";"<E>";"<E>";"-";"-";"+";"-";"-";" autant";"<E>";"<E>";"<E>";"<E>";"-";"-";"-";"-";"-";"§autant§ "
"55";"-";"<E>";"<E>";"<E>";"<E>";"-";"-";"-";"-";"-";" autant";"<E>";"<E>";"<E>";"pour";"+";"+";"-";"-";"-";"§autant§ pour "
"56";"-";"<E>";"<E>";"<E>";"<E>";"-";"-";"-";"-";"-";" autant";"<E>";"<E>";"te dire";"<E>";"-";"-";"+";"-";"-";"§autant§ te dire "
"57";"-";"<E>";"<E>";"<E>";"<E>";"-";"-";"-";"-";"-";" autant";"<E>";"<E>";"vous dire";"<E>";"-";"-";"+";"-";"-";"§autant§ vous dire "
"58";"-";"<E>";"<E>";"à";"<E>";"-";"-";"-";"-";"-";" autre N";"<E>";"<E>";"autre N";"<E>";"-";"-";"-";"-";"-";"à§autre N§ autre N "
"59";"-";"<E>";"<E>";"à";"de";"-";"-";"-";"-";"-";" autres";"mais";"pas à";"moi !";"<E>";"-";"-";"-";"-";"-";"à de§autres§ mais pas à moi! "
"60";"-";"<E>";"<E>";"à";"de";"-";"-";"-";"-";"-";" autres";"mais";"pas à";"nous !";"<E>";"-";"-";"-";"-";"-";"à de§autres§ mais pas à nous! "
"61";"-";"<E>";"<E>";"à";"de";"-";"-";"-";"-";"-";" autres !";"<E>";"<E>";"<E>";"<E>";"-";"-";"-";"-";"-";"à de§autres§! "
"62";"-";"<E>";"<E>";"en";"<E>";"-";"-";"-";"-";"-";" avant";"<E>";"<E>";"lentement !";"<E>";"-";"-";"-";"-";"-";"en§avant§ lentement! "
"63";"-";"<E>";"<E>";"en";"<E>";"-";"-";"-";"-";"-";" avant";"<E>";"<E>";"marche !";"<E>";"-";"-";"-";"-";"-";"en§avant§ marche! "
"64";"-";"<E>";"<E>";"en";"<E>";"-";"-";"-";"-";"-";" avant";"<E>";"la";"musique !";"<E>";"-";"-";"-";"-";"-";"en§avant§ la musique! "
"65";"-";"<E>";"<E>";"en";"<E>";"-";"-";"-";"-";"-";" avant";"<E>";"<E>";"toute !";"<E>";"-";"-";"-";"-";"-";"en§avant§ toute! "
"66";"-";"<E>";"<E>";"<E>";"<E>";"-";"-";"-";"-";"-";" avis";"<E>";"<E>";"<E>";"à";"+";"-";"-";"-";"-";"§avis§ à "
"67";"-";"<E>";"<E>";"<E>";"<E>";"-";"-";"-";"-";"-";" avis";"à";"les";"amateurs !";"<E>";"-";"-";"-";"-";"-";"§avis§ aux amateurs! "
"68";"-";"<E>";"<E>";"<E>";"<E>";"-";"-";"-";"-";"-";" avis";"à";"la";"population !";"<E>";"-";"-";"-";"-";"-";"§avis§ à la population! "
"69";"-";"<E>";"<E>";"<E>";"bons";"-";"-";"-";"-";"-";" baisers";"<E>";"<E>";"<E>";"de";"+";"+";"-";"-";"-";"bons§baisers§ de "
"70";"-";"<E>";"<E>";"<E>";"bons";"-";"-";"-";"-";"-";" baisers";"à";"<E>";"bientôt !";"<E>";"-";"-";"-";"-";"-";"bons§baisers§ à bientôt! "
"71";"-";"<E>";"<E>";"<E>";"du";"-";"-";"-";"-";"-";" balai !";"<E>";"<E>";"<E>";"<E>";"-";"-";"-";"-";"-";"du§balai§! "
"72";"-";"<E>";"<E>";"<E>";"<E>";"-";"-";"-";"-";"-";" banco !";"<E>";"<E>";"<E>";"<E>";"-";"-";"-";"-";"-";"§banco§! "
"73";"-";"<E>";"<E>";"<E>";"quelle";"-";"-";"-";"-";"-";" barbe !";"<E>";"<E>";"<E>";"<E>";"-";"-";"-";"+";"+";"quelle§barbe§! "
"74";"-";"<E>";"<E>";"à";"<E>";"-";"-";"-";"-";"-";" bas";"<E>";"la";"calotte !";"<E>";"-";"-";"-";"-";"-";"à§bas§ la calotte! "
"75";"-";"<E>";"<E>";"<E>";"<E>";"-";"-";"-";"-";"-";" bas";"<E>";"les";"pattes !";"<E>";"-";"-";"-";"-";"-";"§bas§ les pattes! "
"76";"-";"<E>";"<E>";"à";"<E>";"-";"-";"-";"-";"-";" bas !";"<E>";"<E>";"<E>";"<E>";"+";"-";"-";"-";"-";"à§bas§! "
"77";"-";"<E>";"<E>";"<E>";"bien";"-";"-";"-";"-";"-";" bête";"<E>";"qui";"viendra ici";"<E>";"-";"-";"-";"-";"-";"bien§bête§ qui viendra ici "
"78";"-";"<E>";"pas";"<E>";"si";"-";"-";"-";"-";"-";" bête !";"<E>";"<E>";"<E>";"<E>";"-";"-";"-";"-";"-";"pas si§bête§! "
"79";"-";"<E>";"<E>";"<E>";"<E>";"-";"-";"-";"-";"-";" bien";"<E>";"le";"bonjour";"à";"+";"-";"-";"-";"-";"§bien§ le bonjour à "
"80";"-";"<E>";"<E>";"<E>";"<E>";"-";"-";"-";"-";"-";" bien";"<E>";"le";"bonjour";"de";"+";"-";"-";"-";"-";"§bien§ le bonjour de "
"81";"-";"<E>";"<E>";"<E>";"<E>";"-";"-";"-";"-";"-";" bien";"à";"<E>";"toi";"<E>";"-";"-";"-";"-";"-";"§bien§ à toi "
"82";"-";"<E>";"<E>";"<E>";"<E>";"-";"-";"-";"-";"-";" bien";"à";"<E>";"vous";"<E>";"-";"-";"-";"-";"-";"§bien§ à vous "
"83";"-";"<E>";"<E>";"à";"<E>";"-";"-";"-";"-";"-";" bientôt !";"<E>";"<E>";"<E>";"<E>";"-";"-";"-";"-";"-";"à§bientôt§! "
"84";"-";"<E>";"<E>";"<E>";"<E>";"-";"-";"-";"-";"-";" bis";"<E>";"<E>";"repetita";"<E>";"-";"-";"-";"-";"-";"§bis§ repetita "
"85";"-";"<E>";"<E>";"<E>";"<E>";"-";"-";"-";"-";"-";" bis !";"<E>";"<E>";"<E>";"<E>";"-";"-";"-";"-";"-";"§bis§! "
"86";"-";"<E>";"<E>";"<E>";"<E>";"-";"-";"-";"-";"-";" bise";"à";"la";"moque !";"<E>";"-";"-";"-";"-";"-";"§bise§ à la moque! "
"87";"-";"<E>";"<E>";"<E>";"la bonne";"-";"-";"-";"-";"-";" blague !";"<E>";"<E>";"<E>";"<E>";"-";"-";"-";"-";"-";"la bonne§blague§! "
"88";"-";"<E>";"<E>";"sans";"<E>";"-";"-";"-";"-";"-";" blague ?";"<E>";"<E>";"<E>";"<E>";"-";"-";"-";"-";"-";"sans§blague§? "
"89";"-";"<E>";"pas";"<E>";"de";"-";"-";"-";"-";"-";" blagues !";"<E>";"<E>";"<E>";"<E>";"-";"-";"-";"-";"-";"pas de§blagues§! "
"90";"-";"<E>";"<E>";"<E>";"<E>";"-";"-";"-";"-";"-";" boira";"<E>";"qui le";"désire !";"<E>";"-";"-";"-";"-";"-";"§boira§ qui le désire! "
"91";"-";"<E>";"<E>";"<E>";"<E>";"-";"-";"-";"-";"-";" boira";"<E>";"qui";"voudra !";"<E>";"-";"-";"-";"-";"-";"§boira§ qui voudra! "
"92";"-";"<E>";"<E>";"<E>";"<E>";"-";"-";"-";"-";"-";" bonjour";"<E>";"les";"N !";"<E>";"-";"-";"-";"-";"-";"§bonjour§ les N! "
"93";"-";"<E>";"<E>";"<E>";"<E>";"-";"-";"-";"-";"-";" bonjour";"<E>";"<E>";"<E>";"<E>";"-";"-";"-";"-";"-";"§bonjour§ "
"94";"-";"<E>";"<E>";"<E>";"<E>";"-";"-";"-";"-";"-";" bonjour";"<E>";"les";"dégâts !";"<E>";"-";"-";"-";"-";"-";"§bonjour§ les dégâts! "
"95";"-";"<E>";"<E>";"<E>";"<E>";"-";"-";"-";"-";"-";" bonsoir !";"<E>";"<E>";"<E>";"<E>";"-";"-";"-";"-";"-";"§bonsoir§! "
"96";"-";"<E>";"<E>";"<E>";"<E>";"-";"-";"-";"-";"-";" bonté divine !";"<E>";"<E>";"<E>";"<E>";"-";"-";"-";"-";"-";"§bonté divine§! "
"97";"-";"<E>";"<E>";"<E>";"<E>";"-";"-";"-";"-";"-";" bordel !";"<E>";"<E>";"<E>";"de";"-";"+";"-";"-";"-";"§bordel§! de "
"98";"-";"<E>";"<E>";"<E>";"quel";"-";"+";"+";"-";"-";" bordel !";"<E>";"<E>";"<E>";"<E>";"-";"-";"-";"-";"-";"quel§bordel§! "
"99";"-";"<E>";"<E>";"<E>";"<E>";"-";"-";"-";"-";"-";" boucle";"<E>";"ta";"gueule !";"<E>";"-";"-";"-";"-";"-";"§boucle§ ta gueule! "
"100";"-";"<E>";"<E>";"<E>";"<E>";"-";"-";"-";"-";"-";" bouclez";"<E>";"vos";"gueules !";"<E>";"-";"-";"-";"-";"-";"§bouclez§ vos gueules! "
"101";"-";"<E>";"<E>";"à";"le";"-";"-";"-";"-";"-";" boulot";"comme à";"le";"boulot !";"<E>";"-";"-";"-";"-";"-";"au§boulot§ comme au boulot! "
"102";"-";"<E>";"<E>";"à";"le";"-";"-";"-";"-";"-";" boulot !";"<E>";"<E>";"<E>";"<E>";"-";"-";"-";"-";"-";"au§boulot§! "
"103";"-";"<E>";"<E>";"<E>";"la";"-";"-";"-";"-";"-";" bourse";"ou";"la";"vie ?";"<E>";"-";"-";"-";"-";"-";"la§bourse§ ou la vie ? "
"104";"-";"<E>";"<E>";"<E>";"<E>";"-";"-";"-";"-";"-";" bravo";"<E>";"<E>";"<E>";"pour";"+";"-";"-";"-";"-";"§bravo§ pour "
"105";"-";"<E>";"<E>";"<E>";"<E>";"-";"-";"-";"-";"-";" bravo !";"<E>";"<E>";"<E>";"<E>";"-";"-";"-";"-";"-";"§bravo§! "
"106";"-";"<E>";"<E>";"<E>";"encore";"-";"-";"-";"-";"-";" bravo !";"<E>";"<E>";"<E>";"<E>";"-";"-";"-";"-";"-";"encore§bravo§! "
"107";"-";"<E>";"<E>";"<E>";"<E>";"-";"-";"-";"-";"-";" brisons";"<E>";"<E>";"là !";"<E>";"-";"-";"-";"-";"-";"§brisons§ là! "
"108";"-";"<E>";"<E>";"<E>";"<E>";"-";"-";"-";"-";"-";" bye";"<E>";"<E>";"bye !";"<E>";"-";"-";"-";"-";"-";"§bye§ bye! "
"109";"-";"<E>";"<E>";"<E>";"<E>";"-";"-";"-";"-";"-";" bye !";"<E>";"<E>";"<E>";"<E>";"-";"-";"-";"-";"-";"§bye§! "
"110";"-";"<E>";"<E>";"<E>";"<E>";"-";"-";"-";"-";"-";" C.Q.F.D.";"<E>";"<E>";"<E>";"<E>";"-";"-";"-";"-";"-";"§C.Q.F.D.§ "
"111";"-";"<E>";"pas";"de";"<E>";"-";"-";"-";"-";"-";" ça";"<E>";"<E>";"Lisette";"<E>";"-";"-";"-";"-";"-";"pas de§ça§ Lisette "
"112";"-";"<E>";"<E>";"avec";"<E>";"+";"-";"-";"-";"-";" ça";"<E>";"<E>";"<E>";"<E>";"-";"-";"-";"-";"-";"avec§ça§ "
"113";"-";"<E>";"pas";"<E>";"de";"-";"-";"-";"-";"-";" ça";"<E>";"<E>";"<E>";"Loc";"+";"+";"-";"-";"-";"pas de§ça§ Loc "
"114";"-";"<E>";"<E>";"<E>";"<E>";"-";"-";"-";"-";"-";" ça";"par";"<E>";"alors !";"<E>";"-";"-";"-";"-";"-";"§ça§ par alors! "
"115";"-";"<E>";"<E>";"<E>";"<E>";"-";"-";"-";"-";"-";" ça";"par";"<E>";"exemple !";"<E>";"-";"-";"-";"-";"-";"§ça§ par exemple! "
"116";"-";"<E>";"et";"avec";"<E>";"-";"-";"-";"-";"-";" ça ?";"<E>";"<E>";"<E>";"<E>";"-";"-";"-";"-";"-";"et avec§ça§? "
"117";"-";"<E>";"<E>";"<E>";"du";"-";"-";"-";"-";"-";" calme !";"<E>";"<E>";"<E>";"<E>";"-";"-";"-";"-";"-";"du§calme§! "
"118";"-";"<E>";"<E>";"<E>";"<E>";"-";"-";"-";"-";"-";" cap";"<E>";"<E>";"<E>";"sur";"-";"+";"-";"-";"-";"§cap§ sur "
"119";"-";"<E>";"<E>";"<E>";"<E>";"-";"-";"-";"-";"-";" cap";"<E>";"<E>";"<E>";"sur";"-";"+";"-";"-";"-";"§cap§ sur "
"120";"-";"<E>";"<E>";"<E>";"<E>";"-";"-";"-";"-";"-";" ceinture !";"<E>";"<E>";"<E>";"<E>";"-";"-";"-";"-";"-";"§ceinture§! "
"121";"-";"<E>";"<E>";"<E>";"<E>";"-";"-";"-";"-";"-";" chacun";"<E>";"son";"N !";"<E>";"-";"-";"-";"-";"-";"§chacun§ son N! "
"122";"-";"<E>";"<E>";"à";"<E>";"-";"-";"-";"-";"-";" chacun";"<E>";"son";"N !";"<E>";"-";"-";"-";"-";"-";"à§chacun§ son N! "
"123";"-";"<E>";"<E>";"<E>";"<E>";"-";"-";"-";"-";"-";" chacun";"<E>";"son";"lit !";"<E>";"-";"-";"-";"-";"-";"§chacun§ son lit! "
"124";"-";"<E>";"<E>";"à";"<E>";"-";"-";"-";"-";"-";" chacun";"<E>";"son";"lit !";"<E>";"-";"-";"-";"-";"-";"à§chacun§ son lit! "
"125";"-";"<E>";"<E>";"<E>";"<E>";"-";"-";"-";"-";"-";" chacun";"<E>";"sa";"croix !";"<E>";"-";"-";"-";"-";"-";"§chacun§ sa croix! "
"126";"-";"<E>";"<E>";"<E>";"<E>";"-";"-";"-";"-";"-";" chacun";"<E>";"son";"goût !";"<E>";"-";"-";"-";"-";"-";"§chacun§ son goût! "
"127";"-";"<E>";"<E>";"<E>";"<E>";"-";"-";"-";"-";"-";" chacun";"<E>";"sa";"merde !";"<E>";"-";"-";"-";"-";"-";"§chacun§ sa merde! "
"128";"-";"<E>";"<E>";"<E>";"<E>";"-";"-";"-";"-";"-";" chacun";"pour";"<E>";"soi !";"<E>";"-";"-";"-";"-";"-";"§chacun§ pour soi! "
"129";"-";"<E>";"<E>";"<E>";"<E>";"-";"-";"-";"-";"-";" chacun";"<E>";"son";"tour !";"<E>";"-";"-";"-";"-";"-";"§chacun§ son tour! "
"130";"-";"<E>";"<E>";"à";"<E>";"-";"-";"-";"-";"-";" chacun";"<E>";"son";"tour !";"<E>";"-";"-";"-";"-";"-";"à§chacun§ son tour! "
"131";"-";"<E>";"<E>";"<E>";"<E>";"-";"-";"-";"-";"-";" champagne";"à";"<E>";"volonté !";"<E>";"-";"-";"-";"-";"-";"§champagne§ à volonté! "
"132";"-";"<E>";"<E>";"<E>";"<E>";"-";"-";"-";"-";"-";" chapeau";"<E>";"<E>";"bas";"devant";"+";"+";"-";"-";"-";"§chapeau§ bas devant "
"133";"-";"<E>";"<E>";"<E>";"<E>";"-";"-";"-";"-";"-";" chapeau !";"<E>";"<E>";"<E>";"<E>";"-";"-";"-";"-";"-";"§chapeau§! "
"134";"-";"<E>";"<E>";"à";"<E>";"-";"-";"+";"-";"-";" charge";"<E>";"<E>";"<E>";"pour";"+";"-";"-";"-";"-";"à§charge§ pour "
"135";"-";"<E>";"<E>";"à";"le";"-";"-";"-";"-";"-";" charge !";"<E>";"<E>";"<E>";"<E>";"-";"-";"-";"-";"-";"au§charge§! "
"136";"-";"<E>";"<E>";"<E>";"<E>";"-";"-";"-";"-";"-";" chargez !";"<E>";"<E>";"<E>";"<E>";"-";"-";"-";"-";"-";"§chargez§! "
"137";"-";"<E>";"<E>";"<E>";"la";"-";"-";"-";"-";"-";" charité";"si";"il";"vous plaît";"<E>";"-";"-";"-";"-";"-";"la§charité§ si il vous plaît "
"138";"-";"<E>";"<E>";"<E>";"<E>";"-";"-";"-";"-";"-";" charogne";"<E>";"<E>";"<E>";"de";"+";"+";"-";"-";"-";"§charogne§ de "
"139";"-";"<E>";"<E>";"<E>";"<E>";"-";"-";"-";"-";"-";" chauds";"<E>";"les";"marrons chauds !";"<E>";"-";"-";"-";"-";"-";"§chauds§ les marrons chauds! "
"140";"-";"<E>";"<E>";"<E>";"<E>";"-";"-";"-";"-";"-";" chauffe";"<E>";"<E>";"Marcel !";"<E>";"-";"-";"-";"-";"-";"§chauffe§ Marcel! "
"141";"-";"<E>";"<E>";"<E>";"<E>";"-";"-";"-";"-";"-";" cherchez";"<E>";"la";"femme";"<E>";"-";"-";"-";"-";"-";"§cherchez§ la femme "
"142";"-";"<E>";"<E>";"à";"<E>";"-";"-";"-";"-";"-";" cheval";"<E>";"<E>";"<E>";"<E>";"-";"-";"-";"-";"-";"à§cheval§ "
"143";"-";"<E>";"<E>";"<E>";"quelle";"-";"+";"+";"-";"-";" chiasse !";"<E>";"<E>";"<E>";"<E>";"-";"-";"-";"-";"-";"quelle§chiasse§! "
"144";"-";"<E>";"<E>";"<E>";"<E>";"-";"-";"-";"-";"-";" chic";"<E>";"<E>";"alors !";"<E>";"-";"-";"-";"-";"-";"§chic§ alors! "
"145";"-";"<E>";"<E>";"<E>";"<E>";"-";"+";"-";"-";"-";" chiche !";"<E>";"<E>";"<E>";"<E>";"-";"-";"-";"-";"-";"§chiche§! "
"146";"-";"<E>";"<E>";"à";"les";"-";"-";"-";"-";"-";" chiottes";"<E>";"<E>";"<E>";"<E>";"+";"+";"-";"-";"-";"aux§chiottes§ "
"147";"-";"<E>";"<E>";"<E>";"<E>";"-";"-";"-";"-";"-";" chouette";"<E>";"<E>";"alors !";"<E>";"-";"-";"-";"-";"-";"§chouette§ alors! "
"148";"-";"<E>";"<E>";"<E>";"un de";"-";"-";"-";"-";"-";" chute !";"<E>";"<E>";"<E>";"<E>";"-";"-";"-";"-";"-";"un de§chute§! "
"149";"-";"<E>";"<E>";"<E>";"<E>";"-";"-";"-";"-";"-";" ciao !";"<E>";"<E>";"<E>";"<E>";"-";"-";"-";"-";"-";"§ciao§! "
"150";"-";"<E>";"<E>";"<E>";"<E>";"-";"-";"-";"-";"-";" ciel";"<E>";"mon";"mari !";"<E>";"-";"-";"-";"-";"-";"§ciel§ mon mari! "
"151";"-";"<E>";"<E>";"<E>";"juste";"-";"-";"-";"-";"-";" ciel !";"<E>";"<E>";"<E>";"<E>";"-";"-";"-";"-";"-";"juste§ciel§! "
"152";"-";"<E>";"<E>";"<E>";"<E>";"-";"-";"-";"-";"-";" circulez !";"<E>";"<E>";"<E>";"<E>";"-";"-";"-";"-";"-";"§circulez§! "
"153";"-";"<E>";"<E>";"<E>";"quel";"-";"+";"+";"-";"-";" cirque !";"<E>";"<E>";"<E>";"<E>";"-";"-";"-";"-";"-";"quel§cirque§! "
"154";"-";"<E>";"<E>";"<E>";"des";"-";"-";"-";"-";"-";" clous !";"<E>";"<E>";"<E>";"<E>";"-";"-";"-";"-";"-";"des§clous§! "
"155";"-";"<E>";"<E>";"<E>";"<E>";"-";"-";"-";"-";"-";" cochon";"<E>";"qui s'en";"dédit !";"<E>";"-";"-";"-";"-";"-";"§cochon§ qui s'en dédit! "
"156";"-";"<E>";"<E>";"<E>";"<E>";"-";"-";"-";"-";"-";" cochonnerie !";"<E>";"<E>";"<E>";"de";"-";"+";"-";"-";"-";"§cochonnerie§! de "
"157";"-";"<E>";"<E>";"<E>";"les";"-";"-";"-";"-";"-";" cocus";"à";"le";"balcon !";"<E>";"-";"-";"-";"-";"-";"les§cocus§ au balcon! "
"158";"-";"<E>";"<E>";"à";"votre bon";"-";"-";"-";"-";"-";" coeur !";"<E>";"<E>";"<E>";"<E>";"-";"-";"-";"-";"-";"à votre bon§coeur§! "
"159";"-";"<E>";"<E>";"en";"<E>";"-";"-";"-";"-";"-";" colonne";"<E>";"<E>";"couvrez !";"<E>";"-";"-";"-";"-";"-";"en§colonne§ couvrez! "
"160";"-";"<E>";"<E>";"<E>";"<E>";"-";"-";"-";"-";"-";" comment";"<E>";"<E>";"faire ?";"pour";"-";"-";"-";"+";"+";"§comment§ fait ? pour "
"161";"-";"<E>";"pas";"<E>";"de";"-";"-";"-";"-";"-";" commentaires";"<E>";"<E>";"<E>";"<E>";"-";"-";"-";"-";"-";"pas de§commentaires§ "
"162";"-";"<E>";"<E>";"<E>";"<E>";"-";"-";"-";"-";"-";" comprenne";"<E>";"qui";"pourra !";"<E>";"-";"-";"-";"-";"-";"§comprenne§ qui pourra! "
"163";"-";"<E>";"<E>";"<E>";"bonne";"-";"-";"-";"-";"-";" continuation !";"<E>";"<E>";"<E>";"<E>";"-";"-";"-";"-";"-";"bonne§continuation§! "
"164";"-";"<E>";"<E>";"<E>";"<E>";"-";"-";"-";"-";"-";" cool";"<E>";"<E>";"Raoul !";"<E>";"-";"-";"-";"-";"-";"§cool§ Raoul! "
"165";"-";"<E>";"<E>";"<E>";"<E>";"-";"-";"-";"-";"-";" coquin";"de";"<E>";"<E>";"<E>";"+";"+";"-";"-";"-";"§coquin§ de "
"166";"-";"<E>";"<E>";"<E>";"<E>";"-";"-";"-";"-";"-";" coquin";"de";"<E>";"sort !";"<E>";"-";"-";"-";"-";"-";"§coquin§ de sort! "
"167";"-";"<E>";"<E>";"<E>";"<E>";"-";"-";"-";"-";"-";" cordialement";"à";"<E>";"toi";"<E>";"-";"-";"-";"-";"-";"§cordialement§ à toi "
"168";"-";"<E>";"<E>";"<E>";"<E>";"-";"-";"-";"-";"-";" cordialement";"<E>";"<E>";"vôtre";"<E>";"-";"-";"-";"-";"-";"§cordialement§ vôtre "
"169";"-";"<E>";"<E>";"<E>";"<E>";"-";"-";"-";"-";"-";" cordialement";"à";"<E>";"vous";"<E>";"-";"-";"-";"-";"-";"§cordialement§ à vous "
"170";"-";"<E>";"<E>";"<E>";"<E>";"-";"-";"-";"-";"-";" courage !";"<E>";"<E>";"<E>";"<E>";"-";"-";"-";"-";"-";"§courage§! "
"171";"-";"<E>";"<E>";"<E>";"bon";"-";"-";"-";"-";"-";" courage !";"<E>";"<E>";"<E>";"<E>";"-";"-";"-";"-";"-";"bon§courage§! "
"172";"-";"<E>";"<E>";"<E>";"du";"-";"-";"-";"-";"-";" courage !";"<E>";"<E>";"<E>";"<E>";"-";"-";"-";"-";"-";"du§courage§! "
"173";"-";"<E>";"<E>";"<E>";"des";"-";"-";"-";"-";"-";" cous encore des cous";"toujours";"des";"cous !";"<E>";"-";"-";"-";"-";"-";"des§cous encore des cous§ toujours des cous! "
"174";"-";"<E>";"<E>";"<E>";"<E>";"-";"-";"-";"-";"-";" crève";"<E>";"<E>";"salope !";"<E>";"-";"-";"-";"-";"-";"§crève§ salope! "
"175";"-";"<E>";"<E>";"<E>";"<E>";"-";"-";"-";"-";"-";" crotte !";"<E>";"<E>";"<E>";"pour";"+";"+";"-";"-";"-";"§crotte§! pour "
"176";"-";"<E>";"<E>";"à";"la";"-";"-";"-";"-";"-";" croûte !";"<E>";"<E>";"<E>";"<E>";"-";"-";"-";"-";"-";"à la§croûte§! "
"177";"-";"<E>";"<E>";"dans";"le";"-";"-";"-";"-";"-";" cul";"<E>";"la";"balayette !";"<E>";"-";"-";"-";"-";"-";"dans le§cul§ la balayette! "
"178";"-";"<E>";"<E>";"<E>";"mon";"-";"-";"-";"-";"-";" cul";"sur";"la";"commode !";"<E>";"-";"-";"-";"-";"-";"mon§cul§ sur la commode! "
"179";"-";"<E>";"<E>";"à";"le";"-";"-";"-";"-";"-";" cul";"voilà";"le";"printemps !";"<E>";"-";"-";"-";"-";"-";"au§cul§ voilà le printemps! "
"180";"-";"<E>";"<E>";"<E>";"mon";"-";"-";"-";"-";"-";" cul !";"<E>";"<E>";"<E>";"<E>";"-";"-";"-";"-";"-";"mon§cul§! "
"181";"-";"<E>";"<E>";"<E>";"bon";"-";"-";"-";"-";"-";" débarras !";"<E>";"<E>";"<E>";"<E>";"-";"-";"-";"-";"-";"bon§débarras§! "
"182";"-";"<E>";"<E>";"<E>";"<E>";"-";"-";"-";"-";"-";" debout";"<E>";"<E>";"là-dedans !";"<E>";"-";"-";"-";"-";"-";"§debout§ là-dedans! "
"183";"-";"<E>";"<E>";"<E>";"<E>";"-";"-";"-";"-";"-";" debout";"<E>";"les";"morts !";"<E>";"-";"-";"-";"-";"-";"§debout§ les morts! "
"184";"-";"<E>";"<E>";"<E>";"<E>";"-";"-";"+";"-";"-";" défense";"<E>";"<E>";"<E>";"à";"+";"-";"-";"-";"-";"§défense§ à "
"185";"-";"<E>";"<E>";"<E>";"<E>";"-";"-";"-";"-";"-";" défense";"de";"<E>";"afficher";"<E>";"-";"-";"-";"-";"-";"§défense§ d'afficher "
"186";"-";"<E>";"<E>";"<E>";"<E>";"-";"-";"-";"-";"-";" défense";"de";"<E>";"déposer des ordures";"<E>";"-";"-";"-";"-";"-";"§défense§ de déposer des ordures "
"187";"-";"<E>";"<E>";"<E>";"<E>";"-";"-";"-";"-";"-";" défense";"de";"<E>";"uriner";"<E>";"-";"-";"-";"-";"-";"§défense§ d'uriner "
"188";"-";"<E>";"<E>";"à";"<E>";"-";"-";"-";"-";"-";" dégager !";"<E>";"<E>";"<E>";"<E>";"-";"-";"-";"-";"-";"à§dégager§! "
"189";"-";"<E>";"<E>";"à";"<E>";"-";"-";"-";"-";"-";" demain !";"<E>";"<E>";"<E>";"<E>";"-";"-";"-";"-";"-";"à§demain§! "
"190";"-";"<E>";"<E>";"à";"après-";"-";"-";"-";"-";"-";" demain !";"<E>";"<E>";"<E>";"<E>";"-";"-";"-";"-";"-";"à après-§demain§! "
"191";"-";"<E>";"<E>";"<E>";"<E>";"-";"-";"-";"-";"-";" demandez";"<E>";"le";"programme !";"<E>";"-";"-";"-";"-";"-";"§demandez§ le programme! "
"192";"-";"<E>";"<E>";"<E>";"<E>";"-";"-";"-";"-";"-";" deux";"de";"<E>";"chute !";"<E>";"-";"-";"-";"-";"-";"§deux§ de chute! "
"193";"-";"<E>";"<E>";"à";"le";"-";"-";"-";"-";"-";" diable";"<E>";"le";"N";"<E>";"-";"-";"-";"-";"-";"au§diable§ le N "
"194";"-";"<E>";"<E>";"à";"le";"-";"-";"-";"-";"-";" diable";"<E>";"<E>";"<E>";"<E>";"+";"+";"-";"-";"-";"au§diable§ "
"195";"-";"<E>";"<E>";"à";"le";"-";"-";"-";"-";"-";" diable";"<E>";"la";"avarice !";"<E>";"-";"-";"-";"-";"-";"au§diable§ l'avarice! "
"196";"-";"<E>";"<E>";"à";"le";"-";"-";"-";"-";"-";" diable";"<E>";"mes";"varices !";"<E>";"-";"-";"-";"-";"-";"au§diable§ mes varices! "
"197";"-";"<E>";"<E>";"<E>";"du";"-";"-";"-";"-";"-";" diable si P";"<E>";"<E>";"<E>";"<E>";"-";"-";"-";"-";"-";"du§diable si P§ "
"198";"-";"<E>";"<E>";"à";"<E>";"-";"-";"-";"-";"-";" Dieu";"<E>";"<E>";"ne plaise !";"<E>";"-";"-";"-";"-";"-";"à§Dieu§ ne plaise! "
"199";"-";"<E>";"<E>";"à";"<E>";"-";"-";"-";"-";"-";" Dieu";"<E>";"<E>";"va !";"<E>";"-";"-";"-";"-";"-";"à§Dieu§ va! "
"200";"-";"<E>";"<E>";"à";"<E>";"-";"-";"-";"-";"-";" Dieu";"<E>";"<E>";"vat !";"<E>";"-";"-";"-";"-";"-";"à§Dieu§ vat! "
"201";"-";"<E>";"<E>";"<E>";"bon";"-";"-";"-";"-";"-";" dimanche !";"<E>";"<E>";"<E>";"<E>";"-";"-";"-";"-";"-";"bon§dimanche§! "
"202";"-";"<E>";"<E>";"<E>";"<E>";"+";"-";"-";"-";"-";" dire";"<E>";"<E>";"<E>";"<E>";"-";"-";"-";"-";"-";"§dire§ "
"203";"-";"<E>";"<E>";"<E>";"que";"-";"-";"-";"-";"-";" dire !";"<E>";"<E>";"<E>";"<E>";"-";"-";"-";"-";"-";"que§dire§! "
"204";"-";"<E>";"pas";"<E>";"de";"-";"-";"-";"-";"-";" discussion !";"<E>";"<E>";"<E>";"<E>";"-";"-";"-";"-";"-";"pas de§discussion§! "
"205";"-";"<E>";"<E>";"<E>";"aussitôt";"-";"-";"-";"-";"-";" dit";"<E>";"aussitôt";"fait";"<E>";"-";"-";"-";"-";"-";"aussitôt§dit§ aussitôt fait "
"206";"-";"<E>";"<E>";"<E>";"sitôt";"-";"-";"-";"-";"-";" dit";"<E>";"sitôt";"fait";"<E>";"-";"-";"-";"-";"-";"sitôt§dit§ sitôt fait "
"207";"-";"<E>";"<E>";"<E>";"<E>";"-";"-";"-";"-";"-";" Dnum";"de";"<E>";"chute !";"<E>";"-";"-";"-";"-";"-";"§Dnum§ de chute! "
"208";"-";"<E>";"<E>";"<E>";"<E>";"-";"-";"-";"-";"-";" dont";"<E>";"<E>";"acte";"<E>";"-";"-";"-";"-";"-";"§dont§ acte "
"209";"-";"<E>";"<E>";"<E>";"<E>";"-";"-";"-";"-";"-";" doucement";"<E>";"les";"basses";"<E>";"-";"-";"-";"-";"-";"§doucement§ les basses "
"210";"-";"<E>";"<E>";"<E>";"nul";"+";"-";"-";"-";"-";" doute";"<E>";"<E>";"<E>";"<E>";"-";"-";"-";"-";"-";"nul§doute§ "
"211";"-";"<E>";"<E>";"à";"<E>";"-";"-";"-";"-";"-";" droite";"<E>";"<E>";"toute !";"<E>";"-";"-";"-";"-";"-";"à§droite§ toute! "
"212";"-";"<E>";"<E>";"<E>";"tous";"-";"-";"-";"-";"-";" droits";"<E>";"<E>";"réservés";"<E>";"-";"-";"-";"-";"-";"tous§droits§ réservés "
"213";"-";"<E>";"<E>";"<E>";"<E>";"-";"-";"-";"-";"-";" échec";"et";"<E>";"mat !";"<E>";"-";"-";"-";"-";"-";"§échec§ et mat! "
"214";"-";"<E>";"<E>";"<E>";"<E>";"-";"-";"-";"-";"-";" échec !";"<E>";"<E>";"<E>";"<E>";"-";"-";"-";"-";"-";"§échec§! "
"215";"-";"<E>";"<E>";"<E>";"<E>";"-";"-";"-";"-";"-";" en voilà";"<E>";"une";"affaire";"<E>";"-";"-";"-";"-";"-";"§en voilà§ une affaire "
"216";"-";"<E>";"<E>";"<E>";"<E>";"-";"-";"-";"-";"-";" en voilà";"<E>";"<E>";"assez";"de";"+";"+";"-";"+";"+";"§en voilà§ assez de "
"217";"-";"<E>";"<E>";"<E>";"<E>";"-";"-";"-";"-";"-";" en voilà";"<E>";"des";"fa\ons !";"<E>";"-";"-";"-";"-";"-";"§en voilà§ des fa\ons! "
"218";"-";"<E>";"<E>";"<E>";"<E>";"-";"-";"-";"-";"-";" en voilà";"<E>";"des";"manières !";"<E>";"-";"-";"-";"-";"-";"§en voilà§ des manières! "
"219";"-";"<E>";"<E>";"<E>";"<E>";"-";"-";"-";"-";"-";" enfin";"<E>";"<E>";"seuls !";"<E>";"-";"-";"-";"-";"-";"§enfin§ seuls! "
"220";"-";"<E>";"<E>";"<E>";"<E>";"-";"-";"-";"-";"-";" enlevez";"<E>";"le";"boeuf !";"<E>";"-";"-";"-";"-";"-";"§enlevez§ le boeuf! "
"221";"-";"<E>";"<E>";"à";"bon";"-";"-";"-";"-";"-";" entendeur";"<E>";"<E>";"salut !";"<E>";"-";"-";"-";"-";"-";"à bon§entendeur§ salut! "
"222";"-";"<E>";"<E>";"<E>";"<E>";"-";"-";"-";"-";"-";" entrer";"sans";"<E>";"frapper";"<E>";"-";"-";"-";"-";"-";"§entrer§ sans frapper "
"223";"-";"<E>";"<E>";"<E>";"<E>";"-";"-";"-";"-";"-";" entrez";"sans";"<E>";"frappez";"<E>";"-";"-";"-";"-";"-";"§entrez§ sans frappez "
"224";"-";"<E>";"<E>";"<E>";"<E>";"-";"-";"-";"-";"-";" est-ce";"à";"<E>";"dire ?";"<E>";"-";"-";"+";"-";"-";"§est-ce§ à dire ? "
"225";"-";"<E>";"<E>";"<E>";"<E>";"-";"-";"-";"-";"-";" est-il";"<E>";"<E>";"Dieu Possible ?";"<E>";"-";"-";"-";"+";"+";"§est-il§ Dieu Possible ? "
"226";"-";"<E>";"<E>";"<E>";"<E>";"-";"-";"-";"-";"-";" excuse-moi";"de";"le";"peu";"<E>";"-";"-";"-";"-";"-";"§excuse-moi§ du peu "
"227";"-";"<E>";"<E>";"<E>";"<E>";"-";"-";"-";"-";"-";" excuse-nous";"de";"le";"peu";"<E>";"-";"-";"-";"-";"-";"§excuse-nous§ du peu "
"228";"-";"<E>";"<E>";"<E>";"<E>";"-";"-";"-";"-";"-";" excusez-moi";"de";"le";"peu";"<E>";"-";"-";"-";"-";"-";"§excusez-moi§ du peu "
"229";"-";"<E>";"<E>";"<E>";"<E>";"-";"-";"-";"-";"-";" excusez-nous";"de";"le";"peu";"<E>";"-";"-";"-";"-";"-";"§excusez-nous§ du peu "
"230";"-";"<E>";"<E>";"<E>";"<E>";"-";"-";"-";"-";"-";" faire";"<E>";"<E>";"suivre";"<E>";"-";"-";"-";"-";"-";"§fait§ suivre "
"231";"-";"<E>";"<E>";"<E>";"que";"-";"-";"-";"-";"-";" faire !";"<E>";"<E>";"<E>";"<E>";"-";"-";"-";"-";"-";"que§fait§! "
"232";"-";"<E>";"<E>";"<E>";"<E>";"-";"-";"-";"-";"-";" fais";"<E>";"<E>";"passer";"<E>";"-";"-";"-";"-";"-";"§fais§ passer "
"233";"-";"<E>";"<E>";"<E>";"<E>";"-";"-";"-";"-";"-";" fait";"<E>";"mes";"amitiés";"à";"+";"-";"-";"-";"-";"§fait§ mes amitiés à "
"234";"-";"<E>";"<E>";"<E>";"vite";"-";"-";"-";"-";"-";" fait";"<E>";"bien";"fait";"<E>";"-";"-";"-";"-";"-";"vite§fait§ bien fait "
"235";"-";"<E>";"<E>";"<E>";"<E>";"-";"-";"-";"-";"-";" fait";"<E>";"de beaux";"rêves !";"<E>";"-";"-";"-";"-";"-";"§fait§ de beaux rêves! "
"236";"-";"<E>";"<E>";"<E>";"<E>";"-";"-";"-";"-";"-";" faites";"<E>";"mes";"amitiés";"à";"+";"-";"-";"-";"-";"§faites§ mes amitiés à "
"237";"-";"<E>";"<E>";"<E>";"<E>";"-";"-";"-";"-";"-";" faites";"<E>";"<E>";"donc";"<E>";"-";"-";"-";"-";"-";"§faites§ donc "
"238";"-";"<E>";"<E>";"<E>";"<E>";"-";"-";"-";"-";"-";" faites";"<E>";"<E>";"excuse";"<E>";"-";"-";"-";"-";"-";"§faites§ excuse "
"239";"-";"<E>";"<E>";"<E>";"<E>";"-";"-";"-";"-";"-";" faites";"<E>";"<E>";"passer";"<E>";"-";"-";"-";"-";"-";"§faites§ passer "
"240";"-";"<E>";"<E>";"<E>";"<E>";"-";"-";"-";"-";"-";" faites";"<E>";"de beaux";"rêves !";"<E>";"-";"-";"-";"-";"-";"§faites§ de beaux rêves! "
"241";"-";"<E>";"<E>";"<E>";"<E>";"-";"-";"-";"-";"-";" faites chauffer";"<E>";"la";"colle !";"<E>";"-";"-";"-";"-";"-";"§faites chauffer§ la colle! "
"242";"-";"<E>";"<E>";"<E>";"<E>";"-";"-";"-";"-";"-";" fasse";"<E>";"le";"ciel";"<E>";"-";"-";"-";"+";"-";"§fasse§ le ciel "
"243";"-";"<E>";"<E>";"<E>";"<E>";"-";"-";"+";"-";"-";" félicitations pour";"<E>";"<E>";"<E>";"à";"+";"-";"-";"-";"-";"§félicitations pour§ à "
"244";"-";"<E>";"<E>";"<E>";"toutes mes";"-";"-";"+";"-";"-";" félicitations pour";"<E>";"<E>";"<E>";"à";"+";"-";"-";"-";"-";"toutes mes§félicitations pour§ à "
"245";"-";"<E>";"<E>";"<E>";"toutes nos";"-";"-";"+";"-";"-";" félicitations pour";"<E>";"<E>";"<E>";"à";"+";"-";"-";"-";"-";"toutes nos§félicitations pour§ à "
"246";"-";"<E>";"<E>";"<E>";"<E>";"-";"-";"-";"-";"-";" ferme";"<E>";"ta";"boîte !";"<E>";"-";"-";"-";"-";"-";"§ferme§ ta boîte! "
"247";"-";"<E>";"<E>";"<E>";"<E>";"-";"-";"-";"-";"-";" ferme";"<E>";"ta";"gueule !";"<E>";"-";"-";"-";"-";"-";"§ferme§ ta gueule! "
"248";"-";"<E>";"<E>";"<E>";"<E>";"-";"-";"-";"-";"-";" ferme-la !";"<E>";"<E>";"<E>";"<E>";"-";"-";"-";"-";"-";"§ferme-la§! "
"249";"-";"<E>";"<E>";"<E>";"<E>";"-";"-";"-";"-";"-";" fermez";"<E>";"vos";"boîtes !";"<E>";"-";"-";"-";"-";"-";"§fermez§ vos boîtes! "
"250";"-";"<E>";"<E>";"<E>";"<E>";"-";"-";"-";"-";"-";" fermez";"<E>";"vos";"gueules !";"<E>";"-";"-";"-";"-";"-";"§fermez§ vos gueules! "
"251";"-";"<E>";"<E>";"<E>";"<E>";"-";"-";"-";"-";"-";" fermez-la !";"<E>";"<E>";"<E>";"<E>";"-";"-";"-";"-";"-";"§fermez-la§! "
"252";"-";"<E>";"<E>";"<E>";"bonne";"-";"-";"-";"-";"-";" fête !";"<E>";"<E>";"<E>";"<E>";"-";"-";"-";"-";"-";"bonne§fête§! "
"253";"-";"<E>";"<E>";"<E>";"bonnes";"-";"-";"-";"-";"-";" fêtes !";"<E>";"<E>";"<E>";"<E>";"-";"-";"-";"-";"-";"bonnes§fêtes§! "
"254";"-";"<E>";"<E>";"<E>";"<E>";"-";"-";"-";"-";"-";" feu";"à";"<E>";"volonté !";"sur";"+";"+";"-";"-";"-";"§feu§ à volonté! sur "
"255";"-";"<E>";"<E>";"à";"le";"-";"-";"-";"-";"-";" feu !";"<E>";"<E>";"<E>";"<E>";"-";"-";"-";"-";"-";"au§feu§! "
"256";"-";"<E>";"<E>";"<E>";"pleins";"-";"-";"-";"-";"-";" feux";"<E>";"<E>";"<E>";"sur";"+";"+";"-";"-";"-";"pleins§feux§ sur "
"257";"-";"<E>";"<E>";"<E>";"<E>";"-";"-";"-";"-";"-";" fidèlement";"à";"<E>";"toi";"<E>";"-";"-";"-";"-";"-";"§fidèlement§ à toi "
"258";"-";"<E>";"<E>";"<E>";"<E>";"-";"-";"-";"-";"-";" fidèlement";"<E>";"<E>";"vôtre";"<E>";"-";"-";"-";"-";"-";"§fidèlement§ vôtre "
"259";"-";"<E>";"<E>";"<E>";"<E>";"-";"-";"-";"-";"-";" fidèlement";"à";"<E>";"vous";"<E>";"-";"-";"-";"-";"-";"§fidèlement§ à vous "
"260";"-";"<E>";"<E>";"<E>";"<E>";"+";"-";"-";"-";"-";" figure-toi";"<E>";"<E>";"<E>";"<E>";"-";"-";"-";"-";"-";"§figure-toi§ "
"261";"-";"<E>";"<E>";"<E>";"<E>";"+";"-";"-";"-";"-";" figurez-vous";"<E>";"<E>";"<E>";"<E>";"-";"-";"-";"-";"-";"§figurez-vous§ "
"262";"-";"<E>";"<E>";"<E>";"<E>";"-";"-";"-";"-";"-";" file !";"<E>";"<E>";"<E>";"<E>";"-";"-";"-";"-";"-";"§file§! "
"263";"-";"<E>";"<E>";"<E>";"<E>";"-";"-";"-";"-";"-";" filez !";"<E>";"<E>";"<E>";"<E>";"-";"-";"-";"-";"-";"§filez§! "
"264";"-";"<E>";"<E>";"<E>";"<E>";"-";"-";"-";"-";"-";" filons !";"<E>";"<E>";"<E>";"<E>";"-";"-";"-";"-";"-";"§filons§! "
"265";"-";"<E>";"<E>";"<E>";"<E>";"-";"-";"-";"-";"-";" fixe !";"<E>";"<E>";"<E>";"<E>";"-";"-";"-";"-";"-";"§fixe§! "
"266";"-";"<E>";"<E>";"<E>";"<E>";"-";"-";"-";"-";"-";" flûte !";"<E>";"<E>";"<E>";"pour";"+";"+";"-";"-";"-";"§flûte§! pour "
"267";"-";"<E>";"<E>";"<E>";"<E>";"-";"-";"-";"-";"-";" foin";"<E>";"<E>";"<E>";"de";"-";"+";"-";"+";"+";"§foin§ de "
"268";"-";"<E>";"<E>";"à";"la prochaine";"-";"-";"-";"-";"-";" fois !";"<E>";"<E>";"<E>";"<E>";"-";"-";"-";"-";"-";"à la prochaine§fois§! "
"269";"-";"<E>";"<E>";"à";"une prochaine";"-";"-";"-";"-";"-";" fois !";"<E>";"<E>";"<E>";"<E>";"-";"-";"-";"-";"-";"à une prochaine§fois§! "
"270";"-";"<E>";"<E>";"<E>";"une";"-";"-";"-";"-";"-";" fois deux fois";"<E>";"trois fois";"adjugé !";"<E>";"-";"-";"-";"-";"-";"une§fois deux fois§ trois fois adjugé! "
"271";"-";"<E>";"pas";"<E>";"<E>";"-";"-";"-";"-";"-";" folle";"<E>";"la";"guêpe !";"<E>";"-";"-";"-";"-";"-";"pas§folle§ la guêpe! "
"272";"-";"<E>";"<E>";"<E>";"<E>";"-";"-";"-";"-";"-";" fouette";"<E>";"<E>";"cocher !";"<E>";"-";"-";"-";"-";"-";"§fouette§ cocher! "
"273";"-";"<E>";"<E>";"<E>";"quel";"-";"+";"+";"-";"-";" foutoir !";"<E>";"<E>";"<E>";"<E>";"-";"-";"-";"-";"-";"quel§foutoir§! "
"274";"-";"<E>";"<E>";"<E>";"<E>";"-";"-";"-";"-";"-";" fumier";"<E>";"<E>";"<E>";"de";"+";"+";"-";"-";"-";"§fumier§ de "
"275";"-";"<E>";"<E>";"<E>";"<E>";"-";"-";"-";"-";"-";" garçon";"<E>";"la";"suite !";"<E>";"-";"-";"-";"-";"-";"§garçon§ la suite! "
"276";"-";"<E>";"<E>";"<E>";"<E>";"-";"-";"-";"-";"-";" garde";"à";"<E>";"vous !";"<E>";"-";"-";"-";"-";"-";"§garde§ à vous! "
"277";"-";"<E>";"<E>";"<E>";"<E>";"-";"-";"-";"-";"-";" gardez";"<E>";"la";"monnaie !";"<E>";"-";"-";"-";"-";"-";"§gardez§ la monnaie! "
"278";"-";"<E>";"<E>";"<E>";"<E>";"-";"-";"-";"-";"-";" gare";"<E>";"<E>";"<E>";"à";"+";"-";"-";"-";"-";"§gare§ à "
"279";"-";"<E>";"<E>";"<E>";"<E>";"-";"-";"-";"-";"-";" gare";"à";"la";"casse !";"<E>";"-";"-";"-";"-";"-";"§gare§ à la casse! "
"280";"-";"<E>";"<E>";"<E>";"<E>";"-";"-";"-";"-";"-";" gare";"à";"tes";"fesses !";"<E>";"-";"-";"-";"-";"-";"§gare§ à tes fesses! "
"281";"-";"<E>";"<E>";"à";"<E>";"-";"-";"-";"-";"-";" gauche";"<E>";"<E>";"toute !";"<E>";"-";"-";"-";"-";"-";"à§gauche§ toute! "
"282";"-";"<E>";"pas";"<E>";"un";"-";"-";"-";"-";"-";" geste";"ou";"je";"tire !";"<E>";"-";"-";"-";"-";"-";"pas un§geste§ ou je tire! "
"283";"-";"<E>";"<E>";"<E>";"ci-";"-";"-";"-";"-";"-";" gît";"<E>";"<E>";"<E>";"<E>";"+";"-";"-";"-";"-";"ci-§gît§ "
"284";"-";"<E>";"<E>";"<E>";"<E>";"-";"+";"+";"-";"-";" gloire";"<E>";"<E>";"<E>";"à";"-";"-";"-";"-";"-";"§gloire§ à "
"285";"-";"<E>";"<E>";"à";"la";"-";"-";"-";"-";"-";" grâce";"de";"<E>";"Dieu";"<E>";"-";"-";"-";"-";"-";"à la§grâce§ de Dieu "
"286";"-";"<E>";"<E>";"<E>";"ta";"-";"+";"+";"-";"-";" gueule !";"<E>";"<E>";"<E>";"<E>";"-";"-";"-";"-";"-";"ta§gueule§! "
"287";"-";"<E>";"<E>";"<E>";"vos";"-";"+";"+";"-";"-";" gueules !";"<E>";"<E>";"<E>";"<E>";"-";"-";"-";"-";"-";"vos§gueules§! "
"288";"-";"<E>";"<E>";"à";"le";"-";"-";"-";"-";"-";" gui";"<E>";"le";"an neuf !";"<E>";"-";"-";"-";"-";"-";"au§gui§ l'an neuf! "
"289";"-";"<E>";"<E>";"<E>";"<E>";"-";"-";"-";"-";"-";" halte";"<E>";"<E>";"<E>";"à";"+";"+";"-";"-";"-";"§halte§ à "
"290";"-";"<E>";"<E>";"<E>";"<E>";"-";"-";"-";"-";"-";" halte !";"<E>";"<E>";"<E>";"<E>";"-";"-";"-";"-";"-";"§halte§! "
"291";"-";"<E>";"<E>";"<E>";"<E>";"-";"-";"-";"-";"-";" halte-là !";"<E>";"<E>";"<E>";"<E>";"-";"-";"-";"-";"-";"§halte-là§! "
"292";"-";"<E>";"<E>";"<E>";"<E>";"-";"-";"-";"-";"-";" hardi";"<E>";"les";"gars !";"<E>";"-";"-";"-";"-";"-";"§hardi§ les gars! "
"293";"-";"<E>";"<E>";"<E>";"<E>";"-";"-";"-";"-";"-";" hardi";"<E>";"<E>";"petit !";"<E>";"-";"-";"-";"-";"-";"§hardi§ petit! "
"294";"-";"<E>";"<E>";"<E>";"<E>";"-";"-";"-";"-";"-";" haut";"<E>";"les";"coeurs !";"<E>";"-";"-";"-";"-";"-";"§haut§ les coeurs! "
"295";"-";"<E>";"<E>";"<E>";"<E>";"-";"-";"-";"-";"-";" haut";"<E>";"les";"mains !";"<E>";"-";"-";"-";"-";"-";"§haut§ les mains! "
"296";"-";"<E>";"<E>";"<E>";"<E>";"-";"-";"-";"-";"-";" hélas";"<E>";"<E>";"<E>";"<E>";"-";"-";"-";"-";"-";"§hélas§ "
"297";"-";"<E>";"<E>";"à";"la bonne";"-";"-";"-";"-";"-";" heure";"<E>";"<E>";"<E>";"<E>";"-";"-";"-";"-";"-";"à la bonne§heure§ "
"298";"-";"<E>";"<E>";"<E>";"<E>";"-";"-";"-";"-";"-";" heureusement";"<E>";"que";"non";"<E>";"-";"-";"-";"-";"-";"§heureusement§ que non "
"299";"-";"<E>";"<E>";"<E>";"<E>";"-";"-";"-";"-";"-";" heureusement";"<E>";"que";"oui";"<E>";"-";"-";"-";"-";"-";"§heureusement§ qu'oui "
"300";"-";"<E>";"<E>";"<E>";"<E>";"-";"-";"-";"-";"-";" heureusement";"<E>";"que";"si";"<E>";"-";"-";"-";"-";"-";"§heureusement§ que si "
"301";"-";"<E>";"pas";"<E>";"de";"-";"-";"-";"-";"-";" histoires !";"<E>";"<E>";"<E>";"<E>";"-";"-";"-";"-";"-";"pas de§histoires§! "
"302";"-";"<E>";"<E>";"<E>";"<E>";"-";"-";"-";"-";"-";" ho";"<E>";"<E>";"hisse !";"<E>";"-";"-";"-";"-";"-";"§ho§ hisse! "
"303";"-";"<E>";"<E>";"<E>";"un";"-";"-";"-";"-";"-";" homme";"à";"la";"mer";"<E>";"-";"-";"-";"-";"-";"un§homme§ à la mer "
"304";"-";"<E>";"<E>";"<E>";"<E>";"-";"-";"+";"-";"-";" honte";"<E>";"<E>";"<E>";"à";"+";"-";"-";"-";"-";"§honte§ à "
"305";"-";"<E>";"<E>";"<E>";"<E>";"-";"-";"-";"-";"-";" honte";"sur";"<E>";"moi !";"<E>";"-";"-";"-";"-";"-";"§honte§ sur moi! "
"306";"-";"<E>";"<E>";"<E>";"quelle";"-";"+";"+";"-";"-";" honte !";"<E>";"<E>";"<E>";"<E>";"-";"-";"-";"-";"-";"quelle§honte§! "
"307";"-";"<E>";"<E>";"<E>";"quelle";"-";"-";"-";"-";"+";" horreur !";"<E>";"<E>";"<E>";"<E>";"-";"-";"-";"-";"-";"quelle§horreur§! "
"308";"-";"<E>";"<E>";"<E>";"<E>";"-";"-";"-";"-";"-";" hors";"de";"<E>";"ici !";"<E>";"-";"-";"-";"-";"-";"§hors§ d'ici! "
"309";"-";"<E>";"<E>";"<E>";"<E>";"-";"-";"-";"-";"-";" hors";"de";"ma";"vue !";"<E>";"-";"-";"-";"-";"-";"§hors§ de ma vue! "
"310";"-";"<E>";"<E>";"<E>";"<E>";"-";"-";"-";"-";"-";" hourrah";"<E>";"<E>";"<E>";"pour";"+";"-";"-";"-";"-";"§hourrah§ pour "
"311";"-";"<E>";"<E>";"<E>";"<E>";"-";"-";"-";"-";"-";" hourrah !";"<E>";"<E>";"<E>";"<E>";"-";"-";"-";"-";"-";"§hourrah§! "
"312";"-";"<E>";"<E>";"par";"<E>";"-";"-";"-";"-";"-";" ici";"<E>";"<E>";"Ninterpel !";"<E>";"-";"-";"-";"-";"-";"par§ici§ Ninterpel! "
"313";"-";"<E>";"<E>";"par";"<E>";"-";"-";"-";"-";"-";" ici";"<E>";"les";"gars !";"<E>";"-";"-";"-";"-";"-";"par§ici§ les gars! "
"314";"-";"<E>";"<E>";"par";"<E>";"-";"-";"-";"-";"-";" ici";"<E>";"la";"sortie !";"<E>";"-";"-";"-";"-";"-";"par§ici§ la sortie! "
"315";"-";"<E>";"<E>";"par";"<E>";"-";"-";"-";"-";"-";" ici";"<E>";"la bonne";"soupe !";"<E>";"-";"-";"-";"-";"-";"par§ici§ la bonne soupe! "
"316";"-";"<E>";"<E>";"<E>";"<E>";"-";"-";"-";"-";"-";" illusions";"que";"tout";"cela !";"<E>";"-";"-";"-";"-";"-";"§illusions§ que tout cela! "
"317";"-";"<E>";"<E>";"<E>";"peu";"-";"+";"+";"-";"+";" importe";"<E>";"<E>";"<E>";"à";"+";"-";"-";"-";"-";"peu§importe§ à "
"318";"-";"<E>";"<E>";"<E>";"que";"-";"+";"+";"-";"+";" importe";"<E>";"<E>";"<E>";"à";"+";"-";"-";"-";"-";"que§importe§ à "
"319";"-";"<E>";"<E>";"<E>";"ne";"-";"-";"-";"-";"-";" importe";"<E>";"<E>";"quoi !";"<E>";"-";"-";"-";"-";"-";"ne§importe§ quoi! "
"320";"-";"<E>";"<E>";"<E>";"<E>";"-";"-";"-";"-";"-";" Inch";"<E>";"<E>";"Allah !";"<E>";"-";"-";"-";"-";"-";"§Inch§ Allah! "
"321";"-";"<E>";"<E>";"dans";"quelques";"-";"-";"-";"-";"-";" instants";"<E>";"la";"suite de notre programme";"<E>";"-";"-";"-";"-";"-";"dans quelques§instants§ la suite de notre programme "
"322";"-";"<E>";"<E>";"<E>";"<E>";"-";"-";"+";"-";"-";" interdiction";"<E>";"<E>";"<E>";"à";"+";"-";"-";"-";"-";"§interdiction§ à "
"323";"-";"<E>";"<E>";"<E>";"<E>";"-";"-";"-";"-";"+";" inutile";"de";"<E>";"vous présenter";"<E>";"-";"-";"-";"-";"-";"§inutile§ de vous présenter "
"324";"-";"<E>";"<E>";"<E>";"plus";"-";"-";"-";"-";"-";" jamais";"<E>";"<E>";"ça !";"<E>";"-";"-";"-";"-";"-";"plus§jamais§ ça! "
"325";"-";"<E>";"<E>";"<E>";"bonne";"-";"-";"-";"-";"-";" journée !";"<E>";"<E>";"<E>";"<E>";"-";"-";"-";"-";"-";"bonne§journée§! "
"326";"-";"<E>";"<E>";"à";"un de ces";"-";"-";"-";"-";"-";" jours !";"<E>";"<E>";"<E>";"<E>";"-";"-";"-";"-";"-";"à un de ces§jours§! "
"327";"-";"<E>";"<E>";"à";"le";"-";"-";"-";"-";"-";" jus !";"<E>";"<E>";"<E>";"<E>";"-";"-";"-";"-";"-";"au§jus§! "
"328";"-";"<E>";"<E>";"<E>";"<E>";"-";"-";"-";"-";"-";" juste";"<E>";"<E>";"Auguste !";"<E>";"-";"-";"-";"-";"-";"§juste§ Auguste! "
"329";"-";"<E>";"<E>";"<E>";"<E>";"-";"-";"-";"-";"-";" la ferme !";"<E>";"<E>";"<E>";"<E>";"-";"-";"-";"-";"-";"§la ferme§! "
"330";"-";"<E>";"<E>";"<E>";"<E>";"-";"-";"-";"-";"-";" laissez-en";"pour";"<E>";"demain";"<E>";"-";"-";"-";"-";"-";"§laissez-en§ pour demain "
"331";"-";"<E>";"<E>";"<E>";"<E>";"-";"-";"-";"-";"-";" laisse-z-en";"pour";"<E>";"demain";"<E>";"-";"-";"-";"-";"-";"§laisse-z-en§ pour demain "
"332";"-";"<E>";"<E>";"<E>";"<E>";"-";"-";"-";"-";"-";" larguez";"<E>";"les";"amarres !";"<E>";"-";"-";"-";"-";"-";"§larguez§ les amarres! "
"333";"-";"<E>";"<E>";"<E>";"<E>";"-";"-";"-";"-";"-";" LE voilà";"<E>";"<E>";"propre !";"<E>";"-";"-";"-";"-";"-";"§LE voilà§ propre! "
"334";"-";"<E>";"<E>";"<E>";"<E>";"-";"-";"+";"-";"-";" libre";"<E>";"<E>";"<E>";"à";"+";"-";"-";"-";"-";"§libre§ à "
"335";"-";"<E>";"<E>";"à";"le";"-";"-";"-";"-";"-";" lit";"<E>";"<E>";"<E>";"<E>";"-";"-";"-";"-";"-";"au§lit§ "
"336";"-";"<E>";"<E>";"<E>";"<E>";"-";"-";"-";"+";"-";" loin";"<E>";"la";"idée";"<E>";"-";"-";"-";"+";"+";"§loin§ l'idée "
"337";"-";"<E>";"<E>";"<E>";"<E>";"-";"-";"-";"+";"-";" loin";"<E>";"la";"intention";"<E>";"-";"-";"-";"+";"+";"§loin§ l'intention "
"338";"-";"<E>";"<E>";"<E>";"<E>";"-";"-";"-";"+";"-";" loin";"<E>";"la";"pensée";"<E>";"-";"-";"-";"+";"+";"§loin§ la pensée "
"339";"-";"<E>";"<E>";"<E>";"<E>";"-";"-";"-";"-";"-";" lu";"et";"<E>";"approuvé";"par";"+";"-";"-";"-";"-";"§lu§ et approuvé par "
"340";"-";"<E>";"<E>";"<E>";"<E>";"-";"-";"-";"-";"-";" macache !";"<E>";"<E>";"<E>";"<E>";"-";"-";"-";"-";"-";"§macache§! "
"341";"-";"<E>";"<E>";"<E>";"la";"-";"-";"-";"-";"-";" main de ma soeur";"dans";"la";"culotte d'un zouave";"<E>";"-";"-";"-";"-";"-";"la§main de ma soeur§ dans la culotte d'un zouave "
"342";"-";"<E>";"rien";"dans";"les";"-";"-";"-";"-";"-";" mains rien";"dans";"les";"poches";"<E>";"-";"-";"-";"-";"-";"rien dans les§mains rien§ dans les poches "
"343";"-";"<E>";"<E>";"<E>";"<E>";"-";"-";"-";"-";"-";" malédiction !";"<E>";"<E>";"<E>";"<E>";"-";"-";"-";"-";"-";"§malédiction§! "
"344";"-";"<E>";"<E>";"<E>";"<E>";"-";"-";"-";"-";"-";" malheur";"<E>";"<E>";"<E>";"à";"+";"-";"-";"-";"-";"§malheur§ à "
"345";"-";"<E>";"<E>";"<E>";"quel";"-";"+";"+";"-";"-";" malheur";"<E>";"<E>";"<E>";"pour";"+";"-";"-";"-";"-";"quel§malheur§ pour "
"346";"-";"<E>";"<E>";"<E>";"<E>";"-";"-";"-";"-";"-";" malheur si P";"<E>";"<E>";"<E>";"à";"+";"-";"-";"-";"-";"§malheur si P§ à "
"347";"-";"<E>";"<E>";"<E>";"bien";"-";"-";"-";"-";"-";" malin";"<E>";"<E>";"<E>";"qui";"-";"-";"-";"-";"+";"bien§malin§ qui "
"348";"-";"<E>";"<E>";"à";"<E>";"-";"-";"-";"-";"-";" malin";"<E>";"<E>";"malin et demi";"<E>";"-";"-";"-";"-";"-";"à§malin§ malin et demi "
"349";"-";"<E>";"<E>";"<E>";"<E>";"-";"-";"-";"-";"-";" marché";"<E>";"<E>";"conclu !";"<E>";"-";"-";"-";"-";"-";"§marché§ conclu! "
"350";"-";"<E>";"<E>";"<E>";"<E>";"-";"-";"-";"-";"-";" marchons";"<E>";"<E>";"<E>";"pour";"+";"+";"-";"-";"-";"§marchons§ pour "
"351";"-";"<E>";"<E>";"à";"vos";"-";"-";"-";"-";"-";" marques !";"<E>";"<E>";"<E>";"<E>";"-";"-";"-";"-";"-";"à vos§marques§! "
"352";"-";"<E>";"<E>";"<E>";"<E>";"-";"-";"-";"-";"-";" mat !";"<E>";"<E>";"<E>";"<E>";"-";"-";"-";"-";"-";"§mat§! "
"353";"-";"<E>";"<E>";"<E>";"<E>";"-";"-";"-";"-";"-";" me faire ça";"à";"<E>";"moi !";"<E>";"-";"-";"-";"-";"-";"§me fait ça§ à moi! "
"354";"-";"<E>";"<E>";"<E>";"<E>";"-";"-";"-";"-";"-";" me voilà";"<E>";"<E>";"coucou";"<E>";"-";"-";"-";"-";"-";"§me voilà§ coucou "
"355";"-";"<E>";"<E>";"<E>";"<E>";"-";"-";"-";"-";"-";" mea";"<E>";"<E>";"culpa";"<E>";"-";"-";"-";"-";"-";"§mea§ culpa "
"356";"-";"<E>";"<E>";"<E>";"<E>";"-";"-";"+";"-";"-";" merci";"<E>";"<E>";"<E>";"à";"+";"-";"-";"-";"-";"§merci§ à "
"357";"-";"<E>";"<E>";"<E>";"infiniment";"-";"-";"-";"-";"-";" merci";"<E>";"<E>";"<E>";"pour";"-";"+";"-";"-";"+";"infiniment§merci§ pour "
"358";"-";"<E>";"<E>";"<E>";"un grand";"-";"-";"-";"-";"-";" merci";"<E>";"<E>";"<E>";"pour";"-";"+";"-";"-";"-";"un grand§merci§ pour "
"359";"-";"<E>";"<E>";"<E>";"<E>";"-";"-";"-";"-";"-";" merci";"de";"<E>";"avance";"pour";"-";"+";"-";"-";"-";"§merci§ d'avance pour "
"360";"-";"<E>";"<E>";"<E>";"<E>";"-";"-";"-";"-";"-";" merci";"<E>";"<E>";"beaucoup";"pour";"-";"+";"-";"-";"+";"§merci§ beaucoup pour "
"361";"-";"<E>";"<E>";"<E>";"<E>";"-";"-";"-";"-";"-";" merci";"<E>";"<E>";"bien";"pour";"-";"+";"-";"-";"+";"§merci§ bien pour "
"362";"-";"<E>";"<E>";"<E>";"<E>";"-";"-";"-";"-";"-";" merci";"pour";"<E>";"elle !";"<E>";"-";"-";"-";"-";"-";"§merci§ pour elle! "
"363";"-";"<E>";"<E>";"<E>";"<E>";"-";"-";"-";"-";"-";" merci";"pour";"<E>";"elles !";"<E>";"-";"-";"-";"-";"-";"§merci§ pour elles! "
"364";"-";"<E>";"<E>";"<E>";"<E>";"-";"-";"-";"-";"-";" merci";"<E>";"<E>";"encore";"pour";"-";"+";"-";"-";"+";"§merci§ encore pour "
"365";"-";"<E>";"<E>";"<E>";"<E>";"-";"-";"-";"-";"-";" merci";"pour";"<E>";"eux !";"<E>";"-";"-";"-";"-";"-";"§merci§ pour eux! "
"366";"-";"<E>";"<E>";"<E>";"<E>";"-";"-";"-";"-";"-";" merci";"<E>";"cent";"fois";"pour";"-";"+";"-";"-";"-";"§merci§ cent fois pour "
"367";"-";"<E>";"<E>";"<E>";"<E>";"-";"-";"-";"-";"-";" merci";"<E>";"mille";"fois";"pour";"-";"+";"-";"-";"-";"§merci§ mille fois pour "
"368";"-";"<E>";"<E>";"<E>";"<E>";"-";"-";"-";"-";"-";" merci";"<E>";"<E>";"infiniment";"pour";"-";"+";"-";"-";"+";"§merci§ infiniment pour "
"369";"-";"<E>";"<E>";"<E>";"<E>";"-";"-";"-";"-";"-";" merci";"pour";"<E>";"lui !";"<E>";"-";"-";"-";"-";"-";"§merci§ pour lui! "
"370";"-";"<E>";"<E>";"<E>";"<E>";"-";"-";"-";"-";"-";" merci";"<E>";"<E>";"quand même !";"pour";"-";"+";"-";"-";"-";"§merci§ quand même! pour "
"371";"-";"<E>";"<E>";"<E>";"<E>";"-";"-";"-";"-";"-";" merde";"<E>";"<E>";"<E>";"pour";"+";"+";"-";"-";"-";"§merde§ pour "
"372";"-";"<E>";"<E>";"<E>";"<E>";"-";"-";"-";"-";"-";" merde";"pour";"celui qui le";"lira !";"<E>";"-";"-";"-";"-";"-";"§merde§ pour celui qui le lira! "
"373";"-";"<E>";"<E>";"<E>";"quelle";"-";"+";"+";"-";"-";" merde !";"<E>";"<E>";"<E>";"<E>";"-";"-";"-";"-";"-";"quelle§merde§! "
"374";"-";"<E>";"<E>";"<E>";"<E>";"-";"-";"-";"-";"-";" Messieurs";"<E>";"la";"cour !";"<E>";"-";"-";"-";"-";"-";"§Messieurs§ la cour! "
"375";"-";"<E>";"<E>";"<E>";"<E>";"-";"-";"-";"-";"-";" m'est";"de";"<E>";"avis";"<E>";"-";"-";"+";"-";"-";"§m'est§ d'avis "
"376";"-";"<E>";"<E>";"<E>";"<E>";"+";"-";"-";"-";"-";" mettons";"<E>";"<E>";"<E>";"<E>";"-";"-";"-";"-";"-";"§mettons§ "
"377";"-";"<E>";"<E>";"à";"le";"-";"-";"-";"-";"-";" meurtre !";"<E>";"<E>";"<E>";"<E>";"-";"-";"-";"-";"-";"au§meurtre§! "
"378";"-";"<E>";"<E>";"<E>";"<E>";"-";"-";"-";"-";"-";" minute";"<E>";"<E>";"papillon !";"<E>";"-";"-";"-";"-";"-";"§minute§ papillon! "
"379";"-";"<E>";"<E>";"<E>";"<E>";"-";"-";"-";"-";"-";" mission accomplie";"<E>";"<E>";"<E>";"<E>";"-";"-";"-";"-";"-";"§mission accomplie§ "
"380";"-";"<E>";"<E>";"à";"<E>";"-";"-";"-";"-";"-";" moi !";"<E>";"<E>";"<E>";"<E>";"-";"-";"-";"-";"-";"à§moi§! "
"381";"-";"<E>";"<E>";"<E>";"<E>";"-";"-";"-";"-";"-";" mords-y";"<E>";"le";"oeil !";"<E>";"-";"-";"-";"-";"-";"§mords-y§ l'oeil! "
"382";"-";"<E>";"<E>";"<E>";"<E>";"-";"-";"-";"-";"-";" mort";"<E>";"<E>";"<E>";"à";"+";"-";"-";"-";"-";"§mort§ à "
"383";"-";"<E>";"<E>";"à";"<E>";"-";"-";"-";"-";"-";" mort";"<E>";"<E>";"<E>";"<E>";"+";"-";"-";"-";"-";"à§mort§ "
"384";"-";"<E>";"<E>";"<E>";"<E>";"-";"-";"-";"-";"-";" mort";"à";"les";"vaches !";"<E>";"-";"-";"-";"-";"-";"§mort§ aux vaches! "
"385";"-";"<E>";"<E>";"<E>";"un dernier";"-";"-";"-";"-";"-";" mot ";"<E>";"<E>";"P";"<E>";"-";"-";"-";"-";"-";"un dernier§mot§ P "
"386";"-";"<E>";"<E>";"<E>";"<E>";"-";"-";"-";"-";"-";" motus";"et";"<E>";"bouche cousue";"<E>";"-";"-";"-";"-";"-";"§motus§ et bouche cousue "
"387";"-";"<E>";"<E>";"<E>";"<E>";"-";"-";"-";"-";"-";" mystère";"et";"<E>";"boule de gomme";"<E>";"-";"-";"-";"-";"-";"§mystère§ et boule de gomme "
"388";"-";"<E>";"<E>";"<E>";"un";"-";"-";"-";"-";"-";" N";"<E>";"pourquoi";"faire ?";"<E>";"-";"-";"-";"-";"-";"un§N§ pourquoi fait ? "
"389";"-";"<E>";"<E>";"<E>";"<E>";"-";"-";"-";"-";"-";" N et N";"<E>";"même";"combat !";"<E>";"-";"-";"-";"-";"-";"§N et N§ même combat! "
"390";"-";"<E>";"<E>";"<E>";"des";"-";"-";"-";"-";"-";" N encore des N";"toujours";"des";"N !";"<E>";"-";"-";"-";"-";"-";"des§N encore des N§ toujours des N! "
"391";"-";"<E>";"<E>";"<E>";"du";"-";"-";"-";"-";"-";" N encore du N";"toujours";"du";"N !";"<E>";"-";"-";"-";"-";"-";"du§N encore du N§ toujours du N! "
"392";"-";"<E>";"<E>";"<E>";"<E>";"-";"-";"-";"-";"-";" n'allez pas";"<E>";"<E>";"croire";"<E>";"-";"-";"+";"-";"-";"§n'allez pas§ croire "
"393";"-";"<E>";"<E>";"<E>";"<E>";"-";"-";"-";"-";"-";" n'allez pas";"<E>";"<E>";"dire";"<E>";"-";"-";"+";"-";"-";"§n'allez pas§ dire "
"394";"-";"<E>";"<E>";"<E>";"<E>";"-";"-";"-";"-";"-";" n'allez pas";"<E>";"<E>";"dire après";"<E>";"-";"-";"+";"-";"-";"§n'allez pas§ dire après "
"395";"-";"<E>";"<E>";"<E>";"<E>";"-";"-";"-";"-";"-";" n'allez pas";"<E>";"<E>";"dire ensuite";"<E>";"-";"-";"+";"-";"-";"§n'allez pas§ dire ensuite "
"396";"-";"<E>";"<E>";"<E>";"<E>";"-";"-";"-";"-";"-";" n'allez pas";"<E>";"<E>";"imaginer";"<E>";"-";"-";"+";"-";"-";"§n'allez pas§ imaginer "
"397";"-";"<E>";"<E>";"<E>";"<E>";"-";"-";"-";"-";"-";" n'allez pas";"<E>";"<E>";"penser";"<E>";"-";"-";"+";"-";"-";"§n'allez pas§ penser "
"398";"-";"<E>";"<E>";"<E>";"<E>";"-";"-";"-";"-";"-";" ne coupez pas !";"<E>";"<E>";"<E>";"<E>";"-";"-";"-";"-";"-";"§ne coupez pas§! "
"399";"-";"<E>";"<E>";"<E>";"<E>";"-";"-";"-";"-";"-";" ne nous affolons pas !";"<E>";"<E>";"<E>";"<E>";"-";"-";"-";"-";"-";"§ne nous affolons pas§! "
"400";"-";"<E>";"<E>";"<E>";"<E>";"-";"-";"-";"-";"-";" ne quitte pas";"<E>";"<E>";"<E>";"<E>";"-";"-";"-";"-";"-";"§ne quitte pas§ "
"401";"-";"<E>";"<E>";"<E>";"<E>";"-";"-";"-";"-";"-";" ne quittez pas";"<E>";"<E>";"<E>";"<E>";"-";"-";"-";"-";"-";"§ne quittez pas§ "
"402";"-";"<E>";"<E>";"<E>";"<E>";"-";"-";"-";"-";"-";" ne va pas";"<E>";"<E>";"dire";"<E>";"-";"-";"+";"-";"-";"§ne va pas§ dire "
"403";"-";"<E>";"<E>";"<E>";"<E>";"-";"-";"-";"-";"-";" ne va pas";"<E>";"<E>";"dire";"<E>";"-";"-";"+";"-";"-";"§ne va pas§ dire "
"404";"-";"<E>";"<E>";"<E>";"<E>";"-";"-";"-";"-";"-";" ne va pas";"<E>";"<E>";"dire après";"<E>";"-";"-";"+";"-";"-";"§ne va pas§ dire après "
"405";"-";"<E>";"<E>";"<E>";"<E>";"-";"-";"-";"-";"-";" ne va pas";"<E>";"<E>";"dire ensuite";"<E>";"-";"-";"+";"-";"-";"§ne va pas§ dire ensuite "
"406";"-";"<E>";"<E>";"<E>";"<E>";"-";"-";"-";"-";"-";" ne venez pas";"<E>";"<E>";"dire après";"<E>";"-";"-";"+";"-";"-";"§ne venez pas§ dire après "
"407";"-";"<E>";"<E>";"<E>";"<E>";"-";"-";"-";"-";"-";" ne venez pas";"<E>";"<E>";"dire ensuite";"<E>";"-";"-";"+";"-";"-";"§ne venez pas§ dire ensuite "
"408";"-";"<E>";"<E>";"<E>";"<E>";"-";"-";"-";"-";"-";" ne venez pas";"<E>";"vous";"plaindre";"<E>";"-";"-";"+";"-";"-";"§ne venez pas§ vous plaindre "
"409";"-";"<E>";"<E>";"<E>";"<E>";"-";"-";"-";"-";"-";" ne viens pas";"<E>";"<E>";"dire";"<E>";"-";"-";"+";"-";"-";"§ne viens pas§ dire "
"410";"-";"<E>";"<E>";"<E>";"<E>";"-";"-";"-";"-";"-";" ne viens pas";"<E>";"<E>";"dire après";"<E>";"-";"-";"+";"-";"-";"§ne viens pas§ dire après "
"411";"-";"<E>";"<E>";"<E>";"<E>";"-";"-";"-";"-";"-";" ne viens pas";"<E>";"<E>";"dire ensuite";"<E>";"-";"-";"+";"-";"-";"§ne viens pas§ dire ensuite "
"412";"-";"<E>";"<E>";"<E>";"<E>";"-";"-";"-";"-";"-";" ne viens pas";"<E>";"te";"plaindre";"<E>";"-";"-";"+";"-";"-";"§ne viens pas§ te plaindre "
"413";"-";"<E>";"<E>";"<E>";"<E>";"+";"-";"-";"-";"-";" ne voilà-t-il";"<E>";"<E>";"<E>";"<E>";"-";"-";"-";"-";"-";"§ne voilà-t-il§ "
"414";"-";"<E>";"<E>";"<E>";"des";"-";"-";"-";"-";"-";" nèfles !";"<E>";"<E>";"<E>";"<E>";"-";"-";"-";"-";"-";"des§nèfles§! "
"415";"-";"<E>";"<E>";"<E>";"<E>";"+";"-";"-";"-";"-";" n'empêche";"<E>";"<E>";"<E>";"<E>";"-";"-";"-";"-";"-";"§n'empêche§ "
"416";"-";"<E>";"<E>";"<E>";"<E>";"-";"-";"-";"-";"-";" n'empêche";"<E>";"<E>";"<E>";"<E>";"-";"-";"-";"-";"-";"§n'empêche§ "
"417";"-";"<E>";"<E>";"à";"<E>";"-";"-";"-";"-";"-";" Nhum";"<E>";"le";"honneur";"<E>";"+";"-";"-";"-";"-";"à§Nhum§ l'honneur "
"418";"-";"<E>";"<E>";"à";"le";"-";"-";"-";"-";"-";" N-hum";"comme à";"le";"Nhum !";"<E>";"-";"-";"-";"-";"-";"au§N-hum§ comme au Nhum! "
"419";"-";"<E>";"<E>";"en";"<E>";"-";"-";"-";"-";"-";" N-hum";"comme en";"<E>";"Nhum !";"<E>";"-";"-";"-";"-";"-";"en§N-hum§ comme en Nhum! "
"420";"-";"<E>";"<E>";"hors de";"<E>";"-";"-";"-";"-";"-";" N-hum";"point";"de";"salut";"<E>";"-";"-";"-";"-";"-";"hors de§N-hum§ point de salut "
"421";"-";"<E>";"<E>";"<E>";"joyeux";"-";"-";"-";"-";"-";" Noël !";"<E>";"<E>";"<E>";"<E>";"-";"-";"-";"-";"-";"joyeux§Noël§! "
"422";"-";"<E>";"<E>";"<E>";"des";"-";"-";"-";"-";"-";" noix !";"<E>";"<E>";"<E>";"<E>";"-";"-";"-";"-";"-";"des§noix§! "
"423";"-";"<E>";"<E>";"<E>";"que";"-";"-";"-";"-";"-";" non !";"<E>";"<E>";"<E>";"<E>";"-";"-";"-";"-";"-";"que§non§! "
"424";"-";"<E>";"<E>";"à";"<E>";"-";"-";"-";"-";"-";" nous";"<E>";"<E>";"deux !";"<E>";"+";"-";"-";"-";"-";"à§nous§ deux! "
"425";"-";"<E>";"<E>";"à";"<E>";"-";"-";"-";"-";"-";" nous !";"<E>";"<E>";"<E>";"<E>";"-";"-";"-";"-";"-";"à§nous§! "
"426";"-";"<E>";"<E>";"<E>";"<E>";"-";"-";"-";"-";"-";" nous y voilà !";"<E>";"<E>";"<E>";"<E>";"-";"-";"-";"-";"-";"§nous y voilà§! "
"427";"-";"<E>";"<E>";"<E>";"première";"-";"-";"-";"-";"-";" nouvelle !";"<E>";"<E>";"<E>";"<E>";"-";"-";"-";"-";"-";"première§nouvelle§! "
"428";"-";"<E>";"<E>";"<E>";"quelles";"-";"-";"-";"-";"-";" nouvelles ?";"<E>";"<E>";"<E>";"<E>";"-";"-";"-";"-";"-";"quelles§nouvelles§? "
"429";"-";"<E>";"<E>";"quelles";"bonnes";"-";"-";"-";"-";"-";" nouvelles ?";"<E>";"<E>";"<E>";"<E>";"-";"-";"-";"-";"-";"quelles bonnes§nouvelles§? "
"430";"-";"<E>";"<E>";"<E>";"bonne";"-";"-";"-";"-";"-";" nuit !";"<E>";"<E>";"<E>";"<E>";"-";"-";"-";"-";"-";"bonne§nuit§! "
"431";"-";"<E>";"<E>";"<E>";"<E>";"-";"-";"-";"-";"-";" objectif ";"<E>";"<E>";"P";"<E>";"-";"-";"-";"-";"-";"§objectif§ P "
"432";"-";"<E>";"<E>";"<E>";"mon";"-";"-";"-";"-";"-";" oeil";"<E>";"<E>";"<E>";"<E>";"-";"-";"-";"-";"-";"mon§oeil§ "
"433";"-";"<E>";"<E>";"<E>";"mon";"-";"-";"-";"-";"-";" oeil !";"<E>";"<E>";"<E>";"<E>";"-";"-";"-";"-";"-";"mon§oeil§! "
"434";"-";"<E>";"<E>";"<E>";"<E>";"-";"-";"-";"-";"-";" ohé";"de";"le";"bateau !";"<E>";"-";"-";"-";"-";"-";"§ohé§ du bateau! "
"435";"-";"<E>";"<E>";"<E>";"<E>";"-";"-";"-";"-";"-";" ohé";"de";"le";"canot !";"<E>";"-";"-";"-";"-";"-";"§ohé§ du canot! "
"436";"-";"<E>";"<E>";"à";"vos";"-";"-";"-";"-";"-";" ordres !";"<E>";"<E>";"<E>";"<E>";"-";"-";"-";"-";"-";"à vos§ordres§! "
"437";"-";"<E>";"<E>";"<E>";"<E>";"-";"-";"-";"-";"-";" ordure !";"<E>";"<E>";"<E>";"<E>";"+";"+";"-";"-";"-";"§ordure§! "
"438";"-";"<E>";"<E>";"<E>";"<E>";"-";"-";"-";"-";"-";" ôte-toi";"de";"mon";"soleil !";"<E>";"-";"-";"-";"-";"-";"§ôte-toi§ de mon soleil! "
"439";"-";"<E>";"<E>";"<E>";"<E>";"-";"-";"-";"-";"-";" oublie-ça !";"<E>";"<E>";"<E>";"<E>";"-";"-";"-";"-";"-";"§oublie-ça§! "
"440";"-";"<E>";"<E>";"<E>";"<E>";"-";"-";"-";"-";"-";" oublie-moi !";"<E>";"<E>";"<E>";"<E>";"-";"-";"-";"-";"-";"§oublie-moi§! "
"441";"-";"<E>";"<E>";"<E>";"<E>";"-";"-";"-";"-";"-";" oublie-nous !";"<E>";"<E>";"<E>";"<E>";"-";"-";"-";"-";"-";"§oublie-nous§! "
"442";"-";"<E>";"<E>";"<E>";"<E>";"+";"-";"-";"-";"-";" ouf !";"<E>";"<E>";"<E>";"<E>";"-";"-";"-";"-";"-";"§ouf§! "
"443";"-";"<E>";"<E>";"<E>";"que";"-";"-";"-";"-";"-";" oui !";"<E>";"<E>";"<E>";"<E>";"-";"-";"-";"-";"-";"que§oui§! "
"444";"-";"<E>";"<E>";"<E>";"<E>";"-";"-";"-";"-";"-";" ouille !";"<E>";"<E>";"<E>";"<E>";"-";"-";"-";"-";"-";"§ouille§! "
"445";"-";"<E>";"<E>";"<E>";"<E>";"-";"-";"-";"-";"-";" oyez";"<E>";"bonnes";"gens !";"<E>";"-";"-";"-";"-";"-";"§oyez§ bonnes gens! "
"446";"-";"<E>";"<E>";"<E>";"<E>";"-";"-";"-";"-";"-";" paix";"à";"la";"âme";"<E>";"+";"-";"-";"-";"-";"§paix§ à l'âme "
"447";"-";"<E>";"<E>";"<E>";"<E>";"-";"-";"-";"-";"-";" paix";"à";"les";"cendres";"<E>";"+";"-";"-";"-";"-";"§paix§ aux cendres "
"448";"-";"<E>";"<E>";"que";"la";"-";"-";"-";"-";"-";" paix";"<E>";"<E>";"soit";"avec";"+";"-";"-";"-";"-";"que la§paix§ soit avec "
"449";"-";"<E>";"<E>";"que";"la";"-";"-";"-";"-";"-";" paix";"<E>";"<E>";"soit";"sur";"+";"-";"-";"-";"-";"que la§paix§ soit sur "
"450";"-";"<E>";"<E>";"<E>";"la";"-";"-";"-";"-";"-";" paix !";"<E>";"<E>";"<E>";"<E>";"-";"-";"-";"-";"-";"la§paix§! "
"451";"-";"<E>";"<E>";"<E>";"<E>";"-";"-";"-";"-";"-";" pan";"sur";"le";"bec !";"<E>";"-";"-";"-";"-";"-";"§pan§ sur le bec! "
"452";"-";"<E>";"<E>";"<E>";"<E>";"-";"-";"-";"-";"-";" pan";"sur";"les";"doigts !";"<E>";"-";"-";"-";"-";"-";"§pan§ sur les doigts! "
"453";"-";"<E>";"<E>";"<E>";"joyeuses";"-";"-";"-";"-";"-";" Pâques !";"<E>";"<E>";"<E>";"<E>";"-";"-";"-";"-";"-";"joyeuses§Pâques§! "
"454";"-";"<E>";"<E>";"<E>";"<E>";"-";"-";"+";"-";"-";" pardon";"<E>";"<E>";"<E>";"<E>";"-";"-";"-";"-";"-";"§pardon§ "
"455";"-";"<E>";"<E>";"<E>";"<E>";"-";"-";"-";"-";"-";" paré";"à";"<E>";"virer";"<E>";"-";"-";"-";"-";"-";"§paré§ à virer "
"456";"-";"<E>";"<E>";"<E>";"<E>";"+";"-";"-";"-";"-";" parole";"<E>";"<E>";"<E>";"<E>";"-";"-";"-";"-";"-";"§parole§ "
"457";"-";"<E>";"<E>";"<E>";"ma";"+";"-";"-";"-";"-";" parole";"<E>";"<E>";"<E>";"<E>";"-";"-";"-";"-";"-";"ma§parole§ "
"458";"-";"<E>";"<E>";"<E>";"<E>";"-";"-";"-";"-";"-";" parole";"de";"<E>";"homme";"<E>";"-";"-";"+";"-";"-";"§parole§ d'homme "
"459";"-";"<E>";"<E>";"<E>";"<E>";"+";"-";"-";"-";"-";" parole";"de";"<E>";"honneur";"<E>";"-";"-";"-";"-";"-";"§parole§ d'honneur "
"460";"-";"<E>";"<E>";"<E>";"<E>";"+";"-";"-";"-";"-";" parole d'honneur !";"<E>";"<E>";"<E>";"<E>";"-";"-";"-";"-";"-";"§parole d'honneur§! "
"461";"-";"<E>";"<E>";"<E>";"ma";"+";"-";"-";"-";"-";" parole d'honneur !";"<E>";"<E>";"<E>";"<E>";"-";"-";"-";"-";"-";"ma§parole d'honneur§! "
"462";"-";"<E>";"<E>";"<E>";"<E>";"-";"-";"-";"-";"-";" part";"à";"<E>";"deux !";"<E>";"-";"-";"-";"-";"-";"§part§ à deux! "
"463";"-";"<E>";"<E>";"<E>";"<E>";"-";"-";"-";"-";"-";" passez";"<E>";"la";"monnaie !";"<E>";"-";"-";"-";"-";"-";"§passez§ la monnaie! "
"464";"-";"<E>";"<E>";"<E>";"<E>";"-";"-";"-";"-";"-";" passez";"<E>";"<E>";"muscade !";"<E>";"-";"-";"-";"-";"-";"§passez§ muscade! "
"465";"-";"<E>";"<E>";"<E>";"<E>";"-";"-";"-";"-";"-";" passons";"<E>";"la";"monnaie !";"<E>";"-";"-";"-";"-";"-";"§passons§ la monnaie! "
"466";"-";"<E>";"<E>";"<E>";"<E>";"-";"-";"-";"-";"-";" peau de balle";"et";"<E>";"balai de crin !";"<E>";"-";"-";"-";"-";"-";"§peau de balle§ et balai de crin! "
"467";"-";"<E>";"<E>";"un";"de";"-";"-";"-";"-";"-";" perdu";"dix";"de";"retrouvés";"<E>";"-";"-";"-";"-";"-";"un de§perdu§ dix de retrouvés "
"468";"-";"<E>";"<E>";"une";"de";"-";"-";"-";"-";"-";" perdue";"dix";"de";"retrouvées";"<E>";"-";"-";"-";"-";"-";"une de§perdue§ dix de retrouvées "
"469";"-";"<E>";"<E>";"<E>";"<E>";"-";"-";"-";"-";"-";" permet-moi";"de";"te";"dire";"<E>";"-";"-";"+";"-";"-";"§permet-moi§ de te dire "
"470";"-";"<E>";"<E>";"<E>";"<E>";"-";"-";"-";"-";"-";" permettez-moi";"de";"vous";"dire";"<E>";"-";"-";"+";"-";"-";"§permettez-moi§ de vous dire "
"471";"-";"<E>";"<E>";"<E>";"très";"-";"-";"-";"-";"-";" peu";"pour";"<E>";"moi !";"<E>";"-";"-";"-";"-";"-";"très§peu§ pour moi! "
"472";"-";"<E>";"<E>";"<E>";"un";"-";"-";"-";"-";"-";" peu";"<E>";"mon";"neveu !";"<E>";"-";"-";"-";"-";"-";"un§peu§ mon neveu! "
"473";"-";"<E>";"<E>";"<E>";"un";"+";"-";"-";"-";"-";" peu !";"<E>";"<E>";"<E>";"<E>";"-";"-";"-";"-";"-";"un§peu§! "
"474";"-";"<E>";"<E>";"<E>";"un petit";"+";"-";"-";"-";"-";" peu !";"<E>";"<E>";"<E>";"<E>";"-";"-";"-";"-";"-";"un petit§peu§! "
"475";"-";"<E>";"<E>";"<E>";"<E>";"+";"-";"-";"-";"-";" peut-être";"<E>";"<E>";"<E>";"<E>";"-";"-";"-";"-";"-";"§peut-être§ "
"476";"-";"<E>";"<E>";"<E>";"<E>";"+";"-";"-";"-";"-";" peut-être";"<E>";"<E>";"bien";"<E>";"-";"-";"-";"-";"-";"§peut-être§ bien "
"477";"-";"<E>";"<E>";"<E>";"<E>";"-";"-";"-";"-";"-";" peut-être";"<E>";"que";"non";"<E>";"-";"-";"-";"-";"-";"§peut-être§ que non "
"478";"-";"<E>";"<E>";"<E>";"<E>";"-";"-";"-";"-";"-";" peut-être";"bien";"que";"non";"<E>";"-";"-";"-";"-";"-";"§peut-être§ bien que non "
"479";"-";"<E>";"<E>";"<E>";"<E>";"-";"-";"-";"-";"-";" peut-être";"<E>";"que";"oui";"<E>";"-";"-";"-";"-";"-";"§peut-être§ qu'oui "
"480";"-";"<E>";"<E>";"<E>";"<E>";"-";"-";"-";"-";"-";" peut-être";"bien";"que";"oui";"<E>";"-";"-";"-";"-";"-";"§peut-être§ bien qu'oui "
"481";"-";"<E>";"<E>";"<E>";"<E>";"-";"-";"-";"-";"-";" peut-être";"<E>";"que";"si";"<E>";"-";"-";"-";"-";"-";"§peut-être§ que si "
"482";"-";"<E>";"<E>";"<E>";"<E>";"-";"-";"-";"-";"-";" peut-être";"bien";"que";"si";"<E>";"-";"-";"-";"-";"-";"§peut-être§ bien que si "
"483";"-";"<E>";"<E>";"à";"le";"-";"-";"-";"-";"-";" pied !";"<E>";"<E>";"<E>";"<E>";"-";"-";"-";"-";"-";"au§pied§! "
"484";"-";"<E>";"<E>";"<E>";"<E>";"-";"-";"-";"-";"-";" pile";"ou";"<E>";"face ?";"<E>";"-";"-";"-";"-";"-";"§pile§ ou face ? "
"485";"-";"<E>";"<E>";"<E>";"<E>";"-";"-";"-";"-";"-";" pitié";"<E>";"<E>";"<E>";"pour";"+";"-";"-";"-";"-";"§pitié§ pour "
"486";"-";"<E>";"<E>";"<E>";"quelle";"-";"+";"+";"-";"-";" pitié !";"<E>";"<E>";"<E>";"<E>";"-";"-";"-";"-";"-";"quelle§pitié§! "
"487";"-";"<E>";"<E>";"en";"<E>";"-";"-";"-";"-";"-";" place";"pour";"la";"danse";"<E>";"-";"-";"-";"-";"-";"en§place§ pour la danse "
"488";"-";"<E>";"<E>";"<E>";"<E>";"-";"-";"-";"-";"-";" place";"à";"la";"danse !";"<E>";"-";"-";"-";"-";"-";"§place§ à la danse! "
"489";"-";"<E>";"<E>";"<E>";"<E>";"-";"-";"-";"-";"-";" place";"à";"les";"jeunes !";"<E>";"-";"-";"-";"-";"-";"§place§ aux jeunes! "
"490";"-";"<E>";"<E>";"en";"<E>";"-";"-";"-";"-";"-";" place";"pour";"le";"quadrille";"<E>";"-";"-";"-";"-";"-";"en§place§ pour le quadrille "
"491";"-";"<E>";"<E>";"en";"<E>";"-";"-";"-";"-";"-";" place !";"<E>";"<E>";"<E>";"pour";"-";"+";"-";"-";"-";"en§place§! pour "
"492";"-";"<E>";"<E>";"à";"vos";"-";"-";"-";"-";"-";" places";"<E>";"<E>";"<E>";"<E>";"-";"-";"-";"-";"-";"à vos§places§ "
"493";"-";"<E>";"<E>";"<E>";"<E>";"-";"-";"-";"-";"-";" plaise";"à";"le";"ciel";"<E>";"-";"-";"-";"+";"+";"§plaise§ au ciel "
"494";"-";"<E>";"<E>";"<E>";"<E>";"-";"-";"-";"-";"-";" plaise";"à";"<E>";"Dieu";"<E>";"-";"-";"-";"+";"-";"§plaise§ à Dieu "
"495";"-";"<E>";"<E>";"à";"le";"-";"-";"-";"-";"-";" plaisir";"de";"te";"revoir !";"<E>";"-";"-";"-";"-";"-";"au§plaisir§ de te revoir! "
"496";"-";"<E>";"<E>";"à";"le";"-";"-";"-";"-";"-";" plaisir";"de";"vous";"revoir !";"<E>";"-";"-";"-";"-";"-";"au§plaisir§ de vous revoir! "
"497";"-";"<E>";"<E>";"à";"le";"-";"-";"-";"-";"-";" plaisir !";"<E>";"<E>";"<E>";"<E>";"-";"-";"-";"-";"-";"au§plaisir§! "
"498";"-";"<E>";"<E>";"<E>";"gros";"-";"-";"-";"-";"-";" plans";"<E>";"<E>";"<E>";"sur";"+";"+";"-";"-";"-";"gros§plans§ sur "
"499";"-";"<E>";"<E>";"<E>";"<E>";"-";"-";"-";"-";"-";" plût";"à";"le";"ciel";"<E>";"-";"-";"-";"+";"+";"§plût§ au ciel "
"500";"-";"<E>";"<E>";"<E>";"<E>";"-";"-";"-";"-";"-";" plût";"à";"<E>";"Dieu";"<E>";"-";"-";"-";"+";"-";"§plût§ à Dieu "
"501";"-";"<E>";"<E>";"à";"<E>";"-";"-";"-";"-";"-";" poil !";"<E>";"<E>";"<E>";"<E>";"+";"-";"-";"-";"-";"à§poil§! "
"502";"-";"<E>";"<E>";"<E>";"<E>";"-";"-";"-";"-";"-";" point";"de";"<E>";"exclamation !";"<E>";"-";"-";"-";"-";"-";"§point§ d'exclamation! "
"503";"-";"<E>";"<E>";"<E>";"<E>";"-";"-";"-";"-";"-";" point";"<E>";"<E>";"final !";"<E>";"-";"-";"-";"-";"-";"§point§ final! "
"504";"-";"<E>";"<E>";"<E>";"<E>";"-";"-";"-";"-";"-";" point";"de";"<E>";"interrogation !";"<E>";"-";"-";"-";"-";"-";"§point§ d'interrogation! "
"505";"-";"<E>";"<E>";"<E>";"<E>";"-";"-";"-";"-";"-";" point";"à";"la";"ligne !";"<E>";"-";"-";"-";"-";"-";"§point§ à la ligne! "
"506";"-";"<E>";"<E>";"<E>";"<E>";"-";"-";"-";"-";"-";" point";"et";"<E>";"virgule !";"<E>";"-";"-";"-";"-";"-";"§point§ et virgule! "
"507";"-";"<E>";"<E>";"<E>";"<E>";"-";"-";"-";"-";"-";" points";"de";"<E>";"suspension !";"<E>";"-";"-";"-";"-";"-";"§points§ de suspension! "
"508";"-";"<E>";"<E>";"<E>";"deux";"-";"-";"-";"-";"-";" points";"à";"la";"ligne !";"<E>";"-";"-";"-";"-";"-";"deux§points§ à la ligne! "
"509";"-";"<E>";"<E>";"à";"la";"-";"-";"-";"-";"-";" porte !";"<E>";"<E>";"<E>";"<E>";"-";"-";"-";"-";"-";"à la§porte§! "
"510";"-";"<E>";"<E>";"<E>";"<E>";"-";"-";"-";"-";"-";" portez";"<E>";"<E>";"armes !";"<E>";"-";"-";"-";"-";"-";"§portez§ armes! "
"511";"-";"<E>";"<E>";"à";"vos";"-";"-";"-";"-";"-";" postes";"<E>";"<E>";"<E>";"<E>";"-";"-";"-";"-";"-";"à vos§postes§ "
"512";"-";"<E>";"<E>";"à";"le";"-";"-";"-";"-";"-";" poteau !";"<E>";"<E>";"<E>";"<E>";"-";"-";"-";"-";"-";"au§poteau§! "
"513";"-";"<E>";"<E>";"<E>";"<E>";"+";"-";"-";"-";"-";" pourquoi";"<E>";"<E>";"<E>";"<E>";"-";"-";"-";"-";"-";"§pourquoi§ "
"514";"-";"<E>";"<E>";"<E>";"<E>";"-";"-";"-";"-";"-";" pourquoi";"<E>";"<E>";"faire ?";"<E>";"-";"-";"-";"-";"-";"§pourquoi§ fait ? "
"515";"-";"<E>";"<E>";"<E>";"<E>";"-";"-";"-";"-";"-";" pourquoi pas ?";"<E>";"<E>";"<E>";"<E>";"-";"-";"-";"-";"-";"§pourquoi pas§? "
"516";"-";"<E>";"<E>";"<E>";"<E>";"-";"-";"-";"-";"-";" pourriture !";"<E>";"<E>";"<E>";"de";"+";"+";"-";"-";"-";"§pourriture§! de "
"517";"-";"<E>";"<E>";"<E>";"<E>";"-";"+";"-";"-";"-";" pourvu";"<E>";"<E>";"<E>";"<E>";"-";"-";"-";"-";"-";"§pourvu§ "
"518";"-";"<E>";"<E>";"<E>";"<E>";"-";"-";"-";"-";"-";" pouvoir-il en aller";"<E>";"<E>";"autrement ?";"<E>";"-";"-";"-";"-";"-";"§pouvoir-il en aller§ autrement ? "
"519";"-";"<E>";"<E>";"<E>";"<E>";"-";"-";"-";"-";"-";" pouvoir-il en être";"<E>";"<E>";"autrement ?";"<E>";"-";"-";"-";"-";"-";"§pouvoir-il en est§ autrement ? "
"520";"-";"<E>";"pas";"<E>";"de";"-";"-";"-";"-";"-";" précipitation!";"<E>";"<E>";"<E>";"<E>";"-";"-";"-";"-";"-";"pas de§précipitation§! "
"521";"-";"<E>";"<E>";"<E>";"<E>";"-";"-";"-";"-";"-";" présence";"<E>";"<E>";"indispensable";"<E>";"-";"-";"-";"-";"-";"§présence§ indispensable "
"522";"-";"<E>";"<E>";"<E>";"<E>";"-";"-";"-";"-";"-";" présentez !";"<E>";"<E>";"armes !";"<E>";"-";"-";"-";"-";"-";"§présentez§! armes ! "
"523";"-";"<E>";"<E>";"<E>";"<E>";"-";"-";"+";"-";"-";" prière";"<E>";"<E>";"<E>";"à";"+";"-";"-";"-";"-";"§prière§ à "
"524";"-";"<E>";"<E>";"<E>";"<E>";"-";"-";"-";"-";"-";" priorité";"<E>";"<E>";"<E>";"à";"+";"+";"-";"-";"+";"§priorité§ à "
"525";"-";"<E>";"<E>";"<E>";"<E>";"-";"-";"-";"-";"-";" probablement";"<E>";"que";"non";"<E>";"-";"-";"-";"-";"-";"§probablement§ que non "
"526";"-";"<E>";"<E>";"<E>";"<E>";"-";"-";"-";"-";"-";" probablement";"<E>";"que";"oui";"<E>";"-";"-";"-";"-";"-";"§probablement§ qu'oui "
"527";"-";"<E>";"<E>";"<E>";"<E>";"-";"-";"-";"-";"-";" probablement";"<E>";"que";"si";"<E>";"-";"-";"-";"-";"-";"§probablement§ que si "
"528";"-";"<E>";"<E>";"à";"la";"-";"-";"-";"-";"-";" prochaine !";"<E>";"<E>";"<E>";"<E>";"-";"-";"-";"-";"-";"à la§prochaine§! "
"529";"-";"<E>";"<E>";"<E>";"<E>";"-";"-";"-";"-";"-";" prochainement";"sur";"vos";"écrans ";"<E>";"-";"-";"-";"-";"-";"§prochainement§ sur vos écrans "
"530";"-";"<E>";"<E>";"<E>";"bonne";"-";"-";"-";"-";"-";" promenade !";"<E>";"<E>";"<E>";"<E>";"-";"-";"-";"-";"-";"bonne§promenade§! "
"531";"-";"<E>";"<E>";"<E>";"<E>";"-";"-";"-";"-";"-";" prout";"<E>";"ma";"chère !";"<E>";"-";"-";"-";"-";"-";"§prout§ ma chère! "
"532";"-";"<E>";"<E>";"<E>";"<E>";"-";"-";"-";"-";"-";" prudence";"<E>";"<E>";"<E>";"<E>";"-";"-";"-";"-";"-";"§prudence§ "
"533";"-";"<E>";"<E>";"<E>";"des";"-";"-";"-";"-";"-";" prunes !";"<E>";"<E>";"<E>";"<E>";"-";"-";"-";"-";"-";"des§prunes§! "
"534";"-";"<E>";"<E>";"<E>";"<E>";"-";"-";"-";"-";"-";" putain !";"<E>";"<E>";"<E>";"de";"+";"+";"-";"-";"-";"§putain§! de "
"535";"-";"<E>";"<E>";"<E>";"des";"-";"-";"-";"-";"-";" queues";"<E>";"<E>";"<E>";"<E>";"-";"-";"-";"-";"-";"des§queues§ "
"536";"-";"<E>";"<E>";"à";"<E>";"-";"-";"-";"-";"-";" qui";"<E>";"la";"faute ?";"<E>";"-";"-";"-";"-";"-";"à§qui§ la faute ? "
"537";"-";"<E>";"<E>";"<E>";"<E>";"-";"-";"-";"-";"-";" quid ?";"<E>";"<E>";"<E>";"de";"+";"+";"-";"-";"-";"§quid§? de "
"538";"-";"<E>";"<E>";"à";"<E>";"-";"-";"-";"-";"-";" quoi";"<E>";"<E>";"bon ?";"<E>";"-";"-";"-";"-";"+";"à§quoi§ bon ? "
"539";"-";"<E>";"<E>";"<E>";"<E>";"-";"-";"-";"-";"-";" quoi";"de";"<E>";"neuf ?";"<E>";"-";"-";"-";"-";"-";"§quoi§ de neuf ? "
"540";"-";"<E>";"<E>";"<E>";"<E>";"-";"-";"-";"-";"-";" quoi";"de";"<E>";"nouveau ?";"<E>";"-";"-";"-";"-";"-";"§quoi§ de nouveau ? "
"541";"-";"<E>";"<E>";"de";"<E>";"-";"-";"-";"-";"-";" quoi ?";"<E>";"<E>";"<E>";"<E>";"-";"-";"-";"-";"-";"de§quoi§? "
"542";"-";"<E>";"<E>";"<E>";"<E>";"-";"-";"-";"-";"-";" R.S.V.P.";"<E>";"<E>";"<E>";"<E>";"-";"-";"-";"-";"-";"§R.S.V.P.§ "
"543";"-";"<E>";"<E>";"<E>";"<E>";"-";"-";"-";"-";"-";" raccrochez";"<E>";"les";"wagons !";"<E>";"-";"-";"-";"-";"-";"§raccrochez§ les wagons! "
"544";"-";"<E>";"<E>";"sans";"<E>";"-";"-";"-";"-";"-";" rancune !";"<E>";"<E>";"<E>";"<E>";"-";"-";"-";"-";"-";"sans§rancune§! "
"545";"-";"<E>";"<E>";"à";"vos";"-";"-";"-";"-";"-";" rangs !";"<E>";"<E>";"fixe !";"<E>";"-";"-";"-";"-";"-";"à vos§rangs§! fixe ! "
"546";"-";"<E>";"<E>";"<E>";"<E>";"-";"-";"-";"-";"-";" regarde";"<E>";"le";"travail !";"<E>";"-";"-";"-";"-";"-";"§regarde§ le travail! "
"547";"-";"<E>";"<E>";"<E>";"<E>";"-";"-";"-";"-";"-";" relaxe";"<E>";"<E>";"Max !";"<E>";"-";"-";"-";"-";"-";"§relaxe§ Max! "
"548";"-";"<E>";"<E>";"<E>";"bonne";"-";"-";"-";"-";"-";" rentrée !";"<E>";"<E>";"<E>";"<E>";"-";"-";"-";"-";"-";"bonne§rentrée§! "
"549";"-";"<E>";"<E>";"<E>";"<E>";"-";"-";"-";"-";"-";" repos !";"<E>";"<E>";"<E>";"<E>";"-";"-";"-";"-";"-";"§repos§! "
"550";"-";"<E>";"<E>";"<E>";"<E>";"-";"-";"-";"-";"-";" reposez !";"<E>";"<E>";"armes !";"<E>";"-";"-";"-";"-";"-";"§reposez§! armes ! "
"551";"-";"<E>";"<E>";"<E>";"mes";"-";"-";"-";"-";"-";" respects";"<E>";"<E>";"mon";"Nhum";"-";"-";"-";"-";"-";"mes§respects§ mon Nhum "
"552";"-";"<E>";"<E>";"<E>";"<E>";"+";"-";"-";"-";"-";" reste";"<E>";"<E>";"<E>";"<E>";"-";"-";"-";"-";"-";"§reste§ "
"553";"-";"<E>";"<E>";"<E>";"<E>";"-";"-";"-";"-";"+";" reste à savoir si P";"<E>";"<E>";"<E>";"<E>";"-";"-";"-";"-";"-";"§reste à savoir si P§ "
"554";"-";"<E>";"<E>";"<E>";"<E>";"-";"-";"-";"-";"+";" reste à vérifier si P";"<E>";"<E>";"<E>";"<E>";"-";"-";"-";"-";"-";"§reste à vérifier si P§ "
"555";"-";"<E>";"<E>";"<E>";"<E>";"-";"-";"-";"-";"+";" reste à voir si P";"<E>";"<E>";"<E>";"<E>";"-";"-";"-";"-";"-";"§reste à voir si P§ "
"556";"-";"<E>";"<E>";"<E>";"<E>";"-";"-";"-";"-";"-";" restez";"<E>";"<E>";"couvert !";"<E>";"-";"-";"-";"-";"-";"§restez§ couvert! "
"557";"-";"<E>";"<E>";"<E>";"<E>";"-";"-";"-";"-";"-";" restons-en";"<E>";"<E>";"là";"<E>";"-";"-";"-";"-";"-";"§restons-en§ là "
"558";"-";"<E>";"<E>";"<E>";"<E>";"-";"-";"-";"-";"-";" retour";"à";"la";"case départ";"<E>";"-";"-";"-";"-";"-";"§retour§ à la case départ "
"559";"-";"<E>";"<E>";"<E>";"<E>";"-";"-";"-";"-";"-";" retour";"à";"le";"envoyeur";"<E>";"-";"-";"-";"-";"-";"§retour§ à l'envoyeur "
"560";"-";"<E>";"<E>";"<E>";"bon";"-";"-";"-";"-";"-";" retour !";"<E>";"<E>";"<E>";"<E>";"-";"-";"-";"-";"-";"bon§retour§! "
"561";"-";"<E>";"<E>";"à";"la";"-";"-";"-";"+";"-";" réussite ";"<E>";"<E>";"<E>";"<E>";"-";"-";"-";"-";"-";"à la§réussite§ "
"562";"-";"<E>";"<E>";"<E>";"<E>";"+";"-";"-";"-";"-";" revoici";"<E>";"<E>";"<E>";"<E>";"+";"+";"-";"-";"-";"§revoici§ "
"563";"-";"<E>";"<E>";"<E>";"<E>";"+";"-";"-";"-";"-";" revoilà";"<E>";"<E>";"<E>";"<E>";"+";"+";"-";"-";"-";"§revoilà§ "
"564";"-";"<E>";"<E>";"à";"le";"-";"-";"-";"-";"-";" revoir !";"<E>";"<E>";"<E>";"<E>";"-";"-";"-";"-";"-";"au§revoir§! "
"565";"-";"<E>";"<E>";"à";"la";"-";"-";"-";"-";"-";" revoyure !";"<E>";"<E>";"<E>";"<E>";"-";"-";"-";"-";"-";"à la§revoyure§! "
"566";"-";"<E>";"<E>";"<E>";"<E>";"-";"-";"-";"-";"-";" rideau !";"<E>";"<E>";"<E>";"<E>";"-";"-";"-";"-";"-";"§rideau§! "
"567";"-";"<E>";"<E>";"<E>";"<E>";"-";"-";"-";"-";"-";" rien";"de";"<E>";"neuf ?";"<E>";"-";"-";"-";"-";"-";"§rien§ de neuf ? "
"568";"-";"<E>";"<E>";"<E>";"<E>";"-";"-";"-";"-";"-";" rien";"de";"<E>";"nouveau ?";"<E>";"-";"-";"-";"-";"-";"§rien§ de nouveau ? "
"569";"-";"<E>";"<E>";"de";"<E>";"-";"-";"-";"-";"-";" rien !";"<E>";"<E>";"<E>";"<E>";"-";"-";"-";"-";"-";"de§rien§! "
"570";"-";"<E>";"<E>";"<E>";"du";"-";"-";"-";"-";"-";" riz encore du riz";"toujours";"du";"riz !";"<E>";"-";"-";"-";"-";"-";"du§riz encore du riz§ toujours du riz! "
"571";"-";"<E>";"<E>";"<E>";"bonne";"-";"-";"-";"-";"-";" route !";"<E>";"<E>";"<E>";"<E>";"-";"-";"-";"-";"-";"bonne§route§! "
"572";"-";"<E>";"<E>";"en";"<E>";"-";"-";"-";"-";"-";" route !";"<E>";"<E>";"<E>";"<E>";"-";"-";"-";"-";"-";"en§route§! "
"573";"-";"<E>";"<E>";"<E>";"<E>";"-";"-";"-";"-";"-";" S.O.S.";"<E>";"<E>";"<E>";"<E>";"-";"-";"-";"-";"-";"§S.O.S.§ "
"574";"-";"<E>";"<E>";"<E>";"<E>";"-";"-";"-";"-";"-";" sacré";"<E>";"<E>";"N !";"<E>";"-";"-";"-";"-";"-";"§sacré§ N! "
"575";"-";"<E>";"pas";"<E>";"de";"-";"-";"-";"-";"-";" salades !";"<E>";"<E>";"<E>";"<E>";"-";"-";"-";"-";"-";"pas de§salades§! "
"576";"-";"<E>";"<E>";"<E>";"<E>";"-";"-";"-";"-";"-";" salaud !";"<E>";"<E>";"<E>";"de";"+";"+";"-";"-";"-";"§salaud§! de "
"577";"-";"<E>";"<E>";"<E>";"<E>";"-";"-";"-";"-";"-";" salopard !";"<E>";"<E>";"<E>";"de";"+";"+";"-";"-";"-";"§salopard§! de "
"578";"-";"<E>";"<E>";"<E>";"<E>";"-";"-";"-";"-";"-";" salope !";"<E>";"<E>";"<E>";"de";"+";"+";"-";"-";"-";"§salope§! de "
"579";"-";"<E>";"<E>";"<E>";"<E>";"-";"-";"-";"-";"-";" saloperie !";"<E>";"<E>";"<E>";"de";"+";"+";"-";"-";"-";"§saloperie§! de "
"580";"-";"<E>";"<E>";"<E>";"<E>";"-";"-";"-";"-";"-";" salut";"<E>";"la";"compagnie !";"<E>";"-";"-";"-";"-";"-";"§salut§ la compagnie! "
"581";"-";"<E>";"<E>";"à";"la";"-";"-";"-";"+";"-";" santé !";"<E>";"<E>";"<E>";"<E>";"-";"-";"-";"-";"-";"à la§santé§! "
"582";"-";"<E>";"<E>";"à";"votre bonne";"-";"-";"-";"-";"-";" santé !";"<E>";"<E>";"<E>";"<E>";"-";"-";"-";"-";"-";"à votre bonne§santé§! "
"583";"-";"<E>";"<E>";"<E>";"<E>";"-";"-";"-";"-";"-";" sauve";"<E>";"qui";"peut !";"<E>";"-";"-";"-";"-";"-";"§sauve§ qui peut! "
"584";"+";"ne";"pas";"<E>";"<E>";"-";"-";"-";"-";"-";" se pencher";"à";"le";"dehors";"<E>";"-";"-";"-";"-";"-";"ne pas§se pencher§ au dehors "
"585";"-";"<E>";"<E>";"à";"le";"-";"-";"-";"-";"-";" secours !";"<E>";"<E>";"<E>";"<E>";"-";"-";"-";"-";"-";"au§secours§! "
"586";"-";"<E>";"<E>";"<E>";"bon";"-";"-";"-";"-";"-";" séjour !";"<E>";"<E>";"<E>";"<E>";"-";"-";"-";"-";"-";"bon§séjour§! "
"587";"-";"<E>";"<E>";"en";"<E>";"-";"-";"-";"-";"-";" selle !";"<E>";"<E>";"<E>";"<E>";"-";"-";"-";"-";"-";"en§selle§! "
"588";"-";"<E>";"<E>";"à";"ton";"-";"-";"-";"-";"-";" service !";"<E>";"<E>";"<E>";"<E>";"-";"-";"-";"-";"-";"à ton§service§! "
"589";"-";"<E>";"<E>";"à";"votre";"-";"-";"-";"-";"-";" service !";"<E>";"<E>";"<E>";"<E>";"-";"-";"-";"-";"-";"à votre§service§! "
"590";"-";"<E>";"<E>";"<E>";"que";"-";"-";"-";"-";"-";" si !";"<E>";"<E>";"<E>";"<E>";"-";"-";"-";"-";"-";"que§si§! "
"591";"-";"<E>";"<E>";"<E>";"<E>";"-";"-";"-";"-";"-";" silence !";"<E>";"<E>";"<E>";"<E>";"-";"-";"-";"-";"-";"§silence§! "
"592";"-";"<E>";"<E>";"<E>";"du";"-";"-";"-";"-";"-";" silence !";"<E>";"<E>";"<E>";"<E>";"-";"-";"-";"-";"-";"du§silence§! "
"593";"-";"<E>";"<E>";"<E>";"<E>";"-";"-";"-";"-";"-";" sincèrement";"à";"<E>";"toi";"<E>";"-";"-";"-";"-";"-";"§sincèrement§ à toi "
"594";"-";"<E>";"<E>";"<E>";"<E>";"-";"-";"-";"-";"-";" sincèrement";"<E>";"<E>";"vôtre";"<E>";"-";"-";"-";"-";"-";"§sincèrement§ vôtre "
"595";"-";"<E>";"<E>";"<E>";"<E>";"-";"-";"-";"-";"-";" sincèrement";"à";"<E>";"vous";"<E>";"-";"-";"-";"-";"-";"§sincèrement§ à vous "
"596";"-";"<E>";"<E>";"<E>";"bonne";"-";"-";"-";"-";"-";" soirée !";"<E>";"<E>";"<E>";"<E>";"-";"-";"-";"-";"-";"bonne§soirée§! "
"597";"-";"<E>";"<E>";"<E>";"<E>";"-";"-";"-";"-";"-";" soit";"<E>";"<E>";"disant";"<E>";"-";"-";"+";"-";"-";"§soit§ disant "
"598";"-";"<E>";"<E>";"<E>";"<E>";"-";"-";"-";"-";"-";" sonner";"et";"<E>";"entrer";"<E>";"-";"-";"-";"-";"-";"§sonner§ et entrer "
"599";"-";"<E>";"<E>";"<E>";"<E>";"-";"-";"-";"-";"-";" sonnez";"et";"<E>";"entrez";"<E>";"-";"-";"-";"-";"-";"§sonnez§ et entrez "
"600";"-";"<E>";"<E>";"à";"tes";"-";"-";"-";"-";"-";" souhaits !";"<E>";"<E>";"<E>";"<E>";"-";"-";"-";"-";"-";"à tes§souhaits§! "
"601";"-";"<E>";"<E>";"à";"vos";"-";"-";"-";"-";"-";" souhaits !";"<E>";"<E>";"<E>";"<E>";"-";"-";"-";"-";"-";"à vos§souhaits§! "
"602";"-";"<E>";"<E>";"à";"la";"-";"-";"-";"-";"-";" soupe !";"<E>";"<E>";"<E>";"<E>";"-";"-";"-";"-";"-";"à la§soupe§! "
"603";"-";"<E>";"<E>";"<E>";"<E>";"-";"-";"-";"-";"-";" stop";"<E>";"<E>";"<E>";"à";"-";"+";"-";"-";"-";"§stop§ à "
"604";"-";"<E>";"<E>";"<E>";"la";"-";"-";"-";"-";"-";" suite";"à";"le prochain";"numéro";"<E>";"-";"-";"-";"-";"-";"la§suite§ au prochain numéro "
"605";"-";"<E>";"<E>";"<E>";"<E>";"-";"-";"-";"-";"-";" suite et fin ";"<E>";"<E>";"Ndate";"<E>";"-";"-";"-";"-";"-";"§suite et fin§ Ndate "
"606";"-";"<E>";"<E>";"<E>";"<E>";"-";"-";"-";"-";"-";" suite et fin ";"<E>";"le six";"mai";"<E>";"-";"-";"-";"-";"-";"§suite et fin§ le six mai "
"607";"-";"<E>";"<E>";"à";"le";"-";"-";"-";"-";"-";" suivant";"de";"ces";"messieurs !";"<E>";"-";"-";"-";"-";"-";"au§suivant§ de ces messieurs! "
"608";"-";"<E>";"<E>";"à";"le";"-";"-";"-";"-";"-";" suivant !";"<E>";"<E>";"<E>";"<E>";"-";"-";"-";"-";"-";"au§suivant§! "
"609";"-";"<E>";"<E>";"<E>";"<E>";"-";"-";"-";"-";"-";" suivez";"<E>";"le";"guide";"<E>";"-";"-";"-";"-";"-";"§suivez§ le guide "
"610";"-";"<E>";"<E>";"<E>";"<E>";"-";"-";"-";"-";"-";" suivez";"<E>";"mon";"regard";"<E>";"-";"-";"-";"-";"-";"§suivez§ mon regard "
"611";"-";"<E>";"<E>";"à";"<E>";"-";"-";"-";"-";"-";" suivre";"<E>";"<E>";"<E>";"<E>";"-";"-";"-";"-";"-";"à§suivre§ "
"612";"-";"<E>";"<E>";"<E>";"bien";"+";"-";"-";"-";"-";" sûr !";"<E>";"<E>";"<E>";"<E>";"-";"-";"-";"-";"-";"bien§sûr§! "
"613";"-";"<E>";"<E>";"pour";"<E>";"+";"-";"-";"-";"-";" sûr !";"<E>";"<E>";"<E>";"<E>";"-";"-";"-";"-";"-";"pour§sûr§! "
"614";"-";"<E>";"<E>";"<E>";"<E>";"-";"-";"-";"-";"-";" sus !";"<E>";"<E>";"<E>";"à";"+";"+";"-";"-";"-";"§sus§! à "
"615";"-";"<E>";"<E>";"<E>";"<E>";"-";"-";"-";"-";"-";" T.S.V.P.";"<E>";"<E>";"<E>";"<E>";"-";"-";"-";"-";"-";"§T.S.V.P.§ "
"616";"-";"<E>";"<E>";"à";"<E>";"-";"-";"-";"-";"-";" table !";"<E>";"<E>";"<E>";"<E>";"-";"-";"-";"-";"-";"à§table§! "
"617";"-";"<E>";"<E>";"<E>";"<E>";"-";"-";"-";"-";"-";" taïaut !";"<E>";"<E>";"taïaut !";"<E>";"-";"-";"-";"-";"-";"§taïaut§! taïaut ! "
"618";"-";"<E>";"<E>";"<E>";"<E>";"-";"-";"-";"-";"-";" tapis !";"<E>";"<E>";"<E>";"<E>";"-";"-";"-";"-";"-";"§tapis§! "
"619";"-";"<E>";"<E>";"à";"plus";"-";"-";"-";"-";"-";" tard !";"<E>";"<E>";"<E>";"<E>";"-";"-";"-";"-";"-";"à plus§tard§! "
"620";"-";"<E>";"<E>";"<E>";"<E>";"-";"-";"-";"-";"-";" tchao !";"<E>";"<E>";"<E>";"<E>";"-";"-";"-";"-";"-";"§tchao§! "
"621";"-";"<E>";"<E>";"<E>";"sale";"-";"-";"-";"-";"-";" temps";"<E>";"<E>";"<E>";"pour";"+";"+";"-";"-";"-";"sale§temps§ pour "
"622";"-";"<E>";"<E>";"<E>";"autres";"-";"-";"-";"-";"-";" temps";"<E>";"autres";"moeurs !";"<E>";"-";"-";"-";"-";"-";"autres§temps§ autres moeurs! "
"623";"-";"<E>";"<E>";"<E>";"<E>";"-";"-";"-";"-";"-";" Terre !";"<E>";"<E>";"<E>";"<E>";"-";"-";"-";"-";"-";"§Terre§! "
"624";"-";"<E>";"<E>";"à";"la";"-";"-";"-";"-";"-";" tienne";"<E>";"<E>";"Etienne !";"<E>";"-";"-";"-";"-";"-";"à la§tienne§ Etienne! "
"625";"-";"<E>";"pas";"<E>";"<E>";"-";"-";"-";"-";"-";" touche";"<E>";"<E>";"<E>";"<E>";"-";"-";"-";"-";"-";"pas§touche§ "
"626";"-";"<E>";"<E>";"<E>";"<E>";"-";"-";"-";"-";"-";" touchez";"<E>";"<E>";"là !";"<E>";"-";"-";"-";"-";"-";"§touchez§ là! "
"627";"-";"<E>";"<E>";"<E>";"<E>";"-";"-";"-";"-";"-";" tout";"mais";"pas";"ça !";"<E>";"-";"-";"-";"-";"-";"§tout§ mais pas ça! "
"628";"-";"<E>";"<E>";"à";"<E>";"-";"-";"-";"-";"-";" tout";"à";"la";"heure !";"<E>";"-";"-";"-";"-";"-";"à§tout§ à l'heure! "
"629";"-";"<E>";"<E>";"à";"la";"-";"-";"-";"-";"-";" trappe !";"<E>";"<E>";"<E>";"<E>";"+";"+";"-";"-";"-";"à la§trappe§! "
"630";"-";"<E>";"<E>";"<E>";"quel";"-";"-";"-";"-";"-";" travail !";"<E>";"<E>";"<E>";"<E>";"-";"-";"-";"-";"-";"quel§travail§! "
"631";"-";"<E>";"<E>";"à";"le";"-";"-";"-";"-";"-";" travail !";"<E>";"<E>";"<E>";"<E>";"-";"-";"-";"-";"-";"au§travail§! "
"632";"-";"<E>";"<E>";"à";"le";"-";"-";"-";"-";"-";" turbin !";"<E>";"<E>";"<E>";"<E>";"-";"-";"-";"-";"-";"au§turbin§! "
"633";"-";"<E>";"<E>";"à";"le";"-";"-";"-";"-";"-";" turf !";"<E>";"<E>";"<E>";"<E>";"-";"-";"-";"-";"-";"au§turf§! "
"634";"-";"<E>";"<E>";"<E>";"<E>";"-";"-";"-";"-";"-";" turlututu";"<E>";"<E>";"chapeau pointu";"<E>";"-";"-";"-";"-";"-";"§turlututu§ chapeau pointu "
"635";"-";"<E>";"<E>";"<E>";"<E>";"-";"-";"-";"-";"-";" V";"<E>";"qui le";"désire !";"<E>";"-";"-";"-";"-";"-";"§V§ qui le désire! "
"636";"-";"<E>";"<E>";"<E>";"<E>";"-";"-";"-";"-";"-";" V";"<E>";"qui";"voudra !";"<E>";"-";"-";"-";"-";"-";"§V§ qui voudra! "
"637";"-";"<E>";"<E>";"<E>";"<E>";"-";"-";"-";"-";"-";" va";"<E>";"<E>";"<E>";"pour";"+";"+";"-";"-";"-";"§va§ pour "
"638";"-";"<E>";"<E>";"<E>";"<E>";"-";"-";"-";"-";"-";" va";"<E>";"te";"coucher !";"<E>";"-";"-";"-";"-";"-";"§va§ te coucher! "
"639";"-";"<E>";"<E>";"<E>";"<E>";"-";"-";"-";"-";"-";" va";"<E>";"<E>";"donc eh !";"<E>";"+";"-";"-";"-";"-";"§va§ donc eh! "
"640";"-";"<E>";"<E>";"<E>";"<E>";"+";"-";"-";"-";"-";" va dire !";"<E>";"<E>";"<E>";"à";"+";"-";"-";"-";"-";"§va dire§! à "
"641";"-";"<E>";"<E>";"<E>";"<E>";"-";"-";"-";"-";"+";" va savoir";"<E>";"<E>";"<E>";"<E>";"-";"-";"-";"-";"-";"§va savoir§ "
"642";"-";"<E>";"<E>";"<E>";"<E>";"-";"-";"-";"-";"+";" va voir";"<E>";"<E>";"<E>";"<E>";"-";"-";"-";"-";"-";"§va voir§ "
"643";"-";"<E>";"<E>";"<E>";"bonnes";"-";"-";"-";"-";"-";" vacances !";"<E>";"<E>";"<E>";"<E>";"-";"-";"-";"-";"-";"bonnes§vacances§! "
"644";"-";"<E>";"<E>";"<E>";"bon";"-";"-";"-";"-";"-";" vent !";"<E>";"<E>";"<E>";"<E>";"-";"-";"-";"-";"-";"bon§vent§! "
"645";"-";"<E>";"<E>";"à";"le";"-";"-";"-";"-";"-";" vestiaire !";"<E>";"<E>";"<E>";"<E>";"-";"-";"-";"-";"-";"au§vestiaire§! "
"646";"-";"<E>";"<E>";"<E>";"<E>";"-";"-";"-";"-";"-";" veuillez";"<E>";"<E>";"V W";"<E>";"-";"-";"-";"-";"-";"§veuillez§ V W "
"647";"-";"<E>";"<E>";"<E>";"<E>";"-";"-";"-";"-";"-";" veuillez";"<E>";"<E>";"sortir";"<E>";"-";"-";"-";"-";"-";"§veuillez§ sortir "
"648";"-";"<E>";"<E>";"<E>";"<E>";"-";"-";"-";"-";"-";" veuillez";"<E>";"<E>";"agréer N";"<E>";"-";"+";"-";"-";"-";"§veuillez§ agréer N "
"649";"-";"<E>";"<E>";"<E>";"<E>";"-";"-";"-";"-";"-";" veuillez bien";"<E>";"<E>";"V W";"<E>";"-";"-";"-";"-";"-";"§veuillez bien§ V W "
"650";"-";"<E>";"<E>";"<E>";"<E>";"-";"-";"-";"-";"-";" veuillez bien";"<E>";"<E>";"sortir";"<E>";"-";"-";"-";"-";"-";"§veuillez bien§ sortir "
"651";"-";"<E>";"<E>";"à";"la";"-";"-";"-";"-";"-";" vie";"à";"la";"mort !";"<E>";"-";"-";"-";"-";"-";"à la§vie§ à la mort! "
"652";"-";"<E>";"<E>";"<E>";"<E>";"-";"-";"-";"-";"-";" vingt deux";"<E>";"<E>";"vlà";"les";"+";"-";"-";"-";"-";"§vingt deux§ vlà les "
"653";"-";"<E>";"<E>";"<E>";"<E>";"-";"-";"-";"-";"-";" vive";"<E>";"<E>";"<E>";"<E>";"+";"+";"-";"-";"-";"§vive§ "
"654";"-";"<E>";"<E>";"<E>";"<E>";"-";"-";"-";"-";"-";" vive";"<E>";"la";"mariée !";"<E>";"-";"-";"-";"-";"-";"§vive§ la mariée! "
"655";"-";"<E>";"<E>";"<E>";"<E>";"-";"+";"-";"-";"-";" vivement";"<E>";"<E>";"<E>";"<E>";"-";"-";"-";"-";"-";"§vivement§ "
"656";"-";"<E>";"<E>";"<E>";"<E>";"-";"-";"-";"-";"-";" vivement ce soir";"que";"on se";"couche !";"<E>";"-";"-";"-";"-";"-";"§vivement ce soir§ qu'on se couche! "
"657";"-";"<E>";"<E>";"<E>";"<E>";"-";"-";"-";"-";"-";" voici";"<E>";"qui";"suffira à Luc ";"<E>";"-";"-";"-";"-";"-";"§voici§ qui suffira à Luc "
"658";"-";"<E>";"<E>";"<E>";"<E>";"-";"-";"-";"-";"-";" voici";"<E>";"qui";"V W";"<E>";"-";"-";"-";"-";"-";"§voici§ qui V W "
"659";"-";"<E>";"<E>";"<E>";"<E>";"+";"-";"-";"-";"-";" voici";"<E>";"<E>";"<E>";"<E>";"+";"+";"-";"-";"-";"§voici§ "
"660";"-";"<E>";"<E>";"<E>";"<E>";"+";"-";"-";"-";"-";" voici";"<E>";"<E>";"longtemps";"<E>";"-";"-";"-";"-";"-";"§voici§ longtemps "
"661";"-";"<E>";"<E>";"<E>";"<E>";"+";"-";"-";"-";"-";" voici";"<E>";"belle";"lurette";"<E>";"-";"-";"-";"-";"-";"§voici§ belle lurette "
"662";"-";"<E>";"<E>";"<E>";"<E>";"+";"-";"-";"-";"-";" voici";"<E>";"une";"paille";"<E>";"-";"-";"-";"-";"-";"§voici§ une paille "
"663";"-";"<E>";"<E>";"<E>";"<E>";"+";"-";"-";"-";"-";" voici";"<E>";"une";"paye";"<E>";"-";"-";"-";"-";"-";"§voici§ une paye "
"664";"-";"<E>";"<E>";"<E>";"<E>";"-";"-";"+";"-";"-";" voici";"<E>";"le";"temps";"<E>";"-";"-";"-";"-";"-";"§voici§ le temps "
"665";"-";"<E>";"<E>";"<E>";"<E>";"-";"-";"-";"-";"-";" voici";"<E>";"le";"temps des N";"<E>";"-";"-";"-";"-";"-";"§voici§ le temps des N "
"666";"-";"<E>";"<E>";"<E>";"<E>";"+";"-";"-";"-";"-";" voici";"<E>";"un";"temps fou";"<E>";"-";"-";"-";"-";"-";"§voici§ un temps fou "
"667";"-";"<E>";"<E>";"<E>";"<E>";"-";"-";"-";"-";"-";" voici pourquoi";"<E>";"<E>";"P";"<E>";"-";"-";"-";"-";"-";"§voici pourquoi§ P "
"668";"-";"<E>";"<E>";"<E>";"<E>";"-";"-";"-";"-";"-";" voilà";"qui est";"<E>";"Adj";"<E>";"-";"-";"-";"-";"-";"§voilà§ qui est Adj "
"669";"-";"<E>";"<E>";"<E>";"<E>";"-";"-";"-";"-";"-";" voilà";"<E>";"<E>";"N Adj !";"<E>";"-";"-";"-";"-";"-";"§voilà§ N Adj! "
"670";"-";"<E>";"<E>";"<E>";"<E>";"-";"-";"-";"-";"-";" voilà";"qui";"<E>";"suffira à Luc ";"<E>";"-";"-";"-";"-";"-";"§voilà§ qui suffira à Luc "
"671";"-";"<E>";"<E>";"<E>";"<E>";"-";"-";"-";"-";"-";" voilà";"qui";"<E>";"V W";"<E>";"-";"-";"-";"-";"-";"§voilà§ qui V W "
"672";"-";"<E>";"<E>";"<E>";"<E>";"+";"-";"-";"-";"-";" voilà";"<E>";"<E>";"<E>";"<E>";"+";"+";"-";"-";"-";"§voilà§ "
"673";"-";"<E>";"<E>";"<E>";"<E>";"-";"-";"-";"-";"-";" voilà";"<E>";"<E>";"bien";"<E>";"+";"+";"-";"-";"-";"§voilà§ bien "
"674";"-";"<E>";"<E>";"<E>";"<E>";"-";"-";"-";"-";"-";" voilà";"qui est";"<E>";"bien";"<E>";"-";"-";"-";"-";"-";"§voilà§ qui est bien "
"675";"-";"<E>";"<E>";"<E>";"<E>";"-";"-";"-";"-";"-";" voilà";"qui est";"<E>";"bien";"dit";"-";"-";"-";"-";"-";"§voilà§ qui est bien dit "
"676";"-";"<E>";"<E>";"<E>";"<E>";"-";"-";"-";"-";"-";" voilà";"qui est";"autre";"chose";"<E>";"-";"-";"-";"-";"-";"§voilà§ qui est autre chose "
"677";"-";"<E>";"<E>";"<E>";"<E>";"-";"-";"-";"-";"-";" voilà";"ce que";"ce";"est";"<E>";"+";"+";"-";"-";"+";"§voilà§ ce que c'est "
"678";"-";"<E>";"<E>";"<E>";"<E>";"-";"-";"-";"-";"-";" voilà";"qui est";"<E>";"fait";"<E>";"-";"-";"-";"-";"-";"§voilà§ qui est fait "
"679";"-";"<E>";"<E>";"<E>";"<E>";"-";"-";"-";"-";"-";" voilà";"<E>";"<E>";"frais !";"<E>";"+";"-";"-";"-";"-";"§voilà§ frais! "
"680";"-";"<E>";"<E>";"<E>";"<E>";"-";"-";"-";"-";"-";" voilà";"<E>";"le";"hic";"<E>";"-";"-";"-";"-";"-";"§voilà§ l'hic "
"681";"-";"<E>";"<E>";"<E>";"<E>";"+";"-";"-";"-";"-";" voilà";"<E>";"<E>";"longtemps";"<E>";"-";"-";"-";"-";"-";"§voilà§ longtemps "
"682";"-";"<E>";"<E>";"<E>";"<E>";"+";"-";"-";"-";"-";" voilà";"<E>";"belle";"lurette";"<E>";"-";"-";"-";"-";"-";"§voilà§ belle lurette "
"683";"-";"<E>";"<E>";"<E>";"<E>";"+";"-";"-";"-";"-";" voilà";"<E>";"une";"paille";"<E>";"-";"-";"-";"-";"-";"§voilà§ une paille "
"684";"-";"<E>";"<E>";"<E>";"<E>";"-";"-";"-";"-";"-";" voilà";"qui est";"<E>";"parfait";"<E>";"-";"-";"-";"-";"-";"§voilà§ qui est parfait "
"685";"-";"<E>";"<E>";"<E>";"<E>";"-";"-";"-";"-";"-";" voilà";"qui est";"<E>";"parlé";"<E>";"-";"-";"-";"-";"-";"§voilà§ qui est parlé "
"686";"-";"<E>";"<E>";"<E>";"<E>";"-";"-";"-";"-";"-";" voilà";"qui est";"<E>";"parler";"<E>";"-";"-";"-";"-";"-";"§voilà§ qui est parler "
"687";"-";"<E>";"<E>";"<E>";"<E>";"+";"-";"-";"-";"-";" voilà";"<E>";"une";"paye";"<E>";"-";"-";"-";"-";"-";"§voilà§ une paye "
"688";"-";"<E>";"<E>";"<E>";"<E>";"-";"-";"-";"-";"-";" voilà";"ce";"qui";"s'appelle";"<E>";"-";"-";"-";"-";"+";"§voilà§ ce qui s'appelle "
"689";"-";"<E>";"<E>";"<E>";"<E>";"-";"-";"+";"-";"-";" voilà";"<E>";"le";"temps";"<E>";"-";"-";"-";"-";"-";"§voilà§ le temps "
"690";"-";"<E>";"<E>";"<E>";"<E>";"-";"-";"-";"-";"-";" voilà";"<E>";"le";"temps des N";"<E>";"-";"-";"-";"-";"-";"§voilà§ le temps des N "
"691";"-";"<E>";"<E>";"<E>";"<E>";"+";"-";"-";"-";"-";" voilà";"<E>";"un";"temps fou";"<E>";"-";"-";"-";"-";"-";"§voilà§ un temps fou "
"692";"-";"<E>";"<E>";"<E>";"<E>";"-";"-";"-";"-";"-";" voilà pourquoi";"<E>";"<E>";"P";"<E>";"-";"-";"-";"-";"-";"§voilà pourquoi§ P "
"693";"-";"<E>";"<E>";"en";"<E>";"-";"-";"-";"-";"-";" voiture";"<E>";"<E>";"Simone !";"<E>";"-";"-";"-";"-";"-";"en§voiture§ Simone! "
"694";"-";"<E>";"<E>";"en";"<E>";"-";"-";"-";"-";"-";" voiture !";"<E>";"<E>";"<E>";"<E>";"-";"-";"-";"-";"-";"en§voiture§! "
"695";"-";"<E>";"<E>";"à";"la bonne";"-";"-";"-";"-";"-";" vôtre !";"<E>";"<E>";"<E>";"<E>";"-";"-";"-";"-";"-";"à la bonne§vôtre§! "
"696";"-";"<E>";"<E>";"<E>";"<E>";"-";"-";"-";"-";"-";" vous y voilà !";"<E>";"<E>";"<E>";"<E>";"-";"-";"-";"-";"-";"§vous y voilà§! "
"697";"-";"<E>";"<E>";"<E>";"bon";"-";"-";"-";"-";"-";" voyage !";"<E>";"<E>";"<E>";"<E>";"-";"-";"-";"-";"-";"bon§voyage§! "
"698";"-";"<E>";"<E>";"<E>";"<E>";"-";"-";"-";"-";"-";" vu";"<E>";"<E>";"<E>";"<E>";"-";"-";"-";"-";"-";"§vu§ "
"699";"-";"<E>";"<E>";"<E>";"bon";"-";"-";"-";"-";"-";" week-end !";"<E>";"<E>";"<E>";"<E>";"-";"-";"-";"-";"-";"bon§week-end§! "
"700";"-";"<E>";"<E>";"<E>";"<E>";"-";"-";"+";"-";"-";" yaqua";"<E>";"<E>";"<E>";"<E>";"-";"-";"-";"-";"-";"§yaqua§ "
"701";"-";"<E>";"<E>";"<E>";"<E>";"-";"-";"-";"-";"-";" zéro";"pour";"la";"question !";"<E>";"-";"-";"-";"-";"-";"§zéro§ pour la question! "
"702";"-";"<E>";"<E>";"<E>";"<E>";"-";"-";"-";"-";"-";" zut";"<E>";"<E>";"<E>";"pour";"+";"+";"-";"-";"-";"§zut§ pour "
