"<ID>";"N0 =: Nhum";"N0 =: N-hum";"Ppv =: se figé";"Ppv =: en figé";"Ppv =: y figé";"Ppv =: Neg";"<ENT>Ppv";"<ENT>V";"<ENT>Prép1";"<ENT>Det1";"<ENT>C1";"<ENT>Prép2";"N0 V Prép1 Det1 C1";"N2 =: ce Qu Pind";"N2 =: ce Qu Psubj";"Prép N2 =: Prép ce Qu P = Qu P";"N2 =: V0-inf W";"N2 =: Nhum";"N2 =: N-hum";"Prép2 N2-hum = Ppv";"Exemple"
"1";"+";"-";"-";"-";"-";"-";"<E>";" aboutir";"à";"la";"conclusion";"de";"+";"+";"-";"+";"-";"-";"-";"-";"§aboutir§à la conclusion de "
"2";"+";"-";"-";"-";"-";"-";"<E>";" affronter";"<E>";"la";"difficulté";"de";"+";"+";"-";"+";"+";"-";"-";"-";"§affronter§la difficulté de "
"3";"+";"-";"-";"-";"-";"-";"<E>";" affronter";"<E>";"le";"problème";"de";"+";"+";"-";"+";"+";"-";"-";"-";"§affronter§le problème de "
"4";"+";"-";"-";"-";"-";"-";"<E>";" aller";"<E>";"<E>";"chercher";"<E>";"-";"+";"-";"-";"+";"+";"+";"-";"§aller§chercher "
"5";"+";"-";"-";"-";"-";"-";"<E>";" aller";"<E>";"<E>";"croire";"<E>";"-";"+";"-";"-";"-";"+";"+";"+";"§aller§croire "
"6";"+";"-";"-";"-";"+";"-";"y";" aller";"<E>";"<E>";"fort";"de";"+";"-";"-";"-";"+";"-";"-";"-";"§y aller§fort de "
"7";"+";"-";"-";"-";"-";"-";"<E>";" aller";"<E>";"<E>";"imaginer";"<E>";"-";"+";"-";"-";"+";"+";"+";"-";"§aller§imaginer "
"8";"+";"-";"-";"-";"-";"-";"<E>";" aller";"<E>";"<E>";"imaginer";"<E>";"-";"+";"-";"-";"-";"+";"+";"+";"§aller§imaginer "
"9";"+";"-";"-";"-";"-";"-";"<E>";" aller";"<E>";"<E>";"imaginer";"<E>";"-";"+";"-";"-";"-";"-";"+";"+";"§aller§imaginer "
"10";"+";"-";"-";"-";"-";"-";"<E>";" aller";"<E>";"se";"imaginer";"<E>";"-";"+";"-";"-";"-";"-";"+";"+";"§aller§se imaginer "
"11";"+";"-";"-";"-";"-";"-";"<E>";" aller";"<E>";"<E>";"inventer";"<E>";"-";"+";"-";"-";"+";"+";"+";"-";"§aller§inventer "
"12";"+";"-";"-";"-";"-";"-";"<E>";" aller";"<E>";"<E>";"inventer";"<E>";"-";"+";"-";"-";"-";"+";"+";"+";"§aller§inventer "
"13";"+";"-";"-";"-";"-";"-";"<E>";" aller";"<E>";"<E>";"pêcher";"<E>";"-";"+";"-";"-";"+";"+";"+";"-";"§aller§pêcher "
"14";"+";"-";"-";"-";"-";"-";"<E>";" aller";"<E>";"<E>";"s'imaginer";"<E>";"-";"+";"-";"-";"+";"+";"+";"-";"§aller§s'imaginer "
"15";"+";"-";"-";"-";"-";"-";"<E>";" aller";"<E>";"<E>";"voir";"<E>";"+";"+";"-";"-";"-";"-";"-";"-";"§aller§voir "
"16";"+";"-";"-";"-";"-";"-";"<E>";" aller";"<E>";"<E>";"voir";"<E>";"+";"+";"-";"-";"-";"-";"-";"-";"§aller§voir "
"17";"+";"-";"+";"-";"-";"-";"s'";" armer";"de";"<E>";"courage";"pour";"+";"-";"-";"-";"+";"-";"+";"-";"§s'armer§de courage pour "
"18";"+";"-";"+";"-";"-";"-";"s'";" armer";"de";"<E>";"patience";"pour";"+";"-";"-";"-";"+";"-";"+";"-";"§s'armer§de patience pour "
"19";"+";"-";"+";"-";"-";"-";"s'";" arrêter";"à";"la";"conclusion";"de";"+";"+";"-";"+";"+";"-";"-";"-";"§s'arrêter§à la conclusion de "
"20";"+";"-";"-";"-";"-";"-";"<E>";" arriver";"à";"la";"conclusion";"de";"+";"+";"-";"+";"+";"-";"-";"-";"§arriver§à la conclusion de "
"21";"+";"-";"-";"+";"-";"-";"en";" arriver";"à";"la";"conclusion";"de";"+";"+";"-";"+";"+";"-";"-";"-";"§en arriver§à la conclusion de "
"22";"+";"+";"-";"-";"-";"-";"<E>";" arriver";"à";"le";"point";"<E>";"-";"+";"-";"-";"-";"-";"+";"-";"§arriver§au point "
"23";"-";"+";"-";"-";"-";"-";"<E>";" arriver";"en";"<E>";"réponse";"à";"-";"+";"-";"-";"-";"-";"+";"-";"§arriver§en réponse à "
"24";"+";"-";"-";"-";"-";"-";"<E>";" arriver";"à";"<E>";"temps";"pour";"+";"-";"+";"-";"+";"-";"+";"-";"§arriver§à temps pour "
"25";"+";"-";"-";"-";"-";"+";"n'";" aurait pas";"<E>";"<E>";"pensé";"<E>";"-";"+";"-";"-";"+";"-";"-";"+";"§n'aurait pas§pensé "
"26";"+";"-";"+";"-";"-";"-";"s'";" autoriser";"de";"le";"exemple de Nhum";"pour";"-";"-";"+";"-";"+";"-";"-";"-";"§s'autoriser§de l'exemple de Nhum pour "
"27";"+";"-";"-";"-";"-";"-";"<E>";" avoir";"<E>";"le";"âge";"de";"-";"-";"-";"-";"+";"-";"-";"-";"§a§l'âge de "
"28";"+";"+";"-";"+";"-";"-";"en";" avoir";"pour";"six";"ans";"à";"+";"-";"+";"-";"+";"-";"-";"-";"§en a§pour six ans à "
"29";"+";"-";"-";"+";"-";"-";"en";" avoir";"pour";"six";"ans";"avant de";"+";"-";"+";"-";"+";"-";"-";"-";"§en a§pour six ans avant de "
"30";"+";"+";"-";"+";"-";"-";"en";" avoir";"pour";"cent sept";"ans";"à";"+";"-";"+";"-";"+";"-";"-";"-";"§en a§pour cent sept ans à "
"31";"+";"-";"-";"+";"-";"-";"en";" avoir";"pour";"cent sept";"ans";"avant de";"+";"-";"+";"-";"+";"-";"-";"-";"§en a§pour cent sept ans avant de "
"32";"+";"-";"-";"-";"-";"-";"<E>";" avoir";"<E>";"un";"art consommé";"de";"-";"-";"-";"-";"+";"-";"-";"-";"§a§un art consommé de "
"33";"+";"-";"-";"-";"-";"-";"<E>";" avoir";"<E>";"<E>";"autorité";"pour";"-";"-";"+";"-";"+";"-";"+";"-";"§a§autorité pour "
"34";"+";"-";"-";"-";"-";"-";"<E>";" avoir";"ras";"le";"bol";"de";"-";"-";"+";"+";"+";"+";"+";"+";"§a§ras le bol de "
"35";"+";"-";"-";"-";"-";"-";"<E>";" avoir";"<E>";"la";"bonne fortune";"de";"-";"-";"+";"+";"+";"-";"-";"-";"§a§la bonne fortune de "
"36";"+";"-";"-";"+";"-";"-";"en";" avoir";"plein";"les";"bottes";"de";"+";"-";"+";"+";"+";"+";"+";"-";"§en a§plein les bottes de "
"37";"+";"-";"-";"-";"-";"-";"<E>";" avoir";"plein";"la";"bouche";"de";"-";"+";"-";"+";"+";"+";"+";"+";"§a§plein la bouche de "
"38";"+";"-";"-";"-";"-";"-";"<E>";" avoir";"<E>";"<E>";"carte blanche";"pour";"-";"-";"+";"-";"+";"-";"+";"-";"§a§carte blanche pour "
"39";"+";"-";"-";"-";"-";"-";"<E>";" avoir";"<E>";"<E>";"carte blanche";"pour";"-";"-";"+";"-";"+";"-";"+";"-";"§a§carte blanche pour "
"40";"+";"+";"-";"-";"-";"-";"<E>";" avoir";"<E>";"une";"chance";"de";"+";"-";"+";"-";"+";"-";"-";"-";"§a§une chance de "
"41";"+";"-";"-";"-";"-";"-";"<E>";" avoir";"<E>";"la";"chance";"de";"-";"-";"-";"-";"-";"-";"-";"-";"§a§la chance de "
"42";"+";"-";"-";"-";"-";"-";"<E>";" avoir";"<E>";"des";"chances";"pour";"-";"-";"+";"+";"+";"-";"-";"-";"§a§des chances pour "
"43";"+";"-";"-";"-";"-";"-";"<E>";" avoir";"<E>";"des";"chances";"pour";"-";"-";"+";"+";"+";"-";"-";"-";"§a§des chances pour "
"44";"+";"-";"-";"-";"-";"-";"<E>";" avoir";"<E>";"<E>";"compétence";"pour";"-";"-";"+";"-";"+";"-";"+";"-";"§a§compétence pour "
"45";"+";"-";"-";"-";"-";"-";"<E>";" avoir";"à";"<E>";"connaître";"de";"-";"+";"-";"-";"-";"-";"+";"-";"§a§à connaître de "
"46";"+";"-";"-";"-";"-";"-";"<E>";" avoir";"ras";"le";"cul";"de";"-";"-";"+";"+";"+";"+";"+";"+";"§a§ras le cul de "
"47";"+";"-";"-";"+";"-";"-";"en";" avoir";"plein";"le";"cul";"de";"+";"-";"+";"+";"+";"+";"+";"-";"§en a§plein le cul de "
"48";"+";"-";"-";"+";"-";"-";"en";" avoir";"plein";"le";"dos";"de";"+";"-";"+";"+";"+";"+";"+";"-";"§en a§plein le dos de "
"49";"+";"-";"-";"-";"-";"-";"<E>";" avoir";"<E>";"la";"douleur";"de";"-";"-";"-";"-";"+";"-";"-";"-";"§a§la douleur de "
"50";"+";"-";"-";"-";"-";"-";"<E>";" avoir";"<E>";"le";"droit";"de";"-";"-";"-";"-";"+";"-";"-";"+";"§a§le droit de "
"51";"+";"-";"-";"-";"-";"-";"<E>";" avoir";"<E>";"<E>";"espoir";"<E>";"-";"+";"-";"-";"+";"-";"+";"-";"§a§espoir "
"52";"+";"-";"-";"-";"-";"-";"<E>";" avoir";"<E>";"toute";"facilité";"pour";"-";"-";"+";"-";"+";"-";"-";"-";"§a§toute facilité pour "
"53";"+";"-";"-";"-";"-";"-";"<E>";" avoir";"<E>";"bientôt";"fait";"<E>";"-";"-";"+";"-";"+";"-";"+";"+";"§a§bientôt fait "
"54";"+";"-";"-";"-";"-";"-";"<E>";" avoir";"<E>";"vite";"fait";"<E>";"-";"-";"+";"-";"+";"-";"+";"+";"§a§vite fait "
"55";"+";"-";"-";"-";"-";"-";"<E>";" avoir";"<E>";"tôt";"fait";"de";"-";"-";"-";"-";"+";"-";"-";"-";"§a§tôt fait de "
"56";"+";"-";"-";"+";"-";"-";"en";" avoir";"plein";"les";"fesses";"de";"+";"-";"+";"+";"+";"+";"+";"-";"§en a§plein les fesses de "
"57";"+";"-";"-";"-";"-";"-";"<E>";" avoir";"<E>";"la mauvaise";"fortune";"de";"-";"-";"+";"+";"+";"-";"-";"-";"§a§la mauvaise fortune de "
"58";"+";"-";"-";"-";"-";"-";"<E>";" avoir";"<E>";"la bonne";"fortune";"de";"-";"-";"+";"+";"+";"-";"-";"-";"§a§la bonne fortune de "
"59";"+";"-";"-";"-";"-";"-";"<E>";" avoir";"plein";"la";"gueule";"de";"-";"+";"+";"+";"+";"+";"+";"+";"§a§plein la gueule de "
"60";"+";"-";"-";"+";"-";"-";"en";" avoir";"plein";"les";"guibolles";"de";"+";"-";"+";"+";"+";"+";"+";"-";"§en a§plein les guibolles de "
"61";"+";"-";"-";"-";"-";"-";"<E>";" avoir";"pour";"six";"heures";"à";"+";"-";"+";"-";"+";"-";"-";"-";"§a§pour six heures à "
"62";"+";"-";"-";"+";"-";"-";"en";" avoir";"plein";"les";"jambes";"de";"+";"-";"+";"+";"+";"+";"+";"-";"§en a§plein les jambes de "
"63";"+";"-";"-";"-";"-";"-";"<E>";" avoir";"<E>";"beau";"jeu";"de";"-";"-";"-";"-";"+";"-";"-";"-";"§a§beau jeu de "
"64";"+";"-";"-";"+";"-";"-";"en";" avoir";"jusque";"<E>";"là";"de";"+";"-";"+";"+";"+";"+";"+";"-";"§en a§jusque là de "
"65";"+";"-";"-";"-";"-";"-";"<E>";" avoir";"<E>";"toute";"latitude";"pour";"-";"-";"+";"-";"+";"-";"-";"-";"§a§toute latitude pour "
"66";"+";"-";"-";"-";"-";"-";"<E>";" avoir";"<E>";"toute";"licence";"pour";"-";"-";"+";"-";"+";"-";"+";"-";"§a§toute licence pour "
"67";"+";"-";"-";"-";"-";"-";"<E>";" avoir";"<E>";"<E>";"lieu";"de";"-";"-";"-";"-";"+";"-";"-";"-";"§a§lieu de "
"68";"+";"-";"-";"-";"-";"-";"<E>";" avoir";"<E>";"un";"mal de chien";"pour";"-";"-";"-";"-";"+";"-";"-";"-";"§a§un mal de chien pour "
"69";"+";"-";"-";"-";"-";"-";"<E>";" avoir";"<E>";"un";"mal de chien";"à";"-";"-";"-";"-";"+";"-";"-";"-";"§a§un mal de chien à "
"70";"+";"-";"-";"-";"-";"-";"<E>";" avoir";"<E>";"un";"mal fou";"pour";"-";"-";"-";"-";"+";"-";"-";"-";"§a§un mal fou pour "
"71";"+";"-";"-";"-";"-";"-";"<E>";" avoir";"<E>";"un";"mal fou";"à";"-";"-";"-";"-";"+";"-";"-";"-";"§a§un mal fou à "
"72";"+";"-";"-";"-";"-";"-";"<E>";" avoir";"<E>";"le";"malheur";"de";"-";"-";"+";"+";"+";"-";"-";"-";"§a§le malheur de "
"73";"+";"-";"-";"-";"-";"-";"<E>";" avoir";"<E>";"<E>";"mandat";"de";"-";"-";"+";"+";"+";"-";"-";"+";"§a§mandat de "
"74";"+";"-";"-";"-";"-";"-";"<E>";" avoir";"<E>";"la";"mauvaise fortune";"de";"-";"-";"+";"+";"+";"-";"-";"-";"§a§la mauvaise fortune de "
"75";"+";"-";"-";"-";"-";"-";"<E>";" avoir";"<E>";"bonne";"mine";"de";"-";"-";"-";"-";"+";"-";"-";"-";"§a§bonne mine de "
"76";"+";"-";"-";"-";"-";"-";"<E>";" avoir";"<E>";"la";"mission";"de";"-";"-";"-";"-";"+";"-";"-";"-";"§a§la mission de "
"77";"+";"-";"-";"-";"-";"-";"<E>";" avoir";"<E>";"un";"motif";"de";"-";"-";"-";"-";"+";"-";"-";"-";"§a§un motif de "
"78";"+";"-";"-";"-";"-";"-";"<E>";" avoir";"pour";"Det";"Ntps";"à";"+";"-";"+";"-";"+";"-";"-";"-";"§a§pour un Ntps à "
"79";"+";"+";"-";"+";"-";"-";"en";" avoir";"pour";"Det";"Ntps";"à";"+";"-";"+";"-";"+";"-";"-";"-";"§en a§pour un Ntps à "
"80";"+";"-";"-";"+";"-";"-";"en";" avoir";"pour";"Det";"Ntps";"avant de";"+";"-";"+";"-";"+";"-";"-";"-";"§en a§pour un Ntps avant de "
"81";"+";"-";"-";"-";"-";"-";"<E>";" avoir";"<E>";"<E>";"ordre";"de";"-";"-";"+";"+";"+";"-";"-";"-";"§a§ordre de "
"82";"+";"-";"-";"-";"-";"-";"<E>";" avoir";"<E>";"<E>";"ordre";"de";"-";"-";"+";"+";"+";"-";"-";"-";"§a§ordre de "
"83";"+";"-";"-";"+";"-";"-";"en";" avoir";"plein";"les";"pattes";"de";"+";"-";"+";"+";"+";"+";"+";"-";"§en a§plein les pattes de "
"84";"+";"-";"-";"-";"-";"-";"<E>";" avoir";"<E>";"<E>";"pensé";"<E>";"-";"+";"-";"-";"+";"-";"-";"+";"§a§pensé "
"85";"+";"-";"-";"-";"-";"-";"<E>";" avoir";"<E>";"<E>";"pouvoir";"de";"-";"-";"-";"-";"+";"-";"+";"-";"§a§pouvoir de "
"86";"+";"-";"-";"-";"-";"-";"<E>";" avoir";"<E>";"tout";"pouvoir";"pour";"-";"-";"+";"-";"+";"-";"-";"-";"§a§tout pouvoir pour "
"87";"+";"-";"-";"-";"-";"-";"<E>";" avoir";"<E>";"pleins";"pouvoirs";"pour";"-";"-";"+";"-";"+";"-";"-";"-";"§a§pleins pouvoirs pour "
"88";"+";"-";"-";"-";"-";"-";"<E>";" avoir";"<E>";"tous";"pouvoirs";"pour";"-";"-";"+";"-";"+";"-";"-";"-";"§a§tous pouvoirs pour "
"89";"+";"-";"-";"-";"-";"-";"<E>";" avoir";"<E>";"<E>";"priorité";"pour";"-";"-";"+";"-";"+";"-";"-";"-";"§a§priorité pour "
"90";"+";"-";"-";"-";"-";"-";"<E>";" avoir";"<E>";"une";"propension";"à";"-";"-";"-";"-";"+";"-";"-";"-";"§a§une propension à "
"91";"+";"-";"-";"-";"-";"-";"<E>";" avoir";"<E>";"<E>";"qualité";"pour";"-";"-";"+";"-";"+";"-";"+";"-";"§a§qualité pour "
"92";"+";"-";"-";"+";"-";"-";"en";" avoir";"plein";"les";"quilles";"de";"+";"-";"+";"+";"+";"+";"+";"-";"§en a§plein les quilles de "
"93";"+";"-";"-";"-";"-";"-";"<E>";" avoir";"de";"<E>";"quoi";"<E>";"-";"-";"-";"-";"+";"-";"-";"-";"§a§de quoi "
"94";"+";"-";"-";"-";"-";"-";"<E>";" avoir";"<E>";"<E>";"raison";"de";"-";"-";"-";"-";"+";"-";"-";"-";"§a§raison de "
"95";"+";"-";"-";"-";"-";"-";"<E>";" avoir";"<E>";"une";"raison";"de";"-";"-";"-";"-";"+";"-";"-";"-";"§a§une raison de "
"96";"+";"-";"-";"-";"-";"-";"<E>";" avoir";"<E>";"Poss0";"raisons";"de";"-";"-";"-";"-";"+";"-";"-";"-";"§a§son raisons de "
"97";"+";"-";"-";"-";"-";"-";"<E>";" avoir";"à";"<E>";"redire";"à";"-";"-";"+";"-";"-";"-";"+";"+";"§a§à redire à "
"98";"+";"+";"-";"-";"-";"-";"<E>";" avoir";"à";"<E>";"souffrir";"de";"-";"+";"-";"+";"+";"+";"+";"-";"§a§à souffrir de "
"99";"+";"-";"-";"-";"-";"-";"<E>";" avoir";"<E>";"<E>";"sujet";"de";"-";"-";"-";"-";"+";"-";"-";"-";"§a§sujet de "
"100";"+";"-";"-";"-";"-";"-";"<E>";" avoir";"<E>";"le";"temps";"de";"-";"-";"-";"-";"+";"-";"-";"-";"§a§le temps de "
"101";"+";"-";"-";"-";"-";"-";"<E>";" avoir";"<E>";"tout le";"temps";"pour";"+";"-";"-";"-";"+";"-";"+";"-";"§a§tout le temps pour "
"102";"+";"-";"-";"-";"-";"-";"<E>";" avoir";"<E>";"une";"tendance";"à";"-";"-";"-";"-";"+";"-";"-";"-";"§a§une tendance à "
"103";"+";"-";"-";"-";"-";"-";"<E>";" avoir";"<E>";"une";"tendance nette";"à";"-";"-";"-";"-";"+";"-";"-";"-";"§a§une tendance nette à "
"104";"+";"-";"-";"-";"-";"-";"<E>";" avoir";"par dessus";"la";"tête";"de";"-";"-";"+";"+";"+";"+";"+";"+";"§a§par dessus la tête de "
"105";"+";"-";"-";"+";"-";"-";"en";" avoir";"par dessus";"la";"tête";"de";"-";"-";"+";"+";"+";"+";"+";"-";"§en a§par dessus la tête de "
"106";"+";"-";"-";"-";"-";"-";"<E>";" avoir";"<E>";"<E>";"tort";"de";"-";"-";"-";"-";"+";"-";"-";"-";"§a§tort de "
"107";"+";"+";"-";"-";"-";"-";"<E>";" avoir";"<E>";"<E>";"tout";"pour";"-";"-";"-";"-";"+";"-";"-";"-";"§a§tout pour "
"108";"+";"-";"-";"-";"-";"-";"<E>";" baver";"de";"<E>";"admiration";"de";"-";"+";"+";"+";"+";"-";"-";"+";"§baver§d'admiration de "
"109";"+";"-";"-";"-";"-";"-";"<E>";" baver";"de";"<E>";"jalousie";"de";"-";"+";"+";"+";"+";"-";"-";"+";"§baver§de jalousie de "
"110";"+";"-";"-";"-";"-";"-";"<E>";" béer";"de";"<E>";"admiration";"de";"-";"+";"+";"+";"+";"-";"-";"+";"§béer§d'admiration de "
"111";"+";"-";"-";"-";"-";"+";"ne";" bouger";"<E>";"le petit";"doigt";"pour";"+";"-";"+";"-";"+";"+";"+";"-";"§ne bouger§le petit doigt pour "
"112";"+";"-";"-";"-";"-";"-";"<E>";" brûler";"de";"le";"désir";"de";"-";"-";"+";"+";"+";"-";"-";"-";"§brûler§du désir de "
"113";"+";"-";"-";"-";"-";"-";"<E>";" brûler";"de";"<E>";"envie";"de";"-";"-";"+";"+";"+";"-";"-";"+";"§brûler§d'envie de "
"114";"+";"-";"+";"-";"-";"-";"se";" casser";"<E>";"la";"tête";"pour";"+";"-";"+";"-";"+";"+";"+";"-";"§se casser§la tête pour "
"115";"+";"-";"-";"-";"-";"-";"<E>";" céder";"à";"le";"désir";"de";"+";"-";"+";"+";"+";"-";"-";"-";"§céder§au désir de "
"116";"+";"-";"-";"-";"-";"-";"<E>";" céder";"à";"la";"nécessité";"de";"+";"-";"+";"+";"+";"-";"-";"-";"§céder§à la nécessité de "
"117";"+";"-";"-";"-";"-";"-";"<E>";" céder";"à";"le";"plaisir";"de";"+";"-";"+";"+";"+";"-";"-";"-";"§céder§au plaisir de "
"118";"+";"-";"-";"-";"-";"-";"<E>";" céder";"à";"la";"tentation";"de";"+";"-";"+";"+";"+";"-";"-";"-";"§céder§à la tentation de "
"119";"+";"-";"-";"-";"-";"-";"<E>";" chercher";"<E>";"une";"excuse";"pour";"-";"-";"+";"-";"+";"-";"-";"-";"§chercher§une excuse pour "
"120";"+";"-";"-";"-";"-";"-";"<E>";" chercher";"<E>";"un";"prétexte";"pour";"-";"-";"+";"-";"+";"-";"-";"-";"§chercher§un prétexte pour "
"121";"+";"-";"-";"-";"-";"-";"<E>";" chier";"dans";"Poss0";"culottes";"de";"+";"-";"-";"-";"+";"-";"-";"+";"§chier§dans sa culottes de "
"122";"+";"-";"-";"-";"-";"-";"<E>";" chier";"dans";"Poss0";"falzar";"de";"+";"-";"-";"-";"+";"-";"-";"+";"§chier§dans son falzar de "
"123";"+";"-";"-";"-";"-";"-";"<E>";" chier";"dans";"Poss0";"froc";"de";"+";"-";"-";"-";"+";"-";"-";"+";"§chier§dans son froc de "
"124";"+";"-";"-";"-";"-";"-";"<E>";" chier";"dans";"Poss0";"pantalon";"de";"+";"-";"-";"-";"+";"-";"+";"+";"§chier§dans son pantalon de "
"125";"+";"-";"-";"-";"-";"-";"<E>";" commencer";"à";"<E>";"savoir";"<E>";"-";"+";"-";"-";"-";"-";"+";"+";"§commencer§à savoir "
"126";"+";"-";"-";"-";"-";"-";"<E>";" contempler";"<E>";"la";"idée";"de";"-";"+";"-";"+";"+";"-";"+";"-";"§contempler§l'idée de "
"127";"+";"-";"-";"-";"-";"-";"<E>";" courir";"<E>";"le";"danger";"de";"+";"-";"+";"+";"+";"-";"+";"-";"§courir§le danger de "
"128";"+";"-";"-";"-";"-";"-";"<E>";" courir";"<E>";"le";"péril";"de";"+";"-";"+";"+";"+";"-";"+";"-";"§courir§le péril de "
"129";"+";"-";"-";"-";"-";"-";"<E>";" courir";"<E>";"le";"risque";"de";"+";"-";"+";"+";"+";"-";"+";"-";"§courir§le risque de "
"130";"+";"-";"-";"-";"-";"-";"<E>";" crever";"de";"<E>";"curiosité";"de";"+";"-";"+";"+";"+";"-";"-";"+";"§crever§de curiosité de "
"131";"+";"-";"-";"-";"-";"-";"<E>";" crever";"de";"<E>";"envie";"de";"-";"-";"+";"+";"+";"-";"+";"+";"§crever§d'envie de "
"132";"+";"-";"-";"-";"-";"-";"<E>";" crever";"de";"<E>";"impatience";"de";"+";"-";"+";"+";"+";"-";"-";"+";"§crever§d'impatience de "
"133";"+";"-";"-";"-";"-";"-";"<E>";" crever";"de";"<E>";"peur";"de";"+";"-";"+";"+";"+";"-";"-";"+";"§crever§de peur de "
"134";"+";"-";"-";"-";"-";"-";"<E>";" crever";"de";"<E>";"terreur";"de";"+";"-";"+";"+";"+";"-";"-";"+";"§crever§de terreur de "
"135";"+";"-";"-";"-";"-";"-";"<E>";" crever";"de";"<E>";"trouille";"de";"+";"-";"+";"+";"+";"-";"-";"+";"§crever§de trouille de "
"136";"+";"-";"-";"-";"-";"-";"<E>";" croire";"<E>";"<E>";"comprendre";"<E>";"-";"+";"-";"-";"-";"-";"-";"-";"§croire§comprendre "
"137";"+";"-";"-";"-";"-";"-";"<E>";" croire";"<E>";"<E>";"savoir";"<E>";"-";"+";"-";"-";"-";"-";"-";"-";"§croire§savoir "
"138";"+";"-";"-";"-";"-";"-";"<E>";" danser";"de";"<E>";"joie";"de";"+";"-";"-";"-";"+";"-";"-";"+";"§danser§de joie de "
"139";"+";"-";"-";"-";"-";"-";"<E>";" défendre";"<E>";"la";"opinion";"<E>";"-";"+";"-";"-";"-";"-";"-";"-";"§défendre§l'opinion "
"140";"+";"-";"-";"-";"-";"-";"<E>";" développer";"<E>";"une";"technique";"pour";"+";"-";"+";"-";"+";"-";"+";"-";"§développer§une technique pour "
"141";"+";"-";"-";"-";"-";"-";"<E>";" devra";"<E>";"<E>";"repasser";"pour";"+";"-";"+";"-";"+";"-";"-";"-";"§devra§repasser pour "
"142";"+";"-";"-";"-";"-";"-";"<E>";" donner";"<E>";"Poss0";"chemise";"pour";"+";"-";"+";"-";"+";"+";"+";"-";"§donner§sa chemise pour "
"143";"+";"-";"-";"-";"-";"-";"<E>";" donner";"<E>";"Poss0 denière";"chemise";"pour";"+";"-";"+";"-";"+";"+";"+";"-";"§donner§sa denière chemise pour "
"144";"+";"-";"-";"-";"-";"-";"<E>";" donner";"<E>";"Poss0";"main droite";"pour";"+";"-";"+";"-";"+";"+";"+";"-";"§donner§sa main droite pour "
"145";"+";"-";"-";"-";"-";"-";"<E>";" donner";"jusqu'à";"Poss0 denier";"sou";"pour";"+";"-";"+";"-";"+";"+";"+";"-";"§donner§jusqu'à son denier sou pour "
"146";"+";"-";"-";"-";"-";"-";"<E>";" donner";"<E>";"Poss0 denier";"sou";"pour";"+";"-";"+";"-";"+";"+";"+";"-";"§donner§son denier sou pour "
"147";"+";"-";"-";"-";"-";"-";"<E>";" donner";"<E>";"Poss0";"vie";"pour";"+";"-";"+";"-";"+";"+";"+";"-";"§donner§sa vie pour "
"148";"+";"-";"-";"-";"-";"-";"<E>";" employer";"<E>";"les grands";"moyens";"pour";"+";"-";"+";"-";"+";"-";"+";"-";"§employer§les grands moyens pour "
"149";"+";"-";"-";"-";"-";"-";"<E>";" employer";"<E>";"les";"moyens du bord";"pour";"+";"-";"+";"-";"+";"-";"+";"-";"§employer§les moyens du bord pour "
"150";"+";"-";"-";"-";"-";"-";"<E>";" encourir";"<E>";"la";"critique";"de";"+";"-";"+";"+";"+";"-";"+";"-";"§encourir§la critique de "
"151";"+";"-";"-";"-";"-";"-";"<E>";" encourir";"<E>";"le";"danger";"de";"+";"-";"+";"+";"+";"-";"+";"-";"§encourir§le danger de "
"152";"+";"-";"-";"-";"-";"-";"<E>";" encourir";"<E>";"le";"péril";"de";"+";"-";"+";"+";"+";"-";"+";"-";"§encourir§le péril de "
"153";"+";"-";"-";"-";"-";"-";"<E>";" encourir";"<E>";"le";"risque";"de";"+";"-";"+";"+";"+";"-";"+";"-";"§encourir§le risque de "
"154";"+";"-";"+";"-";"-";"-";"s'";" entendre";"<E>";"<E>";"dire";"<E>";"-";"+";"-";"-";"-";"-";"+";"+";"§s'entendre§dire "
"155";"+";"-";"-";"-";"-";"-";"<E>";" entendre";"<E>";"<E>";"dire";"<E>";"-";"+";"-";"-";"-";"-";"+";"+";"§entendre§dire "
"156";"+";"-";"+";"-";"-";"-";"s'";" entendre";"comme";"à";"ramer les choux";"à";"-";"-";"-";"-";"+";"-";"+";"+";"§s'entendre§comme à ramer les choux à "
"157";"+";"-";"+";"-";"-";"-";"s'";" entendre";"comme";"à";"ramer les choux";"pour";"-";"-";"-";"-";"+";"-";"+";"+";"§s'entendre§comme à ramer les choux pour "
"158";"+";"-";"+";"-";"-";"+";"ne s'";" étonner que";"à";"<E>";"moitié";"de";"-";"+";"-";"+";"+";"-";"+";"+";"§ne s'étonner que§à moitié de "
"159";"+";"-";"-";"-";"-";"-";"<E>";" être";"à";"le";"abri";"de";"+";"-";"+";"+";"+";"+";"+";"+";"§est§à l'abri de "
"160";"+";"-";"-";"+";"-";"-";"en";" être";"à";"<E>";"affirmer";"<E>";"-";"+";"-";"-";"-";"-";"+";"+";"§en est§à affirmer "
"161";"+";"-";"-";"-";"-";"-";"<E>";" être";"à";"le";"âge";"de";"-";"-";"+";"+";"+";"-";"-";"-";"§est§à l'âge de "
"162";"+";"-";"-";"-";"-";"-";"<E>";" être";"de";"<E>";"âge";"à";"-";"-";"+";"+";"+";"-";"-";"-";"§est§d'âge à "
"163";"+";"-";"-";"-";"-";"-";"<E>";" être";"sans";"<E>";"arrêt";"à";"-";"-";"-";"-";"+";"-";"-";"-";"§est§sans arrêt à "
"164";"+";"-";"-";"-";"-";"-";"<E>";" être";"de";"<E>";"avis";"à";"-";"-";"+";"+";"+";"-";"-";"-";"§est§d'avis à "
"165";"+";"-";"-";"-";"-";"-";"<E>";" être";"à";"le";"bord";"de";"-";"-";"+";"+";"+";"-";"+";"+";"§est§au bord de "
"166";"+";"+";"-";"-";"-";"-";"<E>";" être";"de";"<E>";"calibre";"à";"-";"-";"+";"-";"+";"-";"-";"-";"§est§de calibre à "
"167";"+";"-";"-";"-";"-";"-";"<E>";" être";"sous";"le";"choc";"de";"-";"-";"+";"-";"+";"-";"+";"+";"§est§sous le choc de "
"168";"+";"-";"-";"-";"-";"-";"<E>";" être";"en";"<E>";"condition";"de";"-";"-";"-";"-";"+";"-";"-";"-";"§est§en condition de "
"169";"+";"-";"-";"-";"-";"-";"<E>";" être";"<E>";"<E>";"constamment";"à";"-";"-";"-";"-";"+";"-";"-";"-";"§est§constamment à "
"170";"+";"-";"-";"-";"-";"-";"<E>";" être";"sous";"le";"coup";"de";"-";"-";"+";"-";"+";"-";"+";"+";"§est§sous le coup de "
"171";"+";"-";"-";"-";"-";"-";"<E>";" être";"à";"le";"courant";"de";"+";"+";"-";"+";"-";"-";"+";"-";"§est§au courant de "
"172";"+";"-";"-";"+";"-";"-";"en";" être";"à";"<E>";"croire";"<E>";"-";"+";"-";"-";"-";"-";"+";"+";"§en est§à croire "
"173";"+";"-";"-";"-";"-";"-";"<E>";" être";"sur";"le";"cul";"de";"+";"-";"+";"+";"+";"-";"+";"+";"§est§sur le cul de "
"174";"+";"-";"-";"-";"-";"-";"<E>";" être";"en";"<E>";"danger";"de";"+";"-";"+";"+";"+";"-";"+";"-";"§est§en danger de "
"175";"+";"-";"-";"-";"-";"-";"<E>";" être";"hors";"de";"danger";"de";"+";"-";"+";"+";"+";"-";"+";"-";"§est§hors de danger de "
"176";"+";"-";"-";"-";"-";"-";"<E>";" être";"sur";"le";"derrière";"de";"+";"-";"+";"+";"+";"-";"+";"+";"§est§sur le derrière de "
"177";"+";"-";"-";"-";"-";"-";"<E>";" être";"à";"le";"désespoir";"de";"+";"-";"+";"+";"+";"-";"-";"-";"§est§au désespoir de "
"178";"+";"-";"-";"-";"-";"-";"<E>";" être";"dans";"le";"devoir";"de";"-";"-";"-";"-";"+";"-";"-";"-";"§est§dans le devoir de "
"179";"+";"+";"-";"-";"-";"-";"<E>";" être";"de";"<E>";"dimension";"à";"-";"-";"+";"-";"+";"-";"-";"-";"§est§de dimension à "
"180";"+";"-";"-";"+";"-";"-";"en";" être";"à";"<E>";"dire";"<E>";"-";"+";"-";"-";"-";"-";"+";"+";"§en est§à dire "
"181";"+";"-";"-";"-";"-";"-";"<E>";" être";"à";"<E>";"Dnum";"pour";"-";"-";"+";"-";"+";"-";"+";"-";"§est§à Dnum pour "
"182";"+";"-";"-";"-";"-";"-";"<E>";" être";"à";"deux";"doigts";"de";"-";"-";"+";"+";"+";"-";"+";"+";"§est§à deux doigts de "
"183";"+";"-";"-";"-";"-";"-";"<E>";" être";"à";"<E>";"douze";"pour";"-";"-";"+";"-";"+";"-";"+";"-";"§est§à douze pour "
"184";"+";"+";"-";"-";"-";"-";"<E>";" être";"en";"<E>";"état";"de";"-";"-";"-";"-";"+";"-";"-";"-";"§est§en état de "
"185";"+";"-";"-";"-";"-";"-";"<E>";" être";"de";"<E>";"force";"à";"-";"-";"+";"-";"+";"-";"+";"+";"§est§de force à "
"186";"+";"+";"-";"-";"-";"-";"<E>";" être";"de";"<E>";"format";"à";"-";"-";"+";"-";"+";"-";"-";"-";"§est§de format à "
"187";"+";"+";"-";"-";"-";"-";"<E>";" être";"de";"<E>";"gabarit";"à";"-";"-";"+";"-";"+";"-";"-";"-";"§est§de gabarit à "
"188";"+";"-";"-";"-";"-";"-";"<E>";" être";"de";"<E>";"humeur";"à";"-";"-";"+";"-";"+";"-";"-";"-";"§est§d'humeur à "
"189";"+";"-";"-";"-";"-";"-";"<E>";" être";"en";"<E>";"humeur";"de";"-";"-";"-";"-";"+";"-";"-";"-";"§est§en humeur de "
"190";"+";"-";"-";"-";"-";"-";"<E>";" être";"<E>";"<E>";"ici";"à";"-";"-";"-";"-";"+";"-";"-";"-";"§est§ici à "
"191";"+";"+";"-";"-";"-";"-";"<E>";" être";"<E>";"<E>";"ici";"pour";"-";"-";"+";"-";"+";"-";"-";"-";"§est§ici pour "
"192";"+";"-";"-";"-";"-";"-";"<E>";" être";"sous";"la";"impression";"de";"-";"+";"-";"+";"+";"-";"-";"-";"§est§sous l'impression de "
"193";"+";"+";"-";"-";"-";"-";"<E>";" être";"en";"<E>";"instance";"de";"-";"-";"-";"-";"+";"-";"-";"-";"§est§en instance de "
"194";"+";"-";"-";"-";"-";"-";"<E>";" être";"<E>";"tout les";"jours";"à";"-";"-";"-";"-";"+";"-";"-";"-";"§est§tout les jours à "
"195";"+";"+";"-";"-";"-";"-";"<E>";" être";"<E>";"<E>";"là";"à";"-";"-";"-";"-";"+";"-";"-";"-";"§est§là à "
"196";"+";"+";"-";"-";"-";"-";"<E>";" être";"<E>";"<E>";"là";"pour";"-";"-";"+";"-";"+";"-";"-";"-";"§est§là pour "
"197";"+";"-";"-";"-";"-";"-";"<E>";" être";"à";"le";"lendemain";"de";"-";"-";"+";"+";"+";"-";"+";"+";"§est§au lendemain de "
"198";"+";"-";"-";"-";"-";"-";"<E>";" être";"à";"cent";"lieues";"de";"-";"-";"+";"+";"+";"-";"+";"+";"§est§à cent lieues de "
"199";"+";"-";"-";"-";"-";"-";"<E>";" être";"à";"des";"lieues";"de";"-";"-";"+";"+";"+";"-";"+";"+";"§est§à des lieues de "
"200";"+";"-";"-";"-";"-";"-";"<E>";" être";"à";"la";"limite";"de";"-";"-";"+";"+";"+";"-";"+";"+";"§est§à la limite de "
"201";"+";"-";"-";"-";"-";"-";"<E>";" être";"à";"<E>";"même";"de";"-";"-";"-";"-";"+";"-";"-";"-";"§est§à même de "
"202";"+";"-";"-";"-";"-";"-";"<E>";" être";"en";"<E>";"mesure";"de";"-";"-";"-";"-";"+";"-";"-";"-";"§est§en mesure de "
"203";"-";"+";"-";"-";"-";"-";"<E>";" être";"de";"<E>";"nature";"à";"-";"-";"+";"-";"+";"-";"-";"-";"§est§de nature à "
"204";"+";"-";"-";"-";"-";"-";"<E>";" être";"dans";"la";"nécessité";"de";"-";"-";"+";"+";"+";"-";"+";"-";"§est§dans la nécessité de "
"205";"+";"-";"-";"-";"-";"-";"<E>";" être";"dans";"la";"obligation";"de";"-";"-";"-";"-";"+";"-";"-";"-";"§est§dans l'obligation de "
"206";"+";"-";"-";"-";"-";"-";"<E>";" être";"de";"<E>";"opinion";"à";"-";"-";"+";"+";"+";"-";"-";"-";"§est§d'opinion à "
"207";"+";"-";"-";"-";"-";"-";"<E>";" être";"à";"le";"parfum";"de";"+";"+";"-";"+";"-";"-";"+";"-";"§est§au parfum de "
"208";"+";"-";"-";"-";"-";"-";"<E>";" être";"à";"deux";"pas";"de";"-";"-";"+";"+";"+";"-";"+";"+";"§est§à deux pas de "
"209";"+";"+";"-";"-";"-";"-";"<E>";" être";"en";"<E>";"passe";"de";"-";"-";"-";"-";"+";"-";"-";"-";"§est§en passe de "
"210";"+";"-";"-";"-";"-";"-";"<E>";" être";"en";"<E>";"peine";"de";"-";"-";"-";"-";"+";"-";"-";"-";"§est§en peine de "
"211";"+";"-";"-";"-";"-";"+";"n'";" être";"en";"<E>";"peine";"de";"+";"-";"+";"+";"+";"-";"-";"+";"§n'est§en peine de "
"212";"+";"-";"-";"-";"-";"-";"<E>";" être";"à";"<E>";"plusieurs";"pour";"+";"-";"+";"-";"+";"-";"-";"-";"§est§à plusieurs pour "
"213";"+";"-";"-";"-";"-";"-";"<E>";" être";"à";"un";"poil";"de";"-";"-";"+";"+";"+";"-";"+";"+";"§est§à un poil de "
"214";"+";"+";"-";"-";"-";"-";"<E>";" être";"sur";"le";"point";"de";"-";"-";"-";"-";"+";"-";"-";"-";"§est§sur le point de "
"215";"+";"-";"-";"+";"-";"-";"en";" être";"à";"le";"point";"de";"-";"+";"-";"+";"+";"-";"-";"-";"§en est§au point de "
"216";"+";"-";"-";"-";"-";"-";"<E>";" être";"en";"<E>";"position";"de";"-";"-";"-";"-";"+";"-";"-";"-";"§est§en position de "
"217";"+";"-";"-";"-";"-";"-";"<E>";" être";"en";"<E>";"posture";"de";"-";"-";"-";"-";"+";"-";"-";"-";"§est§en posture de "
"218";"+";"-";"-";"-";"-";"-";"<E>";" être";"sur";"les";"rangs";"pour";"+";"-";"+";"-";"+";"-";"+";"-";"§est§sur les rangs pour "
"219";"+";"-";"-";"-";"-";"-";"<E>";" être";"à";"le";"regret";"de";"-";"-";"+";"+";"+";"-";"-";"+";"§est§au regret de "
"220";"-";"+";"-";"-";"-";"-";"<E>";" être";"en";"<E>";"réponse";"à";"-";"+";"-";"-";"-";"-";"+";"-";"§est§en réponse à "
"221";"-";"+";"-";"-";"-";"-";"<E>";" être";"sous";"<E>";"réserve";"de";"-";"-";"+";"+";"-";"-";"+";"-";"§est§sous réserve de "
"222";"+";"-";"-";"-";"-";"-";"<E>";" être";"comme";"deux";"ronds de flanc";"de";"+";"+";"+";"+";"+";"-";"-";"+";"§est§comme deux ronds de flanc de "
"223";"+";"-";"-";"+";"-";"-";"en";" être";"à";"<E>";"se demander";"<E>";"-";"+";"-";"-";"-";"-";"+";"+";"§en est§à se demander "
"224";"+";"-";"-";"+";"-";"-";"en";" être";"à";"<E>";"se dire";"<E>";"-";"+";"-";"-";"-";"-";"+";"+";"§en est§à se dire "
"225";"+";"-";"-";"-";"-";"-";"<E>";" être";"en";"<E>";"situation";"de";"-";"-";"-";"-";"+";"-";"-";"-";"§est§en situation de "
"226";"+";"-";"-";"-";"-";"-";"<E>";" être";"de";"<E>";"stature";"à";"-";"-";"+";"-";"+";"-";"-";"-";"§est§de stature à "
"227";"+";"-";"-";"-";"-";"-";"<E>";" être";"de";"<E>";"taille";"à";"-";"-";"+";"-";"+";"-";"+";"+";"§est§de taille à "
"228";"+";"-";"-";"-";"-";"-";"<E>";" être";"<E>";"tout le";"temps";"à";"-";"-";"-";"-";"+";"-";"-";"-";"§est§tout le temps à "
"229";"+";"-";"-";"-";"-";"-";"<E>";" être";"<E>";"<E>";"toujours";"à";"-";"-";"-";"-";"+";"-";"-";"-";"§est§toujours à "
"230";"+";"-";"-";"-";"-";"-";"<E>";" être";"en";"<E>";"train";"de";"-";"-";"-";"-";"+";"-";"-";"-";"§est§en train de "
"231";"+";"-";"-";"-";"-";"-";"<E>";" être";"à";"la";"veille";"de";"-";"-";"+";"+";"+";"-";"+";"+";"§est§à la veille de "
"232";"-";"+";"-";"-";"-";"-";"<E>";" être";"en";"<E>";"vertu";"de";"-";"+";"-";"-";"-";"-";"+";"-";"§est§en vertu de "
"233";"-";"+";"-";"-";"-";"-";"<E>";" être";"en";"<E>";"violation";"de";"-";"+";"-";"-";"-";"-";"+";"-";"§est§en violation de "
"234";"+";"-";"-";"-";"-";"-";"<E>";" être";"en";"<E>";"voie";"de";"-";"-";"-";"-";"+";"-";"-";"-";"§est§en voie de "
"235";"+";"+";"-";"-";"-";"-";"<E>";" éviter";"<E>";"le";"écueil";"de";"-";"-";"+";"+";"+";"-";"+";"-";"§éviter§l'écueil de "
"236";"+";"-";"-";"-";"-";"-";"<E>";" exceller";"dans";"le";"art";"de";"-";"-";"-";"-";"+";"-";"-";"-";"§exceller§dans l'art de "
"237";"+";"-";"-";"-";"-";"-";"<E>";" faire";"<E>";"plus";"Adj";"que";"-";"-";"-";"-";"+";"-";"+";"-";"§fait§plus Adj que "
"238";"+";"-";"-";"-";"-";"-";"<E>";" faire";"<E>";"plus";"affreux";"que";"-";"-";"-";"-";"+";"-";"+";"-";"§fait§plus affreux que "
"239";"+";"-";"-";"-";"-";"-";"<E>";" faire";"<E>";"<E>";"ainsi";"pour";"-";"-";"+";"-";"+";"-";"+";"-";"§fait§ainsi pour "
"240";"+";"-";"-";"-";"-";"-";"<E>";" faire";"<E>";"le";"analogue";"de";"+";"-";"+";"-";"+";"-";"+";"+";"§fait§l'analogue de "
"241";"+";"-";"-";"-";"-";"-";"<E>";" faire";"<E>";"le";"anti-symétrique";"de";"+";"-";"+";"-";"+";"-";"+";"+";"§fait§l'anti-symétrique de "
"242";"+";"-";"-";"-";"-";"-";"<E>";" faire";"<E>";"la";"antithèse";"de";"+";"-";"+";"-";"+";"-";"+";"+";"§fait§l'antithèse de "
"243";"+";"+";"-";"-";"-";"-";"<E>";" faire";"<E>";"<E>";"beaucoup";"pour";"-";"-";"+";"-";"+";"-";"+";"-";"§fait§beaucoup pour "
"244";"+";"-";"-";"-";"-";"-";"<E>";" faire";"<E>";"<E>";"bien";"de";"-";"-";"-";"-";"+";"-";"-";"-";"§fait§bien de "
"245";"+";"-";"-";"-";"-";"-";"<E>";" faire";"<E>";"si";"bien";"<E>";"-";"+";"-";"+";"-";"-";"-";"-";"§fait§si bien "
"246";"+";"-";"-";"-";"-";"-";"<E>";" faire";"comme";"<E>";"ça";"pour";"-";"-";"+";"-";"+";"-";"+";"-";"§fait§comme ça pour "
"247";"+";"-";"-";"-";"-";"-";"<E>";" faire";"<E>";"<E>";"comment ?";"pour";"+";"-";"+";"-";"+";"-";"-";"-";"§fait§comment ? pour "
"248";"+";"-";"-";"-";"-";"-";"<E>";" faire";"<E>";"le";"contraire";"<E>";"-";"-";"-";"-";"+";"+";"+";"-";"§fait§le contraire "
"249";"+";"-";"-";"-";"-";"-";"<E>";" faire";"<E>";"le";"correspondant";"de";"+";"-";"+";"-";"+";"-";"+";"+";"§fait§le correspondant de "
"250";"+";"-";"-";"-";"-";"-";"<E>";" faire";"<E>";"le";"correspondant";"de";"+";"-";"+";"-";"+";"-";"+";"+";"§fait§le correspondant de "
"251";"+";"-";"-";"-";"-";"-";"<E>";" faire";"<E>";"<E>";"croisade";"pour";"-";"-";"+";"-";"+";"-";"+";"-";"§fait§croisade pour "
"252";"+";"-";"-";"-";"-";"-";"<E>";" faire";"dans";"Poss0";"culottes";"de";"+";"-";"-";"-";"+";"-";"-";"+";"§fait§dans sa culottes de "
"253";"+";"-";"-";"-";"-";"-";"<E>";" faire";"<E>";"des";"difficultés";"pour";"-";"-";"+";"-";"+";"-";"-";"-";"§fait§des difficultés pour "
"254";"+";"-";"-";"-";"-";"-";"<E>";" faire";"<E>";"un";"effort";"pour";"+";"-";"+";"-";"+";"+";"+";"-";"§fait§un effort pour "
"255";"+";"-";"-";"-";"-";"-";"<E>";" faire";"<E>";"des";"efforts";"pour";"+";"-";"+";"-";"+";"+";"+";"-";"§fait§des efforts pour "
"256";"+";"-";"-";"-";"-";"-";"<E>";" faire";"<E>";"le";"égal";"de";"+";"-";"+";"-";"+";"-";"+";"+";"§fait§l'égal de "
"257";"+";"+";"-";"-";"-";"-";"<E>";" faire";"<E>";"<E>";"énormément";"pour";"-";"-";"+";"-";"+";"-";"+";"-";"§fait§énormément pour "
"258";"+";"-";"-";"-";"-";"-";"<E>";" faire";"<E>";"le";"équivalent";"de";"+";"-";"+";"-";"+";"-";"+";"+";"§fait§l'équivalent de "
"259";"+";"-";"-";"-";"-";"-";"<E>";" faire";"<E>";"un";"essai";"pour";"-";"-";"+";"-";"+";"-";"-";"-";"§fait§un essai pour "
"260";"+";"-";"-";"-";"-";"-";"<E>";" faire";"<E>";"des";"façons";"pour";"+";"-";"-";"-";"+";"-";"-";"-";"§fait§des façons pour "
"261";"+";"-";"-";"-";"-";"-";"<E>";" faire";"<E>";"ce qu'il";"falloir";"pour";"+";"-";"+";"-";"+";"-";"+";"-";"§fait§ce qu'il falloir pour "
"262";"+";"-";"-";"-";"-";"-";"<E>";" faire";"dans";"Poss0";"falzar";"de";"+";"-";"-";"-";"+";"-";"+";"+";"§fait§dans son falzar de "
"263";"+";"-";"-";"-";"-";"-";"<E>";" faire";"<E>";"des";"frais";"pour";"+";"-";"+";"-";"+";"+";"+";"-";"§fait§des frais pour "
"264";"+";"-";"-";"-";"-";"-";"<E>";" faire";"dans";"Poss0";"froc";"de";"+";"-";"-";"-";"+";"-";"+";"+";"§fait§dans son froc de "
"265";"+";"-";"-";"-";"-";"-";"<E>";" faire";"<E>";"le";"homologue";"de";"+";"-";"+";"-";"+";"-";"+";"+";"§fait§l'homologue de "
"266";"+";"-";"-";"-";"-";"-";"<E>";" faire";"<E>";"le";"impossible";"pour";"+";"-";"+";"-";"+";"+";"+";"-";"§fait§l'impossible pour "
"267";"+";"-";"-";"-";"-";"-";"<E>";" faire";"<E>";"le";"inverse";"de";"+";"-";"+";"-";"+";"-";"+";"+";"§fait§l'inverse de "
"268";"+";"-";"-";"-";"-";"-";"<E>";" faire";"<E>";"<E>";"mal";"de";"-";"-";"-";"-";"+";"-";"-";"-";"§fait§mal de "
"269";"+";"-";"-";"-";"-";"-";"<E>";" faire";"<E>";"plus";"mal";"que";"-";"-";"-";"-";"+";"-";"+";"-";"§fait§plus mal que "
"270";"+";"-";"-";"-";"-";"-";"<E>";" faire";"<E>";"plus";"malin";"que";"-";"-";"-";"-";"+";"-";"+";"-";"§fait§plus malin que "
"271";"+";"-";"-";"-";"-";"-";"<E>";" faire";"<E>";"des";"manières";"pour";"+";"-";"-";"-";"+";"-";"-";"-";"§fait§des manières pour "
"272";"+";"-";"-";"-";"-";"-";"<E>";" faire";"<E>";"<E>";"mieux";"de";"-";"-";"-";"-";"+";"-";"-";"-";"§fait§mieux de "
"273";"+";"-";"-";"-";"-";"-";"<E>";" faire";"<E>";"<E>";"mieux";"que";"-";"-";"-";"-";"+";"-";"+";"-";"§fait§mieux que "
"274";"+";"-";"-";"-";"-";"-";"<E>";" faire";"de";"Poss0";"mieux";"pour";"+";"-";"+";"-";"+";"-";"+";"-";"§fait§de son mieux pour "
"275";"+";"-";"-";"-";"-";"-";"<E>";" faire";"<E>";"<E>";"mine";"de";"-";"-";"-";"-";"+";"-";"-";"-";"§fait§mine de "
"276";"+";"-";"-";"-";"-";"-";"<E>";" faire";"<E>";"le";"nécessaire";"pour";"+";"-";"+";"-";"+";"+";"+";"-";"§fait§le nécessaire pour "
"277";"+";"-";"-";"-";"-";"-";"<E>";" faire";"<E>";"le";"opposé";"de";"+";"-";"+";"-";"+";"-";"+";"+";"§fait§l'opposé de "
"278";"-";"+";"-";"-";"-";"-";"<E>";" faire";"<E>";"<E>";"oublier";"<E>";"-";"+";"-";"-";"-";"+";"+";"+";"§fait§oublier "
"279";"+";"-";"-";"-";"-";"-";"<E>";" faire";"dans";"Poss0";"pantalon";"de";"+";"-";"-";"-";"+";"-";"+";"+";"§fait§dans son pantalon de "
"280";"+";"-";"-";"-";"-";"-";"<E>";" faire";"<E>";"le";"parallèle";"de";"+";"-";"+";"-";"+";"-";"+";"+";"§fait§le parallèle de "
"281";"+";"+";"-";"-";"-";"-";"<E>";" faire";"<E>";"<E>";"peu";"pour";"-";"-";"+";"-";"+";"-";"+";"-";"§fait§peu pour "
"282";"+";"-";"-";"-";"-";"-";"<E>";" faire";"<E>";"<E>";"pire";"que";"-";"-";"-";"-";"+";"-";"+";"-";"§fait§pire que "
"283";"+";"-";"-";"-";"-";"-";"<E>";" faire";"<E>";"<E>";"plus";"que";"+";"-";"-";"-";"+";"-";"+";"-";"§fait§plus que "
"284";"+";"-";"-";"-";"-";"-";"<E>";" faire";"<E>";"des";"préparatifs";"pour";"+";"-";"+";"-";"+";"-";"+";"-";"§fait§des préparatifs pour "
"285";"+";"-";"-";"-";"-";"-";"<E>";" faire";"<E>";"un";"saut";"<E>";"-";"-";"-";"-";"+";"-";"-";"+";"§fait§un saut "
"286";"+";"-";"-";"-";"-";"-";"<E>";" faire";"en";"<E>";"sorte";"<E>";"-";"+";"-";"-";"+";"-";"-";"-";"§fait§en sorte "
"287";"+";"-";"-";"-";"-";"-";"<E>";" faire";"<E>";"le";"symétrique";"de";"+";"-";"+";"-";"+";"-";"+";"+";"§fait§le symétrique de "
"288";"+";"-";"-";"-";"-";"-";"<E>";" faire";"<E>";"une";"tentative";"pour";"-";"-";"+";"-";"+";"-";"-";"-";"§fait§une tentative pour "
"289";"+";"-";"-";"-";"-";"-";"<E>";" faire";"<E>";"<E>";"tintin";"pour";"+";"-";"+";"-";"+";"-";"-";"-";"§fait§tintin pour "
"290";"+";"-";"-";"-";"-";"-";"<E>";" faire";"<E>";"<E>";"tout";"pour";"-";"-";"+";"-";"+";"+";"+";"-";"§fait§tout pour "
"291";"+";"-";"-";"-";"-";"-";"<E>";" faire";"<E>";"<E>";"vite";"pour";"+";"-";"+";"-";"-";"-";"-";"-";"§fait§vite pour "
"292";"+";"-";"-";"-";"-";"-";"<E>";" fendre";"<E>";"la";"foule";"<E>";"-";"-";"-";"-";"+";"-";"-";"+";"§fendre§la foule "
"293";"+";"-";"-";"-";"-";"-";"<E>";" ferait";"<E>";"<E>";"bien";"de";"-";"-";"-";"-";"+";"-";"-";"-";"§ferait§bien de "
"294";"+";"-";"-";"-";"-";"-";"<E>";" ferait";"<E>";"aussi";"bien";"de";"-";"-";"-";"-";"+";"-";"-";"-";"§ferait§aussi bien de "
"295";"+";"-";"-";"-";"-";"-";"<E>";" ferait";"<E>";"pas";"mal";"de";"-";"-";"-";"-";"+";"-";"-";"-";"§ferait§pas mal de "
"296";"+";"-";"-";"-";"-";"-";"<E>";" ferait";"<E>";"<E>";"mieux";"de";"-";"-";"-";"-";"+";"-";"-";"-";"§ferait§mieux de "
"297";"+";"-";"-";"-";"-";"-";"<E>";" fiche";"<E>";"le";"camp";"<E>";"-";"-";"-";"-";"+";"-";"-";"-";"§fiche§le camp "
"298";"+";"-";"-";"-";"-";"-";"<E>";" finir";"par";"<E>";"savoir";"<E>";"-";"+";"-";"-";"-";"-";"-";"-";"§finir§par savoir "
"299";"+";"-";"-";"-";"-";"-";"<E>";" former";"<E>";"des";"voeux";"pour";"-";"-";"+";"-";"+";"-";"+";"-";"§former§des voeux pour "
"300";"+";"-";"-";"-";"-";"-";"<E>";" foutre";"<E>";"le";"camp";"<E>";"-";"-";"-";"-";"+";"-";"-";"-";"§foutre§le camp "
"301";"+";"-";"-";"-";"-";"-";"<E>";" invoquer";"<E>";"une";"excuse";"pour";"-";"-";"+";"-";"+";"-";"-";"-";"§invoquer§une excuse pour "
"302";"+";"-";"-";"-";"-";"-";"<E>";" invoquer";"<E>";"un";"prétexte";"pour";"-";"-";"+";"-";"+";"-";"-";"-";"§invoquer§un prétexte pour "
"303";"+";"-";"-";"-";"-";"-";"<E>";" jouer";"avec";"la";"idée";"de";"-";"+";"-";"+";"+";"-";"+";"-";"§jouer§avec l'idée de "
"304";"+";"-";"-";"-";"-";"-";"<E>";" laisser";"<E>";"<E>";"choir";"<E>";"-";"-";"+";"-";"+";"+";"-";"+";"§laisser§choir "
"305";"+";"-";"-";"-";"-";"-";"<E>";" laisser";"<E>";"<E>";"échapper";"<E>";"-";"+";"-";"-";"-";"-";"+";"+";"§laisser§échapper "
"306";"+";"-";"-";"-";"-";"-";"<E>";" laisser";"<E>";"<E>";"filer";"<E>";"-";"-";"+";"-";"+";"+";"-";"+";"§laisser§filer "
"307";"+";"+";"-";"-";"-";"-";"<E>";" laisser";"<E>";"<E>";"passer";"<E>";"-";"+";"-";"-";"-";"-";"+";"+";"§laisser§passer "
"308";"+";"+";"-";"-";"-";"-";"<E>";" laisser";"<E>";"<E>";"présager";"<E>";"-";"+";"-";"-";"-";"-";"+";"+";"§laisser§présager "
"309";"+";"+";"-";"-";"-";"-";"<E>";" laisser";"<E>";"<E>";"pressentir";"<E>";"-";"+";"-";"-";"-";"-";"+";"+";"§laisser§pressentir "
"310";"-";"+";"-";"-";"-";"-";"<E>";" laisser";"<E>";"<E>";"prévoir";"<E>";"-";"+";"-";"-";"-";"-";"+";"+";"§laisser§prévoir "
"311";"+";"+";"-";"-";"-";"-";"<E>";" laisser";"<E>";"<E>";"supposer";"<E>";"-";"+";"-";"-";"-";"-";"+";"-";"§laisser§supposer "
"312";"+";"-";"-";"-";"-";"-";"<E>";" laisser";"<E>";"<E>";"tomber";"<E>";"-";"+";"-";"-";"-";"-";"+";"+";"§laisser§tomber "
"313";"+";"+";"-";"-";"-";"-";"<E>";" laisser";"<E>";"<E>";"voir";"<E>";"-";"+";"-";"-";"-";"-";"+";"+";"§laisser§voir "
"314";"+";"-";"-";"-";"-";"+";"ne";" lever";"<E>";"le petit";"doigt";"pour";"+";"-";"+";"-";"+";"+";"+";"-";"§ne lever§le petit doigt pour "
"315";"+";"-";"-";"-";"-";"-";"<E>";" mettre";"<E>";"des";"gants";"pour";"-";"-";"-";"-";"+";"-";"+";"-";"§mettre§des gants pour "
"316";"+";"-";"-";"-";"-";"-";"<E>";" mettre";"<E>";"Dét";"Ntps";"avant";"-";"-";"+";"-";"+";"-";"-";"-";"§mettre§Dét Ntps avant "
"317";"+";"+";"-";"-";"-";"-";"<E>";" parvenir";"à";"le";"point";"<E>";"-";"+";"-";"-";"-";"-";"+";"-";"§parvenir§au point "
"318";"+";"-";"+";"-";"-";"-";"se";" servir";"de";"les grands";"moyens";"pour";"+";"-";"+";"-";"+";"-";"+";"-";"§se servir§des grands moyens pour "
"319";"+";"-";"+";"-";"-";"-";"se";" servir";"de";"les";"moyens du bord";"pour";"+";"-";"+";"-";"+";"-";"+";"-";"§se servir§des moyens du bord pour "
"320";"+";"-";"-";"-";"-";"-";"<E>";" soutenir";"<E>";"la";"opinion";"<E>";"-";"+";"-";"-";"-";"-";"-";"-";"§soutenir§l'opinion "
"321";"+";"-";"-";"-";"-";"-";"<E>";" utiliser";"<E>";"les grands";"moyens";"pour";"+";"-";"+";"-";"+";"-";"+";"-";"§utiliser§les grands moyens pour "
"322";"+";"-";"-";"+";"-";"-";"en";" venir";"à";"<E>";"se demander";"<E>";"-";"+";"-";"-";"-";"-";"+";"+";"§en venir§à se demander "
