"<ID>";"N0 =: Nhum";"N0 =: N-hum";"Ppv =: se figé";"Ppv =: en figé";"Ppv =: Neg";"<ENT>Ppv";"<ENT>V";"<ENT>Prép1";"<ENT>Det1";"C1 =: Npc0";"<ENT>C1";"N0 V Prép1 Det1 C1";"C1 =: C1 de Nhum";"C1 =: C1 de N-hum";"C1 de Nhum = Ppv-C1 =: lui-C1";"Det1 C1 de Nc = Poss C1";"Exemple"
"1";"+";"-";"+";"-";"-";"s'";" abandonner";"dans";"les";"+";" bras";"-";"+";"-";"-";"+";"§s'abandonner§dans les bras "
"2";"+";"+";"-";"-";"-";"<E>";" abonder";"dans";"le";"-";" sens";"-";"+";"-";"-";"+";"§abonder§dans le sens "
"3";"+";"+";"-";"-";"-";"<E>";" abuser";"de";"la";"-";" bienveillance";"-";"+";"-";"+";"+";"§abuser§de la bienveillance "
"4";"+";"+";"-";"-";"-";"<E>";" abuser";"de";"la";"-";" hospitalité";"-";"+";"-";"+";"+";"§abuser§de l'hospitalité "
"5";"+";"+";"-";"-";"-";"<E>";" abuser";"de";"la";"-";" patience";"-";"+";"-";"+";"+";"§abuser§de la patience "
"6";"+";"-";"-";"-";"-";"<E>";" agir";"à";"le";"-";" mieux des intérêts";"-";"+";"-";"-";"+";"§agir§au mieux des intérêts "
"7";"+";"+";"-";"-";"-";"<E>";" aller";"jusqu'à";"le";"-";" bout";"-";"-";"+";"-";"-";"§aller§jusqu'à le bout "
"8";"+";"+";"-";"-";"-";"<E>";" aller";"jusqu'à";"le";"-";" bout de la pensée";"-";"+";"-";"-";"+";"§aller§jusqu'à le bout de la pensée "
"9";"-";"+";"-";"-";"-";"<E>";" aller";"à";"le";"-";" delà";"-";"-";"+";"-";"-";"§aller§au delà "
"10";"+";"+";"-";"-";"-";"<E>";" aller";"à";"le";"-";" delà des demandes";"-";"+";"-";"-";"+";"§aller§au delà des demandes "
"11";"+";"+";"-";"-";"-";"<E>";" aller";"à";"le";"-";" delà des désirs";"-";"+";"-";"-";"+";"§aller§au delà des désirs "
"12";"+";"+";"-";"-";"-";"<E>";" aller";"à";"le";"-";" delà des espérances";"-";"+";"-";"-";"+";"§aller§au delà des espérances "
"13";"+";"+";"-";"-";"-";"<E>";" aller";"à";"le";"-";" delà des espoirs";"-";"+";"-";"-";"+";"§aller§au delà des espoirs "
"14";"+";"+";"-";"-";"-";"<E>";" aller";"à";"le";"-";" delà des exigences";"-";"+";"-";"-";"+";"§aller§au delà des exigences "
"15";"+";"+";"-";"-";"-";"<E>";" aller";"à";"le";"-";" delà des revendications";"-";"+";"-";"-";"+";"§aller§au delà des revendications "
"16";"+";"+";"-";"-";"-";"<E>";" aller";"à";"le";"-";" delà des voeux";"-";"+";"-";"-";"+";"§aller§au delà des voeux "
"17";"+";"-";"-";"-";"-";"<E>";" aller";"à";"le";"-";" devant";"-";"+";"-";"-";"+";"§aller§au devant "
"18";"+";"+";"-";"-";"-";"<E>";" aller";"à";"le";"-";" devant";"-";"-";"+";"-";"-";"§aller§au devant "
"19";"+";"+";"-";"-";"-";"<E>";" aller";"à";"le";"-";" fond";"+";"-";"+";"-";"-";"§aller§au fond "
"20";"-";"+";"-";"-";"-";"<E>";" aller";"à";"le";"-";" inverse";"-";"-";"+";"-";"-";"§aller§à l'inverse "
"21";"+";"+";"-";"-";"-";"<E>";" aller";"à";"<E>";"-";" rebours";"+";"-";"+";"-";"-";"§aller§à rebours "
"22";"+";"-";"-";"-";"-";"<E>";" aller";"à";"la";"-";" rencontre";"-";"+";"-";"-";"+";"§aller§à la rencontre "
"23";"+";"-";"-";"-";"-";"<E>";" aller";"à";"le";"-";" secours";"-";"+";"-";"-";"+";"§aller§au secours "
"24";"+";"+";"-";"-";"-";"<E>";" aller";"dans";"le";"-";" sens";"-";"+";"+";"-";"+";"§aller§dans le sens "
"25";"-";"+";"-";"-";"-";"<E>";" aller";"en";"<E>";"-";" sens contraire";"-";"-";"+";"-";"-";"§aller§en sens contraire "
"26";"-";"+";"-";"-";"-";"<E>";" aller";"en";"<E>";"-";" sens inverse";"-";"-";"+";"-";"-";"§aller§en sens inverse "
"27";"+";"-";"-";"-";"-";"<E>";" aller";"sur";"la";"-";" tombe";"-";"+";"-";"-";"+";"§aller§sur la tombe "
"28";"+";"-";"+";"-";"-";"s'";" apitoyer";"sur";"le";"-";" sort";"-";"+";"-";"-";"+";"§s'apitoyer§sur le sort "
"29";"-";"+";"-";"-";"-";"<E>";" apparaître";"sur";"le";"+";" visage";"-";"+";"-";"-";"+";"§apparaître§sur le visage "
"30";"-";"+";"-";"-";"-";"<E>";" apparaître";"dans";"les";"+";" yeux";"-";"+";"-";"-";"+";"§apparaître§dans les yeux "
"31";"+";"-";"-";"+";"-";"en";" appeler";"à";"la";"-";" justice";"-";"+";"-";"-";"+";"§en appeler§à la justice "
"32";"+";"-";"-";"+";"-";"en";" appeler";"à";"le";"-";" témoignage";"-";"+";"-";"-";"+";"§en appeler§au témoignage "
"33";"+";"-";"-";"-";"-";"<E>";" arriver";"à";"<E>";"-";" bout";"-";"+";"+";"-";"-";"§arriver§à bout "
"34";"+";"-";"-";"-";"-";"<E>";" arriver";"à";"le";"+";" bras";"-";"+";"-";"-";"+";"§arriver§au bras "
"35";"+";"+";"-";"-";"-";"<E>";" arriver";"à";"la";"-";" ceinture";"-";"+";"-";"+";"+";"§arriver§à la ceinture "
"36";"-";"+";"-";"-";"-";"<E>";" arriver";"à";"la";"+";" cheville";"-";"+";"-";"+";"-";"§arriver§à la cheville "
"37";"+";"-";"-";"-";"-";"<E>";" arriver";"à";"le";"-";" terme";"-";"-";"+";"-";"+";"§arriver§au terme "
"38";"+";"-";"+";"-";"-";"s'";" asseoir";"à";"la";"-";" droite";"-";"+";"-";"-";"+";"§s'asseoir§à la droite "
"39";"+";"-";"+";"-";"-";"s'";" asseoir";"sur";"le";"-";" trône";"+";"+";"+";"-";"+";"§s'asseoir§sur le trône "
"40";"+";"-";"+";"-";"-";"s'";" assurer";"de";"la";"-";" personne";"-";"+";"-";"-";"+";"§s'assurer§de la personne "
"41";"+";"-";"+";"-";"-";"s'";" attacher";"à";"les";"-";" pas";"-";"+";"-";"-";"+";"§s'attacher§aux pas "
"42";"+";"-";"-";"-";"-";"<E>";" attenter";"à";"les";"-";" jours";"-";"+";"-";"-";"+";"§attenter§aux jours "
"43";"+";"-";"-";"-";"-";"<E>";" attenter";"à";"la";"-";" personne";"-";"+";"-";"-";"+";"§attenter§à la personne "
"44";"+";"-";"-";"-";"-";"<E>";" attenter";"à";"la";"-";" vie";"-";"+";"-";"-";"+";"§attenter§à la vie "
"45";"+";"+";"-";"-";"-";"<E>";" avancer";"sur";"la";"-";" voie";"-";"-";"+";"-";"-";"§avancer§sur la voie "
"46";"+";"+";"-";"-";"-";"<E>";" baisser";"dans";"la";"-";" estime";"-";"+";"-";"-";"+";"§baisser§dans l'estime "
"47";"+";"-";"+";"-";"-";"se";" battre";"à";"les";"-";" côtés";"-";"+";"-";"-";"+";"§se battre§aux côtés "
"48";"+";"-";"+";"-";"-";"se";" blottir";"dans";"les";"+";" bras";"-";"+";"-";"-";"+";"§se blottir§dans les bras "
"49";"+";"+";"+";"-";"-";"se";" cacher";"sous";"les";"+";" traits";"-";"+";"-";"-";"+";"§se cacher§sous les traits "
"50";"+";"-";"-";"-";"-";"<E>";" carillonner";"à";"la";"-";" porte";"-";"+";"-";"-";"+";"§carillonner§à la porte "
"51";"+";"-";"-";"-";"-";"<E>";" chier";"dans";"les";"-";" bottes";"-";"+";"-";"+";"+";"§chier§dans les bottes "
"52";"-";"+";"-";"-";"-";"<E>";" claquer";"dans";"les";"+";" doigts";"+";"+";"-";"+";"+";"§claquer§dans les doigts "
"53";"-";"+";"-";"-";"-";"<E>";" claquer";"entre";"les";"+";" doigts";"+";"+";"-";"+";"+";"§claquer§entre les doigts "
"54";"-";"+";"-";"-";"-";"<E>";" claquer";"dans";"les";"+";" pattes";"+";"+";"-";"+";"+";"§claquer§dans les pattes "
"55";"-";"+";"-";"-";"-";"<E>";" claquer";"entre";"les";"+";" pattes";"+";"+";"-";"+";"+";"§claquer§entre les pattes "
"56";"+";"-";"-";"-";"-";"<E>";" coller";"à";"le";"+";" cul";"-";"+";"-";"+";"-";"§coller§au cul "
"57";"+";"-";"-";"-";"-";"<E>";" coller";"à";"les";"+";" fesses";"-";"+";"-";"+";"-";"§coller§aux fesses "
"58";"-";"+";"-";"-";"-";"<E>";" coller";"à";"la";"+";" peau";"+";"+";"-";"+";"+";"§coller§à la peau "
"59";"+";"-";"-";"-";"-";"<E>";" combattre";"à";"les";"-";" côtés";"-";"+";"-";"-";"+";"§combattre§aux côtés "
"60";"+";"-";"-";"-";"-";"<E>";" compter";"sur";"la";"-";" discrétion";"-";"+";"-";"+";"-";"§compter§sur la discrétion "
"61";"+";"-";"+";"-";"-";"se";" couler";"dans";"les";"+";" bras";"-";"+";"-";"-";"+";"§se couler§dans les bras "
"62";"+";"-";"-";"-";"-";"<E>";" courir";"à";"le";"-";" devant";"-";"-";"+";"-";"-";"§courir§au devant "
"63";"-";"+";"-";"-";"-";"<E>";" courir";"sur";"le";"+";" système";"-";"+";"-";"+";"-";"§courir§sur le système "
"64";"+";"-";"-";"-";"-";"<E>";" courir";"sur";"les";"+";" talons";"-";"+";"-";"-";"+";"§courir§sur les talons "
"65";"+";"-";"-";"-";"-";"<E>";" cracher";"à";"la";"+";" face";"-";"+";"-";"+";"-";"§cracher§à la face "
"66";"+";"-";"-";"-";"-";"<E>";" cracher";"à";"la";"+";" figure";"-";"+";"-";"+";"-";"§cracher§à la figure "
"67";"+";"-";"-";"-";"-";"<E>";" cracher";"à";"la";"+";" gueule";"-";"+";"-";"+";"-";"§cracher§à la gueule "
"68";"+";"-";"-";"-";"-";"<E>";" cracher";"à";"le";"+";" visage";"-";"+";"-";"+";"-";"§cracher§au visage "
"69";"+";"-";"-";"-";"-";"<E>";" croire";"en";"la";"-";" étoile";"-";"+";"-";"-";"+";"§croire§en l'étoile "
"70";"+";"-";"-";"-";"-";"<E>";" croire";"en";"la";"-";" parole";"-";"+";"-";"-";"+";"§croire§en la parole "
"71";"-";"+";"-";"-";"-";"<E>";" crouler";"sous";"les";"-";" applaudissements";"+";"+";"-";"-";"+";"§crouler§sous les applaudissements "
"72";"+";"-";"-";"-";"-";"<E>";" dégoiser";"sur";"le";"-";" compte";"-";"+";"-";"-";"+";"§dégoiser§sur le compte "
"73";"+";"+";"-";"-";"-";"<E>";" descendre";"dans";"la";"-";" estime";"-";"+";"-";"-";"+";"§descendre§dans l'estime "
"74";"+";"-";"-";"-";"-";"<E>";" donner";"sur";"les";"+";" doigts";"-";"+";"-";"+";"-";"§donner§sur les doigts "
"75";"-";"+";"-";"-";"-";"<E>";" donner";"sur";"les";"+";" nerfs";"+";"+";"-";"+";"-";"§donner§sur les nerfs "
"76";"+";"-";"-";"-";"-";"<E>";" donner";"dans";"le";"-";" sens";"-";"+";"-";"-";"+";"§donner§dans le sens "
"77";"-";"+";"-";"-";"-";"<E>";" donner";"sur";"le";"+";" système";"-";"+";"-";"+";"-";"§donner§sur le système "
"78";"-";"+";"-";"-";"-";"<E>";" donner";"dans";"les";"+";" yeux";"+";"+";"-";"+";"+";"§donner§dans les yeux "
"79";"+";"-";"-";"-";"-";"<E>";" douter";"de";"la";"-";" parole";"-";"+";"-";"-";"+";"§douter§de la parole "
"80";"+";"-";"+";"-";"-";"se";" dresser";"en";"<E>";"-";" accusateur";"+";"+";"+";"-";"-";"§se dresser§en accusateur "
"81";"+";"-";"+";"-";"-";"se";" dresser";"en";"<E>";"-";" défenseur";"+";"+";"+";"-";"-";"§se dresser§en défenseur "
"82";"-";"+";"+";"-";"-";"se";" dresser";"devant";"les";"+";" yeux";"-";"+";"-";"-";"+";"§se dresser§devant les yeux "
"83";"-";"+";"-";"-";"-";"<E>";" échapper";"de";"les";"+";" doigts";"-";"+";"-";"+";"+";"§échapper§des doigts "
"84";"-";"+";"-";"-";"-";"<E>";" échapper";"de";"les";"+";" mains";"+";"+";"-";"+";"+";"§échapper§des mains "
"85";"-";"+";"-";"-";"-";"<E>";" éclater";"à";"la";"+";" face";"-";"+";"-";"+";"+";"§éclater§à la face "
"86";"-";"+";"+";"-";"-";"s'";" emparer";"de";"le";"-";" âme";"-";"+";"-";"-";"+";"§s'emparer§de l'âme "
"87";"+";"-";"+";"-";"-";"s'";" emparer";"de";"le";"+";" coeur";"-";"+";"-";"-";"+";"§s'emparer§du coeur "
"88";"-";"+";"+";"-";"-";"s'";" emparer";"de";"le";"+";" coeur";"-";"+";"-";"-";"+";"§s'emparer§du coeur "
"89";"-";"+";"+";"-";"-";"s'";" emparer";"de";"le";"-";" esprit";"-";"+";"-";"-";"+";"§s'emparer§de l'esprit "
"90";"-";"+";"-";"-";"-";"<E>";" entrer";"dans";"la";"-";" composition";"-";"-";"+";"-";"+";"§entrer§dans la composition "
"91";"+";"+";"-";"-";"-";"<E>";" entrer";"dans";"le";"-";" détail";"+";"-";"+";"-";"-";"§entrer§dans le détail "
"92";"+";"+";"-";"-";"-";"<E>";" entrer";"dans";"les";"-";" détails";"+";"-";"+";"-";"-";"§entrer§dans les détails "
"93";"-";"+";"-";"-";"-";"<E>";" entrer";"dans";"la";"-";" fabrication";"-";"-";"+";"-";"+";"§entrer§dans la fabrication "
"94";"-";"+";"-";"-";"-";"<E>";" entrer";"dans";"la";"-";" formule";"-";"-";"+";"-";"+";"§entrer§dans la formule "
"95";"+";"-";"-";"-";"-";"<E>";" entrer";"dans";"le";"-";" jeu";"+";"+";"+";"-";"+";"§entrer§dans le jeu "
"96";"+";"-";"-";"-";"-";"<E>";" entrer";"dans";"le";"+";" mou";"-";"+";"-";"+";"-";"§entrer§dans le mou "
"97";"-";"+";"-";"-";"-";"<E>";" entrer";"dans";"la";"-";" préparation";"-";"-";"+";"-";"+";"§entrer§dans la préparation "
"98";"-";"+";"-";"-";"-";"<E>";" entrer";"dans";"la";"-";" recette";"-";"-";"+";"-";"+";"§entrer§dans la recette "
"99";"+";"-";"+";"-";"-";"se";" fiche";"de";"la";"+";" fiole";"-";"+";"-";"-";"+";"§se fiche§de la fiole "
"100";"+";"-";"+";"-";"-";"se";" fiche";"de";"la";"+";" gueule";"-";"+";"-";"-";"+";"§se fiche§de la gueule "
"101";"+";"-";"-";"+";"-";"en";" fiche";"plein";"la";"+";" gueule";"-";"+";"-";"+";"+";"§en fiche§plein la gueule "
"102";"+";"-";"+";"-";"-";"se";" fiche";"de";"la";"+";" poire";"-";"+";"-";"-";"+";"§se fiche§de la poire "
"103";"+";"+";"-";"+";"-";"en";" fiche";"plein";"la";"-";" vue";"+";"+";"-";"+";"-";"§en fiche§plein la vue "
"104";"+";"-";"-";"+";"-";"en";" fiche";"plein";"les";"+";" yeux";"-";"+";"-";"+";"-";"§en fiche§plein les yeux "
"105";"+";"+";"-";"-";"-";"<E>";" filer";"entre";"les";"+";" doigts";"-";"+";"-";"+";"+";"§filer§entre les doigts "
"106";"+";"-";"-";"+";"-";"en";" flanquer";"plein";"la";"+";" gueule";"-";"+";"-";"+";"+";"§en flanquer§plein la gueule "
"107";"+";"+";"-";"+";"-";"en";" flanquer";"plein";"la";"-";" vue";"+";"+";"-";"+";"-";"§en flanquer§plein la vue "
"108";"+";"+";"-";"+";"-";"en";" flanquer";"plein";"les";"-";" yeux";"+";"+";"-";"+";"-";"§en flanquer§plein les yeux "
"109";"+";"-";"-";"-";"-";"<E>";" fondre";"dans";"les";"+";" bras";"-";"+";"-";"+";"+";"§fondre§dans les bras "
"110";"+";"+";"+";"-";"-";"se";" fondre";"dans";"la";"-";" masse";"-";"-";"+";"-";"+";"§se fondre§dans la masse "
"111";"+";"-";"+";"-";"-";"se";" foutre";"de";"la";"+";" fiole";"-";"+";"-";"-";"+";"§se foutre§de la fiole "
"112";"+";"-";"+";"-";"-";"se";" foutre";"de";"la";"+";" gueule";"-";"+";"-";"-";"+";"§se foutre§de la gueule "
"113";"+";"-";"-";"-";"-";"<E>";" foutre";"sur";"la";"+";" gueule";"-";"+";"-";"+";"-";"§foutre§sur la gueule "
"114";"+";"-";"-";"+";"-";"en";" foutre";"plein";"la";"+";" gueule";"-";"+";"-";"+";"+";"§en foutre§plein la gueule "
"115";"+";"-";"-";"-";"-";"se";" foutre";"de";"la";"+";" poire";"-";"+";"-";"-";"+";"§se foutre§de la poire "
"116";"+";"+";"-";"+";"-";"en";" foutre";"plein";"la";"-";" vue";"+";"+";"-";"+";"-";"§en foutre§plein la vue "
"117";"+";"-";"-";"+";"-";"en";" foutre";"plein";"les";"+";" yeux";"-";"+";"-";"+";"-";"§en foutre§plein les yeux "
"118";"+";"-";"-";"-";"-";"<E>";" frapper";"à";"la";"-";" porte";"-";"+";"-";"-";"+";"§frapper§à la porte "
"119";"+";"+";"-";"-";"-";"<E>";" glisser";"entre";"les";"+";" doigts";"-";"+";"-";"+";"+";"§glisser§entre les doigts "
"120";"-";"+";"-";"-";"-";"<E>";" glisser";"de";"les";"+";" mains";"-";"+";"-";"+";"+";"§glisser§des mains "
"121";"+";"-";"-";"-";"-";"<E>";" glisser";"entre";"les";"+";" mains";"-";"+";"-";"+";"+";"§glisser§entre les mains "
"122";"+";"+";"-";"-";"-";"<E>";" grandir";"dans";"la";"-";" estime";"-";"+";"-";"-";"+";"§grandir§dans l'estime "
"123";"+";"-";"-";"-";"-";"<E>";" gratter";"à";"la";"-";" porte";"-";"+";"-";"-";"+";"§gratter§à la porte "
"124";"+";"-";"-";"-";"-";"<E>";" graviter";"dans";"la";"-";" orbite";"-";"+";"-";"-";"+";"§graviter§dans l'orbite "
"125";"+";"-";"+";"-";"-";"se";" heurter";"à";"un";"-";" mur";"+";"-";"+";"-";"-";"§se heurter§à un mur "
"126";"+";"-";"+";"-";"-";"s'";" immiscer";"dans";"les";"-";" affaires";"-";"+";"-";"-";"+";"§s'immiscer§dans les affaires "
"127";"+";"-";"+";"-";"-";"s'";" immiscer";"dans";"les";"-";" affaires intérieures";"-";"+";"+";"-";"+";"§s'immiscer§dans les affaires intérieures "
"128";"+";"-";"+";"-";"-";"s'";" incliner";"devant";"la";"-";" dépouille mortelle";"-";"+";"-";"-";"+";"§s'incliner§devant la dépouille mortelle "
"129";"+";"-";"+";"-";"-";"s'";" incliner";"devant";"la";"-";" tombe";"-";"+";"-";"-";"+";"§s'incliner§devant la tombe "
"130";"+";"-";"+";"-";"-";"s'";" incliner";"sur";"la";"-";" tombe";"-";"+";"-";"-";"+";"§s'incliner§sur la tombe "
"131";"+";"-";"+";"-";"-";"s'";" ingérer";"dans";"les";"-";" affaires";"-";"+";"+";"-";"+";"§s'ingérer§dans les affaires "
"132";"-";"+";"+";"-";"-";"s'";" inscrire";"dans";"la";"-";" ligne";"-";"+";"+";"-";"+";"§s'inscrire§dans la ligne "
"133";"+";"-";"+";"-";"-";"s'";" inscrire";"dans";"la";"-";" lignée";"-";"+";"-";"-";"+";"§s'inscrire§dans la lignée "
"134";"-";"+";"+";"-";"-";"s'";" inscrire";"dans";"un";"-";" mouvement";"+";"-";"+";"-";"-";"§s'inscrire§dans un mouvement "
"135";"-";"+";"+";"-";"-";"s'";" inscrire";"dans";"une";"-";" perspective";"+";"-";"+";"-";"-";"§s'inscrire§dans une perspective "
"136";"-";"+";"+";"-";"-";"s'";" inscrire";"dans";"une";"-";" tradition";"+";"-";"+";"-";"-";"§s'inscrire§dans une tradition "
"137";"+";"-";"+";"-";"-";"se";" jeter";"à";"<E>";"-";" bas";"-";"-";"+";"-";"-";"§se jeter§à bas "
"138";"+";"-";"+";"-";"-";"se";" jeter";"dans";"les";"+";" bras";"-";"+";"-";"-";"+";"§se jeter§dans les bras "
"139";"+";"-";"+";"-";"-";"se";" jeter";"à";"le";"+";" cou";"-";"+";"-";"-";"+";"§se jeter§au cou "
"140";"+";"-";"+";"-";"-";"se";" jeter";"à";"le";"-";" écart";"-";"+";"+";"-";"-";"§se jeter§à l'écart "
"141";"+";"-";"+";"-";"-";"se";" jeter";"à";"les";"+";" pieds";"-";"+";"-";"-";"+";"§se jeter§aux pieds "
"142";"+";"-";"+";"-";"-";"se";" jeter";"en travers de";"les";"-";" projets";"-";"+";"-";"-";"+";"§se jeter§en travers des projets "
"143";"+";"-";"+";"-";"-";"se";" jeter";"à";"la";"+";" tête";"-";"+";"-";"-";"+";"§se jeter§à la tête "
"144";"-";"+";"-";"-";"-";"<E>";" jouer";"en";"<E>";"-";" défaveur";"-";"+";"-";"-";"+";"§jouer§en défaveur "
"145";"-";"+";"-";"-";"-";"<E>";" jouer";"en";"<E>";"-";" faveur";"-";"+";"-";"-";"+";"§jouer§en faveur "
"146";"+";"-";"-";"-";"-";"<E>";" jouer";"avec";"les";"+";" nerfs";"-";"+";"-";"-";"+";"§jouer§avec les nerfs "
"147";"+";"-";"-";"-";"-";"<E>";" jouer";"avec";"la";"-";" santé";"-";"+";"-";"-";"+";"§jouer§avec la santé "
"148";"+";"-";"-";"-";"-";"<E>";" jouer";"avec";"la";"-";" vie";"-";"+";"-";"-";"+";"§jouer§avec la vie "
"149";"+";"-";"+";"-";"-";"se";" lamenter";"sur";"le";"-";" sort";"-";"+";"-";"-";"+";"§se lamenter§sur le sort "
"150";"+";"-";"-";"-";"-";"<E>";" lire";"dans";"le";"+";" coeur";"-";"+";"-";"-";"+";"§lire§dans le coeur "
"151";"+";"-";"-";"-";"-";"<E>";" lire";"dans";"le";"-";" jeu";"-";"+";"-";"-";"+";"§lire§dans le jeu "
"152";"+";"-";"-";"-";"-";"<E>";" lire";"dans";"les";"-";" pensées";"-";"+";"-";"-";"+";"§lire§dans les pensées "
"153";"+";"-";"-";"-";"-";"<E>";" manger";"dans";"le";"+";" creux de la main";"-";"+";"-";"+";"+";"§manger§dans le creux de la main "
"154";"+";"-";"-";"-";"-";"<E>";" manger";"à";"la";"-";" gamelle";"-";"+";"-";"-";"+";"§manger§à la gamelle "
"155";"+";"-";"-";"-";"-";"<E>";" manger";"dans";"la";"+";" main";"-";"+";"-";"+";"+";"§manger§dans la main "
"156";"-";"+";"-";"-";"-";"<E>";" manquer";"à";"la";"-";" gloire";"-";"+";"-";"-";"+";"§manquer§à la gloire "
"157";"+";"-";"-";"-";"-";"<E>";" marcher";"sur";"les";"-";" brisées";"-";"+";"-";"-";"+";"§marcher§sur les brisées "
"158";"+";"-";"-";"-";"-";"<E>";" marcher";"sur";"le";"+";" corps";"-";"+";"-";"+";"+";"§marcher§sur le corps "
"159";"+";"-";"-";"-";"-";"<E>";" marcher";"sur";"les";"+";" pas";"-";"+";"-";"-";"+";"§marcher§sur les pas "
"160";"+";"-";"-";"-";"-";"<E>";" marcher";"sur";"les";"+";" pieds";"-";"+";"-";"+";"+";"§marcher§sur les pieds "
"161";"+";"-";"-";"-";"-";"<E>";" marcher";"sur";"les";"-";" plates-bandes";"-";"+";"-";"-";"+";"§marcher§sur les plates-bandes "
"162";"+";"-";"-";"-";"-";"<E>";" marcher";"sur";"les";"+";" talons";"-";"+";"-";"-";"+";"§marcher§sur les talons "
"163";"+";"-";"-";"-";"-";"<E>";" marcher";"sur";"les";"-";" traces";"-";"+";"-";"-";"+";"§marcher§sur les traces "
"164";"+";"-";"-";"-";"-";"<E>";" marcher";"sur";"le";"+";" ventre";"-";"+";"-";"+";"+";"§marcher§sur le ventre "
"165";"+";"-";"-";"-";"-";"<E>";" marcher";"sur";"le";"+";" ventre";"-";"+";"-";"+";"+";"§marcher§sur le ventre "
"166";"-";"+";"+";"-";"-";"se";" marquer";"sur";"les";"+";" traits";"-";"+";"-";"-";"+";"§se marquer§sur les traits "
"167";"-";"+";"+";"-";"-";"se";" marquer";"sur";"le";"+";" visage";"-";"+";"-";"-";"+";"§se marquer§sur le visage "
"168";"+";"-";"+";"-";"-";"se";" mêler";"de";"les";"-";" affaires";"-";"+";"-";"-";"+";"§se mêler§des affaires "
"169";"+";"-";"+";"-";"-";"se";" mêler";"de";"les";"+";" fesses";"-";"+";"-";"-";"+";"§se mêler§des fesses "
"170";"+";"-";"+";"-";"-";"se";" mêler";"de";"les";"+";" oignons";"-";"+";"-";"-";"+";"§se mêler§des oignons "
"171";"+";"-";"+";"-";"-";"se";" méprendre";"sur";"le";"-";" compte";"-";"+";"-";"-";"+";"§se méprendre§sur le compte "
"172";"+";"-";"-";"+";"-";"en";" mettre";"plein";"la";"+";" gueule";"-";"+";"-";"+";"+";"§en mettre§plein la gueule "
"173";"+";"-";"+";"-";"-";"se";" mettre";"dans";"la";"+";" peau";"-";"+";"-";"-";"+";"§se mettre§dans la peau "
"174";"+";"-";"+";"-";"-";"se";" mettre";"à";"la";"-";" place";"-";"+";"-";"-";"+";"§se mettre§à la place "
"175";"+";"+";"+";"-";"-";"se";" mettre";"en";"<E>";"-";" travers";"+";"+";"+";"-";"-";"§se mettre§en travers "
"176";"+";"+";"+";"-";"-";"se";" mettre";"en";"<E>";"-";" travers des projets";"+";"+";"+";"-";"-";"§se mettre§en travers des projets "
"177";"+";"-";"-";"+";"-";"en";" mettre";"plein";"la";"-";" vue";"-";"+";"-";"+";"-";"§en mettre§plein la vue "
"178";"+";"-";"-";"+";"-";"en";" mettre";"plein";"les";"+";" yeux";"-";"+";"-";"+";"-";"§en mettre§plein les yeux "
"179";"+";"-";"-";"-";"-";"<E>";" monter";"à";"le";"-";" assaut";"+";"-";"+";"-";"-";"§monter§à l'assaut "
"180";"-";"+";"-";"-";"-";"<E>";" monter";"à";"le";"+";" cerveau";"-";"+";"-";"+";"-";"§monter§au cerveau "
"181";"-";"+";"-";"-";"-";"<E>";" monter";"à";"la";"+";" gorge";"-";"+";"-";"+";"-";"§monter§à la gorge "
"182";"-";"+";"-";"-";"-";"<E>";" monter";"à";"la";"+";" tête";"+";"+";"-";"+";"-";"§monter§à la tête "
"183";"+";"+";"+";"-";"-";"se";" montrer";"à";"les";"+";" yeux";"+";"+";"-";"-";"+";"§se montrer§aux yeux "
"184";"+";"-";"-";"-";"-";"<E>";" mourir";"dans";"les";"+";" bras";"-";"+";"-";"-";"+";"§mourir§dans les bras "
"185";"-";"+";"-";"-";"-";"<E>";" naître";"dans";"le";"-";" esprit";"-";"+";"-";"-";"+";"§naître§dans l'esprit "
"186";"+";"+";"-";"-";"-";"<E>";" naître";"dans";"la";"-";" union";"-";"+";"-";"-";"+";"§naître§dans l'union "
"187";"+";"-";"+";"-";"-";"s'";" occuper";"de";"les";"-";" affaires";"-";"+";"-";"-";"+";"§s'occuper§des affaires "
"188";"+";"-";"+";"-";"-";"s'";" occuper";"de";"les";"+";" fesses";"-";"+";"-";"-";"+";"§s'occuper§des fesses "
"189";"+";"-";"+";"-";"-";"s'";" occuper";"de";"les";"+";" oignons";"-";"+";"-";"-";"+";"§s'occuper§des oignons "
"190";"+";"+";"-";"-";"-";"<E>";" parler";"à";"le";"+";" coeur";"+";"+";"-";"-";"+";"§parler§au coeur "
"191";"+";"-";"-";"-";"-";"<E>";" parler";"à";"la";"+";" oreille";"-";"+";"-";"+";"-";"§parler§à l'oreille "
"192";"+";"+";"-";"-";"-";"<E>";" passer";"à";"la";"-";" antenne";"+";"-";"+";"-";"-";"§passer§à l'antenne "
"193";"+";"-";"-";"-";"-";"<E>";" passer";"sur";"la";"-";" antenne";"+";"-";"+";"-";"-";"§passer§sur l'antenne "
"194";"-";"+";"-";"-";"-";"<E>";" passer";"sous";"le";"+";" bout du nez";"-";"+";"-";"+";"-";"§passer§sous le bout du nez "
"195";"+";"-";"-";"-";"-";"<E>";" passer";"sur";"le";"-";" cadavre";"-";"+";"-";"-";"+";"§passer§sur le cadavre "
"196";"+";"-";"-";"-";"-";"<E>";" passer";"sur";"le";"+";" corps";"-";"+";"-";"+";"+";"§passer§sur le corps "
"197";"+";"-";"-";"-";"-";"<E>";" passer";"à";"<E>";"-";" côté";"+";"-";"+";"-";"-";"§passer§à côté "
"198";"-";"+";"-";"-";"-";"<E>";" passer";"à";"le";"+";" dessus de la tête";"-";"+";"-";"+";"+";"§passer§au dessus de la tête "
"199";"+";"-";"-";"-";"-";"<E>";" passer";"sur";"les";"-";" détails";"+";"-";"+";"-";"-";"§passer§sur les détails "
"200";"+";"-";"-";"+";"-";"en";" passer";"par";"les";"-";" exigences";"-";"+";"+";"-";"+";"§en passer§par les exigences "
"201";"+";"-";"-";"-";"-";"<E>";" passer";"sous";"les";"-";" fourches caudines";"+";"+";"-";"-";"+";"§passer§sous les fourches caudines "
"202";"-";"+";"-";"-";"-";"<E>";" passer";"dans";"les";"+";" mains";"-";"+";"-";"+";"-";"§passer§dans les mains "
"203";"-";"+";"-";"-";"-";"<E>";" passer";"à";"les";"+";" mains";"-";"+";"-";"-";"-";"§passer§aux mains "
"204";"-";"+";"-";"-";"-";"<E>";" passer";"par";"les";"-";" mains";"-";"+";"-";"+";"+";"§passer§par les mains "
"205";"+";"-";"-";"-";"-";"<E>";" passer";"à";"le";"-";" micro";"-";"-";"+";"-";"-";"§passer§au micro "
"206";"-";"+";"-";"-";"-";"<E>";" passer";"devant";"le";"+";" nez";"-";"+";"-";"+";"-";"§passer§devant le nez "
"207";"-";"+";"-";"-";"-";"<E>";" passer";"sous";"le";"+";" nez";"-";"+";"-";"+";"+";"§passer§sous le nez "
"208";"+";"-";"-";"-";"-";"<E>";" passer";"sur";"les";"-";" ondes";"+";"-";"+";"-";"-";"§passer§sur les ondes "
"209";"+";"-";"+";"-";"-";"se";" passer";"de";"les";"-";" services";"-";"+";"-";"-";"+";"§se passer§des services "
"210";"-";"+";"+";"-";"-";"se";" passer";"dans";"la";"+";" tête";"-";"+";"-";"-";"+";"§se passer§dans la tête "
"211";"+";"+";"-";"-";"-";"<E>";" passer";"à";"le";"-";" travers";"+";"+";"+";"+";"-";"§passer§au travers "
"212";"+";"-";"-";"-";"-";"<E>";" passer";"sur";"le";"+";" ventre";"-";"+";"-";"+";"-";"§passer§sur le ventre "
"213";"+";"-";"-";"+";"-";"en";" passer";"par";"la";"-";" volonté";"-";"+";"-";"-";"+";"§en passer§par la volonté "
"214";"+";"+";"-";"-";"-";"<E>";" pêcher";"par";"<E>";"-";" excès";"-";"-";"+";"-";"-";"§pêcher§par excès "
"215";"-";"+";"+";"-";"-";"se";" peindre";"sur";"les";"+";" traits";"-";"+";"-";"-";"+";"§se peindre§sur les traits "
"216";"-";"+";"+";"-";"-";"se";" peindre";"sur";"le";"+";" visage";"-";"+";"-";"-";"+";"§se peindre§sur le visage "
"217";"-";"+";"+";"-";"-";"se";" peindre";"sur";"le";"+";" visage";"-";"+";"-";"-";"+";"§se peindre§sur le visage "
"218";"+";"-";"+";"-";"-";"se";" pencher";"sue";"le";"-";" cas";"-";"+";"-";"-";"+";"§se pencher§sue le cas "
"219";"+";"-";"-";"-";"-";"<E>";" pencher";"de";"le";"-";" côté";"-";"+";"-";"-";"+";"§pencher§du côté "
"220";"+";"-";"-";"-";"-";"<E>";" pencher";"en";"<E>";"-";" faveur";"-";"+";"-";"-";"+";"§pencher§en faveur "
"221";"+";"-";"+";"-";"-";"se";" pendre";"à";"les";"-";" basques";"-";"+";"-";"-";"+";"§se pendre§aux basques "
"222";"+";"-";"+";"-";"-";"se";" pendre";"à";"le";"+";" bras";"-";"+";"-";"-";"+";"§se pendre§au bras "
"223";"+";"-";"+";"-";"-";"se";" pendre";"à";"le";"+";" cou";"-";"+";"-";"-";"+";"§se pendre§au cou "
"224";"-";"+";"-";"-";"-";"<E>";" pendre";"à";"le";"+";" cou";"-";"+";"-";"+";"+";"§pendre§au cou "
"225";"+";"-";"+";"-";"-";"se";" pendre";"à";"les";"+";" lèvres";"-";"+";"-";"-";"+";"§se pendre§aux lèvres "
"226";"+";"-";"+";"-";"-";"se";" pendre";"à";"la";"-";" sonnette";"-";"+";"-";"-";"+";"§se pendre§à la sonnette "
"227";"+";"+";"+";"-";"-";"se";" perdre";"dans";"les";"-";" marais";"-";"-";"+";"-";"+";"§se perdre§dans les marais "
"228";"+";"+";"+";"-";"-";"se";" perdre";"dans";"la";"-";" masse";"-";"-";"+";"-";"+";"§se perdre§dans la masse "
"229";"+";"+";"+";"-";"-";"se";" perdre";"dans";"les";"-";" méandres";"-";"-";"+";"-";"+";"§se perdre§dans les méandres "
"230";"+";"+";"+";"-";"-";"se";" perdre";"dans";"les";"-";" sables";"-";"-";"+";"-";"+";"§se perdre§dans les sables "
"231";"-";"+";"-";"-";"-";"<E>";" peser";"sur";"le";"+";" coeur";"-";"+";"-";"+";"+";"§peser§sur le coeur "
"232";"-";"+";"-";"-";"-";"<E>";" peser";"sur";"les";"+";" épaules";"-";"+";"-";"+";"+";"§peser§sur les épaules "
"233";"-";"+";"-";"-";"-";"<E>";" péter";"dans";"les";"+";" doigts";"+";"+";"-";"+";"+";"§péter§dans les doigts "
"234";"-";"+";"-";"-";"-";"<E>";" péter";"dans";"la";"+";" figure";"+";"+";"-";"+";"-";"§péter§dans la figure "
"235";"+";"-";"-";"-";"-";"<E>";" pisser";"à";"le";"+";" cul";"-";"+";"-";"+";"-";"§pisser§au cul "
"236";"+";"-";"-";"-";"-";"<E>";" pisser";"à";"la";"+";" raie";"-";"+";"-";"+";"-";"§pisser§à la raie "
"237";"+";"-";"+";"-";"-";"se";" placer";"de";"le";"-";" point de vue";"-";"+";"-";"-";"+";"§se placer§du point de vue "
"238";"+";"-";"-";"-";"-";"<E>";" pleurer";"sur";"la";"+";" épaule";"-";"+";"-";"-";"+";"§pleurer§sur l'épaule "
"239";"+";"-";"-";"-";"-";"<E>";" pleurer";"dans";"le";"-";" gilet";"-";"+";"-";"-";"+";"§pleurer§dans le gilet "
"240";"+";"-";"-";"-";"-";"<E>";" pleurer";"dans";"le";"-";" giron";"-";"+";"-";"-";"+";"§pleurer§dans le giron "
"241";"+";"-";"+";"-";"-";"se";" porter";"à";"la";"-";" aide";"-";"+";"-";"-";"+";"§se porter§à l'aide "
"242";"+";"-";"+";"-";"-";"se";" porter";"à";"le";"-";" endroit";"-";"-";"+";"-";"-";"§se porter§à l'endroit "
"243";"+";"-";"+";"-";"-";"se";" porter";"sur";"les";"-";" lieux";"-";"-";"+";"-";"-";"§se porter§sur les lieux "
"244";"+";"-";"+";"-";"-";"se";" porter";"à";"la";"-";" rencontre";"-";"+";"-";"-";"+";"§se porter§à la rencontre "
"245";"+";"-";"+";"-";"-";"se";" porter";"à";"le";"-";" secours";"-";"+";"-";"-";"+";"§se porter§au secours "
"246";"+";"-";"+";"-";"-";"se";" poser";"en";"<E>";"-";" accusateur";"+";"+";"+";"-";"-";"§se poser§en accusateur "
"247";"+";"-";"+";"-";"-";"se";" poser";"en";"<E>";"-";" arbitre";"+";"-";"+";"-";"-";"§se poser§en arbitre "
"248";"+";"-";"+";"-";"-";"se";" poser";"en";"<E>";"-";" défenseur";"+";"+";"+";"-";"-";"§se poser§en défenseur "
"249";"+";"+";"-";"-";"-";"<E>";" pourvoir";"à";"les";"-";" besoins";"-";"+";"-";"-";"+";"§pourvoir§aux besoins "
"250";"+";"+";"-";"-";"-";"<E>";" pourvoir";"à";"la";"-";" subsistance";"-";"+";"-";"-";"+";"§pourvoir§à la subsistance "
"251";"+";"+";"-";"-";"-";"<E>";" pousser";"dans";"le";"-";" sens";"-";"+";"+";"-";"+";"§pousser§dans le sens "
"252";"+";"+";"-";"-";"-";"<E>";" préjuger";"de";"le";"-";" avenir";"+";"+";"+";"-";"+";"§préjuger§de l'avenir "
"253";"+";"+";"-";"-";"-";"<E>";" préjuger";"de";"la";"-";" décision";"+";"+";"+";"-";"+";"§préjuger§de la décision "
"254";"-";"+";"-";"-";"-";"<E>";" présider";"à";"la";"-";" destinée";"-";"+";"+";"-";"+";"§présider§à la destinée "
"255";"+";"-";"-";"-";"-";"<E>";" prier";"pour";"le";"-";" repos de l'âme";"-";"+";"-";"-";"+";"§prier§pour le repos de l'âme "
"256";"+";"-";"+";"-";"-";"se";" priver";"de";"les";"-";" services";"-";"+";"-";"-";"+";"§se priver§des services "
"257";"+";"-";"+";"-";"-";"se";" prosterner";"à";"les";"+";" pieds";"-";"+";"-";"-";"+";"§se prosterner§aux pieds "
"258";"+";"-";"-";"-";"-";"<E>";" protester";"de";"le";"-";" attachement";"-";"+";"-";"-";"+";"§protester§de l'attachement "
"259";"+";"-";"-";"-";"-";"<E>";" protester";"de";"le";"-";" dévouement";"-";"+";"-";"-";"+";"§protester§du dévouement "
"260";"+";"-";"-";"-";"-";"<E>";" protester";"de";"les bonnes";"-";" dispositions";"-";"+";"+";"-";"+";"§protester§des bonnes dispositions "
"261";"+";"-";"-";"-";"-";"<E>";" protester";"de";"la bonne";"-";" foi";"-";"+";"+";"-";"+";"§protester§de la bonne foi "
"262";"+";"-";"-";"-";"-";"<E>";" protester";"de";"la";"-";" honnêteté";"-";"+";"+";"-";"+";"§protester§de l'honnêteté "
"263";"+";"-";"-";"-";"-";"<E>";" protester";"de";"la";"-";" innocence";"-";"+";"+";"-";"+";"§protester§de l'innocence "
"264";"+";"-";"-";"-";"-";"<E>";" protester";"de";"les bonnes";"-";" intentions";"-";"+";"+";"-";"+";"§protester§des bonnes intentions "
"265";"+";"-";"-";"-";"-";"<E>";" protester";"de";"la";"-";" loyauté";"-";"+";"-";"-";"+";"§protester§de la loyauté "
"266";"+";"-";"-";"-";"-";"<E>";" protester";"de";"la";"-";" sincérité";"-";"+";"+";"-";"+";"§protester§de la sincérité "
"267";"+";"-";"+";"-";"-";"se";" rallier";"à";"le";"-";" panache";"-";"+";"-";"-";"+";"§se rallier§au panache "
"268";"+";"-";"+";"-";"-";"se";" ranger";"à";"le";"-";" avis";"-";"+";"-";"-";"+";"§se ranger§à l'avis "
"269";"+";"-";"+";"-";"-";"se";" ranger";"à";"la";"-";" opinion";"-";"+";"-";"-";"+";"§se ranger§à l'opinion "
"270";"+";"-";"-";"-";"-";"<E>";" recourir";"à";"les bons";"-";" offices";"-";"+";"-";"-";"+";"§recourir§aux bons offices "
"271";"+";"-";"-";"-";"-";"<E>";" recourir";"à";"les";"-";" services";"-";"+";"-";"-";"+";"§recourir§aux services "
"272";"+";"-";"+";"-";"-";"se";" recueillir";"sur";"la";"-";" tombe";"-";"+";"-";"-";"+";"§se recueillir§sur la tombe "
"273";"+";"-";"-";"-";"-";"<E>";" regarder";"dans";"la";"+";" bouche";"-";"+";"-";"+";"+";"§regarder§dans la bouche "
"274";"+";"-";"-";"-";"-";"<E>";" regarder";"dans";"le";"+";" nez";"-";"+";"-";"+";"+";"§regarder§dans le nez "
"275";"+";"-";"-";"-";"-";"<E>";" regarder";"dans";"le";"+";" oeil";"-";"+";"-";"+";"+";"§regarder§dans l'oeil "
"276";"+";"-";"-";"-";"-";"<E>";" regarder";"dans";"la";"+";" oreille";"-";"+";"-";"+";"+";"§regarder§dans l'oreille "
"277";"-";"+";"-";"-";"-";"<E>";" régner";"dans";"le";"+";" coeur";"+";"+";"-";"-";"+";"§régner§dans le coeur "
"278";"+";"+";"-";"-";"-";"<E>";" régner";"sur";"le";"+";" coeur";"-";"+";"-";"-";"+";"§régner§sur le coeur "
"279";"-";"+";"-";"-";"-";"<E>";" rejaillir";"à";"la";"+";" figure";"-";"+";"-";"+";"-";"§rejaillir§à la figure "
"280";"-";"+";"-";"-";"-";"<E>";" rejaillir";"à";"le";"+";" visage";"-";"+";"-";"+";"-";"§rejaillir§au visage "
"281";"+";"-";"+";"+";"-";"s'en";" remettre";"à";"la";"-";" décision";"-";"+";"-";"-";"+";"§s'en remettre§à la décision "
"282";"+";"-";"+";"-";"-";"se";" remettre";"entre";"les";"+";" mains";"-";"+";"-";"-";"+";"§se remettre§entre les mains "
"283";"-";"+";"-";"-";"-";"<E>";" remonter";"dans";"la";"-";" estime";"-";"+";"-";"-";"+";"§remonter§dans l'estime "
"284";"+";"-";"-";"-";"-";"<E>";" remonter";"à";"la";"-";" origine";"+";"-";"+";"-";"+";"§remonter§à l'origine "
"285";"+";"+";"-";"-";"-";"<E>";" remonter";"dans";"le";"-";" passé";"+";"+";"-";"-";"+";"§remonter§dans le passé "
"286";"+";"-";"-";"-";"-";"<E>";" remonter";"à";"la";"-";" source";"+";"-";"+";"-";"+";"§remonter§à la source "
"287";"+";"-";"+";"-";"-";"se";" rendre";"à";"le";"-";" appel";"-";"+";"-";"-";"+";"§se rendre§à l'appel "
"288";"+";"-";"+";"-";"-";"se";" rendre";"à";"les";"-";" arguments";"-";"+";"-";"-";"+";"§se rendre§aux arguments "
"289";"+";"-";"+";"-";"-";"se";" rendre";"à";"le";"-";" avis";"-";"+";"-";"-";"+";"§se rendre§à l'avis "
"290";"+";"-";"+";"-";"-";"se";" rendre";"à";"les";"-";" demandes";"-";"+";"-";"-";"+";"§se rendre§aux demandes "
"291";"+";"-";"+";"-";"-";"se";" rendre";"à";"le";"-";" jugement";"-";"+";"-";"-";"+";"§se rendre§au jugement "
"292";"+";"-";"+";"-";"-";"se";" rendre";"à";"les";"-";" ordres";"-";"+";"-";"-";"+";"§se rendre§aux ordres "
"293";"+";"-";"+";"-";"-";"se";" rendre";"à";"les";"-";" prières";"-";"+";"-";"-";"+";"§se rendre§aux prières "
"294";"+";"-";"+";"-";"-";"se";" rendre";"à";"les";"-";" raisons";"-";"+";"-";"-";"+";"§se rendre§aux raisons "
"295";"+";"-";"+";"-";"-";"se";" rendre";"à";"les";"-";" supplications";"-";"+";"-";"-";"+";"§se rendre§aux supplications "
"296";"+";"-";"-";"-";"-";"<E>";" rentrer";"dans";"le";"+";" chou";"-";"+";"-";"+";"-";"§rentrer§dans le chou "
"297";"+";"-";"-";"-";"-";"<E>";" rentrer";"dans";"le";"+";" lard";"-";"+";"-";"+";"-";"§rentrer§dans le lard "
"298";"+";"-";"-";"-";"-";"<E>";" rentrer";"dans";"les";"+";" plumes";"-";"+";"-";"+";"-";"§rentrer§dans les plumes "
"299";"+";"+";"-";"-";"-";"<E>";" répondre";"à";"le";"-";" appel";"+";"+";"-";"-";"+";"§répondre§à l'appel "
"300";"+";"+";"-";"-";"-";"<E>";" répondre";"à";"les";"-";" avances";"-";"+";"-";"+";"+";"§répondre§aux avances "
"301";"+";"-";"-";"-";"-";"<E>";" répondre";"de";"les";"-";" dettes";"-";"+";"-";"-";"+";"§répondre§des dettes "
"302";"+";"-";"-";"-";"-";"<E>";" répondre";"à";"le";"-";" nom";"-";"+";"-";"-";"-";"§répondre§au nom "
"303";"+";"-";"-";"-";"-";"<E>";" répondre";"de";"la";"-";" personne";"-";"+";"-";"-";"+";"§répondre§de la personne "
"304";"-";"+";"-";"-";"-";"<E>";" répondre";"à";"les";"-";" souhaits";"-";"+";"-";"-";"+";"§répondre§aux souhaits "
"305";"-";"+";"-";"-";"-";"<E>";" répondre";"à";"les";"-";" voeux";"-";"+";"-";"-";"+";"§répondre§aux voeux "
"306";"-";"+";"-";"-";"-";"<E>";" reposer";"sur";"les";"+";" épaules";"-";"+";"-";"+";"+";"§reposer§sur les épaules "
"307";"+";"+";"-";"-";"-";"<E>";" rester";"en";"<E>";"-";" deça";"-";"-";"-";"-";"-";"§rester§en deça "
"308";"+";"+";"-";"-";"-";"<E>";" rester";"en";"<E>";"-";" delà";"-";"-";"-";"-";"-";"§rester§en delà "
"309";"-";"+";"-";"-";"-";"<E>";" rester";"dans";"les";"+";" doigts";"-";"+";"-";"+";"+";"§rester§dans les doigts "
"310";"-";"+";"-";"-";"-";"<E>";" rester";"dans";"les";"+";" mains";"-";"+";"-";"+";"+";"§rester§dans les mains "
"311";"-";"+";"-";"-";"-";"<E>";" rester";"dans";"les";"+";" pattes";"-";"+";"-";"+";"+";"§rester§dans les pattes "
"312";"+";"+";"-";"-";"-";"<E>";" retourner";"à";"le";"-";" état";"-";"+";"+";"-";"-";"§retourner§à l'état "
"313";"+";"-";"+";"-";"-";"se";" retourner";"sur";"le";"-";" passage";"-";"+";"-";"-";"+";"§se retourner§sur le passage "
"314";"+";"-";"-";"-";"-";"<E>";" revenir";"sur";"le";"-";" compte";"-";"+";"-";"-";"+";"§revenir§sur le compte "
"315";"-";"+";"-";"-";"-";"<E>";" revenir";"à";"le";"-";" esprit";"-";"+";"-";"+";"+";"§revenir§à l'esprit "
"316";"+";"-";"-";"-";"-";"<E>";" revenir";"à";"la";"-";" hauteur";"-";"+";"+";"-";"+";"§revenir§à l'hauteur "
"317";"-";"+";"-";"-";"-";"<E>";" revenir";"à";"la";"-";" mémoire";"-";"+";"-";"+";"+";"§revenir§à la mémoire "
"318";"+";"-";"-";"-";"-";"<E>";" rire";"à";"le";"+";" nez";"-";"+";"-";"+";"+";"§rire§au nez "
"319";"+";"-";"+";"-";"-";"se";" ruer";"à";"le";"-";" assaut";"+";"+";"+";"-";"-";"§se ruer§à l'assaut "
"320";"+";"-";"-";"-";"-";"<E>";" sauter";"à";"le";"-";" collet";"-";"+";"-";"+";"+";"§sauter§au collet "
"321";"+";"-";"-";"-";"-";"<E>";" sauter";"à";"le";"+";" cou";"-";"+";"-";"+";"+";"§sauter§au cou "
"322";"+";"-";"-";"-";"-";"<E>";" sauter";"à";"la";"+";" gorge";"-";"+";"-";"+";"+";"§sauter§à la gorge "
"323";"+";"-";"-";"-";"-";"<E>";" sauter";"à";"le";"+";" paf";"-";"+";"-";"+";"+";"§sauter§au paf "
"324";"+";"-";"-";"-";"-";"<E>";" servir";"dans";"les";"-";" rangs";"-";"+";"-";"-";"+";"§servir§dans les rangs "
"325";"+";"-";"-";"-";"-";"<E>";" siéger";"à";"la";"-";" droite";"-";"+";"-";"-";"+";"§siéger§à la droite "
"326";"-";"+";"-";"-";"-";"<E>";" siffler";"à";"les";"+";" oreilles";"-";"+";"-";"+";"+";"§siffler§aux oreilles "
"327";"+";"+";"+";"-";"-";"se";" situer";"dans";"la";"-";" perspective";"-";"+";"+";"+";"-";"§se situer§dans la perspective "
"328";"-";"+";"-";"-";"-";"<E>";" sortir";"de";"la";"+";" bouche";"-";"+";"-";"+";"+";"§sortir§de la bouche "
"329";"-";"+";"-";"-";"-";"<E>";" sortir";"de";"les";"-";" chaînes";"-";"-";"+";"-";"+";"§sortir§des chaînes "
"330";"-";"+";"-";"-";"-";"<E>";" sortir";"de";"les";"-";" chaînes de fabrication";"-";"-";"+";"-";"+";"§sortir§des chaînes de fabrication "
"331";"-";"+";"-";"-";"-";"<E>";" sortir";"de";"les";"-";" usines";"-";"-";"+";"-";"+";"§sortir§des usines "
"332";"+";"+";"-";"-";"-";"<E>";" subvenir";"à";"les";"-";" besoins";"-";"+";"-";"-";"+";"§subvenir§aux besoins "
"333";"+";"-";"-";"-";"-";"<E>";" succomber";"sous";"le";"-";" nombre";"+";"+";"+";"-";"+";"§succomber§sous le nombre "
"334";"+";"+";"-";"-";"-";"<E>";" succomber";"sous";"le";"-";" poids";"-";"-";"+";"-";"+";"§succomber§sous le poids "
"335";"-";"+";"-";"-";"-";"<E>";" suffir";"à";"le";"-";" bonheur";"-";"+";"-";"-";"+";"§suffir§au bonheur "
"336";"+";"-";"-";"-";"-";"<E>";" taper";"sur";"les";"+";" doigts";"-";"+";"-";"+";"+";"§taper§sur les doigts "
"337";"+";"+";"-";"-";"-";"<E>";" taper";"sur";"le";"+";" haricot";"-";"+";"-";"+";"-";"§taper§sur l'haricot "
"338";"+";"+";"-";"-";"-";"<E>";" taper";"dans";"le";"+";" oeil";"-";"+";"-";"+";"-";"§taper§dans l'oeil "
"339";"-";"+";"-";"-";"-";"<E>";" taper";"sur";"le";"+";" système";"-";"+";"-";"+";"-";"§taper§sur le système "
"340";"+";"-";"-";"-";"-";"<E>";" taper";"sur";"le";"-";" ventre";"-";"+";"-";"+";"-";"§taper§sur le ventre "
"341";"+";"-";"+";"-";"-";"se";" tenir";"à";"les";"-";" côtés";"-";"+";"-";"-";"+";"§se tenir§aux côtés "
"342";"+";"-";"+";"-";"-";"se";" tenir";"à";"le";"-";" large";"-";"+";"+";"-";"-";"§se tenir§au large "
"343";"+";"-";"+";"-";"-";"se";" tenir";"dans";"la";"-";" ombre";"+";"+";"-";"-";"+";"§se tenir§dans l'ombre "
"344";"+";"-";"-";"-";"-";"<E>";" tirer";"dans";"le";"+";" dos";"-";"+";"-";"+";"-";"§tirer§dans le dos "
"345";"+";"-";"-";"-";"-";"<E>";" tirer";"dans";"les";"+";" jambes";"-";"+";"-";"+";"-";"§tirer§dans les jambes "
"346";"+";"-";"-";"-";"-";"<E>";" tirer";"dans";"les";"+";" pattes";"-";"+";"-";"+";"+";"§tirer§dans les pattes "
"347";"+";"-";"-";"-";"-";"<E>";" tomber";"sous";"les";"-";" balles";"-";"+";"-";"-";"+";"§tomber§sous les balles "
"348";"-";"+";"-";"-";"-";"<E>";" tomber";"de";"la";"+";" bouche";"-";"+";"-";"-";"+";"§tomber§de la bouche "
"349";"+";"-";"-";"-";"-";"<E>";" tomber";"dans";"les";"+";" bras";"-";"+";"-";"+";"+";"§tomber§dans les bras "
"350";"+";"-";"-";"-";"-";"<E>";" tomber";"sous";"les";"-";" coups";"-";"+";"-";"-";"+";"§tomber§sous les coups "
"351";"-";"+";"-";"-";"-";"<E>";" tomber";"sous";"la";"+";" dent";"-";"+";"-";"+";"-";"§tomber§sous la dent "
"352";"-";"+";"-";"-";"-";"<E>";" tomber";"dans";"la";"-";" escarcelle";"-";"+";"-";"-";"+";"§tomber§dans l'escarcelle "
"353";"-";"+";"-";"-";"-";"<E>";" tomber";"de";"les";"+";" lèvres";"-";"+";"-";"-";"+";"§tomber§des lèvres "
"354";"-";"+";"-";"-";"-";"<E>";" tomber";"sous";"la";"+";" main";"-";"+";"-";"+";"-";"§tomber§sous la main "
"355";"+";"+";"-";"-";"-";"<E>";" tomber";"à";"les";"+";" mains";"-";"+";"-";"-";"-";"§tomber§aux mains "
"356";"+";"+";"-";"-";"-";"<E>";" tomber";"sur";"le";"-";" paletot";"-";"+";"-";"+";"-";"§tomber§sur le paletot "
"357";"+";"+";"-";"-";"-";"<E>";" tomber";"sous";"la";"+";" patte";"-";"+";"-";"+";"+";"§tomber§sous la patte "
"358";"+";"-";"-";"-";"-";"<E>";" tomber";"à";"les";"+";" pieds";"-";"+";"-";"-";"+";"§tomber§aux pieds "
"359";"+";"-";"-";"-";"-";"<E>";" tomber";"sur";"le";"+";" poil";"-";"+";"-";"+";"-";"§tomber§sur le poil "
"360";"+";"+";"-";"-";"-";"<E>";" tomber";"sur";"le";"+";" rable";"+";"-";"-";"+";"-";"§tomber§sur le rable "
"361";"+";"-";"-";"-";"-";"<E>";" toquer";"à";"la";"-";" porte";"-";"+";"-";"-";"+";"§toquer§à la porte "
"362";"+";"-";"-";"-";"+";"ne";" toucher";"à";"un";"+";" cheveu";"-";"+";"-";"-";"-";"§ne toucher§à un cheveu "
"363";"+";"-";"-";"-";"-";"<E>";" toucher";"à";"le";"-";" porte-feuille";"-";"+";"-";"-";"+";"§toucher§au porte-feuille "
"364";"+";"-";"-";"-";"-";"<E>";" toucher";"à";"le";"-";" terme";"-";"-";"+";"-";"+";"§toucher§au terme "
"365";"+";"-";"-";"-";"+";"ne";" toucher pas";"à";"un";"+";" cheveu de la tête";"-";"+";"-";"-";"+";"§ne toucher pas§à un cheveu de la tête "
"366";"-";"+";"-";"-";"-";"<E>";" tourner";"sur";"le";"+";" coeur";"+";"+";"-";"+";"-";"§tourner§sur le coeur "
"367";"+";"-";"+";"-";"-";"se";" traîner";"à";"les";"+";" pieds";"-";"+";"-";"-";"+";"§se traîner§aux pieds "
"368";"+";"-";"+";"-";"-";"se";" transporter";"à";"le";"-";" endroit";"-";"-";"+";"-";"-";"§se transporter§à l'endroit "
"369";"+";"-";"+";"-";"-";"se";" transporter";"sur";"les";"-";" lieux";"-";"-";"+";"-";"-";"§se transporter§sur les lieux "
"370";"-";"+";"-";"-";"-";"<E>";" travailler";"dans";"le";"+";" esprit";"-";"+";"-";"+";"+";"§travailler§dans l'esprit "
"371";"+";"-";"-";"-";"-";"<E>";" travailler";"par";"<E>";"-";" roulements";"+";"-";"+";"-";"-";"§travailler§par roulements "
"372";"-";"+";"-";"-";"-";"<E>";" travailler";"dans";"la";"+";" tête";"-";"+";"-";"+";"+";"§travailler§dans la tête "
"373";"+";"-";"+";"-";"-";"se";" tromper";"sur";"le";"-";" compte";"-";"+";"-";"-";"+";"§se tromper§sur le compte "
"374";"+";"-";"-";"-";"-";"<E>";" veiller";"sur";"le";"-";" sommeil";"-";"+";"-";"-";"+";"§veiller§sur le sommeil "
"375";"-";"+";"-";"-";"-";"<E>";" venir";"à";"la";"-";" attention";"-";"+";"-";"-";"+";"§venir§à l'attention "
"376";"-";"+";"-";"-";"-";"<E>";" venir";"à";"la";"+";" bouche";"+";"+";"+";"+";"-";"§venir§à la bouche "
"377";"+";"+";"-";"-";"-";"<E>";" venir";"à";"<E>";"-";" bout";"-";"+";"+";"-";"-";"§venir§à bout "
"378";"+";"-";"-";"+";"-";"en";" venir";"à";"le";"-";" but";"+";"-";"+";"-";"+";"§en venir§au but "
"379";"+";"-";"-";"-";"-";"<E>";" venir";"à";"la";"+";" cheville";"-";"+";"-";"+";"+";"§venir§à la cheville "
"380";"-";"+";"-";"-";"-";"<E>";" venir";"de";"le";"+";" coeur";"+";"+";"-";"+";"-";"§venir§du coeur "
"381";"-";"+";"-";"-";"-";"<E>";" venir";"à";"la";"-";" suite";"+";"-";"+";"-";"+";"§venir§à la suite "
"382";"+";"-";"-";"-";"-";"<E>";" vivre";"à";"les";"-";" crochets";"-";"+";"-";"-";"+";"§vivre§aux crochets "
"383";"+";"-";"-";"-";"-";"<E>";" vivre";"à";"les";"-";" dépens";"-";"+";"-";"-";"+";"§vivre§aux dépens "
"384";"+";"-";"-";"-";"-";"<E>";" vivre";"sur";"le";"+";" dos";"-";"+";"-";"-";"+";"§vivre§sur le dos "
"385";"+";"-";"-";"-";"-";"<E>";" vivre";"à";"le";"-";" marge";"-";"-";"+";"-";"-";"§vivre§au marge "
"386";"+";"-";"-";"-";"-";"<E>";" vivre";"à";"les";"-";" marges";"-";"-";"+";"-";"-";"§vivre§aux marges "
"387";"+";"-";"-";"-";"-";"<E>";" vivre";"sur";"le";"+";" pied";"-";"-";"+";"-";"-";"§vivre§sur le pied "
"388";"+";"-";"-";"-";"-";"<E>";" vivre";"sous";"le";"-";" toit";"-";"+";"-";"-";"+";"§vivre§sous le toit "
"389";"+";"-";"-";"-";"+";"ne";" voir que";"par";"les";"+";" yeux";"-";"+";"-";"-";"+";"§ne voir que§par les yeux "
"390";"+";"-";"-";"-";"-";"<E>";" voler";"à";"la";"-";" aide";"-";"+";"-";"-";"+";"§voler§à l'aide "
"391";"+";"+";"-";"-";"-";"<E>";" voler";"à";"la";"-";" heure";"-";"-";"+";"-";"-";"§voler§à l'heure "
"392";"+";"-";"-";"-";"-";"<E>";" voler";"dans";"les";"+";" plumes";"-";"+";"-";"+";"-";"§voler§dans les plumes "
"393";"+";"-";"-";"-";"-";"<E>";" voler";"à";"le";"-";" secours";"-";"+";"-";"-";"+";"§voler§au secours "
"394";"+";"-";"-";"-";"-";"<E>";" voter";"en";"<E>";"-";" faveur";"-";"+";"-";"-";"+";"§voter§en faveur "
"395";"+";"-";"-";"+";"-";"en";" vouloir";"à";"la";"+";" peau";"-";"+";"-";"-";"+";"§en vouloir§à la peau "
"396";"+";"-";"-";"+";"-";"en";" vouloir";"à";"la";"-";" vie";"-";"+";"-";"-";"+";"§en vouloir§à la vie "
