"<ID>";"N0 =: Nhum";"N0 =: N-hum";"Ppv =: se figé";"Ppv =: en figé";"Ppv =: Neg";"<ENT>Ppv";"<ENT>V";"<ENT>Prép1";"<ENT>Det1";"N1 =: Nhum";"N1 =: N-hum";"<ENT>C1";"<ENT>Prép2";"<ENT>Det2";"<ENT>C2";"N2 =: Nhum";"N2 =: N-hum";"<ENT>Prép3";"<ENT>Det3";"<ENT>C3";"N3 =: Nhum";"N3 =: N-hum";"Prép3 N3 = Ppv";"[passif]";"Exemple"
"1";"+";"-";"-";"-";"-";"<E>";" abaisser";"<E>";"une";"-";"-";" perpendiculaire";"de";"<E>";"A";"-";"-";"sur";"<E>";"D";"-";"-";"-";"+";"§abaisser§une perpendiculaire de A sur D "
"2";"+";"-";"-";"-";"-";"<E>";" abaisser";"<E>";"une";"-";"-";" perpendiculaire";"de";"<E>";"A";"-";"-";"sur";"<E>";"P";"-";"-";"-";"+";"§abaisser§une perpendiculaire de A sur P "
"3";"+";"-";"-";"-";"-";"<E>";" abaisser";"<E>";"une";"-";"-";" perpendiculaire";"de";"le";"point A";"-";"-";"sur";"la";"droite D";"-";"-";"-";"+";"§abaisser§une perpendiculaire du point A sur la droite D "
"4";"+";"-";"-";"-";"-";"<E>";" abaisser";"<E>";"une";"-";"-";" perpendiculaire";"de";"le";"point A";"-";"-";"sur";"le";"plan P";"-";"-";"-";"+";"§abaisser§une perpendiculaire du point A sur le plan P "
"5";"+";"-";"-";"-";"-";"<E>";" accorder";"<E>";"<E>";"-";"-";" Nmot";"en";"<E>";"genre";"-";"-";"avec";"<E>";"mot";"-";"-";"-";"+";"§accorder§Nmot en genre avec mot "
"6";"+";"-";"-";"-";"-";"<E>";" accorder";"<E>";"<E>";"-";"-";" Nmot";"en";"<E>";"nombre";"-";"-";"avec";"<E>";"mot";"-";"-";"-";"+";"§accorder§Nmot en nombre avec mot "
"7";"+";"-";"-";"-";"-";"<E>";" accorder";"<E>";"un";"-";"-";" rabais";"sur";"<E>";"<E>";"-";"+";"à";"<E>";"<E>";"+";"-";"+";"+";"§accorder§un rabais sur à "
"8";"+";"-";"-";"-";"-";"<E>";" accorder";"<E>";"une";"-";"-";" réduction";"sur";"<E>";"<E>";"-";"+";"à";"<E>";"<E>";"+";"-";"+";"+";"§accorder§une réduction sur à "
"9";"+";"-";"-";"-";"-";"<E>";" accorder";"<E>";"une";"-";"-";" remise";"sur";"<E>";"<E>";"-";"+";"à";"<E>";"<E>";"+";"-";"+";"+";"§accorder§une remise sur à "
"10";"+";"-";"-";"-";"-";"<E>";" accuser";"<E>";"<E>";"-";"-";" réception";"de";"<E>";"<E>";"+";"-";"à";"<E>";"<E>";"+";"-";"+";"-";"§accuser§réception d'à "
"11";"+";"-";"-";"-";"-";"<E>";" accuser";"<E>";"bonne";"-";"-";" réception";"de";"<E>";"<E>";"+";"-";"à";"<E>";"<E>";"+";"-";"+";"-";"§accuser§bonne réception d'à "
"12";"+";"-";"-";"-";"-";"<E>";" acheter";"<E>";"<E>";"-";"+";" <E>";"<E>";"<E>";"ferme";"-";"-";"et à";"le";"comptant";"-";"-";"-";"+";"§acheter§ferme et au comptant "
"13";"+";"-";"-";"-";"-";"<E>";" aller";"<E>";"<E>";"-";"-";" bras dessus";"<E>";"<E>";"bras dessous";"-";"-";"avec";"<E>";"<E>";"+";"-";"-";"-";"§aller§bras dessus bras dessous avec "
"14";"+";"+";"-";"+";"-";"en";" apprendre";"<E>";"de";"-";"-";" belles";"sur";"<E>";"<E>";"-";"+";"à";"<E>";"<E>";"+";"-";"+";"+";"§en apprendre§de belles sur à "
"15";"+";"+";"-";"+";"-";"en";" apprendre";"<E>";"un";"-";"-";" bout";"sur";"<E>";"<E>";"-";"+";"à";"<E>";"<E>";"+";"-";"+";"+";"§en apprendre§un bout sur à "
"16";"+";"+";"-";"+";"-";"en";" apprendre";"<E>";"de";"-";"-";" drôles";"sur";"<E>";"<E>";"-";"+";"à";"<E>";"<E>";"+";"-";"+";"+";"§en apprendre§de drôles sur à "
"17";"+";"+";"-";"+";"+";"n'en";" apprendre";"<E>";"<E>";"-";"-";" gras";"sur";"<E>";"<E>";"-";"+";"à";"<E>";"<E>";"+";"-";"+";"+";"§n'en apprendre§gras sur à "
"18";"+";"+";"-";"+";"-";"en";" apprendre";"<E>";"<E>";"-";"-";" long";"sur";"<E>";"<E>";"-";"+";"à";"<E>";"<E>";"+";"-";"+";"+";"§en apprendre§long sur à "
"19";"+";"+";"-";"+";"+";"n'en";" apprendre";"<E>";"<E>";"-";"-";" lourd";"sur";"<E>";"<E>";"-";"+";"à";"<E>";"<E>";"+";"-";"+";"+";"§n'en apprendre§lourd sur à "
"20";"+";"+";"-";"+";"-";"en";" apprendre";"<E>";"un";"-";"-";" rayon";"sur";"<E>";"<E>";"-";"+";"à";"<E>";"<E>";"+";"-";"+";"+";"§en apprendre§un rayon sur à "
"21";"+";"+";"-";"-";"-";"<E>";" avoir";"<E>";"une";"-";"-";" chose";"en";"<E>";"commun";"-";"-";"avec";"<E>";"<E>";"+";"+";"-";"-";"§a§une chose en commun avec "
"22";"+";"-";"-";"-";"-";"<E>";" avoir";"<E>";"<E>";"-";"-";" dévolu";"<E>";"Det";"rôle";"-";"-";"à";"<E>";"<E>";"+";"-";"+";"+";"§a§dévolu un rôle à "
"23";"+";"-";"-";"-";"-";"<E>";" avoir";"<E>";"<E>";"-";"-";" eu";"<E>";"un";"mot malheureux";"-";"-";"pour";"<E>";"<E>";"+";"+";"-";"-";"§a§eu un mot malheureux pour "
"24";"-";"+";"-";"-";"-";"<E>";" avoir";"<E>";"<E>";"-";"-";" imbu";"<E>";"<E>";"<E>";"+";"-";"de";"certains";"principes";"-";"-";"-";"+";"§a§imbu de certains principes "
"25";"-";"+";"-";"-";"-";"<E>";" avoir";"<E>";"<E>";"-";"-";" imbu";"<E>";"<E>";"<E>";"+";"-";"de";"Poss1";"supériorité";"-";"-";"-";"+";"§a§imbu de sa supériorité "
"26";"-";"+";"-";"-";"-";"<E>";" avoir";"<E>";"<E>";"-";"-";" imbu";"<E>";"<E>";"<E>";"+";"-";"de";"Poss1";"personne";"-";"-";"-";"+";"§a§imbu de sa personne "
"27";"+";"-";"-";"-";"+";"n'";" avoir";"<E>";"<E>";"-";"-";" jamais";"<E>";"<E>";"vu";"-";"-";"<E>";"<E>";"ça";"-";"-";"-";"-";"§n'a§jamais vu ça "
"28";"+";"-";"-";"+";"-";"en";" avoir";"<E>";"<E>";"-";"-";" long à dire";"sur";"<E>";"<E>";"+";"+";"à";"<E>";"<E>";"+";"-";"+";"-";"§en a§long à dire sur à "
"29";"+";"-";"-";"-";"-";"<E>";" avoir";"<E>";"<E>";"-";"-";" maille";"à";"<E>";"partir";"-";"-";"avec";"<E>";"<E>";"+";"-";"-";"-";"§a§maille à partir avec "
"30";"+";"-";"-";"-";"-";"<E>";" avoir";"<E>";"tous les";"-";"-";" malheurs";"<E>";"<E>";"possibles";"-";"-";"et";"<E>";"imaginables";"-";"-";"-";"-";"§a§tous les malheurs possibles et imaginables "
"31";"-";"+";"-";"-";"-";"<E>";" avoir";"<E>";"<E>";"-";"-";" moulu";"<E>";"<E>";"<E>";"+";"-";"de";"<E>";"fatigue";"-";"-";"-";"+";"§a§moulu de fatigue "
"32";"+";"-";"-";"-";"-";"<E>";" avoir";"<E>";"tous les";"-";"-";" N-hum";"<E>";"<E>";"possibles";"-";"-";"et";"<E>";"imaginables";"-";"-";"-";"-";"§a§tous les N-hum possibles et imaginables "
"33";"+";"-";"-";"-";"+";"n'";" avoir";"<E>";"de";"-";"-";" ordres";"à";"<E>";"recevoir";"-";"-";"de";"<E>";"personne";"-";"-";"-";"-";"§n'a§d'ordres à recevoir de personne "
"34";"-";"+";"-";"-";"-";"<E>";" avoir";"<E>";"<E>";"-";"-";" perclu";"<E>";"<E>";"<E>";"+";"-";"de";"<E>";"douleurs";"-";"-";"-";"+";"§a§perclu de douleurs "
"35";"-";"+";"-";"-";"-";"<E>";" avoir";"<E>";"<E>";"-";"-";" perclu";"<E>";"<E>";"<E>";"+";"-";"de";"<E>";"rhumatismes";"-";"-";"-";"+";"§a§perclu de rhumatismes "
"36";"+";"-";"-";"-";"-";"<E>";" avoir";"plus";"à";"-";"-";" perdre";"que";"à";"gagner";"-";"-";"Loc";"<E>";"<E>";"-";"+";"-";"-";"§a§plus à perdre qu'à gagner Loc "
"37";"+";"+";"-";"-";"-";"<E>";" avoir";"<E>";"une";"-";"-";" place";"à";"<E>";"part";"-";"-";"Loc";"<E>";"<E>";"+";"+";"+";"-";"§a§une place à part Loc "
"38";"+";"+";"-";"-";"-";"<E>";" avoir";"<E>";"deux";"-";"-";" poids";"<E>";"deux";"mesures";"-";"-";"avec";"<E>";"<E>";"+";"+";"-";"-";"§a§deux poids deux mesures avec "
"39";"-";"+";"-";"-";"-";"<E>";" avoir";"<E>";"<E>";"-";"-";" recrû";"<E>";"<E>";"<E>";"+";"-";"de";"<E>";"fatigue";"-";"-";"-";"+";"§a§recrû de fatigue "
"40";"+";"-";"-";"-";"+";"n'";" avoir";"<E>";"<E>";"-";"-";" rien";"à";"se";"dire";"-";"-";"avec";"<E>";"<E>";"+";"-";"-";"-";"§n'a§rien à se dire avec "
"41";"+";"+";"-";"-";"+";"n'";" avoir";"<E>";"<E>";"-";"-";" rien";"à";"<E>";"envier";"-";"-";"à";"<E>";"<E>";"+";"+";"+";"-";"§n'a§rien à envier à "
"42";"-";"+";"-";"-";"-";"<E>";" avoir";"<E>";"<E>";"-";"-";" rompu";"<E>";"<E>";"<E>";"+";"-";"de";"<E>";"fatigue";"-";"-";"-";"+";"§a§rompu de fatigue "
"43";"+";"-";"-";"-";"-";"<E>";" avoir";"<E>";"Dnum";"-";"-";" tête";"de";"<E>";"plus";"-";"-";"que";"<E>";"<E>";"+";"-";"-";"-";"§a§Dnum tête de plus que "
"44";"-";"+";"-";"-";"-";"<E>";" avoir";"<E>";"<E>";"-";"-";" toqué";"<E>";"<E>";"<E>";"+";"-";"de";"<E>";"<E>";"+";"+";"+";"+";"§a§toqué de "
"45";"+";"-";"-";"-";"-";"<E>";" avoir";"<E>";"<E>";"-";"-";" toujours";"<E>";"un";"pied";"-";"-";"en";"le";"air";"-";"-";"-";"-";"§a§toujours un pied en l'air "
"46";"+";"-";"-";"-";"+";"n'";" avoir pas";"<E>";"grand";"-";"-";" chose";"à";"se";"dire";"-";"-";"avec";"<E>";"<E>";"+";"-";"-";"-";"§n'a pas§grand chose à se dire avec "
"47";"+";"-";"-";"-";"-";"<E>";" bâtir";"<E>";"<E>";"-";"+";" <E>";"à";"<E>";"chaux";"-";"-";"et à";"<E>";"sable";"-";"-";"-";"+";"§bâtir§à chaux et à sable "
"48";"+";"-";"+";"-";"-";"se";" battre";"à";"le";"-";"-";" corps";"à";"<E>";"corps";"-";"-";"avec";"<E>";"<E>";"+";"-";"-";"-";"§se battre§au corps à corps avec "
"49";"+";"-";"-";"-";"+";"ne";" céder";"<E>";"Poss0";"-";"-";" place";"pour";"un";"boulet de canon";"-";"-";"à";"<E>";"<E>";"+";"-";"+";"-";"§ne céder§sa place pour un boulet de canon à "
"50";"+";"-";"-";"-";"+";"ne";" céder";"<E>";"Poss0";"-";"-";" place";"pour";"un";"empire";"-";"-";"à";"<E>";"<E>";"+";"-";"+";"-";"§ne céder§sa place pour un empire à "
"51";"+";"-";"-";"-";"-";"<E>";" combattre";"à";"le";"-";"-";" corps";"à";"<E>";"corps";"-";"-";"avec";"<E>";"<E>";"+";"-";"-";"-";"§combattre§au corps à corps avec "
"52";"+";"-";"-";"-";"-";"<E>";" compter";"<E>";"<E>";"-";"+";" <E>";"sur";"les";"doigts";"-";"-";"de";"une";"main";"-";"-";"-";"-";"§compter§sur les doigts d'une main "
"53";"+";"-";"-";"-";"-";"<E>";" condamner";"<E>";"<E>";"+";"-";" <E>";"à";"Dnum";"Ntps";"-";"-";"de";"<E>";"prison";"-";"-";"-";"+";"§condamner§à Dnum Ntps de prison "
"54";"+";"-";"-";"-";"-";"<E>";" condamner";"<E>";"<E>";"+";"-";" <E>";"à";"Dnum";"années";"-";"-";"de";"<E>";"prison";"-";"-";"-";"+";"§condamner§à Dnum années de prison "
"55";"+";"-";"-";"-";"-";"<E>";" condamner";"<E>";"<E>";"+";"-";" <E>";"à";"Dnum";"ans";"-";"-";"de";"<E>";"prison";"-";"-";"-";"+";"§condamner§à Dnum ans de prison "
"56";"+";"-";"-";"-";"-";"<E>";" condamner";"<E>";"<E>";"+";"-";" <E>";"à";"Dnum";"jours";"-";"-";"de";"<E>";"prison";"-";"-";"-";"+";"§condamner§à Dnum jours de prison "
"57";"+";"-";"-";"-";"-";"<E>";" condamner";"<E>";"<E>";"+";"-";" <E>";"à";"Dnum";"mois";"-";"-";"de";"<E>";"prison";"-";"-";"-";"+";"§condamner§à Dnum mois de prison "
"58";"+";"-";"-";"-";"-";"<E>";" condamner";"<E>";"<E>";"+";"-";" <E>";"à";"Dnum";"semaines";"-";"-";"de";"<E>";"prison";"-";"-";"-";"+";"§condamner§à Dnum semaines de prison "
"59";"+";"-";"-";"-";"-";"<E>";" confier";"<E>";"<E>";"-";"+";" <E>";"en";"<E>";"dépôt";"-";"-";"à";"<E>";"<E>";"+";"-";"+";"+";"§confier§en dépôt à "
"60";"+";"-";"-";"-";"+";"ne";" connaître";"<E>";"<E>";"-";"+";" <E>";"ni de";"<E>";"Eve";"-";"-";"ni de";"<E>";"Adam";"-";"-";"-";"+";"§ne connaître§ni de Eve ni de Adam "
"61";"+";"+";"-";"-";"-";"<E>";" conserver";"<E>";"la";"-";"-";" balance";"<E>";"<E>";"égale";"-";"-";"entre";"<E>";"<E>";"+";"+";"-";"+";"§conserver§la balance égale entre "
"62";"+";"-";"-";"-";"-";"<E>";" conserver";"<E>";"le";"-";"-";" meilleur";"pur";"la";"fin";"-";"-";"à";"<E>";"<E>";"+";"-";"+";"+";"§conserver§le meilleur pur la fin à "
"63";"-";"+";"-";"-";"-";"<E>";" couper";"<E>";"<E>";"-";"-";" bras";"et";"<E>";"jambes";"-";"-";"à";"<E>";"<E>";"+";"-";"+";"-";"§couper§bras et jambes à "
"64";"-";"+";"-";"-";"-";"<E>";" coûter";"<E>";"zéro";"-";"-";" franc";"<E>";"zéro";"centime";"-";"-";"à";"<E>";"<E>";"+";"-";"+";"-";"§coûter§zéro franc zéro centime à "
"65";"-";"+";"-";"-";"-";"<E>";" coûter";"<E>";"des";"-";"-";" mille";"et";"des";"cents";"-";"-";"à";"<E>";"<E>";"+";"-";"+";"-";"§coûter§des mille et des cents à "
"66";"+";"-";"-";"-";"-";"<E>";" danser";"<E>";"<E>";"-";"-";" joue";"contre";"<E>";"joue";"-";"-";"avec";"<E>";"<E>";"+";"-";"-";"-";"§danser§joue contre joue avec "
"67";"+";"-";"-";"-";"-";"<E>";" décliner";"<E>";"Poss0";"-";"-";" nom";"<E>";"<E>";"prénom";"-";"-";"et";"<E>";"qualités";"-";"-";"-";"+";"§décliner§son nom prénom et qualités "
"68";"+";"-";"-";"-";"-";"<E>";" demander";"<E>";"Poss3";"-";"-";" fille";"en";"<E>";"mariage";"-";"-";"à";"<E>";"<E>";"+";"-";"+";"+";"§demander§sa fille en mariage à "
"69";"+";"-";"-";"-";"-";"<E>";" demander";"<E>";"<E>";"-";"-";" lecture";"de";"<E>";"<E>";"-";"+";"à";"<E>";"<E>";"+";"-";"+";"+";"§demander§lecture d'à "
"70";"+";"-";"-";"-";"-";"<E>";" demander";"<E>";"un certain";"-";"-";" prix";"pour";"<E>";"<E>";"-";"+";"à";"<E>";"<E>";"+";"-";"+";"+";"§demander§un certain prix pour à "
"71";"+";"-";"-";"-";"-";"<E>";" demander";"<E>";"<E>";"-";"-";" raison";"de";"<E>";"<E>";"-";"+";"à";"<E>";"<E>";"+";"-";"+";"+";"§demander§raison d'à "
"72";"+";"-";"-";"-";"-";"<E>";" demander";"<E>";"<E>";"-";"-";" raison";"de";"Poss3";"conduite";"-";"+";"à";"<E>";"<E>";"+";"-";"+";"+";"§demander§raison de sa conduite à "
"73";"+";"-";"-";"-";"-";"<E>";" demander";"<E>";"<E>";"-";"-";" raison";"de";"Poss3";"propos";"-";"+";"à";"<E>";"<E>";"+";"-";"+";"+";"§demander§raison de son propos à "
"74";"+";"-";"-";"-";"-";"<E>";" demander";"<E>";"<E>";"-";"-";" réparation de N-hum";"par";"les";"armes";"-";"-";"à";"<E>";"<E>";"+";"-";"+";"+";"§demander§réparation de N-hum par les armes à "
"75";"+";"-";"-";"-";"-";"<E>";" deviser";"<E>";"<E>";"-";"-";" gaiement";"de";"<E>";"<E>";"+";"+";"avec";"<E>";"<E>";"+";"-";"-";"-";"§deviser§gaiement d'avec "
"76";"+";"-";"-";"+";"-";"en";" dire";"<E>";"de";"-";"-";" belles";"sur";"<E>";"<E>";"+";"+";"à";"<E>";"<E>";"+";"-";"+";"+";"§en dire§de belles sur à "
"77";"+";"-";"-";"-";"-";"<E>";" dire";"<E>";"du";"-";"-";" bien";"de";"<E>";"<E>";"+";"+";"à";"<E>";"<E>";"+";"-";"+";"+";"§dire§du bien d'à "
"78";"+";"-";"-";"+";"-";"en";" dire";"<E>";"une";"-";"-";" bien bonne";"sur";"<E>";"<E>";"+";"+";"à";"<E>";"<E>";"+";"-";"+";"+";"§en dire§une bien bonne sur à "
"79";"+";"-";"-";"-";"-";"<E>";" dire";"<E>";"bien des";"-";"-";" choses";"de la part de";"<E>";"<E>";"+";"-";"à";"<E>";"<E>";"+";"-";"+";"-";"§dire§bien des choses de la part d'à "
"80";"+";"-";"-";"+";"-";"en";" dire";"<E>";"de toutes les";"-";"-";" couleurs";"sur";"<E>";"<E>";"+";"+";"à";"<E>";"<E>";"+";"-";"+";"+";"§en dire§de toutes les couleurs sur à "
"81";"+";"-";"-";"+";"-";"en";" dire";"<E>";"de";"-";"-";" drôles";"sur";"<E>";"<E>";"+";"+";"à";"<E>";"<E>";"+";"-";"+";"+";"§en dire§de drôles sur à "
"82";"+";"-";"-";"-";"-";"<E>";" dire";"<E>";"trois";"-";"-";" fois";"<E>";"<E>";"merci";"-";"-";"à";"<E>";"<E>";"+";"-";"+";"-";"§dire§trois fois merci à "
"83";"+";"+";"-";"+";"+";"n'en";" dire";"<E>";"<E>";"-";"-";" gras";"sur";"<E>";"<E>";"+";"+";"à";"<E>";"<E>";"+";"-";"+";"+";"§n'en dire§gras sur à "
"84";"+";"+";"-";"+";"-";"en";" dire";"<E>";"<E>";"-";"-";" long";"sur";"<E>";"<E>";"+";"+";"à";"<E>";"<E>";"+";"-";"+";"+";"§en dire§long sur à "
"85";"+";"-";"-";"+";"+";"n'en";" dire";"<E>";"<E>";"-";"-";" lourd";"sur";"<E>";"<E>";"+";"+";"à";"<E>";"<E>";"+";"-";"+";"+";"§n'en dire§lourd sur à "
"86";"+";"-";"-";"-";"-";"<E>";" dire";"<E>";"du";"-";"-";" mal";"de";"<E>";"<E>";"+";"+";"à";"<E>";"<E>";"+";"-";"+";"+";"§dire§du mal d'à "
"87";"+";"+";"-";"+";"+";"n'en";" dire";"<E>";"des";"-";"-";" masses";"sur";"<E>";"<E>";"+";"+";"à";"<E>";"<E>";"+";"-";"+";"+";"§n'en dire§des masses sur à "
"88";"+";"-";"-";"-";"-";"<E>";" dire";"<E>";"<E>";"-";"-";" monts et merveilles";"de";"<E>";"<E>";"+";"+";"à";"<E>";"<E>";"+";"-";"+";"+";"§dire§monts et merveilles d'à "
"89";"+";"-";"-";"-";"+";"ne";" dire";"<E>";"un";"-";"-";" mot";"<E>";"plus";"haut";"-";"-";"que";"le";"autre";"-";"-";"-";"+";"§ne dire§un mot plus haut que l'autre "
"90";"+";"-";"-";"-";"-";"<E>";" dire";"<E>";"deux";"-";"-";" mots";"de";"<E>";"<E>";"+";"+";"à";"<E>";"<E>";"+";"-";"+";"+";"§dire§deux mots d'à "
"91";"+";"-";"-";"-";"-";"<E>";" dire";"<E>";"<E>";"-";"-";" Nmot";"<E>";"<E>";"comment ?";"-";"-";"en";"<E>";"Nlangue";"-";"-";"-";"+";"§dire§Nmot comment ? en Nlangue "
"92";"+";"-";"-";"-";"-";"<E>";" dire";"<E>";"<E>";"-";"-";" Nmot";"<E>";"<E>";"comment ?";"-";"-";"en";"<E>";"français";"-";"-";"-";"+";"§dire§Nmot comment ? en français "
"93";"+";"-";"-";"-";"+";"ne";" dire";"<E>";"une";"-";"-";" parole";"<E>";"plus";"haute";"-";"-";"que";"le";"autre";"-";"-";"-";"+";"§ne dire§une parole plus haute que l'autre "
"94";"+";"-";"-";"-";"-";"<E>";" dire";"<E>";"<E>";"-";"-";" pis";"que";"<E>";"pendre";"-";"-";"de";"<E>";"<E>";"+";"+";"+";"-";"§dire§pis que pendre de "
"95";"+";"-";"-";"+";"-";"en";" dire";"<E>";"de";"-";"-";" raides";"sur";"<E>";"<E>";"+";"+";"à";"<E>";"<E>";"+";"-";"+";"+";"§en dire§de raides sur à "
"96";"+";"-";"-";"-";"+";"ne";" dire";"<E>";"<E>";"-";"-";" rien";"sur";"<E>";"<E>";"+";"+";"à";"<E>";"<E>";"+";"-";"+";"+";"§ne dire§rien sur à "
"97";"+";"-";"-";"+";"-";"en";" dire";"<E>";"<E>";"-";"-";" trop";"ou";"pas";"assez";"-";"-";"à";"<E>";"<E>";"+";"-";"+";"-";"§en dire§trop ou pas assez à "
"98";"+";"-";"-";"+";"-";"en";" dire";"<E>";"des";"-";"-";" vertes";"et";"des pas";"mûres";"-";"-";"à";"<E>";"<E>";"+";"-";"+";"+";"§en dire§des vertes et des pas mûres à "
"99";"+";"-";"-";"-";"+";"ne";" dire ni";"<E>";"<E>";"-";"-";" oui";"ni";"<E>";"non";"-";"-";"à";"<E>";"<E>";"+";"-";"+";"-";"§ne dire ni§oui ni non à "
"100";"-";"+";"-";"-";"-";"<E>";" disposer";"<E>";"<E>";"-";"-";" bien";"<E>";"<E>";"<E>";"+";"-";"envers";"<E>";"<E>";"+";"-";"-";"+";"§disposer§bien envers "
"101";"-";"+";"-";"-";"-";"<E>";" disposer";"<E>";"<E>";"-";"-";" mal";"<E>";"<E>";"<E>";"+";"-";"envers";"<E>";"<E>";"+";"-";"-";"+";"§disposer§mal envers "
"102";"+";"-";"-";"-";"-";"<E>";" donner";"<E>";"<E>";"+";"-";" <E>";"en";"<E>";"aumône";"-";"-";"à";"<E>";"<E>";"+";"-";"+";"+";"§donner§en aumône à "
"103";"+";"-";"-";"-";"-";"<E>";" donner";"<E>";"<E>";"+";"-";" <E>";"en";"<E>";"cadeau";"-";"-";"à";"<E>";"<E>";"+";"-";"+";"+";"§donner§en cadeau à "
"104";"+";"-";"-";"-";"-";"<E>";" donner";"<E>";"<E>";"-";"+";" <E>";"en";"<E>";"compensation de N-hum";"-";"-";"à";"<E>";"<E>";"+";"-";"+";"+";"§donner§en compensation de N-hum à "
"105";"+";"-";"-";"-";"-";"<E>";" donner";"<E>";"<E>";"-";"+";" <E>";"à";"le";"compte-goutte";"-";"-";"à";"<E>";"<E>";"+";"-";"+";"+";"§donner§au compte-goutte à "
"106";"+";"-";"-";"-";"-";"<E>";" donner";"<E>";"<E>";"-";"+";" <E>";"en";"<E>";"consolation de N-hum";"-";"-";"à";"<E>";"<E>";"+";"-";"+";"+";"§donner§en consolation de N-hum à "
"107";"+";"-";"-";"-";"-";"<E>";" donner";"<E>";"<E>";"-";"+";" <E>";"en";"<E>";"dépôt";"-";"-";"à";"<E>";"<E>";"+";"-";"+";"+";"§donner§en dépôt à "
"108";"+";"-";"-";"-";"-";"<E>";" donner";"<E>";"<E>";"-";"+";" <E>";"en";"<E>";"dot";"-";"-";"à";"<E>";"<E>";"+";"-";"+";"+";"§donner§en dot à "
"109";"+";"-";"-";"-";"-";"<E>";" donner";"<E>";"<E>";"-";"+";" <E>";"en";"<E>";"échange de N-hum";"-";"-";"à";"<E>";"<E>";"+";"-";"+";"+";"§donner§en échange de N-hum à "
"110";"+";"-";"-";"-";"-";"<E>";" donner";"<E>";"<E>";"-";"+";" <E>";"en";"<E>";"échange de N-hum";"-";"-";"à";"<E>";"<E>";"+";"-";"+";"+";"§donner§en échange de N-hum à "
"111";"+";"-";"-";"-";"-";"<E>";" donner";"<E>";"<E>";"+";"-";" <E>";"pour";"<E>";"épouse";"-";"-";"à";"<E>";"<E>";"+";"-";"+";"+";"§donner§pour épouse à "
"112";"+";"-";"-";"-";"-";"<E>";" donner";"<E>";"<E>";"+";"-";" <E>";"en";"<E>";"exemple";"-";"-";"à";"<E>";"<E>";"+";"-";"+";"+";"§donner§en exemple à "
"113";"+";"-";"-";"-";"-";"<E>";" donner";"<E>";"<E>";"-";"-";" <E>";"en";"<E>";"fermage";"-";"+";"à";"<E>";"<E>";"+";"-";"+";"+";"§donner§en fermage à "
"114";"+";"-";"-";"-";"-";"<E>";" donner";"<E>";"<E>";"-";"+";" <E>";"en";"<E>";"gage";"-";"-";"à";"<E>";"<E>";"+";"-";"+";"+";"§donner§en gage à "
"115";"+";"-";"-";"-";"-";"<E>";" donner";"<E>";"<E>";"-";"+";" <E>";"en";"<E>";"gage de N-hum";"-";"-";"à";"<E>";"<E>";"+";"-";"+";"+";"§donner§en gage de N-hum à "
"116";"+";"-";"-";"-";"-";"<E>";" donner";"<E>";"<E>";"+";"+";" <E>";"<E>";"<E>";"gagnant";"-";"-";"à";"<E>";"Dnum contre un";"-";"-";"-";"+";"§donner§gagnant à Dnum contre un "
"117";"+";"-";"-";"-";"-";"<E>";" donner";"<E>";"<E>";"-";"+";" <E>";"en";"<E>";"garantie de N-hum";"-";"-";"à";"<E>";"<E>";"+";"-";"+";"+";"§donner§en garantie de N-hum à "
"118";"+";"-";"-";"-";"-";"<E>";" donner";"<E>";"<E>";"+";"+";" <E>";"en";"<E>";"holocauste";"-";"-";"à";"<E>";"<E>";"+";"-";"+";"+";"§donner§en holocauste à "
"119";"+";"-";"-";"-";"-";"<E>";" donner";"<E>";"<E>";"-";"+";" <E>";"en";"<E>";"lecture";"-";"-";"à";"<E>";"<E>";"+";"-";"+";"+";"§donner§en lecture à "
"120";"+";"-";"-";"-";"-";"<E>";" donner";"<E>";"<E>";"-";"+";" <E>";"de";"la";"main à la main";"-";"-";"à";"<E>";"<E>";"+";"-";"+";"+";"§donner§de la main à la main à "
"121";"+";"-";"-";"-";"-";"<E>";" donner";"<E>";"<E>";"+";"-";" <E>";"pour";"<E>";"mari";"-";"-";"à";"<E>";"<E>";"+";"-";"+";"+";"§donner§pour mari à "
"122";"+";"-";"-";"-";"-";"<E>";" donner";"<E>";"<E>";"+";"-";" <E>";"en";"<E>";"mariage";"-";"-";"à";"<E>";"<E>";"+";"-";"+";"+";"§donner§en mariage à "
"123";"+";"-";"-";"-";"-";"<E>";" donner";"<E>";"<E>";"+";"+";" <E>";"en";"<E>";"offrande";"-";"-";"à";"<E>";"<E>";"+";"-";"+";"+";"§donner§en offrande à "
"124";"+";"-";"-";"-";"-";"<E>";" donner";"<E>";"<E>";"-";"+";" <E>";"en";"<E>";"partage";"-";"-";"à";"<E>";"<E>";"+";"-";"+";"+";"§donner§en partage à "
"125";"+";"-";"-";"-";"-";"<E>";" donner";"<E>";"<E>";"+";"+";" <E>";"en";"<E>";"pâture";"-";"-";"à";"<E>";"<E>";"+";"-";"+";"+";"§donner§en pâture à "
"126";"+";"-";"-";"-";"-";"<E>";" donner";"<E>";"<E>";"+";"+";" <E>";"<E>";"<E>";"perdant";"-";"-";"à";"<E>";"Dnum contre un";"-";"-";"-";"+";"§donner§perdant à Dnum contre un "
"127";"+";"-";"-";"-";"-";"<E>";" donner";"<E>";"<E>";"-";"+";" <E>";"en";"<E>";"proie";"-";"-";"à";"<E>";"<E>";"+";"-";"+";"+";"§donner§en proie à "
"128";"+";"-";"-";"-";"-";"<E>";" donner";"<E>";"<E>";"-";"+";" <E>";"en";"<E>";"récompense de N-hum";"-";"-";"à";"<E>";"<E>";"+";"-";"+";"+";"§donner§en récompense de N-hum à "
"129";"+";"-";"-";"-";"-";"<E>";" donner";"<E>";"<E>";"-";"+";" <E>";"en";"<E>";"reconnaissance de N-hum";"-";"-";"à";"<E>";"<E>";"+";"-";"+";"+";"§donner§en reconnaissance de N-hum à "
"130";"+";"-";"-";"-";"-";"<E>";" donner";"<E>";"<E>";"-";"+";" <E>";"en";"<E>";"retour de N-hum";"-";"-";"à";"<E>";"<E>";"+";"-";"+";"+";"§donner§en retour de N-hum à "
"131";"+";"-";"-";"-";"-";"<E>";" donner";"<E>";"<E>";"-";"+";" <E>";"en";"<E>";"spectacle";"-";"-";"à";"<E>";"<E>";"+";"-";"+";"+";"§donner§en spectacle à "
"132";"+";"-";"-";"-";"-";"<E>";" donner";"<E>";"<E>";"+";"+";" <E>";"pour";"ce que Il-0";"vaut";"-";"-";"à";"<E>";"<E>";"+";"-";"+";"+";"§donner§pour ce qu'il vaut à "
"133";"+";"+";"-";"-";"-";"<E>";" donner";"<E>";"des";"-";"-";" armes";"contre";"<E>";"Lui-0";"-";"-";"à";"<E>";"<E>";"+";"-";"+";"-";"§donner§des armes contre lui à "
"134";"+";"-";"-";"-";"-";"<E>";" donner";"<E>";"un";"-";"-";" avis";"sur";"<E>";"<E>";"+";"+";"à";"<E>";"<E>";"+";"-";"+";"-";"§donner§un avis sur à "
"135";"+";"-";"-";"-";"-";"<E>";" donner";"<E>";"le";"-";"-";" bâton";"pour";"Se-0";"faire battre";"-";"-";"à";"<E>";"<E>";"+";"-";"+";"-";"§donner§le bâton pour Se-0 fait battre à "
"136";"+";"-";"-";"-";"-";"<E>";" donner";"<E>";"le";"-";"-";" bâton";"pour";"Se-0";"faire fouetter";"-";"-";"à";"<E>";"<E>";"+";"-";"+";"-";"§donner§le bâton pour Se-0 fait fouetter à "
"137";"+";"-";"+";"-";"-";"se";" donner";"<E>";"<E>";"-";"-";" corps";"et";"<E>";"âme";"-";"-";"à";"<E>";"<E>";"+";"-";"+";"-";"§----"
"138";"+";"-";"-";"-";"-";"<E>";" donner";"<E>";"des";"-";"-";" détails";"sur";"<E>";"<E>";"+";"+";"à";"<E>";"<E>";"+";"-";"+";"-";"§donner§des détails sur à "
"139";"+";"-";"-";"-";"-";"<E>";" donner";"<E>";"le bon";"-";"-";" dieu";"sans";"<E>";"confession";"-";"-";"à";"<E>";"<E>";"+";"-";"+";"-";"§donner§le bon dieu sans confession à "
"140";"+";"-";"-";"-";"-";"<E>";" donner";"<E>";"un";"-";"-";" échantillon";"de";"Poss0";"possibiltés";"-";"-";"à";"<E>";"<E>";"+";"-";"+";"+";"§donner§un échantillon de ses possibiltés à "
"141";"+";"-";"-";"-";"-";"<E>";" donner";"<E>";"un";"-";"-";" échantillon";"de";"Poss0";"talent";"-";"-";"à";"<E>";"<E>";"+";"-";"+";"+";"§donner§un échantillon de son talent à "
"142";"+";"-";"-";"-";"-";"<E>";" donner";"pour";"<E>";"+";"-";" époux";"<E>";"<E>";"<E>";"-";"-";"à";"<E>";"<E>";"+";"-";"+";"+";"§donner§pour époux à "
"143";"+";"-";"-";"-";"-";"<E>";" donner";"<E>";"<E>";"-";"-";" lecture";"de";"<E>";"<E>";"-";"+";"à";"<E>";"<E>";"+";"-";"+";"+";"§donner§lecture d'à "
"144";"+";"+";"-";"-";"-";"<E>";" donner";"<E>";"la";"-";"-";" marche";"à";"<E>";"suivre";"-";"-";"à";"<E>";"<E>";"+";"-";"+";"+";"§donner§la marche à suivre à "
"145";"+";"+";"-";"-";"-";"<E>";" donner";"<E>";"une";"-";"-";" marque";"de";"Poss0";"sérieux";"-";"-";"à";"<E>";"<E>";"+";"-";"+";"+";"§donner§une marque de son sérieux à "
"146";"+";"-";"-";"-";"-";"<E>";" donner";"<E>";"la";"-";"-";" mesure";"de";"Poss0";"possibilités";"-";"-";"à";"<E>";"<E>";"+";"-";"+";"+";"§donner§la mesure de ses possibilités à "
"147";"+";"-";"-";"-";"-";"<E>";" donner";"<E>";"la";"-";"-";" mesure";"de";"Poss0";"talent";"-";"-";"à";"<E>";"<E>";"+";"-";"+";"+";"§donner§la mesure de son talent à "
"148";"+";"+";"-";"-";"-";"<E>";" donner";"<E>";"le";"-";"-";" pas";"sur";"<E>";"<E>";"-";"-";"à";"<E>";"<E>";"+";"-";"+";"-";"§donner§le pas sur à "
"149";"+";"-";"-";"-";"+";"ne";" donner";"<E>";"Poss0";"-";"-";" place";"pour";"un";"boulet de canon";"-";"-";"à";"<E>";"<E>";"+";"-";"+";"-";"§ne donner§sa place pour un boulet de canon à "
"150";"+";"-";"-";"-";"+";"ne";" donner";"<E>";"Poss0";"-";"-";" place";"pour";"un";"empire";"-";"-";"à";"<E>";"<E>";"+";"-";"+";"-";"§ne donner§sa place pour un empire à "
"151";"+";"-";"-";"-";"-";"<E>";" donner";"<E>";"un";"-";"-";" tableau noir";"de";"la";"situation";"-";"-";"à";"<E>";"<E>";"+";"-";"+";"+";"§donner§un tableau noir de la situation à "
"152";"+";"-";"-";"-";"-";"<E>";" donner";"<E>";"des";"-";"-";" verges";"pour";"Se-0";"faire battre";"-";"-";"à";"<E>";"<E>";"+";"-";"+";"-";"§donner§des verges pour Se-0 fait battre à "
"153";"+";"-";"-";"-";"-";"<E>";" donner";"<E>";"des";"-";"-";" verges";"pour";"Se-0";"faire fouetter";"-";"-";"à";"<E>";"<E>";"+";"-";"+";"-";"§donner§des verges pour Se-0 fait fouetter à "
"154";"+";"-";"-";"-";"-";"<E>";" dresser";"<E>";"un";"-";"-";" tableau noir";"de";"la";"situation";"-";"-";"à";"<E>";"<E>";"+";"-";"+";"+";"§dresser§un tableau noir de la situation à "
"155";"+";"-";"-";"-";"-";"<E>";" écrire";"<E>";"<E>";"-";"-";" Nmot";"<E>";"<E>";"comment ?";"-";"-";"en";"<E>";"Nlangue";"-";"-";"-";"+";"§écrire§Nmot comment ? en Nlangue "
"156";"+";"-";"-";"-";"-";"<E>";" écrire";"<E>";"<E>";"-";"-";" Nmot";"<E>";"<E>";"comment ?";"-";"-";"en";"<E>";"français";"-";"-";"-";"+";"§écrire§Nmot comment ? en français "
"157";"+";"-";"-";"-";"-";"<E>";" élever";"<E>";"une";"-";"-";" perpendiculaire";"en";"<E>";"A";"-";"-";"à";"<E>";"D";"-";"-";"-";"+";"§élever§une perpendiculaire en A à D "
"158";"+";"-";"-";"-";"-";"<E>";" élever";"<E>";"une";"-";"-";" perpendiculaire";"en";"<E>";"A";"-";"-";"à";"<E>";"P";"-";"-";"-";"+";"§élever§une perpendiculaire en A à P "
"159";"+";"-";"-";"-";"-";"<E>";" élever";"<E>";"une";"-";"-";" perpendiculaire";"à";"<E>";"D";"-";"-";"de";"le";"point A";"-";"-";"-";"+";"§élever§une perpendiculaire à D du point A "
"160";"+";"-";"-";"-";"-";"<E>";" élever";"<E>";"une";"-";"-";" perpendiculaire";"à";"le";"point A";"-";"-";"à";"la";"droite D";"-";"-";"-";"+";"§élever§une perpendiculaire au point A à la droite D "
"161";"+";"-";"-";"-";"-";"<E>";" élever";"<E>";"une";"-";"-";" perpendiculaire";"de";"le";"point A";"-";"-";"sur";"la";"droite D";"-";"-";"-";"+";"§élever§une perpendiculaire du point A sur la droite D "
"162";"+";"-";"-";"-";"-";"<E>";" élever";"<E>";"une";"-";"-";" perpendiculaire";"à";"le";"point A";"-";"-";"à";"le";"plan P";"-";"-";"-";"+";"§élever§une perpendiculaire au point A au plan P "
"163";"+";"-";"-";"-";"-";"<E>";" élever";"<E>";"une";"-";"-";" perpendiculaire";"de";"le";"point A";"-";"-";"sur";"le";"plan P";"-";"-";"-";"+";"§élever§une perpendiculaire du point A sur le plan P "
"164";"+";"-";"-";"-";"-";"<E>";" élever";"<E>";"une";"-";"-";" perpendiculaire à N";"en";"<E>";"<E>";"-";"+";"de";"<E>";"<E>";"-";"+";"-";"+";"§élever§une perpendiculaire à N en de "
"165";"+";"-";"-";"-";"-";"<E>";" emmerder";"<E>";"<E>";"+";"-";" <E>";"à";"<E>";"pied à cheval";"-";"-";"et en";"<E>";"voiture";"-";"-";"-";"-";"§emmerder§à pied à cheval et en voiture "
"166";"+";"-";"-";"-";"-";"<E>";" encourager";"<E>";"<E>";"-";"-";" <E>";"de";"la";"voix";"-";"-";"et de";"le";"geste";"-";"-";"-";"+";"§encourager§de la voix et du geste "
"167";"+";"-";"-";"-";"-";"<E>";" envoyer";"<E>";"<E>";"+";"-";" <E>";"à";"le";"tapis";"-";"-";"pour";"le";"compte";"-";"-";"-";"+";"§envoyer§au tapis pour le compte "
"168";"+";"-";"-";"-";"-";"<E>";" être";"<E>";"<E>";"-";"-";" bras dessus";"<E>";"<E>";"bras dessous";"-";"-";"avec";"<E>";"<E>";"+";"-";"-";"-";"§est§bras dessus bras dessous avec "
"169";"+";"-";"-";"-";"-";"<E>";" être";"<E>";"<E>";"-";"-";" cousin";"à";"le";"n-ième degré";"-";"-";"avec";"<E>";"<E>";"+";"-";"-";"-";"§est§cousin au n-ième degré avec "
"170";"-";"+";"-";"-";"-";"<E>";" être";"<E>";"<E>";"-";"-";" dévolu";"par";"<E>";"<E>";"+";"+";"à";"<E>";"<E>";"+";"-";"+";"-";"§est§dévolu par à "
"171";"+";"-";"+";"-";"-";"s'";" être";"<E>";"<E>";"-";"-";" dit";"<E>";"<E>";"tout";"-";"-";"avec";"<E>";"<E>";"+";"-";"-";"-";"§s'est§dit tout avec "
"172";"-";"+";"-";"-";"-";"<E>";" être";"<E>";"le";"-";"-";" jour";"et";"la";"nuit";"-";"-";"avec";"<E>";"<E>";"+";"+";"-";"-";"§est§le jour et la nuit avec "
"173";"+";"-";"-";"-";"-";"<E>";" être";"de";"<E>";"-";"-";" moitié";"avec";"<E>";"<E>";"+";"-";"Loc";"<E>";"<E>";"-";"+";"+";"-";"§est§de moitié avec Loc "
"174";"+";"-";"-";"-";"-";"<E>";" être";"<E>";"<E>";"-";"-";" toujours";"par";"<E>";"monts";"-";"-";"et par";"<E>";"vaux";"-";"-";"-";"-";"§est§toujours par monts et par vaux "
"175";"-";"+";"-";"-";"-";"<E>";" être";"<E>";"ce qu'il";"-";"-";" y avoir";"de";"plus";"Adj";"-";"-";"à";"<E>";"dire";"-";"-";"-";"-";"§est§ce qu'il y a de plus Adj à dire "
"176";"-";"+";"-";"-";"-";"<E>";" être";"<E>";"ce qu'il";"-";"-";" y avoir";"de";"plus";"Adj";"-";"-";"à";"<E>";"faire";"-";"-";"-";"-";"§est§ce qu'il y a de plus Adj à fait "
"177";"+";"-";"-";"-";"-";"<E>";" faire";"<E>";"<E>";"-";"+";" <E>";"à";"moitié";"prix";"-";"-";"à";"<E>";"<E>";"+";"-";"-";"+";"§fait§à moitié prix à "
"178";"+";"-";"-";"-";"-";"<E>";" faire";"<E>";"<E>";"-";"+";" <E>";"<E>";"le quart du";"prix";"-";"-";"à";"<E>";"<E>";"+";"-";"-";"+";"§fait§le quart du prix à "
"179";"+";"-";"-";"-";"-";"<E>";" faire";"<E>";"<E>";"-";"+";" <E>";"de";"<E>";"bric";"-";"-";"et de";"<E>";"broc";"-";"-";"-";"+";"§fait§de bric et de broc "
"180";"+";"-";"-";"-";"-";"<E>";" faire";"<E>";"<E>";"-";"+";" <E>";"de";"<E>";"pièces";"-";"-";"et de";"<E>";"morceaux";"-";"-";"-";"+";"§fait§de pièces et de morceaux "
"181";"+";"-";"-";"-";"-";"<E>";" faire";"<E>";"<E>";"-";"-";" aïe";"<E>";"<E>";"aïe";"-";"-";"<E>";"<E>";"aïe";"-";"-";"-";"-";"§fait§aïe aïe aïe "
"182";"+";"-";"-";"-";"-";"<E>";" faire";"<E>";"<E>";"-";"-";" ami";"<E>";"<E>";"ami";"-";"-";"avec";"<E>";"<E>";"+";"-";"-";"-";"§fait§ami ami avec "
"183";"+";"+";"-";"-";"-";"<E>";" faire";"<E>";"un";"-";"-";" appel";"de";"le";"pied";"-";"-";"à";"<E>";"<E>";"+";"-";"+";"+";"§fait§un appel du pied à "
"184";"+";"-";"-";"-";"-";"<E>";" faire";"<E>";"le";"-";"-";" article";"pour";"<E>";"<E>";"+";"+";"à";"<E>";"<E>";"+";"-";"+";"-";"§fait§l'article pour à "
"185";"+";"-";"-";"-";"-";"<E>";" faire";"<E>";"<E>";"-";"-";" bloc";"avec";"<E>";"<E>";"+";"-";"contre";"<E>";"<E>";"+";"+";"-";"-";"§fait§bloc avec contre "
"186";"+";"-";"-";"-";"-";"<E>";" faire";"<E>";"<E>";"-";"-";" ça";"à";"la";"esbrouffe";"-";"-";"à";"<E>";"<E>";"+";"-";"+";"-";"§fait§ça à l'esbrouffe à "
"187";"+";"-";"-";"-";"-";"<E>";" faire";"<E>";"<E>";"-";"-";" cadeau";"de";"<E>";"<E>";"+";"+";"à";"<E>";"<E>";"+";"-";"+";"+";"§fait§cadeau d'à "
"188";"+";"-";"-";"-";"-";"<E>";" faire";"<E>";"<E>";"-";"-";" cause commune";"avec";"<E>";"<E>";"+";"-";"contre";"<E>";"<E>";"+";"+";"-";"-";"§fait§cause commune avec contre "
"189";"-";"+";"-";"-";"-";"<E>";" faire";"<E>";"<E>";"-";"-";" combien";"de";"<E>";"Nmesure";"-";"-";"de";"<E>";"épaisseur";"-";"-";"-";"-";"§fait§combien de Nmesure d'épaisseur "
"190";"-";"+";"-";"-";"-";"<E>";" faire";"<E>";"<E>";"-";"-";" combien";"de";"<E>";"Nmesure";"-";"-";"de";"<E>";"haut";"-";"-";"-";"-";"§fait§combien de Nmesure d'haut "
"191";"-";"+";"-";"-";"-";"<E>";" faire";"<E>";"<E>";"-";"-";" combien";"de";"<E>";"Nmesure";"-";"-";"de";"<E>";"hauteur";"-";"-";"-";"-";"§fait§combien de Nmesure d'hauteur "
"192";"-";"+";"-";"-";"-";"<E>";" faire";"<E>";"<E>";"-";"-";" combien";"de";"<E>";"Nmesure";"-";"-";"de";"<E>";"large";"-";"-";"-";"-";"§fait§combien de Nmesure de large "
"193";"-";"+";"-";"-";"-";"<E>";" faire";"<E>";"<E>";"-";"-";" combien";"de";"<E>";"Nmesure";"-";"-";"de";"<E>";"largeur";"-";"-";"-";"-";"§fait§combien de Nmesure de largeur "
"194";"-";"+";"-";"-";"-";"<E>";" faire";"<E>";"<E>";"-";"-";" combien";"de";"<E>";"Nmesure";"-";"-";"de";"<E>";"long";"-";"-";"-";"-";"§fait§combien de Nmesure de long "
"195";"-";"+";"-";"-";"-";"<E>";" faire";"<E>";"<E>";"-";"-";" combien";"de";"<E>";"Nmesure";"-";"-";"de";"<E>";"longueur";"-";"-";"-";"-";"§fait§combien de Nmesure de longueur "
"196";"-";"+";"-";"-";"-";"<E>";" faire";"<E>";"<E>";"-";"-";" combien";"de";"<E>";"Nmesure";"-";"-";"de";"<E>";"profondeur";"-";"-";"-";"-";"§fait§combien de Nmesure de profondeur "
"197";"+";"-";"-";"-";"-";"<E>";" faire";"<E>";"<E>";"-";"-";" copain";"<E>";"<E>";"copain";"-";"-";"avec";"<E>";"<E>";"+";"-";"-";"-";"§fait§copain copain avec "
"198";"-";"-";"-";"-";"-";"<E>";" faire";"<E>";"<E>";"-";"-";" échec";"et";"<E>";"mat";"-";"-";"<E>";"<E>";"<E>";"+";"+";"+";"-";"§fait§échec et mat "
"199";"+";"-";"-";"-";"-";"<E>";" faire";"<E>";"<E>";"-";"-";" étalage";"de";"<E>";"<E>";"-";"+";"à";"<E>";"<E>";"+";"-";"+";"+";"§fait§étalage d'à "
"200";"+";"-";"-";"-";"-";"<E>";" faire";"<E>";"<E>";"-";"-";" fifty";"<E>";"<E>";"fifty";"-";"-";"avec";"<E>";"<E>";"+";"-";"-";"-";"§fait§fifty fifty avec "
"201";"+";"-";"-";"-";"-";"<E>";" faire";"<E>";"<E>";"-";"-";" grâce";"de";"<E>";"<E>";"-";"+";"à";"<E>";"<E>";"+";"-";"+";"+";"§fait§grâce d'à "
"202";"+";"-";"-";"-";"-";"<E>";" faire";"<E>";"une";"-";"-";" guerre";"à";"<E>";"outrance";"-";"-";"à";"<E>";"<E>";"+";"-";"+";"+";"§fait§une guerre à outrance à "
"203";"+";"-";"-";"-";"-";"<E>";" faire";"<E>";"<E>";"-";"-";" ha";"<E>";"<E>";"ha";"-";"-";"à";"<E>";"<E>";"+";"-";"+";"-";"§fait§ha ha à "
"204";"+";"-";"-";"-";"-";"<E>";" faire";"<E>";"<E>";"-";"-";" hommage";"de";"<E>";"<E>";"-";"+";"à";"<E>";"<E>";"+";"-";"+";"+";"§fait§hommage d'à "
"205";"+";"-";"-";"-";"-";"<E>";" faire";"<E>";"les";"-";"-";" honneurs";"de";"<E>";"<E>";"-";"+";"à";"<E>";"<E>";"+";"-";"+";"+";"§fait§les honneurs d'à "
"206";"+";"-";"-";"-";"-";"<E>";" faire";"<E>";"les";"-";"-";" honneurs";"de";"Poss0";"maison";"-";"+";"à";"<E>";"<E>";"+";"-";"+";"+";"§fait§les honneurs de sa maison à "
"207";"-";"+";"-";"-";"+";"ne";" faire";"<E>";"<E>";"-";"-";" jamais";"de";"<E>";"mal";"-";"-";"à";"<E>";"personne";"-";"-";"-";"-";"§ne fait§jamais de mal à personne "
"208";"+";"-";"-";"-";"-";"<E>";" faire";"<E>";"<E>";"-";"-";" jeu";"<E>";"<E>";"égal";"-";"-";"avec";"<E>";"<E>";"+";"-";"-";"+";"§fait§jeu égal avec "
"209";"+";"-";"-";"-";"-";"<E>";" faire";"<E>";"<E>";"-";"-";" ksss";"<E>";"<E>";"ksss";"-";"-";"à";"<E>";"<E>";"+";"-";"+";"-";"§fait§ksss ksss à "
"210";"+";"-";"-";"-";"-";"<E>";" faire";"<E>";"<E>";"-";"-";" lecture";"de";"<E>";"<E>";"-";"+";"à";"<E>";"<E>";"+";"-";"+";"+";"§fait§lecture d'à "
"211";"+";"+";"-";"-";"-";"<E>";" faire";"<E>";"<E>";"-";"-";" mal";"à";"le";"coeur";"-";"-";"à";"<E>";"<E>";"+";"-";"+";"-";"§fait§mal au coeur à "
"212";"+";"+";"-";"-";"-";"<E>";" faire";"<E>";"<E>";"-";"-";" mal";"à";"les";"seins";"-";"-";"à";"<E>";"<E>";"+";"-";"+";"-";"§fait§mal aux seins à "
"213";"+";"+";"-";"-";"-";"<E>";" faire";"<E>";"<E>";"-";"-";" mal";"à";"le";"ventre";"-";"-";"à";"<E>";"<E>";"+";"-";"+";"-";"§fait§mal au ventre à "
"214";"+";"+";"-";"-";"-";"<E>";" faire";"de";"<E>";"-";"-";" même";"qu'à";"<E>";"<E>";"+";"-";"à";"<E>";"<E>";"+";"-";"+";"+";"§fait§de même qu'à à "
"215";"+";"+";"-";"-";"-";"<E>";" faire";"<E>";"la";"-";"-";" même chose";"qu'à";"<E>";"<E>";"+";"-";"à";"<E>";"<E>";"+";"-";"+";"+";"§fait§la même chose qu'à à "
"216";"+";"-";"-";"-";"-";"<E>";" faire";"<E>";"de la";"-";"-";" monnaie";"sur";"<E>";"Nsomme";"-";"-";"à";"<E>";"<E>";"+";"-";"+";"+";"§fait§de la monnaie sur Nsomme à "
"217";"+";"-";"-";"-";"-";"<E>";" faire";"<E>";"de la";"-";"-";" monnaie";"sur";"dix";"francs";"-";"-";"à";"<E>";"<E>";"+";"-";"+";"+";"§fait§de la monnaie sur dix francs à "
"218";"+";"-";"-";"-";"-";"<E>";" faire";"<E>";"un";"-";"-";" nez";"<E>";"<E>";"long";"-";"-";"comme";"<E>";"ça";"-";"-";"-";"-";"§fait§un nez long comme ça "
"219";"+";"-";"-";"-";"-";"<E>";" faire";"<E>";"un";"-";"-";" nez";"<E>";"<E>";"long";"-";"-";"comme";"un";"jour sans pain";"-";"-";"-";"-";"§fait§un nez long comme un jour sans pain "
"220";"+";"-";"-";"-";"-";"<E>";" faire";"<E>";"<E>";"-";"-";" non";"de";"la";"tête";"-";"-";"à";"<E>";"<E>";"+";"-";"+";"+";"§fait§non de la tête à "
"221";"+";"-";"-";"-";"-";"<E>";" faire";"<E>";"<E>";"-";"-";" non";"de";"la";"tête";"-";"-";"à";"<E>";"<E>";"+";"-";"+";"+";"§fait§non de la tête à "
"222";"+";"-";"-";"-";"-";"<E>";" faire";"<E>";"une";"-";"-";" objection";"sur";"<E>";"<E>";"-";"+";"à";"<E>";"<E>";"+";"-";"+";"+";"§fait§une objection sur à "
"223";"+";"-";"-";"-";"-";"<E>";" faire";"<E>";"le";"-";"-";" octroi";"de";"<E>";"<E>";"-";"+";"à";"<E>";"<E>";"+";"-";"+";"+";"§fait§l'octroi d'à "
"224";"-";"+";"-";"-";"-";"<E>";" faire";"<E>";"<E>";"-";"-";" office";"de";"<E>";"<E>";"-";"+";"à";"<E>";"<E>";"+";"-";"+";"-";"§fait§office d'à "
"225";"+";"-";"-";"-";"-";"<E>";" faire";"<E>";"<E>";"-";"-";" oh";"<E>";"<E>";"la";"-";"-";"<E>";"<E>";"la";"-";"-";"-";"-";"§fait§oh la la "
"226";"+";"-";"-";"-";"-";"<E>";" faire";"<E>";"<E>";"-";"-";" oui";"de";"la";"tête";"-";"-";"à";"<E>";"<E>";"+";"-";"+";"+";"§fait§oui de la tête à "
"227";"+";"-";"-";"-";"-";"<E>";" faire";"<E>";"<E>";"-";"-";" oui";"de";"la";"tête";"-";"-";"à";"<E>";"<E>";"+";"-";"+";"+";"§fait§oui de la tête à "
"228";"+";"-";"-";"-";"-";"<E>";" faire";"<E>";"<E>";"-";"-";" ouille";"<E>";"<E>";"ouille";"-";"-";"<E>";"<E>";"ouille";"-";"-";"-";"-";"§fait§ouille ouille ouille "
"229";"+";"-";"-";"-";"-";"<E>";" faire";"<E>";"<E>";"-";"-";" panpan";"<E>";"<E>";"cucu";"-";"-";"à";"<E>";"<E>";"+";"-";"+";"-";"§fait§panpan cucu à "
"230";"+";"+";"-";"-";"-";"<E>";" faire";"<E>";"<E>";"-";"-";" pareil";"qu'à";"<E>";"<E>";"+";"-";"à";"<E>";"<E>";"+";"-";"+";"+";"§fait§pareil qu'à à "
"231";"+";"+";"-";"-";"-";"<E>";" faire";"<E>";"la";"-";"-";" part";"<E>";"<E>";"belle";"-";"-";"à";"<E>";"<E>";"+";"-";"+";"-";"§fait§la part belle à "
"232";"+";"+";"-";"-";"-";"<E>";" faire";"<E>";"la";"-";"-";" partie";"<E>";"<E>";"belle";"-";"-";"à";"<E>";"<E>";"+";"-";"+";"-";"§fait§la partie belle à "
"233";"+";"+";"-";"-";"-";"<E>";" faire";"<E>";"plus de";"-";"-";" peur";"que";"de";"mal";"-";"-";"à";"<E>";"<E>";"+";"-";"+";"-";"§fait§plus de peur que de mal à "
"234";"+";"-";"-";"-";"-";"<E>";" faire";"<E>";"la";"-";"-";" pluie";"et";"le";"beau temps";"-";"-";"Loc";"<E>";"<E>";"+";"+";"+";"-";"§fait§la pluie et le beau temps Loc "
"235";"+";"-";"-";"-";"-";"<E>";" faire";"<E>";"<E>";"-";"-";" présent";"de";"<E>";"<E>";"-";"+";"à";"<E>";"<E>";"+";"-";"+";"+";"§fait§présent d'à "
"236";"+";"-";"-";"-";"-";"<E>";" faire";"<E>";"Det";"-";"-";" rabais";"sur";"<E>";"<E>";"-";"+";"à";"<E>";"<E>";"+";"-";"+";"+";"§fait§un rabais sur à "
"237";"+";"-";"-";"-";"-";"<E>";" faire";"<E>";"Det";"-";"-";" réduction";"sur";"<E>";"<E>";"-";"+";"à";"<E>";"<E>";"+";"-";"+";"+";"§fait§un réduction sur à "
"238";"+";"-";"-";"-";"-";"<E>";" faire";"<E>";"une";"-";"-";" remarque";"sur";"<E>";"<E>";"-";"+";"à";"<E>";"<E>";"+";"-";"+";"+";"§fait§une remarque sur à "
"239";"+";"-";"-";"-";"-";"<E>";" faire";"<E>";"Det";"-";"-";" remise";"sur";"<E>";"<E>";"-";"+";"à";"<E>";"<E>";"+";"-";"+";"+";"§fait§un remise sur à "
"240";"+";"-";"-";"-";"-";"<E>";" faire";"<E>";"un";"-";"-";" rempart";"de";"Poss0";"corps";"-";"-";"à";"<E>";"<E>";"+";"-";"+";"-";"§fait§un rempart de son corps à "
"241";"+";"-";"-";"-";"-";"<E>";" faire";"<E>";"<E>";"-";"-";" retour";"de";"<E>";"<E>";"-";"+";"à";"<E>";"<E>";"+";"-";"+";"+";"§fait§retour d'à "
"242";"+";"+";"-";"-";"-";"<E>";" faire";"<E>";"un";"-";"-";" retour";"en";"<E>";"force";"-";"-";"Loc";"<E>";"<E>";"+";"+";"+";"+";"§fait§un retour en force Loc "
"243";"+";"-";"-";"-";"-";"<E>";" faire";"<E>";"<E>";"-";"-";" signe";"de";"le";"Npc";"-";"-";"à";"<E>";"<E>";"+";"-";"+";"-";"§fait§signe du Npc à "
"244";"+";"-";"-";"-";"-";"<E>";" faire";"<E>";"<E>";"-";"-";" signe";"de";"le";"doigt";"-";"-";"à";"<E>";"<E>";"+";"-";"+";"-";"§fait§signe du doigt à "
"245";"+";"-";"-";"-";"-";"<E>";" faire";"<E>";"<E>";"-";"-";" signe";"de";"la";"main";"-";"-";"à";"<E>";"<E>";"+";"-";"+";"-";"§fait§signe de la main à "
"246";"+";"-";"-";"-";"-";"<E>";" faire";"<E>";"<E>";"-";"-";" signe";"de";"la";"tête";"-";"-";"à";"<E>";"<E>";"+";"-";"+";"-";"§fait§signe de la tête à "
"247";"+";"-";"-";"-";"-";"<E>";" faire";"<E>";"un";"-";"-";" tableau noir";"de";"la";"situation";"-";"-";"à";"<E>";"<E>";"+";"-";"+";"+";"§fait§un tableau noir de la situation à "
"248";"+";"-";"-";"-";"-";"<E>";" faire";"<E>";"une";"-";"-";" tête";"à";"le";"carré";"-";"-";"à";"<E>";"<E>";"+";"-";"+";"-";"§fait§une tête au carré à "
"249";"+";"-";"-";"-";"-";"<E>";" faire";"<E>";"une";"-";"-";" tête";"<E>";"<E>";"grosse comme ça";"-";"-";"à";"<E>";"<E>";"+";"-";"+";"-";"§fait§une tête grosse comme ça à "
"250";"+";"-";"-";"-";"-";"<E>";" faire";"<E>";"une";"-";"-";" tête";"<E>";"<E>";"longue";"-";"-";"comme";"<E>";"ça";"-";"-";"-";"-";"§fait§une tête longue comme ça "
"251";"+";"-";"-";"-";"-";"<E>";" faire";"<E>";"une";"-";"-";" tête";"<E>";"<E>";"longue";"-";"-";"comme";"un";"jour sans pain";"-";"-";"-";"-";"§fait§une tête longue comme un jour sans pain "
"252";"+";"-";"-";"-";"-";"<E>";" faire";"<E>";"<E>";"-";"-";" toc";"<E>";"<E>";"toc";"-";"-";"à";"la";"porte";"-";"-";"-";"+";"§fait§toc toc à la porte "
"253";"-";"+";"-";"-";"-";"<E>";" faire";"<E>";"le";"-";"-";" un";"pour";"le";"autre";"-";"-";"<E>";"<E>";"<E>";"+";"-";"+";"+";"§fait§l'un pour le autre "
"254";"-";"+";"-";"-";"-";"<E>";" faire";"<E>";"la";"-";"-";" une";"pour";"la";"autre";"-";"-";"<E>";"<E>";"<E>";"+";"-";"+";"+";"§fait§l'une pour la autre "
"255";"+";"-";"-";"-";"-";"<E>";" faire";"<E>";"<E>";"-";"-";" vis-";"à-";"<E>";"vis";"-";"-";"à";"<E>";"<E>";"+";"-";"+";"-";"§fait§vis-à-vis à "
"256";"-";"+";"-";"-";"+";"ne";" faire ni";"<E>";"<E>";"-";"-";" chaud";"ni";"<E>";"froid";"-";"-";"à";"<E>";"<E>";"+";"-";"+";"-";"§ne fait ni§chaud ni froid à "
"257";"+";"-";"-";"-";"-";"<E>";" formuler";"<E>";"une";"-";"-";" objection";"sur";"<E>";"<E>";"-";"+";"à";"<E>";"<E>";"+";"-";"+";"+";"§formuler§une objection sur à "
"258";"+";"-";"-";"-";"-";"<E>";" formuler";"<E>";"une";"-";"-";" remarque";"sur";"<E>";"<E>";"-";"+";"à";"<E>";"<E>";"+";"-";"+";"+";"§formuler§une remarque sur à "
"259";"+";"+";"-";"-";"-";"<E>";" frayer";"<E>";"une";"-";"-";" chemin";"Loc";"<E>";"<E>";"-";"+";"à";"<E>";"<E>";"+";"-";"+";"+";"§frayer§une chemin Loc à "
"260";"+";"+";"-";"-";"-";"<E>";" frayer";"<E>";"une";"-";"-";" passage";"Loc";"<E>";"<E>";"-";"+";"à";"<E>";"<E>";"+";"-";"+";"+";"§frayer§une passage Loc à "
"261";"+";"+";"-";"-";"-";"<E>";" frayer";"<E>";"une";"-";"-";" voie";"Loc";"<E>";"<E>";"-";"+";"à";"<E>";"<E>";"+";"-";"+";"+";"§frayer§une voie Loc à "
"262";"+";"-";"-";"-";"-";"<E>";" gagner";"<E>";"<E>";"-";"+";" <E>";"par";"Dnum";"but";"-";"-";"à";"Dnum";"but";"-";"-";"-";"+";"§gagner§par Dnum but à Dnum but "
"263";"+";"-";"-";"-";"-";"<E>";" gagner";"<E>";"<E>";"-";"+";" <E>";"par";"Dnum";"point";"-";"-";"à";"Dnum";"point";"-";"-";"-";"+";"§gagner§par Dnum point à Dnum point "
"264";"+";"-";"-";"-";"-";"<E>";" garantir";"<E>";"<E>";"-";"+";" <E>";"<E>";"<E>";"pièces";"-";"-";"et";"<E>";"main d'oeuvre";"-";"-";"-";"+";"§garantir§pièces et main d'oeuvre "
"265";"+";"+";"-";"-";"-";"<E>";" garder";"<E>";"la";"-";"-";" balance";"<E>";"<E>";"égale";"-";"-";"entre";"<E>";"<E>";"+";"+";"-";"+";"§garder§la balance égale entre "
"266";"+";"-";"-";"-";"-";"<E>";" garder";"<E>";"le";"-";"-";" meilleur";"pur";"la";"fin";"-";"-";"à";"<E>";"<E>";"+";"-";"+";"+";"§garder§le meilleur pur la fin à "
"267";"+";"-";"-";"-";"-";"<E>";" implorer";"<E>";"le";"-";"-";" pardon";"pour";"<E>";"<E>";"+";"-";"à";"<E>";"<E>";"+";"-";"+";"+";"§implorer§le pardon pour à "
"268";"+";"-";"-";"-";"-";"<E>";" implorer";"<E>";"le";"-";"-";" pardon";"pour";"<E>";"<E>";"+";"-";"auprès de";"<E>";"<E>";"+";"-";"-";"+";"§implorer§le pardon pour auprès de "
"269";"+";"-";"-";"-";"-";"<E>";" implorer";"<E>";"<E>";"-";"-";" pitié";"pour";"<E>";"<E>";"+";"-";"à";"<E>";"<E>";"+";"-";"+";"+";"§implorer§pitié pour à "
"270";"+";"-";"-";"-";"-";"<E>";" implorer";"<E>";"<E>";"-";"-";" pitié";"pour";"<E>";"<E>";"+";"-";"auprès de";"<E>";"<E>";"+";"-";"-";"+";"§implorer§pitié pour auprès de "
"271";"+";"-";"-";"-";"-";"<E>";" introduire";"<E>";"<E>";"-";"+";" <E>";"en";"<E>";"contrebande";"-";"-";"Loc";"<E>";"<E>";"+";"+";"+";"+";"§introduire§en contrebande Loc "
"272";"+";"-";"-";"-";"-";"<E>";" introduire";"<E>";"un";"-";"-";" recours";"contre";"<E>";"<E>";"+";"-";"auprès de";"<E>";"<E>";"+";"+";"-";"+";"§introduire§un recours contre auprès de "
"273";"+";"-";"-";"-";"-";"<E>";" jeter";"<E>";"<E>";"+";"+";" <E>";"en";"<E>";"pâture";"-";"-";"à";"<E>";"<E>";"+";"-";"+";"+";"§jeter§en pâture à "
"274";"+";"-";"-";"-";"-";"<E>";" jouer";"à";"<E>";"-";"-";" cache-";"<E>";"<E>";"cache";"-";"-";"avec";"<E>";"<E>";"+";"-";"-";"-";"§jouer§à cache-cache avec "
"275";"+";"-";"-";"-";"-";"<E>";" jouer";"à";"le";"-";"-";" chat";"et à";"la";"souris";"-";"-";"avec";"<E>";"<E>";"+";"-";"-";"-";"§jouer§au chat et à la souris avec "
"276";"+";"-";"-";"-";"-";"<E>";" jouer";"à";"les";"-";"-";" gendarmes";"et à";"les";"voleurs";"-";"-";"avec";"<E>";"<E>";"+";"-";"-";"-";"§jouer§aux gendarmes et aux voleurs avec "
"277";"+";"-";"-";"-";"-";"<E>";" jouer";"à";"le";"-";"-";" papa";"et à";"la";"maman";"-";"-";"avec";"<E>";"<E>";"+";"-";"-";"-";"§jouer§au papa et à la maman avec "
"278";"+";"-";"-";"-";"-";"<E>";" jouer";"à";"<E>";"-";"-";" touche-";"<E>";"<E>";"pipi";"-";"-";"avec";"<E>";"<E>";"+";"-";"-";"-";"§jouer§à touche-pipi avec "
"279";"+";"-";"-";"-";"-";"<E>";" lâcher";"<E>";"Poss0";"-";"-";" sous";"avec";"un";"élastique";"-";"-";"à";"<E>";"<E>";"+";"-";"+";"-";"§lâcher§son sous avec un élastique à "
"280";"+";"-";"-";"-";"-";"<E>";" laisser";"<E>";"<E>";"-";"+";" <E>";"en";"<E>";"héritage";"-";"-";"à";"<E>";"<E>";"+";"-";"+";"+";"§laisser§en héritage à "
"281";"+";"-";"-";"-";"-";"<E>";" laisser";"<E>";"<E>";"-";"+";" <E>";"en";"<E>";"dépôt";"-";"-";"à";"<E>";"<E>";"+";"-";"+";"+";"§laisser§en dépôt à "
"282";"+";"-";"-";"-";"-";"<E>";" laisser";"<E>";"<E>";"-";"+";" <E>";"en";"<E>";"garantie";"-";"-";"à";"<E>";"<E>";"+";"-";"+";"+";"§laisser§en garantie à "
"283";"+";"+";"-";"-";"-";"<E>";" laisser";"<E>";"la";"-";"-";" porte";"<E>";"<E>";"ouverte";"-";"-";"à";"<E>";"<E>";"+";"+";"-";"+";"§laisser§la porte ouverte à "
"284";"+";"+";"-";"-";"-";"<E>";" lier";"<E>";"<E>";"-";"-";" pieds";"et";"<E>";"poings";"-";"-";"à";"<E>";"<E>";"+";"-";"-";"+";"§lier§pieds et poings à "
"285";"+";"+";"-";"-";"-";"<E>";" maintenir";"<E>";"la";"-";"-";" balance";"<E>";"<E>";"égale";"-";"-";"entre";"<E>";"<E>";"+";"-";"-";"+";"§maintenir§la balance égale entre "
"286";"+";"-";"-";"-";"-";"<E>";" mener";"<E>";"Det";"-";"-";" parallèle";"à";"<E>";"<E>";"-";"+";"par";"<E>";"<E>";"-";"+";"-";"+";"§mener§un parallèle à par "
"287";"+";"-";"-";"-";"-";"<E>";" mettrait";"<E>";"<E>";"-";"-";" Paris";"en";"<E>";"bouteille";"-";"-";"avec";"des";"si";"-";"-";"-";"-";"§mettrait§Paris en bouteille avec des si "
"288";"+";"+";"-";"-";"-";"<E>";" mettre";"<E>";"<E>";"+";"+";" <E>";"en";"<E>";"balance";"-";"-";"avec";"<E>";"<E>";"+";"+";"-";"+";"§mettre§en balance avec "
"289";"+";"+";"-";"-";"-";"<E>";" mettre";"<E>";"<E>";"+";"-";" <E>";"en";"<E>";"garde";"-";"-";"contre";"<E>";"<E>";"+";"+";"-";"+";"§mettre§en garde contre "
"290";"+";"-";"-";"-";"-";"<E>";" mettre";"<E>";"<E>";"+";"+";" <E>";"<E>";"plus";"bas";"-";"-";"que";"<E>";"terre";"-";"-";"-";"+";"§mettre§plus bas que terre "
"291";"+";"-";"-";"-";"-";"<E>";" mettre";"<E>";"<E>";"-";"+";" <E>";"à";"<E>";"feu";"-";"-";"et à";"<E>";"sang";"-";"-";"-";"+";"§mettre§à feu et à sang "
"292";"+";"-";"-";"-";"-";"<E>";" mettre";"<E>";"<E>";"-";"+";" <E>";"dans";"Poss0";"poche";"-";"-";"et";"Poss0";"mouchoir par dessus";"-";"-";"-";"+";"§mettre§dans sa poche et son mouchoir par dessus "
"293";"+";"-";"-";"-";"-";"<E>";" mettre";"<E>";"<E>";"-";"+";" <E>";"à";"le";"point";"-";"-";"à";"le";"infini";"-";"-";"-";"+";"§mettre§au point à l'infini "
"294";"+";"-";"+";"-";"-";"se";" mettre";"<E>";"le";"-";"-";" doigt";"dans";"le";"oeil";"-";"-";"jusqu'à";"le";"coude";"-";"-";"-";"-";"§se mettre§le doigt dans l'oeil jusqu'à le coude "
"295";"+";"-";"-";"-";"-";"<E>";" mettre";"<E>";"Det";"-";"-";" idée";"<E>";"<E>";"noir";"-";"-";"sur";"<E>";"blanc";"-";"-";"-";"+";"§mettre§un idée noir sur blanc "
"296";"+";"+";"-";"-";"-";"<E>";" mettre";"<E>";"le";"-";"-";" marché";"en";"<E>";"mains";"-";"-";"à";"<E>";"<E>";"+";"-";"+";"+";"§mettre§le marché en mains à "
"297";"+";"+";"-";"-";"-";"<E>";" montrer";"<E>";"<E>";"+";"+";" <E>";"sous";"un";"jour nouveau";"-";"-";"à";"<E>";"<E>";"+";"-";"+";"+";"§montrer§sous un jour nouveau à "
"298";"+";"+";"-";"-";"-";"<E>";" montrer";"<E>";"<E>";"+";"+";" <E>";"sous";"un";"mauvais jour";"-";"-";"à";"<E>";"<E>";"+";"-";"+";"+";"§montrer§sous un mauvais jour à "
"299";"+";"+";"-";"-";"-";"<E>";" montrer";"<E>";"<E>";"+";"+";" <E>";"sous";"Poss-";"vrai jour";"-";"-";"à";"<E>";"<E>";"+";"-";"+";"+";"§montrer§sous Poss-vrai jour à "
"300";"+";"-";"-";"-";"-";"<E>";" obéir";"à";"le";"-";"-";" doigt";"et à";"le";"oeil";"-";"-";"à";"<E>";"<E>";"+";"-";"+";"-";"§obéir§au doigt et à l'oeil à "
"301";"+";"+";"-";"-";"-";"<E>";" occuper";"<E>";"une";"-";"-";" place";"à";"<E>";"part";"-";"-";"Loc";"<E>";"<E>";"+";"+";"+";"+";"§occuper§une place à part Loc "
"302";"+";"-";"-";"-";"-";"<E>";" offrir";"<E>";"<E>";"-";"+";" <E>";"en";"<E>";"spectacle";"-";"-";"à";"<E>";"<E>";"+";"-";"+";"+";"§offrir§en spectacle à "
"303";"+";"+";"-";"-";"-";"<E>";" ouvrir";"<E>";"une";"-";"-";" chemin";"Loc";"<E>";"<E>";"-";"+";"à";"<E>";"<E>";"+";"-";"+";"+";"§ouvrir§une chemin Loc à "
"304";"+";"-";"-";"-";"-";"<E>";" ouvrir";"<E>";"Poss0";"-";"-";" oreilles";"<E>";"toutes";"grandes";"-";"-";"à";"<E>";"<E>";"+";"+";"+";"+";"§ouvrir§ses oreilles toutes grandes à "
"305";"+";"+";"-";"-";"-";"<E>";" ouvrir";"<E>";"une";"-";"-";" passage";"Loc";"<E>";"<E>";"-";"+";"à";"<E>";"<E>";"+";"-";"+";"+";"§ouvrir§une passage Loc à "
"306";"+";"+";"-";"-";"-";"<E>";" ouvrir";"<E>";"les";"-";"-";" portes de N-hum";"<E>";"toutes";"grandes";"-";"-";"à";"<E>";"<E>";"+";"-";"+";"+";"§ouvrir§les portes de N-hum toutes grandes à "
"307";"+";"+";"-";"-";"-";"<E>";" ouvrir";"<E>";"une";"-";"-";" voie";"Loc";"<E>";"<E>";"-";"+";"à";"<E>";"<E>";"+";"-";"+";"+";"§ouvrir§une voie Loc à "
"308";"+";"-";"-";"-";"-";"<E>";" parler";"de";"<E>";"-";"-";" tout";"et";"de";"rien";"-";"-";"avec";"<E>";"<E>";"+";"-";"-";"-";"§parler§de tout et de rien avec "
"309";"+";"-";"-";"-";"-";"<E>";" partager";"<E>";"<E>";"-";"+";" <E>";"en";"<E>";"frères";"-";"-";"avec";"<E>";"<E>";"+";"-";"-";"+";"§partager§en frères avec "
"310";"+";"-";"-";"-";"-";"<E>";" passer";"<E>";"la";"-";"-";" rhubarbe";"pour";"<E>";"avoir le séné";"-";"-";"à";"<E>";"<E>";"+";"-";"+";"-";"§passer§la rhubarbe pour a le séné à "
"311";"+";"-";"-";"-";"-";"<E>";" pendre";"<E>";"<E>";"-";"-";" haut";"et";"<E>";"court";"-";"-";"<E>";"<E>";"<E>";"+";"-";"-";"+";"§pendre§haut et court "
"312";"+";"-";"-";"-";"-";"<E>";" perdre";"<E>";"<E>";"-";"-";" corps";"et";"<E>";"biens";"-";"-";"<E>";"<E>";"<E>";"-";"+";"-";"+";"§perdre§corps et biens "
"313";"+";"-";"-";"-";"-";"<E>";" placer";"<E>";"plus";"-";"-";" bas";"que";"<E>";"terre";"-";"-";"<E>";"<E>";"<E>";"+";"-";"-";"+";"§placer§plus bas que terre "
"314";"+";"-";"-";"-";"-";"<E>";" plaider";"<E>";"le";"-";"-";" faux";"pour";"<E>";"savoir";"-";"-";"<E>";"le";"vrai";"-";"-";"-";"-";"§plaider§le faux pour savoir le vrai "
"315";"+";"+";"-";"-";"-";"<E>";" porter";"<E>";"<E>";"+";"-";" <E>";"<E>";"<E>";"haut";"-";"-";"dans";"la";"estime de Nhum";"-";"-";"-";"+";"§porter§haut dans l'estime de Nhum "
"316";"+";"-";"+";"-";"-";"se";" poser";"<E>";"un";"-";"-";" peu";"<E>";"<E>";"là";"-";"-";"comme";"<E>";"<E>";"+";"-";"-";"-";"§se poser§un peu là comme "
"317";"+";"-";"-";"-";"-";"<E>";" prendre";"<E>";"<E>";"-";"-";" avis";"sur";"<E>";"<E>";"-";"+";"de";"<E>";"<E>";"+";"-";"-";"+";"§prendre§avis sur de "
"318";"+";"-";"-";"-";"-";"<E>";" prendre";"<E>";"<E>";"-";"-";" fait";"et";"<E>";"cause";"-";"-";"pour";"<E>";"<E>";"+";"+";"-";"+";"§prendre§fait et cause pour "
"319";"+";"-";"-";"-";"-";"<E>";" prêter";"<E>";"<E>";"-";"+";" <E>";"sur";"Poss0";"bonne mine";"-";"-";"à";"<E>";"<E>";"+";"-";"-";"+";"§prêter§sur sa bonne mine à "
"320";"+";"-";"-";"-";"-";"<E>";" promettre";"<E>";"plus de";"-";"-";" beurre";"que";"de";"pain";"-";"-";"à";"<E>";"<E>";"+";"-";"+";"+";"§promettre§plus de beurre que de pain à "
"321";"+";"-";"-";"-";"-";"<E>";" promettre";"<E>";"<E>";"-";"-";" merveilles";"de";"<E>";"<E>";"+";"+";"à";"<E>";"<E>";"+";"-";"+";"+";"§promettre§merveilles d'à "
"322";"+";"-";"-";"-";"-";"<E>";" promettre";"<E>";"<E>";"-";"-";" monts";"et";"<E>";"merveilles";"-";"-";"à";"<E>";"<E>";"+";"-";"+";"+";"§promettre§monts et merveilles à "
"323";"+";"-";"-";"-";"-";"<E>";" prononcer";"<E>";"<E>";"-";"-";" Nmot";"<E>";"<E>";"comment ?";"-";"-";"en";"<E>";"Nlangue";"-";"-";"-";"+";"§prononcer§Nmot comment ? en Nlangue "
"324";"+";"-";"-";"-";"-";"<E>";" prononcer";"<E>";"<E>";"-";"-";" Nmot";"<E>";"<E>";"comment ?";"-";"-";"en";"<E>";"français";"-";"-";"-";"+";"§prononcer§Nmot comment ? en français "
"325";"+";"-";"-";"-";"-";"<E>";" recevoir";"<E>";"<E>";"-";"+";" <E>";"en";"<E>";"aumône";"-";"-";"de";"<E>";"<E>";"+";"-";"+";"+";"§recevoir§en aumône de "
"326";"+";"-";"-";"-";"-";"<E>";" recevoir";"<E>";"<E>";"-";"+";" <E>";"en";"<E>";"cadeau";"-";"-";"de";"<E>";"<E>";"+";"-";"+";"+";"§recevoir§en cadeau de "
"327";"+";"-";"-";"-";"-";"<E>";" recevoir";"<E>";"<E>";"-";"+";" <E>";"en";"<E>";"compensation de N-hum";"-";"-";"de";"<E>";"<E>";"+";"-";"-";"+";"§recevoir§en compensation de N-hum de "
"328";"+";"-";"-";"-";"-";"<E>";" recevoir";"<E>";"<E>";"-";"+";" <E>";"au";"<E>";"compte-goutte";"-";"-";"de";"<E>";"<E>";"+";"-";"+";"+";"§recevoir§au compte-goutte de "
"329";"+";"-";"-";"-";"-";"<E>";" recevoir";"<E>";"<E>";"-";"+";" <E>";"en";"<E>";"consolation de N-hum";"-";"-";"de";"<E>";"<E>";"+";"-";"-";"+";"§recevoir§en consolation de N-hum de "
"330";"+";"-";"-";"-";"-";"<E>";" recevoir";"<E>";"<E>";"-";"+";" <E>";"en";"<E>";"dépôt";"-";"-";"de";"<E>";"<E>";"+";"-";"+";"+";"§recevoir§en dépôt de "
"331";"+";"-";"-";"-";"-";"<E>";" recevoir";"<E>";"<E>";"-";"+";" <E>";"en";"<E>";"échange de N-hum";"-";"-";"de";"<E>";"<E>";"+";"-";"+";"+";"§recevoir§en échange de N-hum de "
"332";"+";"-";"-";"-";"-";"<E>";" recevoir";"<E>";"<E>";"-";"+";" <E>";"en";"<E>";"gage";"-";"-";"de";"<E>";"<E>";"+";"-";"+";"+";"§recevoir§en gage de "
"333";"+";"-";"-";"-";"-";"<E>";" recevoir";"<E>";"<E>";"-";"+";" <E>";"en";"<E>";"héritage";"-";"-";"de";"<E>";"<E>";"+";"-";"+";"+";"§recevoir§en héritage de "
"334";"+";"-";"-";"-";"-";"<E>";" recevoir";"<E>";"<E>";"-";"+";" <E>";"en";"<E>";"gage de N-hum";"-";"-";"de";"<E>";"<E>";"+";"-";"+";"+";"§recevoir§en gage de N-hum de "
"335";"+";"-";"-";"-";"-";"<E>";" recevoir";"<E>";"<E>";"-";"+";" <E>";"en";"<E>";"garantie de N-hum";"-";"-";"de";"<E>";"<E>";"+";"-";"+";"+";"§recevoir§en garantie de N-hum de "
"336";"+";"-";"-";"-";"-";"<E>";" recevoir";"<E>";"<E>";"-";"+";" <E>";"en";"<E>";"partage";"-";"-";"de";"<E>";"<E>";"+";"-";"+";"+";"§recevoir§en partage de "
"337";"+";"-";"-";"-";"-";"<E>";" recevoir";"<E>";"<E>";"-";"+";" <E>";"en";"<E>";"pâture";"-";"-";"de";"<E>";"<E>";"+";"-";"+";"+";"§recevoir§en pâture de "
"338";"+";"-";"-";"-";"-";"<E>";" recevoir";"<E>";"<E>";"-";"+";" <E>";"en";"<E>";"prêt";"-";"-";"de";"<E>";"<E>";"+";"-";"+";"+";"§recevoir§en prêt de "
"339";"+";"-";"-";"-";"-";"<E>";" recevoir";"<E>";"<E>";"-";"+";" <E>";"en";"<E>";"retour de N-hum";"-";"-";"de";"<E>";"<E>";"+";"-";"+";"+";"§recevoir§en retour de N-hum de "
"340";"+";"-";"-";"-";"-";"<E>";" remettre";"<E>";"<E>";"-";"+";" <E>";"en";"<E>";"dépôt";"-";"-";"à";"<E>";"<E>";"+";"-";"+";"+";"§remettre§en dépôt à "
"341";"+";"-";"-";"-";"-";"<E>";" remettre";"<E>";"<E>";"-";"+";" <E>";"en";"<E>";"mains propres";"-";"-";"à";"<E>";"<E>";"+";"-";"+";"+";"§remettre§en mains propres à "
"342";"+";"-";"-";"-";"-";"<E>";" rendre";"<E>";"<E>";"-";"+";" <E>";"à";"le";"n-uple";"-";"-";"à";"<E>";"<E>";"+";"-";"+";"+";"§rendre§au n-uple à "
"343";"+";"-";"-";"-";"-";"<E>";" rendre";"<E>";"<E>";"-";"+";" <E>";"à";"le";"centuple";"-";"-";"à";"<E>";"<E>";"+";"-";"+";"+";"§rendre§au centuple à "
"344";"+";"-";"-";"-";"-";"<E>";" rendre";"<E>";"<E>";"-";"+";" <E>";"avec";"<E>";"intérêt";"-";"-";"à";"<E>";"<E>";"+";"-";"+";"+";"§rendre§avec intérêt à "
"345";"+";"-";"-";"-";"-";"<E>";" rendre";"<E>";"<E>";"-";"+";" <E>";"avec";"<E>";"usure";"-";"-";"à";"<E>";"<E>";"+";"-";"+";"+";"§rendre§avec usure à "
"346";"+";"-";"-";"-";"-";"<E>";" rendre";"<E>";"<E>";"-";"-";" coup";"pour";"<E>";"coup";"-";"-";"à";"<E>";"<E>";"+";"-";"+";"+";"§rendre§coup pour coup à "
"347";"+";"-";"-";"-";"-";"<E>";" rendre";"<E>";"le";"-";"-";" mal";"pour";"le";"mal";"-";"-";"à";"<E>";"<E>";"+";"-";"+";"+";"§rendre§le mal pour le mal à "
"348";"+";"-";"-";"-";"-";"<E>";" rendre";"<E>";"la";"-";"-";" monnaie";"sur";"<E>";"Nsomme";"-";"-";"à";"<E>";"<E>";"+";"-";"+";"+";"§rendre§la monnaie sur Nsomme à "
"349";"+";"-";"-";"-";"-";"<E>";" rendre";"<E>";"la";"-";"-";" monnaie";"sur";"dix";"francs";"-";"-";"à";"<E>";"<E>";"+";"-";"+";"+";"§rendre§la monnaie sur dix francs à "
"350";"+";"-";"-";"-";"-";"<E>";" rendre";"<E>";"la";"-";"-";" monnaie";"de";"Poss-";"pièce";"-";"-";"à";"<E>";"<E>";"+";"-";"+";"+";"§rendre§la monnaie de Poss-pièce à "
"351";"+";"+";"-";"-";"-";"<E>";" rendre";"<E>";"la";"-";"-";" réciproque";"de";"<E>";"<E>";"-";"+";"à";"<E>";"<E>";"+";"-";"+";"+";"§rendre§la réciproque d'à "
"352";"+";"-";"-";"-";"-";"<E>";" renoncer";"à";"<E>";"-";"-";" Satan";"à";"ses";"pompes";"-";"-";"et à";"ses";"oeuvres";"-";"-";"-";"-";"§renoncer§à Satan à ses pompes et à ses oeuvres "
"353";"+";"+";"-";"-";"-";"<E>";" renvoyer";"<E>";"<E>";"-";"-";" dos à dos";"<E>";"<E>";"<E>";"+";"-";"avec";"<E>";"<E>";"+";"-";"-";"+";"§renvoyer§dos à dos avec "
"354";"+";"-";"-";"-";"-";"<E>";" répondre";"par";"<E>";"-";"-";" oui";"ou";"par";"non";"-";"-";"à";"<E>";"<E>";"+";"+";"+";"-";"§répondre§par oui ou par non à "
"355";"+";"-";"-";"-";"-";"<E>";" reprendre";"<E>";"la";"-";"-";" vie";"en";"<E>";"commun";"-";"-";"avec";"<E>";"<E>";"+";"-";"-";"-";"§reprendre§la vie en commun avec "
"356";"+";"-";"-";"-";"-";"<E>";" réserver";"<E>";"le";"-";"-";" meilleur";"pur";"la";"fin";"-";"-";"à";"<E>";"<E>";"+";"-";"+";"+";"§réserver§le meilleur pur la fin à "
"357";"+";"-";"-";"-";"-";"<E>";" ressembler";"<E>";"<E>";"-";"-";" trait";"pour";"<E>";"trait";"-";"-";"à";"<E>";"<E>";"+";"-";"+";"-";"§ressembler§trait pour trait à "
"358";"+";"-";"-";"-";"-";"<E>";" sentir";"<E>";"le";"-";"-";" rouge";"<E>";"Lui-0";"monter";"-";"-";"à";"la";"face";"-";"-";"-";"+";"§sentir§le rouge lui monter à la face "
"359";"+";"-";"-";"-";"-";"<E>";" sentir";"<E>";"le";"-";"-";" rouge";"<E>";"Lui-0";"monter";"-";"-";"à";"le";"visage";"-";"-";"-";"+";"§sentir§le rouge lui monter au visage "
"360";"+";"-";"-";"-";"-";"<E>";" servir";"<E>";"<E>";"-";"+";" <E>";"sur";"un";"plateau";"-";"-";"à";"<E>";"<E>";"+";"-";"+";"+";"§servir§sur un plateau à "
"361";"+";"-";"-";"-";"-";"<E>";" tenir";"<E>";"<E>";"+";"-";" <E>";"<E>";"<E>";"serré";"-";"-";"contre";"<E>";"Lui-0";"-";"-";"-";"+";"§tenir§serré contre lui "
"362";"+";"-";"-";"-";"-";"<E>";" tenir";"<E>";"la";"-";"-";" bride";"<E>";"<E>";"haute";"-";"-";"à";"<E>";"<E>";"+";"-";"+";"-";"§tenir§la bride haute à "
"363";"-";"+";"-";"-";"-";"<E>";" tenir";"<E>";"<E>";"-";"-";" lieu";"de";"<E>";"<E>";"-";"+";"à";"<E>";"<E>";"+";"-";"+";"-";"§tenir§lieu d'à "
"364";"-";"+";"-";"-";"-";"<E>";" tenir";"<E>";"<E>";"-";"-";" office";"de";"<E>";"<E>";"-";"+";"à";"<E>";"<E>";"+";"-";"+";"-";"§tenir§office d'à "
"365";"+";"+";"-";"-";"-";"<E>";" tirer";"<E>";"<E>";"+";"-";" <E>";"à";"<E>";"hue";"-";"-";"et à";"<E>";"dia";"-";"-";"-";"+";"§tirer§à hue et à dia "
"366";"+";"-";"-";"-";"-";"<E>";" tirer";"<E>";"les";"-";"-";" marrons";"de";"le";"feu";"-";"-";"pour";"<E>";"<E>";"+";"-";"-";"-";"§tirer§les marrons du feu pour "
"367";"+";"-";"-";"-";"-";"<E>";" tirer";"<E>";"un";"-";"-";" nez";"<E>";"<E>";"long";"-";"-";"comme";"<E>";"ça";"-";"-";"-";"-";"§tirer§un nez long comme ça "
"368";"+";"-";"-";"-";"-";"<E>";" tirer";"<E>";"un";"-";"-";" nez";"<E>";"<E>";"long";"-";"-";"comme";"un";"jour sans pain";"-";"-";"-";"-";"§tirer§un nez long comme un jour sans pain "
"369";"+";"-";"-";"-";"-";"<E>";" tirer";"<E>";"une";"-";"-";" tête";"<E>";"<E>";"longue";"-";"-";"comme";"<E>";"ça";"-";"-";"-";"-";"§tirer§une tête longue comme ça "
"370";"+";"-";"-";"-";"-";"<E>";" tirer";"<E>";"une";"-";"-";" tête";"<E>";"<E>";"longue";"-";"-";"comme";"un";"jour sans pain";"-";"-";"-";"-";"§tirer§une tête longue comme un jour sans pain "
"371";"+";"-";"-";"-";"-";"<E>";" tomber";"de";"<E>";"-";"-";" accord";"avec";"<E>";"<E>";"-";"+";"sur";"<E>";"<E>";"-";"+";"-";"-";"§tomber§d'accord avec sur "
"372";"+";"-";"-";"-";"-";"<E>";" tourner";"<E>";"sept";"-";"-";" fois";"<E>";"Poss0";"langue";"-";"-";"dans";"Poss0";"bouche";"-";"-";"-";"-";"§tourner§sept fois sa langue dans sa bouche "
"373";"+";"+";"-";"-";"-";"<E>";" tracer";"<E>";"le";"-";"-";" chemin";"à";"<E>";"suivre";"-";"-";"à";"<E>";"<E>";"+";"-";"+";"+";"§tracer§le chemin à suivre à "
"374";"+";"+";"-";"-";"-";"<E>";" tracer";"<E>";"la";"-";"-";" marche";"à";"<E>";"suivre";"-";"-";"à";"<E>";"<E>";"+";"-";"+";"-";"§tracer§la marche à suivre à "
"375";"+";"+";"-";"-";"-";"<E>";" tracer";"<E>";"la";"-";"-";" route";"à";"<E>";"suivre";"-";"-";"à";"<E>";"<E>";"+";"-";"+";"+";"§tracer§la route à suivre à "
"376";"+";"+";"-";"-";"-";"<E>";" tracer";"<E>";"la";"-";"-";" voie";"à";"<E>";"suivre";"-";"-";"à";"<E>";"<E>";"+";"-";"+";"-";"§tracer§la voie à suivre à "
"377";"+";"-";"-";"-";"-";"<E>";" traiter";"<E>";"<E>";"-";"+";" <E>";"sur";"un";"pied d'égalité";"-";"-";"avec";"<E>";"<E>";"+";"-";"-";"+";"§traiter§sur un pied d'égalité avec "
"378";"+";"-";"-";"-";"-";"<E>";" traiter";"<E>";"plus";"-";"-";" bas";"que";"<E>";"terre";"-";"-";"<E>";"<E>";"<E>";"+";"-";"-";"+";"§traiter§plus bas que terre "
"379";"+";"-";"-";"-";"-";"<E>";" traiter";"de";"<E>";"-";"-";" égal";"à";"<E>";"égal";"-";"-";"avec";"<E>";"<E>";"+";"-";"-";"-";"§traiter§d'égal à égal avec "
"380";"+";"-";"-";"-";"-";"<E>";" trouver";"<E>";"<E>";"-";"-";" acheteur";"de";"<E>";"<E>";"-";"+";"pour";"<E>";"Nsomme";"-";"-";"-";"+";"§trouver§acheteur de pour Nsomme "
"381";"+";"-";"-";"-";"-";"<E>";" trouver";"<E>";"<E>";"-";"-";" acquéreur";"de";"<E>";"<E>";"-";"+";"pour";"<E>";"Nsomme";"-";"-";"-";"+";"§trouver§acquéreur de pour Nsomme "
"382";"+";"-";"+";"-";"-";"se";" trouver";"<E>";"<E>";"-";"-";" face";"à";"<E>";"face";"-";"-";"avec";"<E>";"<E>";"+";"-";"-";"-";"§se trouver§face à face avec "
"383";"+";"-";"+";"-";"-";"se";" trouver";"<E>";"<E>";"-";"-";" nez";"à";"<E>";"nez";"-";"-";"avec";"<E>";"<E>";"+";"-";"-";"-";"§se trouver§nez à nez avec "
"384";"+";"-";"-";"-";"-";"<E>";" trouver";"<E>";"<E>";"-";"-";" preneur";"de";"<E>";"<E>";"-";"+";"pour";"<E>";"Nsomme";"-";"-";"-";"+";"§trouver§preneur de pour Nsomme "
"385";"+";"-";"-";"-";"-";"<E>";" unir";"<E>";"<E>";"+";"-";" <E>";"par";"les";"liens du mariage";"-";"-";"avec";"<E>";"<E>";"+";"-";"-";"+";"§unir§par les liens du mariage avec "
"386";"+";"-";"-";"-";"-";"<E>";" unir";"<E>";"<E>";"+";"-";" <E>";"par";"les";"liens sacrés du mariage";"-";"-";"avec";"<E>";"<E>";"+";"-";"-";"+";"§unir§par les liens sacrés du mariage avec "
"387";"+";"-";"-";"-";"-";"<E>";" vivre";"<E>";"<E>";"-";"-";" porte";"à";"<E>";"porte";"-";"-";"avec";"<E>";"<E>";"+";"-";"-";"-";"§vivre§porte à porte avec "
