"<ID>";"N0 =: Nhum";"N0 =: N-hum";"Ppv =: se figé";"Ppv =: en figé";"Ppv =: le figé";"Ppv =: Neg";"<ENT>Ppv";"<ENT>V";"N0 V";"V0-inf W";"Question indirecte";"<ENT>Prép1";"<ENT>Det1";"<ENT>C1";"N1 =: Nhum";"N1 =: N-hum";"<ENT>V2";"<ENT>PrépDetv";"<ENT>Cv";"Nv =: Nhum";"Nv =: N-hum";"Exemple"
"1";"+";"-";"-";"-";"-";"-";"<E>";" accepter";"-";"+";"-";"de";"<E>";"<E>";"-";"-";"répondre";"aux";"questions de Nhum";"-";"-";"§accepter§de répondre aux questions de Nhum "
"2";"+";"-";"-";"-";"-";"-";"<E>";" accepter";"-";"+";"-";"de";"<E>";"<E>";"-";"-";"répondre";"aux";"questions des journalistes";"-";"-";"§accepter§de répondre aux questions des journalistes "
"3";"-";"+";"-";"-";"-";"-";"<E>";" aider";"-";"-";"-";"à";"<E>";"<E>";"-";"-";"vivre";"<E>";"<E>";"-";"-";"§aider§à vivre "
"4";"+";"-";"-";"-";"-";"+";"n'";" aimer pas";"-";"+";"-";"à";"le";"coin d'un bois";"-";"-";"rencontrer";"<E>";"<E>";"+";"-";"§n'aimer pas§au coin d'un bois rencontrer "
"5";"+";"-";"-";"-";"-";"-";"<E>";" aimerait";"-";"+";"-";"<E>";"<E>";"<E>";"-";"-";"voir";"<E>";"ça !";"-";"-";"§aimerait§voir ça! "
"6";"+";"-";"-";"-";"-";"-";"<E>";" aimerait";"-";"+";"-";"<E>";"<E>";"<E>";"-";"-";"y voir";"<E>";"<E>";"+";"-";"§aimerait§y voir "
"7";"-";"+";"-";"-";"-";"-";"<E>";" aller";"-";"-";"-";"<E>";"<E>";"<E>";"-";"-";"chercher";"<E>";"<E>";"-";"+";"§aller§chercher "
"8";"-";"+";"-";"-";"-";"-";"<E>";" aller";"-";"-";"-";"<E>";"<E>";"<E>";"-";"-";"chercher";"<E>";"loin";"-";"-";"§aller§chercher loin "
"9";"+";"-";"-";"-";"-";"-";"<E>";" aller";"-";"+";"-";"<E>";"<E>";"<E>";"-";"-";"planter";"Poss0";"choux";"-";"-";"§aller§planter son choux "
"10";"+";"-";"-";"-";"-";"-";"<E>";" aller";"-";"+";"-";"<E>";"<E>";"<E>";"-";"-";"quérir";"<E>";"<E>";"+";"+";"§aller§quérir "
"11";"-";"+";"-";"-";"-";"-";"<E>";" aller";"-";"-";"-";"à";"<E>";"<E>";"-";"-";"ravir";"à";"<E>";"+";"-";"§aller§à ravir à "
"12";"-";"+";"-";"-";"-";"-";"<E>";" aller";"-";"+";"-";"<E>";"<E>";"<E>";"-";"-";"se passer";"<E>";"<E>";"-";"-";"§aller§se passer "
"13";"+";"-";"-";"-";"-";"-";"<E>";" aller";"-";"+";"-";"<E>";"<E>";"<E>";"-";"-";"se rhabiller";"<E>";"<E>";"-";"-";"§aller§se rhabiller "
"14";"+";"-";"-";"-";"-";"-";"<E>";" aller";"-";"-";"-";"et";"<E>";"<E>";"-";"-";"venir";"<E>";"<E>";"-";"-";"§aller§et venir "
"15";"+";"-";"-";"-";"-";"-";"<E>";" aller";"-";"+";"-";"avec";"une";"fourche";"-";"-";"chercher";"de la";"eau";"-";"-";"§aller§avec une fourche chercher de l'eau "
"16";"+";"-";"-";"-";"-";"-";"<E>";" aller";"-";"+";"-";"dans";"cette";"galère";"-";"-";"faire";"<E>";"quoi?";"-";"-";"§aller§dans cette galère fait quoi? "
"17";"+";"-";"-";"-";"-";"-";"<E>";" aller";"-";"-";"+";"ou";"<E>";"ne pouvoir aller";"+";"-";"à";"Poss0";"place";"-";"-";"§aller§ou ne pouvoir aller à sa place "
"18";"+";"-";"-";"-";"-";"-";"<E>";" aller";"-";"-";"+";"où";"le";"roi";"-";"-";"va";"à";"pied";"-";"-";"§aller§où le roi va à pied "
"19";"+";"-";"-";"-";"-";"-";"<E>";" aller";"-";"+";"-";"<E>";"<E>";"se faire";"-";"-";"cuire";"un";"oeuf";"-";"-";"§aller§se fait cuire un oeuf "
"20";"+";"-";"-";"-";"-";"-";"<E>";" aller";"-";"+";"-";"<E>";"<E>";"se faire";"-";"-";"enculer";"chez les";"Grecs";"-";"-";"§aller§se fait enculer chez les Grecs "
"21";"+";"-";"-";"-";"-";"-";"<E>";" aller";"-";"+";"-";"<E>";"<E>";"se faire";"-";"-";"fiche";"<E>";"<E>";"-";"-";"§aller§se fait fiche "
"22";"+";"-";"-";"-";"-";"-";"<E>";" aller";"-";"+";"-";"<E>";"<E>";"se faire";"-";"-";"foutre";"<E>";"<E>";"-";"-";"§aller§se fait foutre "
"23";"+";"-";"-";"-";"-";"-";"<E>";" aller";"-";"+";"-";"<E>";"<E>";"se faire";"-";"-";"pendre";"<E>";"ailleurs";"-";"-";"§aller§se fait pendre ailleurs "
"24";"+";"-";"-";"-";"-";"-";"<E>";" aller";"-";"+";"-";"<E>";"<E>";"se faire";"-";"-";"voir";"<E>";"<E>";"-";"-";"§aller§se fait voir "
"25";"+";"-";"-";"-";"-";"-";"<E>";" aller";"-";"+";"-";"<E>";"<E>";"se faire";"-";"-";"voir";"<E>";"ailleurs";"-";"-";"§aller§se fait voir ailleurs "
"26";"+";"-";"-";"-";"-";"-";"<E>";" aller";"-";"-";"+";"où";"le";"vent";"-";"-";"le pousser";"<E>";"<E>";"-";"-";"§aller§où le vent le pousser "
"27";"-";"+";"+";"-";"-";"-";"s'";" améliorer";"-";"-";"-";"en";"<E>";"<E>";"-";"-";"vieillissant";"<E>";"<E>";"-";"+";"§s'améliorer§en vieillissant "
"28";"+";"-";"+";"-";"-";"-";"s'";" appeler";"-";"-";"-";"<E>";"<E>";"<E>";"-";"-";"reviens";"<E>";"<E>";"-";"-";"§s'appeler§reviens "
"29";"+";"-";"-";"-";"-";"-";"<E>";" apprendre";"-";"+";"-";"à";"<E>";"<E>";"-";"-";"connaître";"<E>";"<E>";"+";"-";"§apprendre§à connaître "
"30";"+";"-";"-";"-";"-";"-";"<E>";" apprendre";"-";"+";"-";"à";"<E>";"<E>";"-";"-";"se connaître";"avec";"<E>";"+";"-";"§apprendre§à se connaître avec "
"31";"+";"+";"-";"-";"-";"-";"<E>";" apprendre";"-";"-";"-";"à";"<E>";"<E>";"-";"-";"vivre";"à";"<E>";"+";"-";"§apprendre§à vivre à "
"32";"+";"-";"-";"-";"-";"-";"<E>";" arrêter";"-";"+";"-";"de";"<E>";"<E>";"-";"-";"fumer";"<E>";"<E>";"-";"-";"§arrêter§de fumer "
"33";"+";"-";"-";"-";"-";"-";"<E>";" attendre";"-";"-";"-";"que";"les";"alouettes";"-";"-";"tombent";"toutes";"rôties";"-";"-";"§attendre§que les alouettes tombent toutes rôties "
"34";"+";"-";"-";"-";"-";"-";"<E>";" attendre";"-";"-";"-";"que";"la deuxième";"chaussure";"-";"-";"retombe";"<E>";"<E>";"-";"-";"§attendre§que la deuxième chaussure retombe "
"35";"+";"-";"-";"-";"-";"-";"<E>";" aurait";"-";"-";"+";"fait";"mieux";"de";"-";"-";"rester";"<E>";"tranquille";"-";"-";"§aurait§fait mieux de rester tranquille "
"36";"+";"-";"-";"-";"-";"-";"<E>";" aurait";"-";"-";"+";"fait";"mieux";"de";"-";"-";"rester";"<E>";"couché";"-";"-";"§aurait§fait mieux de rester couché "
"37";"+";"-";"-";"-";"-";"-";"<E>";" aurait";"-";"-";"+";"fait";"mieux";"de";"-";"-";"se casser";"une";"jambe";"-";"-";"§aurait§fait mieux de se casser une jambe "
"38";"+";"-";"-";"-";"-";"-";"<E>";" aurait";"-";"-";"+";"fait";"mieux";"de";"-";"-";"se tenir";"<E>";"tranquille";"-";"-";"§aurait§fait mieux de se tenir tranquille "
"39";"+";"-";"-";"-";"-";"-";"<E>";" avoir";"-";"+";"-";"à";"<E>";"<E>";"-";"-";"connaître";"de";"<E>";"+";"+";"§avoir§à connaître de "
"40";"+";"-";"-";"-";"-";"-";"<E>";" avoir";"-";"+";"-";"à";"<E>";"<E>";"-";"-";"en découdre";"<E>";"<E>";"-";"-";"§avoir§à en découdre "
"41";"+";"-";"-";"-";"-";"-";"<E>";" avoir";"-";"+";"-";"à";"<E>";"<E>";"-";"-";"faire";"<E>";"<E>";"-";"-";"§avoir§à fait "
"42";"+";"-";"-";"-";"-";"-";"<E>";" avoir";"-";"-";"+";"<E>";"loin";"à";"-";"-";"aller";"<E>";"<E>";"-";"-";"§avoir§loin à aller "
"43";"+";"-";"-";"-";"-";"-";"<E>";" avoir";"-";"-";"+";"<E>";"quelque chose";"à";"-";"-";"se reprocher";"<E>";"<E>";"-";"-";"§avoir§quelque chose à se reprocher "
"44";"+";"-";"-";"-";"-";"-";"<E>";" avoir";"-";"-";"+";"de";"<E>";"qui";"-";"-";"tenir";"<E>";"<E>";"-";"-";"§avoir§de qui tenir "
"45";"+";"-";"-";"-";"-";"-";"<E>";" avoir";"-";"+";"+";"de";"<E>";"quoi";"-";"-";"faire";"<E>";"<E>";"-";"-";"§avoir§de quoi fait "
"46";"+";"-";"-";"-";"-";"-";"<E>";" avoir";"-";"+";"+";"de";"<E>";"quoi";"-";"-";"vivre";"<E>";"<E>";"-";"-";"§avoir§de quoi vivre "
"47";"+";"-";"-";"-";"-";"-";"<E>";" avoir appris";"-";"-";"-";"<E>";"<E>";"à";"-";"-";"se conduire";"<E>";"où ?";"-";"-";"§avoir appris§à se conduire où ? "
"48";"+";"-";"-";"-";"-";"-";"<E>";" avoir appris";"-";"-";"-";"<E>";"<E>";"à";"-";"-";"vivre";"<E>";"où ?";"-";"-";"§avoir appris§à vivre où ? "
"49";"+";"-";"-";"-";"-";"+";"n'";" avoir plus";"-";"+";"-";"à";"<E>";"<E>";"-";"-";"se mettre";"<E>";"rien";"-";"-";"§n'avoir plus§à se mettre rien "
"50";"+";"-";"-";"-";"-";"+";"n'";" avoir que";"-";"+";"-";"à";"<E>";"bien";"-";"-";"se tenir";"<E>";"<E>";"-";"-";"§n'avoir que§à bien se tenir "
"51";"+";"-";"-";"-";"-";"-";"<E>";" bailler";"+";"+";"-";"à";"<E>";"<E>";"-";"-";"en décrocher";"Poss0";"mâchoire";"-";"-";"§bailler§à en décrocher sa mâchoire "
"52";"+";"-";"-";"-";"-";"-";"<E>";" bailler";"+";"+";"-";"à";"<E>";"<E>";"-";"-";"en décrocher";"Poss0";"râtelier";"-";"-";"§bailler§à en décrocher son râtelier "
"53";"+";"-";"-";"-";"-";"-";"<E>";" bailler";"+";"+";"-";"à";"<E>";"<E>";"-";"-";"en décrocher";"Poss0";"dentier";"-";"-";"§bailler§à en décrocher son dentier "
"54";"+";"-";"-";"-";"-";"-";"<E>";" bailler";"+";"+";"-";"à";"<E>";"<E>";"-";"-";"s'en décrocher";"la";"mâchoire";"-";"-";"§bailler§à s'en décrocher la mâchoire "
"55";"+";"-";"-";"-";"-";"-";"<E>";" bailler";"+";"+";"-";"à";"<E>";"<E>";"-";"-";"s'en décrocher";"le";"râtelier";"-";"-";"§bailler§à s'en décrocher le râtelier "
"56";"+";"-";"-";"-";"-";"-";"<E>";" bailler";"+";"+";"-";"à";"<E>";"<E>";"-";"-";"s'en décrocher";"la";"dentier";"-";"-";"§bailler§à s'en décrocher la dentier "
"57";"-";"+";"+";"-";"-";"-";"se";" bonifier";"-";"-";"-";"en";"<E>";"<E>";"-";"-";"vieillissant";"<E>";"<E>";"-";"+";"§se bonifier§en vieillissant "
"58";"+";"-";"-";"-";"-";"-";"<E>";" brûler";"-";"-";"-";"ce";"que";"Il-0";"+";"-";"adorer";"<E>";"<E>";"-";"-";"§brûler§ce qu'il adorer "
"59";"+";"-";"-";"-";"-";"-";"<E>";" cesser";"-";"+";"-";"de";"<E>";"<E>";"-";"-";"fumer";"<E>";"<E>";"-";"-";"§cesser§de fumer "
"60";"+";"-";"+";"-";"-";"-";"se";" chatouiller";"-";"+";"-";"pour";"<E>";"se faire";"-";"-";"rire";"<E>";"<E>";"-";"-";"§se chatouiller§pour se fait rire "
"61";"+";"-";"-";"-";"-";"-";"<E>";" chercher";"-";"+";"-";"à";"<E>";"<E>";"-";"-";"comprendre";"<E>";"<E>";"-";"-";"§chercher§à comprendre "
"62";"+";"-";"-";"-";"-";"-";"<E>";" chercher";"-";"+";"-";"à";"<E>";"<E>";"-";"-";"paraître";"<E>";"<E>";"-";"-";"§chercher§à paraître "
"63";"-";"+";"-";"-";"-";"-";"<E>";" commencer";"-";"+";"-";"à";"<E>";"bien";"-";"-";"faire";"<E>";"<E>";"-";"-";"§commencer§à bien fait "
"64";"+";"-";"-";"-";"-";"-";"<E>";" croire";"-";"+";"-";"<E>";"<E>";"<E>";"-";"-";"rêver";"<E>";"<E>";"-";"-";"§croire§rêver "
"65";"+";"-";"-";"-";"-";"-";"<E>";" croire";"-";"+";"-";"<E>";"<E>";"<E>";"-";"-";"voir";"<E>";"<E>";"+";"-";"§croire§voir "
"66";"+";"-";"-";"-";"-";"-";"<E>";" croire";"-";"+";"-";"<E>";"<E>";"bien";"-";"-";"dire";"<E>";"<E>";"-";"-";"§croire§bien dire "
"67";"+";"-";"-";"-";"-";"-";"<E>";" croire";"-";"+";"-";"<E>";"<E>";"bien";"-";"-";"faire";"<E>";"<E>";"-";"-";"§croire§bien fait "
"68";"+";"-";"-";"-";"-";"-";"<E>";" croire";"-";"-";"-";"que";"<E>";"ce";"-";"-";"être";"<E>";"arrivé";"-";"-";"§croire§que c'est arrivé "
"69";"+";"-";"-";"-";"-";"+";"ne";" croire pas";"-";"+";"-";"<E>";"si";"bien";"-";"-";"dire";"<E>";"<E>";"-";"-";"§ne croire pas§si bien dire "
"70";"-";"+";"-";"-";"-";"-";"<E>";" croître";"-";"+";"-";"et";"<E>";"<E>";"-";"-";"embellir";"<E>";"<E>";"-";"-";"§croître§et embellir "
"71";"+";"-";"+";"-";"-";"-";"se";" demander";"-";"+";"-";"où";"<E>";"<E>";"-";"-";"passer";"le";"argent";"-";"-";"§se demander§où passer l'argent "
"72";"+";"-";"-";"-";"-";"-";"<E>";" demander";"-";"+";"-";"à";"<E>";"<E>";"-";"-";"voir";"<E>";"<E>";"-";"-";"§demander§à voir "
"73";"+";"-";"-";"-";"-";"-";"<E>";" demander";"-";"-";"-";"à Nhum";"<E>";"qui";"+";"-";"être";"<E>";"qui";"-";"-";"§demander§à Nhum qui est qui "
"74";"+";"-";"-";"-";"-";"+";"ne";" demander que";"-";"+";"-";"à";"<E>";"<E>";"-";"-";"vivre";"<E>";"<E>";"-";"-";"§ne demander que§à vivre "
"75";"+";"-";"-";"-";"-";"+";"ne";" demander que";"-";"+";"-";"à";"<E>";"se laisser";"-";"-";"convaincre";"par";"<E>";"+";"+";"§ne demander que§à se laisser convaincre par "
"76";"+";"-";"-";"-";"-";"-";"<E>";" dépenser";"+";"+";"-";"sans";"<E>";"<E>";"-";"-";"compter";"<E>";"<E>";"-";"-";"§dépenser§sans compter "
"77";"+";"-";"-";"-";"-";"-";"<E>";" désirerait";"-";"+";"-";"<E>";"<E>";"<E>";"-";"-";"y voir";"<E>";"<E>";"+";"-";"§désirerait§y voir "
"78";"+";"-";"-";"-";"-";"-";"<E>";" devoir";"-";"+";"-";"de";"<E>";"<E>";"+";"+";"rire";"ou";"pleurer";"-";"-";"§devoir§de rire ou pleurer "
"79";"+";"-";"-";"-";"-";"-";"<E>";" devoir";"-";"+";"-";"<E>";"<E>";"se faire";"-";"-";"soigner";"<E>";"<E>";"-";"-";"§devoir§se fait soigner "
"80";"+";"-";"-";"-";"-";"-";"<E>";" dire";"-";"-";"+";"ce";"que";"il";"-";"-";"en être";"à";"<E>";"+";"-";"§dire§ce qu'il en est à "
"81";"+";"-";"-";"-";"-";"-";"<E>";" dire";"-";"-";"+";"ce que";"<E>";"Il-0";"-";"-";"pense";"<E>";"<E>";"-";"-";"§dire§ce qu'il pense "
"82";"+";"+";"-";"-";"-";"-";"<E>";" disparaître";"+";"+";"-";"sans";"<E>";"<E>";"-";"-";"laisser";"de";"traces";"-";"-";"§disparaître§sans laisser de traces "
"83";"+";"-";"-";"-";"-";"-";"<E>";" diviser";"+";"+";"-";"pour";"<E>";"<E>";"-";"-";"régner";"<E>";"<E>";"-";"-";"§diviser§pour régner "
"84";"+";"+";"-";"-";"-";"-";"<E>";" donner";"-";"-";"-";"à";"<E>";"<E>";"-";"-";"réfléchir";"à";"<E>";"+";"-";"§donner§à réfléchir à "
"85";"+";"-";"+";"-";"-";"-";"s'";" écouter";"-";"+";"-";"<E>";"<E>";"<E>";"-";"-";"parler";"<E>";"<E>";"-";"-";"§s'écouter§parler "
"86";"+";"+";"-";"-";"-";"-";"<E>";" empêcher";"-";"-";"-";"de";"<E>";"<E>";"+";"-";"danser";"en";"rond";"-";"-";"§empêcher§de danser en rond "
"87";"-";"+";"-";"-";"-";"+";"n'";" empêcher pas";"-";"-";"-";"de";"<E>";"<E>";"-";"-";"dormir";"<E>";"<E>";"+";"-";"§n'empêcher pas§de dormir "
"88";"+";"-";"+";"-";"-";"-";"s'";" ennuyer";"+";"+";"-";"à";"<E>";"<E>";"-";"-";"crever";"<E>";"<E>";"-";"-";"§s'ennuyer§à crever "
"89";"+";"-";"+";"-";"-";"-";"s'";" ennuyer";"+";"-";"-";"à";"<E>";"<E>";"-";"-";"mourir";"<E>";"<E>";"-";"-";"§s'ennuyer§à mourir "
"90";"+";"-";"+";"-";"-";"-";"s'";" ennuyer";"+";"+";"-";"à";"<E>";"<E>";"-";"-";"périr";"<E>";"<E>";"-";"-";"§s'ennuyer§à périr "
"91";"+";"-";"-";"-";"-";"-";"<E>";" entendre";"-";"-";"-";"<E>";"<E>";"<E>";"-";"-";"parler";"de";"<E>";"+";"+";"§entendre§parler de "
"92";"+";"-";"-";"-";"-";"-";"<E>";" entendre";"-";"-";"-";"<E>";"<E>";"<E>";"-";"-";"parler";"de";"<E>";"+";"-";"§entendre§parler de "
"93";"+";"-";"-";"-";"-";"-";"<E>";" entendre";"-";"-";"-";"<E>";"<E>";"<E>";"-";"-";"parler";"du";"pays";"-";"-";"§entendre§parler du pays "
"94";"+";"-";"-";"-";"-";"-";"<E>";" entendre";"-";"-";"-";"<E>";"<E>";"<E>";"-";"-";"parler";"<E>";"<E>";"-";"-";"§entendre§parler "
"95";"+";"-";"-";"-";"-";"-";"<E>";" entendre";"-";"-";"-";"<E>";"<E>";"<E>";"-";"-";"parler";"<E>";"<E>";"-";"-";"§entendre§parler "
"96";"+";"-";"-";"-";"-";"-";"<E>";" entendre";"-";"-";"-";"<E>";"une";"mouche";"-";"-";"voler";"<E>";"<E>";"-";"-";"§entendre§une mouche voler "
"97";"+";"-";"-";"-";"-";"-";"<E>";" envoyer";"-";"-";"-";"<E>";"<E>";"<E>";"+";"-";"balader";"<E>";"<E>";"-";"-";"§envoyer§balader "
"98";"+";"-";"-";"-";"-";"-";"<E>";" envoyer";"-";"-";"-";"<E>";"<E>";"<E>";"+";"-";"baller";"<E>";"<E>";"-";"-";"§envoyer§baller "
"99";"+";"-";"-";"-";"-";"-";"<E>";" envoyer";"-";"-";"-";"<E>";"<E>";"<E>";"+";"-";"bouler";"<E>";"<E>";"-";"-";"§envoyer§bouler "
"100";"+";"-";"-";"-";"-";"-";"<E>";" envoyer";"-";"-";"-";"<E>";"<E>";"<E>";"+";"-";"chier";"<E>";"<E>";"-";"-";"§envoyer§chier "
"101";"+";"-";"-";"-";"-";"-";"<E>";" envoyer";"-";"-";"-";"<E>";"<E>";"<E>";"+";"+";"dinguer";"<E>";"<E>";"-";"-";"§envoyer§dinguer "
"102";"+";"-";"-";"-";"-";"-";"<E>";" envoyer";"-";"-";"-";"<E>";"<E>";"<E>";"+";"-";"paître";"<E>";"<E>";"-";"-";"§envoyer§paître "
"103";"+";"-";"-";"-";"-";"-";"<E>";" envoyer";"-";"-";"-";"<E>";"<E>";"<E>";"+";"-";"promener";"<E>";"<E>";"-";"-";"§envoyer§promener "
"104";"+";"-";"-";"-";"-";"-";"<E>";" envoyer";"-";"-";"-";"<E>";"<E>";"<E>";"+";"-";"se coucher";"<E>";"<E>";"-";"-";"§envoyer§se coucher "
"105";"+";"-";"-";"-";"-";"-";"<E>";" envoyer";"-";"-";"-";"<E>";"<E>";"<E>";"+";"+";"valser";"<E>";"<E>";"-";"-";"§envoyer§valser "
"106";"-";"+";"-";"-";"-";"-";"<E>";" être";"-";"+";"-";"à";"<E>";"<E>";"-";"-";"chier";"<E>";"partout";"-";"-";"§est§à chier partout "
"107";"+";"-";"-";"-";"-";"+";"n'";" être";"-";"+";"-";"sans";"<E>";"<E>";"-";"-";"connaître";"<E>";"<E>";"+";"+";"§n'est§sans connaître "
"108";"-";"+";"-";"-";"-";"-";"<E>";" être";"-";"+";"-";"à";"<E>";"<E>";"-";"-";"couper";"le";"souffle";"-";"-";"§est§à couper le souffle "
"109";"-";"+";"-";"-";"-";"+";"n'";" être";"-";"+";"-";"à";"<E>";"<E>";"-";"-";"dédaigner";"<E>";"<E>";"-";"-";"§n'est§à dédaigner "
"110";"-";"+";"-";"-";"-";"-";"<E>";" être";"-";"-";"-";"à";"<E>";"<E>";"-";"-";"dégueuler";"<E>";"<E>";"-";"-";"§est§à dégueuler "
"111";"-";"+";"-";"-";"-";"+";"n'";" être";"-";"+";"-";"pour";"<E>";"<E>";"-";"-";"déplaire";"à";"<E>";"+";"-";"§n'est§pour déplaire à "
"112";"-";"+";"-";"-";"-";"-";"<E>";" être";"-";"+";"-";"à";"<E>";"<E>";"-";"-";"devenir";"<E>";"fou";"-";"-";"§est§à devenir fou "
"113";"-";"+";"-";"-";"-";"-";"<E>";" être";"-";"+";"-";"à";"<E>";"<E>";"-";"-";"dormir";"<E>";"debout";"-";"-";"§est§à dormir debout "
"114";"-";"+";"-";"-";"-";"-";"<E>";" être";"-";"+";"-";"à";"<E>";"<E>";"-";"-";"fendre";"la";"âme";"-";"-";"§est§à fendre l'âme "
"115";"-";"+";"-";"-";"-";"+";"n'";" être";"-";"+";"-";"à";"<E>";"<E>";"-";"-";"négliger";"<E>";"<E>";"-";"-";"§n'est§à négliger "
"116";"-";"+";"-";"-";"-";"-";"<E>";" être";"-";"-";"-";"à";"<E>";"<E>";"-";"-";"n'en finir";"<E>";"plus";"-";"-";"§est§à n'en finir plus "
"117";"-";"+";"-";"-";"-";"-";"<E>";" être";"-";"-";"-";"à";"<E>";"<E>";"-";"-";"n'y comprendre";"<E>";"rien";"-";"-";"§est§à n'y comprendre rien "
"118";"-";"+";"-";"-";"-";"-";"<E>";" être";"-";"-";"-";"<E>";"<E>";"<E>";"-";"-";"parler";"à un";"sourd";"-";"-";"§est§parler à un sourd "
"119";"-";"+";"-";"-";"-";"-";"<E>";" être";"-";"+";"-";"à";"<E>";"<E>";"-";"-";"pisser";"<E>";"partout";"-";"-";"§est§à pisser partout "
"120";"+";"-";"-";"-";"-";"+";"n'";" être";"-";"+";"-";"à";"<E>";"<E>";"-";"-";"plaindre";"<E>";"<E>";"-";"-";"§n'est§à plaindre "
"121";"-";"+";"-";"-";"-";"-";"<E>";" être";"-";"+";"-";"pour";"<E>";"<E>";"-";"-";"plaire";"à";"<E>";"+";"-";"§est§pour plaire à "
"122";"-";"+";"-";"-";"-";"-";"<E>";" être";"-";"-";"-";"à";"<E>";"<E>";"-";"-";"prendre";"ou à";"laisser";"-";"-";"§est§à prendre ou à laisser "
"123";"+";"-";"-";"-";"-";"-";"<E>";" être";"-";"-";"-";"à";"<E>";"<E>";"-";"-";"tuer";"<E>";"<E>";"-";"-";"§est§à tuer "
"124";"-";"+";"-";"-";"-";"-";"<E>";" être";"-";"-";"-";"à";"<E>";"<E>";"-";"-";"vomir";"<E>";"<E>";"-";"-";"§est§à vomir "
"125";"-";"+";"-";"-";"-";"-";"<E>";" être";"-";"+";"-";"à";"<E>";"faire";"-";"-";"rougir";"un";"singe";"-";"-";"§est§à fait rougir un singe "
"126";"+";"+";"-";"-";"-";"-";"<E>";" être";"-";"-";"-";"comme";"<E>";"il";"-";"-";"faut";"<E>";"<E>";"-";"-";"§est§comme il faut "
"127";"+";"+";"-";"-";"-";"-";"<E>";" être";"-";"-";"+";"ce";"que";"il";"-";"-";"y avoir";"de";"meilleur";"-";"-";"§est§ce qu'il y a de meilleur "
"128";"+";"+";"-";"-";"-";"-";"<E>";" être";"-";"-";"+";"ce";"que";"il";"-";"-";"y avoir";"de";"mieux";"-";"-";"§est§ce qu'il y a de mieux "
"129";"+";"+";"-";"-";"-";"-";"<E>";" être";"-";"-";"+";"ce";"que";"il";"-";"-";"y avoir";"de";"pire";"-";"-";"§est§ce qu'il y a de pire "
"130";"+";"+";"-";"-";"-";"-";"<E>";" être";"-";"-";"+";"ce";"que";"il";"-";"-";"y avoir";"de";"plus Adj";"-";"-";"§est§ce qu'il y a de plus Adj "
"131";"+";"+";"-";"-";"-";"-";"<E>";" être";"-";"-";"+";"ce";"que";"il";"-";"-";"y avoir";"de";"plus sérieux";"-";"-";"§est§ce qu'il y a de plus sérieux "
"132";"+";"-";"-";"-";"-";"-";"<E>";" être";"-";"-";"+";"ce";"que";"Il-0";"+";"-";"être";"<E>";"<E>";"-";"-";"§est§ce qu'il est "
"133";"-";"+";"-";"-";"-";"-";"<E>";" être";"-";"-";"-";"le";"moins";"que";"+";"-";"puisse";"<E>";"V-inf1 W";"-";"-";"§est§le moins que puisse V-inf1 W "
"134";"-";"+";"-";"-";"-";"-";"<E>";" être";"-";"-";"-";"le";"moins";"que";"+";"-";"puisse";"<E>";"dire à Luc";"-";"-";"§est§le moins que puisse dire à Luc "
"135";"-";"+";"-";"-";"-";"+";"n'";" être";"-";"-";"-";"<E>";"<E>";"rien à";"-";"-";"faire";"<E>";"<E>";"-";"-";"§n'est§rien à fait "
"136";"-";"+";"-";"-";"-";"-";"<E>";" être";"-";"+";"-";"à";"<E>";"tout";"-";"-";"casser";"<E>";"<E>";"-";"-";"§est§à tout casser "
"137";"+";"-";"-";"-";"-";"+";"n'";" être pas";"-";"-";"-";"à";"<E>";"<E>";"-";"-";"attraper";"avec des";"pincettes";"-";"-";"§n'est pas§à attraper avec des pincettes "
"138";"-";"+";"-";"-";"-";"+";"n'";" être pas";"-";"+";"-";"sans";"<E>";"<E>";"-";"-";"déplaire";"à";"<E>";"+";"-";"§n'est pas§sans déplaire à "
"139";"+";"+";"-";"-";"-";"+";"n'";" être pas";"-";"-";"-";"à";"<E>";"<E>";"-";"-";"prendre";"avec des";"pincettes";"-";"-";"§n'est pas§à prendre avec des pincettes "
"140";"+";"+";"-";"-";"-";"+";"n'";" être plus";"-";"-";"+";"ce que";"<E>";"Il-0";"-";"-";"était";"<E>";"<E>";"-";"-";"§n'est plus§ce qu'il était "
"141";"+";"+";"-";"+";"-";"-";"en";" faire";"-";"-";"-";"<E>";"<E>";"<E>";"-";"-";"accroire";"à";"<E>";"+";"-";"§en faire§accroire à "
"142";"+";"-";"-";"-";"-";"-";"<E>";" faire";"-";"-";"-";"<E>";"<E>";"<E>";"-";"-";"aller";"<E>";"<E>";"-";"-";"§faire§aller "
"143";"+";"-";"+";"-";"-";"-";"se";" faire";"-";"-";"-";"<E>";"<E>";"<E>";"-";"-";"appeler";"<E>";"Jules";"-";"-";"§se faire§appeler Jules "
"144";"+";"-";"+";"-";"-";"-";"se";" faire";"-";"-";"-";"<E>";"<E>";"<E>";"-";"-";"appeler";"<E>";"Arthur";"-";"-";"§se faire§appeler Arthur "
"145";"+";"+";"+";"-";"-";"-";"se";" faire";"-";"-";"-";"<E>";"<E>";"<E>";"-";"-";"attendre";"<E>";"<E>";"-";"-";"§se faire§attendre "
"146";"-";"-";"+";"-";"-";"+";"ne se";" faire";"-";"-";"-";"<E>";"<E>";"<E>";"-";"-";"attendre";"<E>";"<E>";"-";"-";"§ne se faire§attendre "
"147";"+";"-";"+";"-";"-";"-";"se";" faire";"-";"-";"-";"<E>";"<E>";"<E>";"-";"-";"avoir";"aux";"pattes";"-";"-";"§se faire§a aux pattes "
"148";"+";"+";"-";"-";"-";"-";"<E>";" faire";"-";"-";"-";"à";"<E>";"<E>";"+";"-";"battre";"le";"coeur";"-";"-";"§faire§à battre le coeur "
"149";"+";"-";"-";"-";"-";"-";"<E>";" faire";"-";"-";"-";"<E>";"<E>";"<E>";"-";"-";"boire";"<E>";"<E>";"+";"-";"§faire§boire "
"150";"+";"-";"-";"-";"-";"-";"<E>";" faire";"-";"-";"-";"<E>";"<E>";"<E>";"-";"-";"bouillir";"la";"marmite";"-";"-";"§faire§bouillir la marmite "
"151";"+";"+";"-";"-";"-";"-";"<E>";" faire";"-";"-";"-";"<E>";"<E>";"<E>";"-";"-";"braire";"<E>";"<E>";"+";"-";"§faire§braire "
"152";"+";"-";"-";"-";"-";"-";"<E>";" faire";"-";"-";"-";"<E>";"<E>";"<E>";"-";"-";"chauffer";"la";"colle";"-";"-";"§faire§chauffer la colle "
"153";"+";"+";"-";"-";"-";"-";"<E>";" faire";"-";"-";"-";"<E>";"<E>";"<E>";"-";"-";"chier";"<E>";"<E>";"+";"-";"§faire§chier "
"154";"+";"+";"-";"-";"-";"-";"<E>";" faire";"-";"-";"-";"<E>";"<E>";"<E>";"-";"-";"chier";"<E>";"<E>";"+";"-";"§faire§chier "
"155";"+";"-";"+";"-";"-";"+";"ne se";" faire";"-";"-";"-";"<E>";"<E>";"<E>";"-";"-";"chier";"<E>";"<E>";"-";"-";"§ne se faire§chier "
"156";"+";"-";"+";"-";"-";"-";"se";" faire";"-";"-";"-";"<E>";"<E>";"<E>";"-";"-";"connaître";"de";"<E>";"+";"-";"§se faire§connaître de "
"157";"+";"+";"-";"-";"-";"-";"<E>";" faire";"-";"-";"-";"<E>";"<E>";"<E>";"-";"-";"couler";"de la";"encre";"-";"-";"§faire§couler de l'encre "
"158";"+";"+";"-";"-";"-";"-";"<E>";" faire";"-";"-";"-";"<E>";"<E>";"<E>";"-";"-";"couler";"de la";"salive";"-";"-";"§faire§couler de la salive "
"159";"+";"-";"+";"-";"-";"-";"se";" faire";"-";"-";"-";"pour";"<E>";"<E>";"+";"+";"couper";"en";"morceaux";"-";"-";"§se faire§pour couper en morceaux "
"160";"-";"+";"-";"-";"-";"-";"<E>";" faire";"-";"-";"-";"<E>";"<E>";"<E>";"-";"-";"courir";"<E>";"<E>";"+";"-";"§faire§courir "
"161";"+";"-";"-";"-";"-";"-";"se";" faire";"-";"-";"-";"<E>";"<E>";"<E>";"-";"-";"cuire";"un";"oeuf";"-";"-";"§se faire§cuire un oeuf "
"162";"+";"-";"-";"-";"-";"-";"<E>";" faire";"-";"-";"-";"<E>";"<E>";"<E>";"-";"-";"danser";"la";"anse du panier";"-";"-";"§faire§danser l'anse du panier "
"163";"+";"+";"-";"-";"-";"-";"<E>";" faire";"-";"-";"-";"<E>";"<E>";"<E>";"-";"-";"descendre";"la";"pilule";"-";"-";"§faire§descendre la pilule "
"164";"+";"+";"+";"-";"-";"-";"se";" faire";"-";"-";"-";"<E>";"<E>";"<E>";"-";"-";"désirer";"<E>";"<E>";"-";"-";"§se faire§désirer "
"165";"+";"+";"+";"-";"-";"-";"se";" faire";"-";"-";"-";"<E>";"<E>";"<E>";"-";"-";"désirer";"de";"<E>";"+";"-";"§se faire§désirer de "
"166";"+";"-";"-";"-";"-";"-";"<E>";" faire";"-";"-";"-";"<E>";"<E>";"<E>";"-";"-";"donner";"le";"canon";"-";"-";"§faire§donner le canon "
"167";"+";"-";"-";"-";"-";"-";"<E>";" faire";"-";"-";"-";"<E>";"<E>";"<E>";"-";"-";"donner";"la";"garde";"-";"-";"§faire§donner la garde "
"168";"+";"-";"-";"-";"-";"-";"<E>";" faire";"-";"-";"-";"<E>";"<E>";"<E>";"-";"-";"donner";"la";"troupe";"-";"-";"§faire§donner la troupe "
"169";"+";"+";"-";"-";"-";"-";"<E>";" faire";"-";"-";"-";"<E>";"<E>";"<E>";"-";"-";"durer";"le";"plaisir";"-";"-";"§faire§durer le plaisir "
"170";"+";"+";"-";"-";"-";"-";"<E>";" faire";"-";"-";"-";"<E>";"<E>";"<E>";"-";"-";"enrager";"<E>";"<E>";"+";"-";"§faire§enrager "
"171";"-";"+";"+";"-";"-";"-";"se";" faire";"-";"-";"-";"<E>";"<E>";"<E>";"-";"-";"entendre";"<E>";"<E>";"-";"-";"§se faire§entendre "
"172";"+";"-";"+";"-";"-";"-";"se";" faire";"-";"-";"-";"<E>";"<E>";"<E>";"-";"-";"entendre";"de";"<E>";"+";"-";"§se faire§entendre de "
"173";"+";"-";"+";"-";"-";"-";"se";" faire";"-";"-";"-";"<E>";"<E>";"<E>";"-";"-";"entendre";"de";"<E>";"+";"-";"§se faire§entendre de "
"174";"+";"-";"-";"-";"-";"-";"<E>";" faire";"-";"-";"-";"<E>";"<E>";"<E>";"-";"-";"entendre";"Poss0";"voix";"-";"-";"§faire§entendre sa voix "
"175";"+";"-";"+";"-";"-";"-";"se";" faire";"-";"-";"-";"pour";"<E>";"<E>";"+";"+";"hacher";"jusqu'au";"dernier";"-";"-";"§se faire§pour hacher jusqu'au dernier "
"176";"+";"-";"+";"-";"-";"-";"se";" faire";"-";"-";"-";"pour";"<E>";"<E>";"+";"+";"hacher";"en";"morceaux";"-";"-";"§se faire§pour hacher en morceaux "
"177";"+";"+";"-";"-";"-";"-";"<E>";" faire";"-";"-";"-";"<E>";"<E>";"<E>";"-";"-";"jouer";"la";"corde sensible";"-";"-";"§faire§jouer la corde sensible "
"178";"+";"+";"-";"-";"-";"-";"<E>";" faire";"-";"-";"-";"<E>";"<E>";"<E>";"-";"-";"lanterner";"<E>";"<E>";"+";"-";"§faire§lanterner "
"179";"+";"+";"-";"-";"-";"-";"<E>";" faire";"-";"-";"-";"<E>";"<E>";"<E>";"-";"-";"marcher";"le";"commerce";"-";"-";"§faire§marcher le commerce "
"180";"+";"+";"-";"-";"-";"-";"<E>";" faire";"-";"-";"-";"<E>";"<E>";"<E>";"-";"-";"marrer";"<E>";"<E>";"+";"-";"§faire§marrer "
"181";"+";"+";"-";"-";"-";"-";"<E>";" faire";"-";"-";"-";"<E>";"<E>";"<E>";"-";"-";"mentir";"le";"proverbe";"-";"-";"§faire§mentir le proverbe "
"182";"+";"+";"-";"-";"-";"-";"<E>";" faire";"-";"-";"-";"<E>";"<E>";"<E>";"-";"-";"mousser";"<E>";"<E>";"+";"+";"§faire§mousser "
"183";"+";"+";"-";"-";"-";"-";"<E>";" faire";"-";"-";"-";"<E>";"<E>";"<E>";"-";"-";"mousser";"<E>";"<E>";"+";"+";"§faire§mousser "
"184";"+";"+";"-";"-";"-";"-";"<E>";" faire";"-";"-";"-";"en";"<E>";"<E>";"+";"-";"naître";"des";"doutes";"-";"-";"§faire§en naître des doutes "
"185";"+";"-";"+";"-";"-";"-";"se";" faire";"-";"-";"-";"<E>";"<E>";"<E>";"-";"-";"oublier";"de";"<E>";"+";"-";"§se faire§oublier de "
"186";"+";"+";"-";"-";"-";"-";"<E>";" faire";"-";"-";"-";"<E>";"<E>";"<E>";"-";"-";"parler";"de";"Lui-0";"-";"-";"§faire§parler de lui "
"187";"+";"-";"-";"-";"-";"-";"<E>";" faire";"-";"+";"-";"<E>";"<E>";"<E>";"-";"-";"passer";"Det";"enfant";"-";"-";"§faire§passer un enfant "
"188";"+";"+";"-";"-";"-";"-";"<E>";" faire";"-";"-";"-";"à";"<E>";"<E>";"+";"-";"passer";"le";"goût du pain";"-";"-";"§faire§à passer le goût du pain "
"189";"+";"-";"-";"-";"-";"-";"<E>";" faire";"-";"+";"-";"<E>";"<E>";"<E>";"-";"-";"passer";"la";"pilule";"-";"-";"§faire§passer la pilule "
"190";"-";"+";"-";"-";"-";"-";"<E>";" faire";"-";"-";"-";"à";"<E>";"<E>";"+";"-";"penser";"<E>";"<E>";"+";"-";"§faire§à penser "
"191";"+";"-";"+";"-";"-";"-";"se";" faire";"-";"-";"-";"<E>";"<E>";"<E>";"-";"-";"péter";"la";"sous-ventrière";"-";"-";"§se faire§péter la sous-ventrière "
"192";"+";"+";"-";"-";"-";"-";"<E>";" faire";"-";"-";"-";"<E>";"<E>";"<E>";"-";"-";"pousser";"<E>";"<E>";"-";"+";"§faire§pousser "
"193";"+";"-";"+";"-";"-";"-";"se";" faire";"-";"-";"-";"<E>";"<E>";"<E>";"-";"-";"prier";"par";"<E>";"+";"-";"§se faire§prier par "
"194";"+";"-";"+";"-";"-";"-";"se";" faire";"-";"-";"-";"<E>";"<E>";"<E>";"-";"-";"raccourcir";"<E>";"<E>";"-";"-";"§se faire§raccourcir "
"195";"+";"-";"+";"-";"-";"-";"se";" faire";"-";"-";"-";"<E>";"<E>";"<E>";"-";"-";"ramasser";"<E>";"<E>";"-";"-";"§se faire§ramasser "
"196";"+";"-";"+";"-";"-";"-";"se";" faire";"-";"-";"-";"<E>";"<E>";"<E>";"-";"-";"recevoir";"par";"<E>";"+";"-";"§se faire§recevoir par "
"197";"+";"-";"+";"-";"-";"-";"se";" faire";"-";"-";"-";"<E>";"<E>";"<E>";"-";"-";"regarder";"<E>";"<E>";"-";"-";"§se faire§regarder "
"198";"+";"-";"-";"-";"-";"-";"<E>";" faire";"-";"-";"-";"à";"<E>";"<E>";"-";"-";"regarder";"<E>";"plaisir";"-";"-";"§faire§à regarder plaisir "
"199";"+";"-";"+";"-";"-";"-";"se";" faire";"-";"-";"-";"<E>";"<E>";"<E>";"+";"-";"remarquer";"par";"<E>";"-";"+";"§se faire§remarquer par "
"200";"-";"+";"-";"-";"-";"-";"<E>";" faire";"-";"-";"-";"<E>";"<E>";"<E>";"-";"-";"rire";"<E>";"<E>";"+";"-";"§faire§rire "
"201";"+";"+";"-";"-";"-";"-";"<E>";" faire";"-";"-";"-";"<E>";"<E>";"<E>";"-";"-";"rouler";"Poss0";"yeux";"-";"-";"§faire§rouler ses yeux "
"202";"+";"-";"-";"-";"-";"-";"<E>";" faire";"-";"-";"-";"de";"<E>";"<E>";"+";"-";"sauter";"le";"caisson";"-";"-";"§faire§de sauter le caisson "
"203";"+";"-";"-";"-";"-";"-";"<E>";" faire";"-";"-";"-";"de";"<E>";"<E>";"+";"-";"sauter";"la";"cervelle";"-";"-";"§faire§de sauter la cervelle "
"204";"+";"-";"-";"-";"-";"-";"<E>";" faire";"-";"+";"-";"<E>";"<E>";"<E>";"-";"-";"sauter";"Det";"crêpe";"-";"-";"§faire§sauter un crêpe "
"205";"+";"-";"-";"-";"-";"-";"<E>";" faire";"-";"-";"-";"<E>";"<E>";"<E>";"-";"-";"sauter";"Det";"enfant";"-";"-";"§faire§sauter un enfant "
"206";"+";"-";"-";"-";"-";"-";"<E>";" faire";"-";"-";"-";"<E>";"<E>";"<E>";"-";"-";"sauter";"les";"scellés";"-";"-";"§faire§sauter les scellés "
"207";"-";"+";"+";"-";"-";"-";"se";" faire";"-";"-";"-";"<E>";"<E>";"<E>";"-";"-";"sentir";"<E>";"<E>";"-";"-";"§se faire§sentir "
"208";"+";"+";"-";"-";"-";"-";"<E>";" faire";"-";"-";"-";"<E>";"<E>";"<E>";"-";"-";"suer";"<E>";"<E>";"+";"-";"§faire§suer "
"209";"+";"-";"-";"-";"-";"-";"<E>";" faire";"-";"-";"-";"<E>";"<E>";"<E>";"-";"-";"suer";"le";"burnous";"-";"-";"§faire§suer le burnous "
"210";"+";"-";"-";"-";"-";"-";"<E>";" faire";"-";"-";"-";"à";"<E>";"<E>";"+";"-";"tenir";"<E>";"<E>";"-";"+";"§faire§à tenir "
"211";"+";"-";"+";"-";"-";"-";"se";" faire";"-";"-";"-";"par";"<E>";"<E>";"+";"-";"tirer";"la";"oreille";"-";"-";"§se faire§par tirer l'oreille "
"212";"+";"-";"-";"-";"-";"-";"<E>";" faire";"-";"-";"-";"à";"<E>";"<E>";"+";"-";"toucher";"les";"épaules";"-";"-";"§faire§à toucher les épaules "
"213";"+";"-";"-";"-";"-";"-";"<E>";" faire";"-";"+";"-";"<E>";"<E>";"<E>";"-";"-";"travailler";"Det";"argent";"-";"-";"§faire§travailler un argent "
"214";"+";"+";"-";"-";"-";"-";"<E>";" faire";"-";"-";"-";"<E>";"<E>";"<E>";"-";"-";"travailler";"Poss0";"cerveau";"-";"-";"§faire§travailler son cerveau "
"215";"+";"+";"-";"-";"-";"-";"<E>";" faire";"-";"-";"-";"<E>";"<E>";"<E>";"-";"-";"travailler";"Poss0";"ciboulot";"-";"-";"§faire§travailler son ciboulot "
"216";"+";"+";"-";"-";"-";"-";"<E>";" faire";"-";"-";"-";"<E>";"<E>";"<E>";"-";"-";"travailler";"Poss0";"matière grise";"-";"-";"§faire§travailler sa matière grise "
"217";"+";"+";"-";"-";"-";"-";"<E>";" faire";"-";"-";"-";"<E>";"<E>";"<E>";"-";"-";"travailler";"Poss0";"méninges";"-";"-";"§faire§travailler ses méninges "
"218";"+";"+";"-";"-";"-";"-";"<E>";" faire";"-";"-";"-";"<E>";"<E>";"<E>";"-";"-";"travailler";"Poss0";"nénette";"-";"-";"§faire§travailler sa nénette "
"219";"+";"+";"-";"-";"-";"-";"<E>";" faire";"-";"-";"-";"<E>";"<E>";"<E>";"-";"-";"trembler";"le";"monde";"-";"-";"§faire§trembler le monde "
"220";"+";"-";"+";"-";"-";"-";"se";" faire";"-";"-";"-";"pour";"<E>";"<E>";"+";"+";"tuer";"jusqu'au";"dernier";"-";"-";"§se faire§pour tuer jusqu'au dernier "
"221";"+";"-";"+";"-";"-";"-";"se";" faire";"-";"-";"-";"<E>";"<E>";"<E>";"-";"-";"valoir";"auprès de";"<E>";"+";"-";"§se faire§valoir auprès de "
"222";"+";"-";"-";"-";"-";"-";"<E>";" faire";"-";"-";"-";"<E>";"<E>";"<E>";"-";"-";"valoir";"Poss0";"camelote";"-";"-";"§faire§valoir sa camelote "
"223";"+";"-";"-";"-";"-";"-";"<E>";" faire";"-";"-";"-";"<E>";"<E>";"<E>";"-";"-";"valoir";"Poss0";"droits";"-";"-";"§faire§valoir ses droits "
"224";"+";"-";"-";"-";"-";"-";"<E>";" faire";"-";"-";"-";"<E>";"<E>";"<E>";"-";"-";"valoir";"Poss0";"droits à la retraite";"-";"-";"§faire§valoir son droits à la retraite "
"225";"+";"-";"-";"-";"-";"-";"<E>";" faire";"-";"-";"-";"<E>";"<E>";"<E>";"-";"-";"valoir";"Poss0";"marchandise";"-";"-";"§faire§valoir s marchandise "
"226";"-";"+";"-";"-";"-";"-";"<E>";" faire";"-";"-";"-";"<E>";"<E>";"<E>";"-";"-";"venir";"<E>";"<E>";"+";"-";"§faire§venir "
"227";"+";"-";"-";"-";"-";"-";"<E>";" faire";"-";"-";"-";"<E>";"<E>";"<E>";"-";"-";"venir";"<E>";"<E>";"+";"+";"§faire§venir "
"228";"+";"+";"-";"-";"-";"-";"<E>";" faire";"-";"-";"-";"<E>";"<E>";"<E>";"-";"-";"vibrer";"la";"corde sensible";"-";"-";"§faire§vibrer la corde sensible "
"229";"+";"+";"-";"-";"-";"-";"<E>";" faire";"-";"-";"-";"<E>";"<E>";"<E>";"-";"-";"vivre";"<E>";"<E>";"+";"-";"§faire§vivre "
"230";"-";"+";"-";"-";"-";"-";"<E>";" faire";"-";"-";"-";"<E>";"<E>";"<E>";"-";"-";"vivre";"<E>";"<E>";"+";"-";"§faire§vivre "
"231";"-";"+";"-";"-";"-";"-";"<E>";" faire";"-";"-";"-";"<E>";"<E>";"<E>";"-";"-";"vivre";"<E>";"<E>";"-";"-";"§faire§vivre "
"232";"+";"+";"-";"-";"-";"-";"<E>";" faire";"-";"+";"-";"de";"<E>";"<E>";"+";"-";"voir";"<E>";"bien";"+";"-";"§faire§de voir bien "
"233";"+";"+";"-";"-";"-";"-";"<E>";" faire";"-";"+";"-";"de";"<E>";"<E>";"+";"-";"voir";"<E>";"mal";"+";"-";"§faire§de voir mal "
"234";"+";"-";"-";"-";"-";"-";"<E>";" faire";"-";"-";"-";"à";"<E>";"<E>";"-";"-";"voir";"<E>";"plaisir";"-";"-";"§faire§à voir plaisir "
"235";"+";"+";"-";"-";"-";"-";"<E>";" faire";"-";"-";"-";"à";"<E>";"<E>";"-";"-";"voir";"<E>";"plaisir";"-";"-";"§faire§à voir plaisir "
"236";"+";"+";"-";"+";"-";"-";"en";" faire";"-";"-";"-";"<E>";"<E>";"<E>";"-";"-";"voir";"à";"<E>";"+";"-";"§en faire§voir à "
"237";"-";"+";"-";"-";"-";"-";"<E>";" faire";"-";"-";"-";"<E>";"<E>";"bien";"-";"-";"augurer";"de";"<E>";"+";"-";"§faire§bien augurer de "
"238";"+";"-";"+";"-";"-";"-";"se";" faire";"-";"-";"-";"<E>";"<E>";"bien";"-";"-";"comprendre";"par";"<E>";"+";"-";"§se faire§bien comprendre par "
"239";"+";"-";"+";"-";"-";"-";"se";" faire";"-";"-";"-";"<E>";"<E>";"bien";"-";"-";"voir";"de";"<E>";"+";"-";"§se faire§bien voir de "
"240";"+";"-";"-";"-";"-";"-";"<E>";" faire";"-";"-";"-";"sur";"Poss0";"genoux";"-";"-";"sauter";"<E>";"<E>";"+";"-";"§faire§sur ses genoux sauter "
"241";"+";"+";"-";"-";"-";"-";"<E>";" faire";"-";"-";"-";"dans";"la";"gorge de Nhum";"-";"-";"rentrer";"les";"paroles";"-";"-";"§faire§dans la gorge de Nhum rentrer les paroles "
"242";"+";"-";"-";"-";"-";"-";"<E>";" faire";"-";"-";"+";"avec ce";"que";"Il-0";"+";"-";"avoir";"<E>";"<E>";"-";"-";"§faire§avec ce qu'il a "
"243";"-";"+";"-";"-";"-";"-";"<E>";" faire";"-";"-";"-";"<E>";"<E>";"mal";"-";"-";"augurer";"de";"<E>";"+";"-";"§faire§mal augurer de "
"244";"+";"-";"+";"-";"-";"-";"se";" faire";"-";"-";"-";"<E>";"<E>";"mal";"-";"-";"voir";"de";"<E>";"+";"-";"§se faire§mal voir de "
"245";"+";"-";"-";"-";"-";"-";"<E>";" faire";"-";"-";"-";"à";"la";"mémoire de Nhum";"-";"-";"chanter";"une";"messe";"-";"-";"§faire§à la mémoire de Nhum chanter une messe "
"246";"+";"-";"-";"-";"-";"-";"<E>";" faire";"-";"-";"-";"à";"<E>";"petit feu";"-";"-";"mourir";"<E>";"<E>";"+";"-";"§faire§à petit feu mourir "
"247";"+";"-";"-";"-";"-";"-";"<E>";" faire";"-";"-";"-";"à";"<E>";"petits feux";"-";"-";"mourir";"<E>";"<E>";"+";"-";"§faire§à petits feux mourir "
"248";"+";"-";"-";"-";"+";"+";"ne le";" faire pas";"-";"-";"-";"<E>";"<E>";"<E>";"-";"-";"dire";"à";"<E>";"+";"-";"§ne le faire pas§dire à "
"249";"+";"-";"-";"-";"-";"+";"ne";" faire que";"-";"+";"-";"<E>";"<E>";"<E>";"-";"-";"commencer";"<E>";"<E>";"-";"-";"§ne faire que§commencer "
"250";"+";"-";"-";"-";"-";"+";"ne";" faire que";"-";"+";"-";"<E>";"<E>";"<E>";"-";"-";"débuter";"<E>";"<E>";"-";"-";"§ne faire que§débuter "
"251";"+";"-";"-";"-";"-";"+";"ne";" faire que";"-";"+";"-";"<E>";"<E>";"<E>";"-";"-";"démarrer";"<E>";"<E>";"-";"-";"§ne faire que§démarrer "
"252";"+";"-";"-";"-";"-";"+";"ne";" faire que";"-";"+";"-";"<E>";"<E>";"<E>";"-";"-";"entrer";"et";"sortir";"-";"-";"§ne faire que§entrer et sortir "
"253";"+";"-";"-";"-";"-";"+";"ne";" faire que";"-";"+";"-";"<E>";"<E>";"<E>";"-";"-";"passer";"<E>";"<E>";"-";"-";"§ne faire que§passer "
"254";"+";"-";"-";"-";"-";"-";"<E>";" gagner";"-";"+";"-";"à";"<E>";"<E>";"-";"-";"être";"<E>";"connu";"-";"-";"§gagner§à est connu "
"255";"+";"-";"+";"-";"-";"-";"s'";" imaginer";"-";"-";"-";"que";"<E>";"ce";"-";"-";"être";"<E>";"arrivé";"-";"-";"§s'imaginer§que c'est arrivé "
"256";"+";"-";"-";"-";"-";"-";"<E>";" jouer";"-";"+";"-";"et";"<E>";"<E>";"-";"-";"gagner";"<E>";"<E>";"-";"-";"§jouer§et gagner "
"257";"+";"-";"-";"-";"-";"-";"<E>";" jouer";"-";"+";"-";"à";"<E>";"<E>";"-";"-";"se faire";"<E>";"peur";"-";"-";"§jouer§à se fait peur "
"258";"+";"-";"-";"-";"-";"-";"<E>";" jouer";"-";"-";"+";"à";"<E>";"qui";"-";"-";"perd";"<E>";"gagne";"-";"-";"§jouer§à qui perd gagne "
"259";"+";"-";"+";"-";"-";"-";"se";" laisser";"-";"+";"-";"<E>";"<E>";"<E>";"-";"-";"abattre";"<E>";"<E>";"-";"-";"§se laisser§abattre "
"260";"+";"-";"+";"+";"-";"-";"s'en";" laisser";"-";"+";"-";"<E>";"<E>";"<E>";"-";"-";"accroire";"par";"<E>";"+";"-";"§s'en laisser§accroire par "
"261";"+";"-";"-";"-";"-";"-";"<E>";" laisser";"-";"-";"-";"<E>";"<E>";"<E>";"-";"-";"agir";"la";"nature";"-";"-";"§laisser§agir la nature "
"262";"+";"-";"+";"-";"-";"-";"se";" laisser";"-";"+";"-";"<E>";"<E>";"<E>";"-";"-";"aller";"<E>";"<E>";"-";"-";"§se laisser§aller "
"263";"+";"-";"-";"-";"-";"-";"<E>";" laisser";"-";"-";"-";"<E>";"<E>";"<E>";"-";"-";"aller";"<E>";"<E>";"+";"-";"§laisser§aller "
"264";"-";"+";"+";"-";"-";"-";"se";" laisser";"-";"+";"-";"<E>";"<E>";"<E>";"-";"-";"boire";"<E>";"<E>";"-";"-";"§se laisser§boire "
"265";"+";"-";"+";"-";"-";"-";"se";" laisser";"-";"+";"-";"<E>";"<E>";"<E>";"-";"-";"choir";"LOC";"<E>";"-";"+";"§se laisser§choir LOC "
"266";"+";"-";"-";"-";"-";"-";"<E>";" laisser";"-";"-";"-";"<E>";"<E>";"<E>";"-";"-";"choir";"<E>";"<E>";"+";"+";"§laisser§choir "
"267";"+";"-";"-";"-";"-";"-";"<E>";" laisser";"-";"-";"-";"<E>";"<E>";"<E>";"-";"-";"choir";"<E>";"<E>";"+";"+";"§laisser§choir "
"268";"+";"-";"+";"+";"-";"-";"s'en";" laisser";"-";"+";"-";"<E>";"<E>";"<E>";"-";"-";"conter";"par";"<E>";"+";"-";"§s'en laisser§conter par "
"269";"+";"-";"+";"-";"-";"-";"se";" laisser";"-";"+";"-";"<E>";"<E>";"<E>";"-";"-";"déborder";"par";"<E>";"+";"+";"§se laisser§déborder par "
"270";"-";"+";"-";"-";"-";"-";"<E>";" laisser";"-";"-";"-";"à";"<E>";"<E>";"-";"-";"désirer";"<E>";"<E>";"-";"-";"§laisser§à désirer "
"271";"+";"-";"-";"-";"-";"-";"<E>";" laisser";"-";"-";"-";"<E>";"<E>";"<E>";"-";"-";"échapper";"<E>";"<E>";"+";"-";"§laisser§échapper "
"272";"+";"-";"-";"-";"-";"-";"<E>";" laisser";"-";"-";"-";"<E>";"<E>";"<E>";"-";"-";"échapper";"un";"cri";"-";"-";"§laisser§échapper un cri "
"273";"+";"-";"-";"-";"-";"-";"<E>";" laisser";"-";"-";"-";"<E>";"<E>";"<E>";"-";"-";"échapper";"ue";"plainte";"-";"-";"§laisser§échapper ue plainte "
"274";"+";"-";"-";"-";"-";"-";"<E>";" laisser";"-";"-";"-";"<E>";"<E>";"<E>";"-";"-";"échapper";"un";"gémissement";"-";"-";"§laisser§échapper un gémissement "
"275";"+";"-";"+";"-";"-";"-";"se";" laisser";"+";"+";"-";"<E>";"<E>";"<E>";"-";"-";"faire";"par";"<E>";"+";"-";"§se laisser§fait par "
"276";"+";"-";"-";"-";"-";"-";"<E>";" laisser";"-";"+";"-";"<E>";"<E>";"<E>";"-";"-";"faire";"<E>";"<E>";"-";"-";"§laisser§fait "
"277";"+";"-";"-";"-";"-";"-";"<E>";" laisser";"-";"-";"-";"<E>";"<E>";"<E>";"-";"-";"faire";"la";"nature";"-";"-";"§laisser§fait la nature "
"278";"+";"-";"-";"-";"-";"-";"<E>";" laisser";"-";"-";"-";"<E>";"<E>";"<E>";"-";"-";"filer";"<E>";"<E>";"+";"-";"§laisser§filer "
"279";"+";"-";"+";"-";"-";"-";"se";" laisser";"-";"+";"-";"<E>";"<E>";"<E>";"-";"-";"glisser";"<E>";"<E>";"-";"-";"§se laisser§glisser "
"280";"-";"+";"+";"-";"-";"-";"se";" laisser";"-";"-";"-";"<E>";"<E>";"<E>";"-";"-";"lire";"<E>";"<E>";"-";"-";"§se laisser§lire "
"281";"-";"+";"+";"-";"-";"-";"se";" laisser";"-";"+";"-";"<E>";"<E>";"<E>";"-";"-";"manger";"<E>";"<E>";"-";"-";"§se laisser§manger "
"282";"+";"-";"+";"-";"-";"-";"se";" laisser";"-";"-";"-";"<E>";"<E>";"<E>";"-";"-";"marcher";"sur les";"pieds";"-";"-";"§se laisser§marcher sur les pieds "
"283";"+";"-";"-";"-";"-";"-";"<E>";" laisser";"-";"-";"-";"<E>";"<E>";"<E>";"-";"-";"passer";"le";"bout de l'oreille";"-";"-";"§laisser§passer le bout de l'oreille "
"284";"+";"-";"-";"-";"-";"-";"<E>";" laisser";"-";"-";"-";"<E>";"<E>";"<E>";"-";"-";"passer";"une";"chance de V W";"-";"-";"§laisser§passer une chance de V W "
"285";"+";"-";"-";"-";"-";"+";"ne";" laisser";"-";"-";"-";"<E>";"<E>";"<E>";"-";"-";"perdre";"<E>";"rien";"-";"-";"§ne laisser§perdre rien "
"286";"+";"-";"-";"-";"-";"-";"<E>";" laisser";"-";"-";"-";"<E>";"<E>";"<E>";"-";"-";"pisser";"le";"mérinos";"-";"-";"§laisser§pisser le mérinos "
"287";"+";"-";"-";"-";"-";"-";"<E>";" laisser";"-";"-";"-";"<E>";"<E>";"<E>";"-";"-";"pisser";"<E>";"<E>";"+";"+";"§laisser§pisser "
"288";"+";"-";"-";"-";"-";"-";"<E>";" laisser";"-";"-";"-";"<E>";"<E>";"<E>";"-";"-";"pointer";"le";"bout de l'oreille";"-";"-";"§laisser§pointer le bout de l'oreille "
"289";"+";"-";"+";"-";"-";"-";"se";" laisser";"-";"-";"-";"<E>";"<E>";"<E>";"-";"-";"prendre";"à";"<E>";"-";"+";"§se laisser§prendre à "
"290";"+";"-";"+";"-";"-";"-";"se";" laisser";"-";"-";"-";"<E>";"<E>";"<E>";"-";"-";"prendre";"aux";"charmes";"-";"-";"§se laisser§prendre aux charmes "
"291";"+";"-";"+";"-";"-";"-";"se";" laisser";"-";"-";"-";"<E>";"<E>";"<E>";"-";"-";"prendre";"au";"jeu";"-";"-";"§se laisser§prendre au jeu "
"292";"+";"-";"+";"-";"-";"-";"se";" laisser";"-";"+";"-";"<E>";"<E>";"<E>";"-";"-";"prier";"par";"<E>";"+";"-";"§se laisser§prier par "
"293";"-";"+";"+";"-";"-";"-";"se";" laisser";"-";"-";"-";"<E>";"<E>";"<E>";"-";"-";"regarder";"<E>";"<E>";"-";"-";"§se laisser§regarder "
"294";"+";"-";"+";"-";"-";"-";"se";" laisser";"-";"-";"-";"<E>";"<E>";"<E>";"-";"-";"tenter";"par";"<E>";"-";"+";"§se laisser§tenter par "
"295";"+";"-";"-";"-";"-";"-";"<E>";" laisser";"-";"-";"-";"<E>";"<E>";"<E>";"-";"-";"tomber";"<E>";"<E>";"+";"+";"§laisser§tomber "
"296";"+";"-";"-";"-";"-";"-";"<E>";" laisser";"-";"-";"-";"<E>";"<E>";"<E>";"-";"-";"venir";"<E>";"<E>";"-";"-";"§laisser§venir "
"297";"+";"-";"+";"-";"-";"-";"se";" laisser";"-";"+";"-";"<E>";"<E>";"<E>";"-";"-";"vivre";"<E>";"<E>";"-";"-";"§se laisser§vivre "
"298";"+";"-";"-";"-";"-";"-";"<E>";" laisser";"-";"-";"-";"<E>";"les";"morts";"-";"-";"enterrer";"les";"morts";"-";"-";"§laisser§les morts enterrer les morts "
"299";"+";"-";"-";"-";"-";"-";"<E>";" laisser";"-";"-";"-";"<E>";"la";"occasion";"-";"-";"filer";"<E>";"<E>";"-";"-";"§laisser§l'occasion filer "
"300";"+";"-";"-";"-";"-";"-";"<E>";" laisser";"-";"-";"-";"<E>";"la";"occasion";"-";"-";"passer";"<E>";"<E>";"-";"-";"§laisser§l'occasion passer "
"301";"+";"-";"-";"-";"-";"-";"<E>";" manger";"+";"+";"-";"à";"<E>";"s'en faire";"-";"-";"péter";"la";"sous-ventrière";"-";"-";"§manger§à s'en fait péter la sous-ventrière "
"302";"-";"+";"-";"-";"-";"+";"ne";" manquer";"-";"+";"-";"de";"<E>";"<E>";"-";"-";"surprendre";"<E>";"<E>";"-";"-";"§ne manquer§de surprendre "
"303";"+";"-";"-";"-";"-";"-";"<E>";" mener";"-";"-";"-";"<E>";"les";"cadavres";"-";"-";"chier";"<E>";"<E>";"-";"-";"§mener§les cadavres chier "
"304";"+";"-";"-";"-";"-";"-";"<E>";" mener";"-";"-";"-";"<E>";"les";"poules";"-";"-";"pisser";"<E>";"<E>";"-";"-";"§mener§les poules pisser "
"305";"+";"-";"-";"-";"-";"+";"n'";" oser";"-";"+";"-";"<E>";"<E>";"<E>";"-";"-";"croire";"à";"<E>";"-";"+";"§n'oser§croire à "
"306";"+";"-";"-";"-";"-";"-";"<E>";" oublier";"-";"+";"-";"de";"<E>";"<E>";"-";"-";"être";"<E>";"bête";"-";"-";"§oublier§d'est bête "
"307";"+";"-";"-";"-";"-";"-";"<E>";" oublier";"-";"+";"-";"de";"<E>";"<E>";"-";"-";"respirer";"<E>";"<E>";"-";"-";"§oublier§de respirer "
"308";"+";"-";"-";"-";"-";"-";"<E>";" parler";"-";"+";"-";"pour";"<E>";"<E>";"-";"-";"parler";"<E>";"<E>";"-";"-";"§parler§pour parler "
"309";"+";"-";"-";"-";"-";"-";"<E>";" parler";"-";"+";"-";"pour";"ne";"rien";"-";"-";"dire";"<E>";"<E>";"-";"-";"§parler§pour ne rien dire "
"310";"+";"-";"-";"-";"-";"-";"<E>";" partir";"+";"+";"-";"sans";"<E>";"<E>";"-";"-";"demander";"Poss0";"reste";"-";"-";"§partir§sans demander son reste "
"311";"+";"-";"-";"-";"-";"-";"<E>";" partir";"+";"+";"-";"sans";"<E>";"<E>";"-";"-";"laisser";"de";"adresse";"-";"-";"§partir§sans laisser d'adresse "
"312";"+";"-";"-";"-";"-";"-";"<E>";" partir";"-";"+";"-";"pour";"<E>";"<E>";"-";"-";"ne revenir";"<E>";"plus";"-";"-";"§partir§pour ne revenir plus "
"313";"+";"-";"-";"-";"-";"-";"<E>";" passer";"-";"-";"-";"et";"<E>";"<E>";"-";"-";"repasser";"Loc";"<E>";"-";"+";"§passer§et repasser Loc"
"314";"+";"-";"-";"-";"-";"-";"<E>";" penser";"-";"-";"-";"que";"<E>";"ce";"-";"-";"être";"<E>";"arrivé";"-";"-";"§penser§que c'est arrivé "
"315";"+";"-";"-";"-";"-";"-";"<E>";" persiste";"-";"+";"-";"et";"<E>";"<E>";"-";"-";"signe";"<E>";"<E>";"-";"-";"§persiste§et signe "
"316";"+";"-";"+";"-";"-";"-";"se";" plaindre";"-";"-";"-";"de ce";"que la";"mariée";"-";"-";"être";"trop";"belle";"-";"-";"§se plaindre§de ce que la mariée est trop belle "
"317";"+";"+";"-";"-";"-";"-";"<E>";" pourrait";"-";"+";"-";"<E>";"<E>";"<E>";"-";"-";"aller";"<E>";"mieux";"-";"-";"§pourrait§aller mieux "
"318";"+";"-";"-";"-";"-";"+";"ne";" pouvoir";"-";"+";"-";"<E>";"<E>";"<E>";"-";"-";"arquer";"<E>";"<E>";"-";"-";"§ne pouvoir§arquer "
"319";"+";"-";"-";"-";"-";"-";"<E>";" pouvoir";"-";"+";"-";"à";"<E>";"<E>";"+";"-";"dire";"au";"revoir";"-";"-";"§pouvoir§à dire au revoir "
"320";"-";"+";"-";"-";"-";"+";"ne";" pouvoir";"-";"+";"-";"<E>";"<E>";"<E>";"-";"-";"durer";"<E>";"<E>";"-";"-";"§ne pouvoir§durer "
"321";"+";"-";"-";"-";"-";"-";"<E>";" pouvoir";"-";"+";"-";"<E>";"<E>";"<E>";"-";"-";"en croire";"<E>";"<E>";"+";"-";"§pouvoir§en croire "
"322";"+";"-";"-";"-";"-";"+";"ne";" pouvoir";"-";"+";"-";"<E>";"<E>";"<E>";"-";"-";"en dire";"<E>";"autant";"-";"-";"§ne pouvoir§en dire autant "
"323";"-";"+";"-";"-";"-";"-";"<E>";" pouvoir";"-";"+";"-";"<E>";"<E>";"<E>";"-";"-";"être";"<E>";"pire";"-";"-";"§pouvoir§est pire "
"324";"+";"-";"-";"-";"-";"+";"ne";" pouvoir";"-";"+";"-";"<E>";"<E>";"<E>";"-";"-";"être";"plus";"clair";"-";"-";"§ne pouvoir§est plus clair "
"325";"+";"-";"-";"-";"-";"-";"<E>";" pouvoir";"-";"+";"-";"<E>";"<E>";"<E>";"-";"-";"faire";"Poss0";"prière";"-";"-";"§pouvoir§fait ses prière "
"326";"+";"-";"-";"-";"-";"-";"<E>";" pouvoir";"-";"+";"-";"<E>";"<E>";"<E>";"-";"-";"faire";"Poss0";"prières";"-";"-";"§pouvoir§fait ses prières "
"327";"+";"-";"-";"-";"-";"+";"ne";" pouvoir";"-";"+";"-";"à";"<E>";"<E>";"+";"-";"faire";"<E>";"ça";"-";"-";"§ne pouvoir§à fait ça "
"328";"+";"-";"-";"-";"-";"-";"<E>";" pouvoir";"-";"+";"-";"<E>";"<E>";"<E>";"-";"-";"rêver";"<E>";"<E>";"-";"-";"§pouvoir§rêver "
"329";"+";"-";"-";"-";"-";"+";"ne";" pouvoir";"-";"+";"-";"<E>";"<E>";"<E>";"-";"-";"rêver";"<E>";"mieux";"-";"-";"§ne pouvoir§rêver mieux "
"330";"+";"-";"-";"-";"-";"-";"<E>";" pouvoir";"-";"+";"-";"avec";"<E>";"<E>";"+";"-";"se donner";"la";"main";"-";"-";"§pouvoir§avec se donner la main "
"331";"+";"-";"-";"-";"-";"-";"<E>";" pouvoir";"-";"+";"-";"avec";"<E>";"<E>";"+";"-";"se donner";"la";"main";"-";"-";"§pouvoir§avec se donner la main "
"332";"+";"-";"-";"-";"-";"-";"<E>";" pouvoir";"-";"+";"-";"<E>";"<E>";"<E>";"-";"-";"voir";"<E>";"venir";"-";"-";"§pouvoir§voir venir "
"333";"+";"-";"-";"-";"-";"-";"<E>";" pouvoir";"-";"+";"-";"<E>";"<E>";"aller";"-";"-";"se faire";"<E>";"soigner";"-";"-";"§pouvoir§aller se fait soigner "
"334";"+";"-";"-";"-";"-";"+";"ne";" pouvoir";"-";"+";"-";"devant";"le";"autre";"-";"-";"mettre";"un";"pied";"-";"-";"§ne pouvoir§devant l'autre mettre un pied "
"335";"-";"+";"-";"-";"-";"-";"<E>";" pouvoir";"-";"+";"-";"<E>";"<E>";"bien";"-";"-";"faire";"<E>";"quoi ?";"-";"-";"§pouvoir§bien fait quoi ? "
"336";"+";"-";"-";"-";"-";"-";"<E>";" pouvoir";"-";"+";"-";"en";"<E>";"face";"-";"-";"regarder";"<E>";"<E>";"+";"+";"§pouvoir§en face regarder "
"337";"+";"-";"-";"-";"-";"-";"<E>";" pouvoir";"-";"+";"-";"<E>";"<E>";"mieux";"-";"-";"faire";"<E>";"<E>";"-";"-";"§pouvoir§mieux fait "
"338";"+";"-";"-";"-";"-";"+";"ne";" pouvoir plus";"-";"+";"-";"en";"<E>";"face";"-";"-";"regarder";"<E>";"<E>";"+";"+";"§ne pouvoir plus§en face regarder "
"339";"+";"-";"-";"-";"-";"+";"ne";" pouvoir que";"-";"+";"-";"<E>";"<E>";"<E>";"-";"-";"s'en prendre";"à";"Lui-0-même";"-";"-";"§ne pouvoir que§s'en prendre à lui-même "
"340";"+";"-";"-";"-";"-";"-";"<E>";" préférer";"-";"+";"-";"en";"<E>";"photo qu'en pension";"-";"-";"avoir";"<E>";"<E>";"+";"-";"§préférer§en photo qu'en pension a "
"341";"+";"-";"-";"-";"-";"-";"<E>";" progresser";"-";"+";"-";"sans";"<E>";"<E>";"-";"-";"rencontrer";"de";"résistance";"-";"-";"§progresser§sans rencontrer de résistance "
"342";"+";"-";"-";"-";"-";"-";"<E>";" récolter";"-";"-";"+";"ce";"que";"Il-0";"+";"-";"semer";"<E>";"<E>";"-";"-";"§récolter§ce qu'il semer "
"343";"+";"-";"-";"-";"-";"-";"<E>";" reculer";"-";"+";"-";"pour";"<E>";"mieux";"-";"-";"sauter";"<E>";"<E>";"-";"-";"§reculer§pour mieux sauter "
"344";"+";"-";"-";"-";"-";"-";"<E>";" regarder";"-";"+";"-";"<E>";"<E>";"<E>";"-";"-";"passer";"les";"trains";"-";"-";"§regarder§passer les trains "
"345";"-";"+";"-";"-";"-";"-";"<E>";" rester";"-";"-";"-";"à";"<E>";"<E>";"-";"-";"voir";"<E>";"<E>";"-";"-";"§rester§à voir "
"346";"+";"-";"+";"-";"-";"-";"se";" retirer";"-";"+";"-";"pour";"<E>";"<E>";"-";"-";"délibérer";"<E>";"<E>";"-";"-";"§se retirer§pour délibérer "
"347";"+";"-";"-";"-";"-";"-";"<E>";" rire";"+";"+";"-";"à";"<E>";"<E>";"-";"-";"en décrocher";"Poss0";"mâchoire";"-";"-";"§rire§à en décrocher sa mâchoire "
"348";"+";"-";"-";"-";"-";"-";"<E>";" rire";"+";"+";"-";"à";"<E>";"<E>";"-";"-";"en décrocher";"Poss0";"râtelier";"-";"-";"§rire§à en décrocher son râtelier "
"349";"+";"-";"-";"-";"-";"-";"<E>";" rire";"+";"+";"-";"à";"<E>";"<E>";"-";"-";"en décrocher";"Poss0";"dentier";"-";"-";"§rire§à en décrocher son dentier "
"350";"+";"-";"-";"-";"-";"-";"<E>";" rire";"+";"+";"-";"à";"<E>";"<E>";"-";"-";"s'en décrocher";"la";"mâchoire";"-";"-";"§rire§à s'en décrocher la mâchoire "
"351";"+";"-";"-";"-";"-";"-";"<E>";" rire";"+";"+";"-";"à";"<E>";"<E>";"-";"-";"s'en décrocher";"le";"râtelier";"-";"-";"§rire§à s'en décrocher le râtelier "
"352";"+";"-";"-";"-";"-";"-";"<E>";" rire";"+";"+";"-";"à";"<E>";"<E>";"-";"-";"s'en décrocher";"la";"dentier";"-";"-";"§rire§à s'en décrocher la dentier "
"353";"+";"-";"-";"-";"-";"-";"<E>";" saisir";"-";"+";"-";"<E>";"<E>";"<E>";"-";"-";"arrêter";"<E>";"<E>";"-";"-";"§saisir§arrêter "
"354";"+";"-";"-";"-";"-";"-";"<E>";" saisir";"-";"+";"-";"<E>";"<E>";"<E>";"-";"-";"brandonner";"<E>";"<E>";"-";"-";"§saisir§brandonner "
"355";"+";"-";"-";"-";"-";"-";"<E>";" saisir";"-";"+";"-";"<E>";"<E>";"<E>";"-";"-";"exécuter";"<E>";"<E>";"-";"-";"§saisir§exécuter "
"356";"+";"-";"-";"-";"-";"-";"<E>";" saisir";"-";"+";"-";"<E>";"<E>";"<E>";"-";"-";"gager";"<E>";"<E>";"-";"-";"§saisir§gager "
"357";"+";"-";"-";"-";"-";"-";"<E>";" saisir";"-";"+";"-";"<E>";"<E>";"<E>";"-";"-";"revendiquer";"<E>";"<E>";"-";"-";"§saisir§revendiquer "
"358";"+";"-";"-";"-";"-";"-";"<E>";" savoir";"-";"+";"-";"<E>";"<E>";"<E>";"-";"-";"nager";"<E>";"<E>";"-";"-";"§savoir§nager "
"359";"+";"-";"-";"-";"-";"-";"<E>";" savoir";"-";"+";"-";"<E>";"<E>";"<E>";"-";"-";"naviguer";"<E>";"<E>";"-";"-";"§savoir§naviguer "
"360";"+";"-";"-";"-";"-";"-";"<E>";" savoir";"-";"+";"-";"<E>";"<E>";"<E>";"-";"-";"trouver";"les";"mots";"-";"-";"§savoir§trouver les mots "
"361";"+";"-";"-";"-";"-";"-";"<E>";" savoir";"-";"+";"-";"<E>";"<E>";"<E>";"-";"-";"vivre";"<E>";"<E>";"-";"-";"§savoir§vivre "
"362";"+";"-";"-";"-";"-";"-";"<E>";" savoir";"-";"+";"-";"<E>";"<E>";"<E>";"-";"-";"y faire";"<E>";"<E>";"-";"-";"§savoir§y fait "
"363";"+";"-";"-";"-";"-";"-";"<E>";" savoir";"-";"-";"+";"de quoi";"le";"avenir";"-";"-";"être";"<E>";"fait";"-";"-";"§savoir§de quoi l'avenir est fait "
"364";"+";"-";"-";"-";"-";"-";"<E>";" savoir";"-";"+";"+";"par";"quel";"bout";"-";"-";"prendre";"<E>";"<E>";"+";"-";"§savoir§par quel bout prendre "
"365";"+";"-";"-";"-";"-";"+";"ne";" savoir";"-";"-";"-";"<E>";"si";"ce";"-";"-";"être";"du";"lard ou du cochon";"-";"-";"§ne savoir§si c'est du lard ou du cochon "
"366";"+";"-";"-";"-";"-";"+";"ne";" savoir";"-";"-";"-";"<E>";"<E>";"comment";"-";"-";"dire";"à";"<E>";"+";"-";"§ne savoir§comment dire à "
"367";"+";"-";"-";"-";"-";"+";"ne";" savoir";"-";"-";"-";"<E>";"<E>";"comment";"-";"-";"faire";"<E>";"<E>";"-";"-";"§ne savoir§comment fait "
"368";"+";"-";"-";"-";"-";"-";"<E>";" savoir";"-";"+";"+";"<E>";"<E>";"comment";"-";"-";"prendre";"<E>";"<E>";"+";"-";"§savoir§comment prendre "
"369";"+";"-";"-";"-";"-";"+";"ne";" savoir";"-";"+";"+";"<E>";"<E>";"comment";"-";"-";"remercier";"<E>";"<E>";"+";"-";"§ne savoir§comment remercier "
"370";"+";"-";"-";"-";"-";"-";"<E>";" savoir";"-";"-";"+";"de";"quel";"côté";"-";"-";"venir";"le";"vent";"-";"-";"§savoir§de quel côté venir le vent "
"371";"+";"-";"-";"-";"-";"-";"<E>";" savoir";"-";"-";"+";"de";"quel";"côté le pain";"-";"-";"est";"<E>";"beurré";"-";"-";"§savoir§de quel côté le pain est beurré "
"372";"+";"-";"-";"-";"-";"-";"<E>";" savoir";"-";"-";"+";"de quoi";"<E>";"demain";"-";"-";"être";"<E>";"fait";"-";"-";"§savoir§de quoi demain est fait "
"373";"+";"-";"-";"-";"-";"-";"<E>";" savoir";"-";"-";"+";"ce";"que";"il";"-";"-";"en être";"<E>";"<E>";"-";"-";"§savoir§ce qu'il en est "
"374";"+";"-";"-";"-";"-";"-";"<E>";" savoir";"-";"-";"+";"de quoi";"<E>";"il";"-";"-";"retourner";"<E>";"<E>";"-";"-";"§savoir§de quoi il retourner "
"375";"+";"-";"-";"-";"-";"-";"<E>";" savoir";"-";"-";"+";"ce";"que";"Il-0";"+";"-";"dire";"<E>";"<E>";"-";"-";"§savoir§ce qu'il dire "
"376";"+";"-";"-";"-";"-";"-";"<E>";" savoir";"-";"-";"+";"ce";"que";"Il-0";"+";"-";"faire";"<E>";"<E>";"-";"-";"§savoir§ce qu'il fait "
"377";"+";"-";"-";"-";"-";"-";"<E>";" savoir";"-";"-";"+";"<E>";"ce que";"Il-0";"-";"-";"vouloir";"<E>";"<E>";"-";"-";"§savoir§ce qu'il vouloir "
"378";"+";"-";"-";"-";"-";"+";"ne";" savoir";"-";"+";"+";"par";"<E>";"où";"-";"-";"commencer";"<E>";"<E>";"-";"-";"§ne savoir§par où commencer "
"379";"+";"-";"-";"-";"-";"+";"ne";" savoir";"-";"+";"+";"<E>";"<E>";"où";"-";"-";"donner";"de la";"tête";"-";"-";"§ne savoir§où donner de la tête "
"380";"+";"-";"-";"-";"-";"+";"ne";" savoir";"-";"+";"+";"<E>";"<E>";"où";"-";"-";"se cacher";"<E>";"<E>";"-";"-";"§ne savoir§où se cacher "
"381";"+";"-";"-";"-";"-";"+";"ne";" savoir";"-";"+";"+";"<E>";"<E>";"où";"-";"-";"se fourrer";"<E>";"<E>";"-";"-";"§ne savoir§où se fourrer "
"382";"+";"-";"-";"-";"-";"+";"ne";" savoir";"-";"+";"+";"<E>";"<E>";"où";"-";"-";"se mettre";"<E>";"<E>";"-";"-";"§ne savoir§où se mettre "
"383";"+";"-";"-";"-";"-";"+";"ne";" savoir";"-";"+";"+";"<E>";"<E>";"où";"-";"-";"se tourner";"<E>";"<E>";"-";"-";"§ne savoir§où se tourner "
"384";"+";"-";"-";"-";"-";"+";"ne";" savoir";"-";"+";"+";"sur";"quel";"pied";"-";"-";"danser";"<E>";"<E>";"-";"-";"§ne savoir§sur quel pied danser "
"385";"+";"-";"-";"-";"-";"+";"ne";" savoir";"-";"+";"+";"<E>";"trop";"que";"-";"-";"dire";"<E>";"<E>";"-";"-";"§ne savoir§trop que dire "
"386";"+";"-";"-";"-";"-";"+";"ne";" savoir";"-";"+";"+";"<E>";"trop";"que";"-";"-";"faire";"<E>";"<E>";"-";"-";"§ne savoir§trop que fait "
"387";"+";"-";"-";"-";"-";"+";"ne";" savoir";"-";"+";"+";"<E>";"trop";"que";"-";"-";"penser";"de";"<E>";"+";"+";"§ne savoir§trop que penser de "
"388";"+";"-";"-";"-";"-";"-";"<E>";" savoir";"-";"-";"-";"<E>";"<E>";"qui";"+";"-";"être";"<E>";"qui";"-";"-";"§savoir§qui est qui "
"389";"+";"-";"-";"-";"-";"+";"ne";" savoir";"-";"+";"+";"vers";"<E>";"qui";"-";"-";"se tourner";"<E>";"<E>";"-";"-";"§ne savoir§vers qui se tourner "
"390";"+";"-";"-";"-";"-";"+";"ne";" savoir";"-";"+";"+";"<E>";"trop";"quoi";"-";"-";"dire";"<E>";"<E>";"-";"-";"§ne savoir§trop quoi dire "
"391";"+";"-";"-";"-";"-";"+";"ne";" savoir";"-";"+";"+";"<E>";"trop";"quoi";"-";"-";"faire";"<E>";"<E>";"-";"-";"§ne savoir§trop quoi fait "
"392";"+";"-";"-";"-";"-";"+";"ne";" savoir";"-";"+";"+";"<E>";"<E>";"quoi";"-";"-";"inventer";"<E>";"<E>";"-";"-";"§ne savoir§quoi inventer "
"393";"+";"-";"-";"-";"-";"+";"ne";" savoir";"-";"+";"+";"<E>";"trop";"quoi";"-";"-";"penser";"de";"<E>";"+";"+";"§ne savoir§trop quoi penser de "
"394";"+";"-";"-";"-";"-";"-";"<E>";" savoir";"-";"-";"+";"à";"<E>";"quoi";"-";"-";"s'en tenir";"<E>";"<E>";"-";"-";"§savoir§à quoi s'en tenir "
"395";"+";"-";"-";"-";"-";"+";"ne";" savoir";"-";"+";"+";"à";"quel";"saint";"-";"-";"se vouer";"<E>";"<E>";"-";"-";"§ne savoir§à quel saint se vouer "
"396";"+";"-";"-";"-";"-";"+";"ne";" savoir";"-";"+";"+";"à";"quel";"saint Il-0";"-";"-";"doit";"<E>";"se vouer";"-";"-";"§ne savoir§à quel saint il doit se vouer "
"397";"+";"-";"-";"-";"-";"+";"ne";" savoir ni";"-";"+";"-";"<E>";"<E>";"lire ni";"-";"-";"écrire";"<E>";"<E>";"-";"-";"§ne savoir ni§lire ni écrire "
"398";"+";"-";"-";"-";"-";"-";"se";" sentir";"-";"+";"-";"<E>";"<E>";"<E>";"-";"-";"fondre";"<E>";"<E>";"-";"-";"§se sentir§fondre "
"399";"+";"-";"-";"-";"-";"-";"le";" sentir";"-";"+";"-";"<E>";"<E>";"<E>";"-";"-";"passer";"<E>";"<E>";"-";"-";"§le sentir§passer "
"400";"+";"-";"+";"-";"-";"+";"ne se";" sentir";"-";"+";"-";"<E>";"<E>";"<E>";"-";"-";"pisser";"<E>";"<E>";"-";"-";"§ne se sentir§pisser "
"401";"+";"-";"-";"-";"-";"-";"<E>";" sentir";"-";"-";"+";"de";"quel";"côté";"-";"-";"venir";"le";"vent";"-";"-";"§sentir§de quel côté venir le vent "
"402";"+";"-";"-";"-";"-";"-";"<E>";" sentir";"-";"+";"-";"<E>";"la";"heure";"-";"-";"venir";"<E>";"<E>";"-";"-";"§sentir§l'heure venir "
"403";"+";"-";"-";"-";"-";"-";"<E>";" sentir";"-";"+";"-";"<E>";"la";"mort";"-";"-";"venir";"<E>";"<E>";"-";"-";"§sentir§la mort venir "
"404";"+";"-";"-";"-";"-";"-";"<E>";" sommer";"-";"-";"-";"de";"<E>";"<E>";"-";"-";"se rendre";"<E>";"<E>";"+";"-";"§sommer§de se rendre "
"405";"+";"-";"-";"-";"-";"-";"<E>";" sortir";"-";"+";"-";"de";"<E>";"<E>";"-";"-";"en prendre";"<E>";"<E>";"-";"-";"§sortir§d'en prendre "
"406";"+";"-";"-";"-";"-";"-";"<E>";" trouver";"-";"+";"+";"à";"qui";"<E>";"-";"-";"parler";"<E>";"<E>";"-";"-";"§trouver§à qui parler "
"407";"+";"-";"-";"-";"-";"-";"<E>";" user";"-";"-";"-";"et";"<E>";"<E>";"-";"-";"abuser";"de";"<E>";"-";"+";"§user§et abuser de "
"408";"+";"-";"-";"-";"-";"-";"<E>";" va";"-";"+";"-";"<E>";"<E>";"<E>";"-";"-";"montrer !";"à";"<E>";"+";"-";"§va§montrer! à "
"409";"+";"-";"-";"-";"-";"-";"<E>";" va";"-";"+";"-";"<E>";"<E>";"<E>";"-";"-";"voir !";"<E>";"<E>";"-";"-";"§va§voir! "
"410";"+";"+";"-";"-";"-";"-";"<E>";" venir";"-";"+";"-";"à";"<E>";"<E>";"-";"-";"passer";"<E>";"<E>";"-";"-";"§venir§à passer "
"411";"+";"-";"-";"-";"-";"-";"<E>";" voir";"-";"-";"-";"<E>";"<E>";"<E>";"+";"+";"arriver";"de";"loin";"-";"-";"§voir§arriver de loin "
"412";"+";"-";"-";"-";"-";"-";"<E>";" voir";"-";"+";"-";"<E>";"<E>";"<E>";"-";"-";"venir";"<E>";"<E>";"-";"-";"§voir§venir "
"413";"+";"-";"-";"-";"-";"-";"<E>";" voir";"-";"-";"-";"<E>";"<E>";"<E>";"+";"+";"venir";"de";"loin";"-";"-";"§voir§venir de loin "
"414";"+";"-";"-";"-";"-";"-";"<E>";" voir";"-";"-";"+";"de";"quel";"bois";"+";"-";"se chauffer";"<E>";"<E>";"-";"-";"§voir§de quel bois se chauffer "
"415";"+";"-";"-";"-";"-";"+";"ne";" voir";"-";"-";"-";"<E>";"le";"temps";"-";"-";"passer";"<E>";"<E>";"-";"-";"§ne voir§le temps passer "
"416";"+";"-";"-";"-";"-";"-";"<E>";" voudrait";"-";"+";"-";"<E>";"<E>";"<E>";"-";"-";"y voir";"<E>";"<E>";"+";"-";"§voudrait§y voir "
"417";"+";"-";"-";"-";"-";"+";"ne";" voudrait pas";"-";"+";"-";"à";"le";"coin d'un bois";"-";"-";"rencontrer";"<E>";"<E>";"+";"-";"§ne voudrait pas§au coin d'un bois rencontrer "
"418";"+";"-";"-";"-";"-";"-";"<E>";" vouloir";"-";"+";"-";"<E>";"<E>";"<E>";"-";"-";"blanchir";"la";"tête d'un maure";"-";"-";"§vouloir§blanchir la tête d'un maure "
"419";"+";"-";"-";"-";"-";"-";"<E>";" vouloir";"-";"+";"-";"<E>";"<E>";"<E>";"-";"-";"en venir";"<E>";"où ?";"-";"-";"§vouloir§en venir où ? "
"420";"+";"-";"-";"-";"-";"+";"ne";" vouloir";"-";"+";"-";"<E>";"<E>";"<E>";"-";"-";"le savoir";"<E>";"<E>";"-";"-";"§ne vouloir§le savoir "
"421";"+";"-";"-";"-";"-";"-";"<E>";" vouloir";"-";"+";"-";"<E>";"<E>";"<E>";"-";"-";"plaisanter";"<E>";"<E>";"-";"-";"§vouloir§plaisanter "
"422";"+";"-";"-";"-";"-";"+";"ne";" vouloir";"-";"+";"-";"<E>";"<E>";"<E>";"-";"-";"priver";"<E>";"<E>";"+";"-";"§ne vouloir§priver "
"423";"+";"-";"-";"-";"-";"-";"<E>";" vouloir";"-";"+";"-";"<E>";"<E>";"<E>";"-";"-";"rigoler";"<E>";"<E>";"-";"-";"§vouloir§rigoler "
"424";"+";"-";"-";"-";"-";"-";"<E>";" vouloir";"-";"+";"-";"<E>";"<E>";"<E>";"-";"-";"rire";"<E>";"<E>";"-";"-";"§vouloir§rire "
"425";"+";"-";"-";"-";"-";"+";"ne";" vouloir";"-";"+";"-";"<E>";"<E>";"entendre";"-";"-";"parler";"de";"<E>";"+";"-";"§ne vouloir§entendre parler de "
"426";"+";"-";"-";"-";"-";"-";"<E>";" vouloir";"-";"+";"-";"<E>";"<E>";"péter";"-";"-";"plus haut que";"Poss0";"cul";"-";"-";"§vouloir§péter plus haut que son cul "
"427";"+";"-";"-";"-";"-";"-";"<E>";" vouloir";"-";"+";"-";"<E>";"cent";"pieds";"-";"-";"disparaître";"sous";"terre";"-";"-";"§vouloir§cent pieds disparaître sous terre "
"428";"+";"-";"-";"-";"-";"-";"<E>";" vouloir";"-";"+";"-";"<E>";"cent";"pieds";"-";"-";"être";"sous";"terre";"-";"-";"§vouloir§cent pieds est sous terre "
"429";"+";"-";"-";"-";"-";"-";"<E>";" vouloir";"-";"+";"-";"<E>";"cent";"pieds";"-";"-";"rentrer";"sous";"terre";"-";"-";"§vouloir§cent pieds rentrer sous terre "
"430";"+";"-";"-";"-";"-";"-";"<E>";" vouloir";"-";"+";"-";"<E>";"cent";"pieds";"-";"-";"s'enfoncer";"sous";"terre";"-";"-";"§vouloir§cent pieds s'enfoncer sous terre "
"431";"+";"-";"-";"-";"-";"+";"ne";" vouloir";"-";"+";"-";"<E>";"<E>";"rien";"-";"-";"savoir";"<E>";"<E>";"-";"-";"§ne vouloir§rien savoir "
"432";"+";"-";"-";"-";"-";"-";"<E>";" vouloir";"-";"+";"-";"<E>";"<E>";"tout";"-";"-";"avaler";"<E>";"<E>";"-";"-";"§vouloir§tout avaler "
"433";"+";"-";"-";"-";"-";"-";"<E>";" vouloir";"-";"+";"-";"<E>";"<E>";"tout";"-";"-";"bouffer";"<E>";"<E>";"-";"-";"§vouloir§tout bouffer "
"434";"+";"-";"-";"-";"-";"+";"ne";" vouloir plus";"-";"+";"-";"<E>";"<E>";"<E>";"-";"-";"entendre";"<E>";"ça";"-";"-";"§ne vouloir plus§entendre ça "
