"<ID>";"N0 =: Nhum";"N0 =: N-hum";"Ppv =: en figé";"Ppv =: Neg";"<ENT>Ppv";"<ENT><être>";"N0 être Det1 C1";"<ENT>Det1";"<ENT>C1";"<ENT>Prépc";"<ENT>Detc";"<ENT>Cc";"C1 = C1 Adj1";"C1 = Adj1 C1";"<ENT>Prép2";"N2 =: Nhum";"N2 =: N-hum";"Exemple"
"1";"-";"+";"-";"-";"<E>";" être";"-";"un";"abcès";"de";"<E>";"fixation";"+";"+";"pour";"-";"+";"§est§un abcès de fixation pour "
"2";"-";"+";"-";"-";"<E>";" être";"+";"une sale";"affaire";"<E>";"<E>";"<E>";"+";"+";"pour";"-";"-";"§est§une sale affaire pour "
"3";"-";"+";"-";"+";"n'";" être pas";"+";"une mince";"affaire";"<E>";"<E>";"<E>";"+";"+";"pour";"-";"-";"§n'est pas§une mince affaire pour "
"4";"+";"-";"-";"-";"<E>";" être";"-";"<E>";"ambassadeur";"<E>";"<E>";"<E>";"-";"+";"auprès de";"-";"+";"§est§ambassadeur auprès de "
"5";"+";"-";"-";"-";"<E>";" être";"-";"<E>";"ambassadeur";"<E>";"<E>";"<E>";"-";"+";"près";"-";"+";"§est§ambassadeur près "
"6";"-";"+";"-";"-";"<E>";" être";"+";"un";"appel";"de";"le";"pied";"+";"+";"à";"-";"-";"§est§un appel du pied à "
"7";"+";"-";"-";"-";"<E>";" être";"-";"un";"as";"en";"<E>";"matière";"-";"-";"de";"+";"-";"§est§un as en matière de "
"8";"+";"+";"-";"-";"<E>";" être";"+";"un";"atout";"<E>";"<E>";"<E>";"+";"+";"pour";"-";"+";"§est§un atout pour "
"9";"+";"+";"-";"-";"<E>";" être";"+";"un";"atout";"<E>";"<E>";"majeur";"+";"+";"pour";"-";"+";"§est§un atout majeur pour "
"10";"+";"+";"-";"-";"<E>";" être";"+";"une";"aubaine";"<E>";"<E>";"<E>";"+";"+";"pour";"-";"-";"§est§une aubaine pour "
"11";"+";"-";"-";"-";"<E>";" être";"-";"une";"autorité";"en";"<E>";"matière";"-";"-";"de";"+";"-";"§est§une autorité en matière de "
"12";"+";"+";"-";"+";"n'";" être";"-";"<E>";"autre";"<E>";"<E>";"<E>";"-";"+";"que";"+";"-";"§n'est§autre que "
"13";"-";"+";"-";"-";"<E>";" être";"+";"un";"avantage";"<E>";"<E>";"<E>";"+";"+";"pour";"-";"-";"§est§un avantage pour "
"14";"+";"-";"-";"-";"<E>";" être";"-";"<E>";"baba";"<E>";"<E>";"<E>";"+";"+";"devant";"-";"-";"§est§baba devant "
"15";"-";"+";"-";"-";"<E>";" être";"+";"une";"bagatelle";"<E>";"<E>";"<E>";"+";"+";"pour";"-";"-";"§est§une bagatelle pour "
"16";"-";"+";"-";"-";"<E>";" être";"-";"du";"baume";"à";"le";"coeur";"+";"+";"pour";"-";"-";"§est§du baume au coeur pour "
"17";"-";"+";"-";"-";"<E>";" être";"+";"une";"bénédiction";"<E>";"<E>";"<E>";"-";"+";"pour";"-";"-";"§est§une bénédiction pour "
"18";"-";"+";"-";"-";"<E>";" être";"+";"tout";"bénéf";"<E>";"<E>";"<E>";"+";"+";"pour";"-";"-";"§est§tout bénéf pour "
"19";"-";"+";"-";"-";"<E>";" être";"+";"tout";"bénéfice";"<E>";"<E>";"<E>";"+";"+";"pour";"-";"-";"§est§tout bénéfice pour "
"20";"+";"-";"-";"-";"<E>";" être";"-";"<E>";"bien";"<E>";"<E>";"<E>";"-";"+";"avec";"-";"-";"§est§bien avec "
"21";"+";"-";"-";"-";"<E>";" être";"-";"du dernier";"bien";"<E>";"<E>";"<E>";"-";"+";"avec";"-";"-";"§est§du dernier bien avec "
"22";"+";"-";"-";"-";"<E>";" être";"-";"le";"bienvenu";"<E>";"<E>";"<E>";"+";"+";"Loc";"+";"-";"§est§le bienvenu Loc "
"23";"+";"-";"-";"-";"<E>";" être";"-";"<E>";"bouche";"<E>";"<E>";"bée";"+";"+";"devant";"+";"-";"§est§bouche bée devant "
"24";"-";"+";"-";"-";"<E>";" être";"+";"un";"boulet";"à";"<E>";"traîner";"+";"+";"pour";"-";"-";"§est§un boulet à traîner pour "
"25";"-";"+";"-";"-";"<E>";" être";"-";"<E>";"bout";"à";"<E>";"bout";"-";"+";"avec";"-";"-";"§est§bout à bout avec "
"26";"+";"-";"-";"-";"<E>";" être";"-";"les";"bras";"<E>";"<E>";"croisés";"-";"+";"devant";"+";"-";"§est§les bras croisés devant "
"27";"+";"-";"-";"-";"<E>";" être";"-";"<E>";"bras dessus";"<E>";"<E>";"bras dessous";"-";"+";"avec";"-";"-";"§est§bras dessus bras dessous avec "
"28";"+";"-";"-";"-";"<E>";" être";"-";"<E>";"bras dessus";"<E>";"<E>";"dessous";"-";"+";"avec";"+";"-";"§est§bras dessus dessous avec "
"29";"-";"+";"-";"-";"<E>";" être";"+";"une";"bravade";"de";"la";"part";"+";"+";"de";"-";"-";"§est§une bravade de la part de "
"30";"-";"+";"-";"+";"n'";" être pas";"+";"un";"cadeau";"<E>";"<E>";"<E>";"+";"+";"pour";"-";"-";"§n'est pas§un cadeau pour "
"31";"-";"+";"-";"-";"<E>";" être";"-";"un";"cadeau";"de";"<E>";"adieu";"+";"+";"à";"-";"+";"§est§un cadeau d'adieu à "
"32";"-";"+";"-";"-";"<E>";" être";"+";"le";"calme";"qui";"annoncer la";"tempête";"+";"+";"pour";"-";"-";"§est§le calme qui annoncer la tempête pour "
"33";"-";"+";"-";"-";"<E>";" être";"+";"un";"camouflet";"<E>";"<E>";"<E>";"+";"+";"pour";"-";"+";"§est§un camouflet pour "
"34";"-";"+";"-";"-";"<E>";" être";"+";"<E>";"casse";"<E>";"<E>";"bonbons";"-";"+";"pour";"-";"-";"§est§casse bonbons pour "
"35";"-";"+";"-";"-";"<E>";" être";"+";"<E>";"casse";"<E>";"<E>";"burettes";"-";"+";"pour";"-";"-";"§est§casse burettes pour "
"36";"-";"+";"-";"-";"<E>";" être";"+";"<E>";"casse";"<E>";"<E>";"burnes";"-";"+";"pour";"-";"-";"§est§casse burnes pour "
"37";"-";"+";"-";"-";"<E>";" être";"+";"<E>";"casse";"<E>";"<E>";"cou";"-";"+";"pour";"-";"-";"§est§casse cou pour "
"38";"-";"+";"-";"-";"<E>";" être";"+";"<E>";"casse";"<E>";"<E>";"couilles";"-";"+";"pour";"-";"-";"§est§casse couilles pour "
"39";"-";"+";"-";"-";"<E>";" être";"+";"<E>";"casse";"<E>";"<E>";"gueule";"-";"+";"pour";"-";"-";"§est§casse gueule pour "
"40";"-";"+";"-";"-";"<E>";" être";"+";"<E>";"casse";"<E>";"<E>";"pieds";"-";"+";"pour";"-";"-";"§est§casse pieds pour "
"41";"-";"+";"-";"-";"<E>";" être";"+";"une";"catastrophe";"<E>";"<E>";"<E>";"-";"+";"pour";"-";"-";"§est§une catastrophe pour "
"42";"-";"+";"-";"-";"<E>";" être";"+";"une";"certitude";"<E>";"<E>";"<E>";"+";"+";"pour";"-";"+";"§est§une certitude pour "
"43";"-";"+";"-";"-";"<E>";" être";"-";"un";"champ";"<E>";"<E>";"clos";"-";"+";"pour";"-";"-";"§est§un champ clos pour "
"44";"-";"+";"-";"-";"<E>";" être";"+";"une";"chance";"<E>";"<E>";"<E>";"+";"+";"pour";"-";"-";"§est§une chance pour "
"45";"+";"+";"-";"-";"<E>";" être";"+";"une";"charge";"<E>";"<E>";"<E>";"+";"+";"pour";"-";"-";"§est§une charge pour "
"46";"-";"+";"-";"-";"<E>";" être";"+";"une";"charge";"<E>";"<E>";"<E>";"+";"+";"pour";"-";"-";"§est§une charge pour "
"47";"-";"+";"-";"-";"<E>";" être";"+";"une lourde";"charge";"<E>";"<E>";"<E>";"+";"+";"pour";"-";"-";"§est§une lourde charge pour "
"48";"+";"-";"-";"-";"<E>";" être";"-";"une";"charnière";"<E>";"<E>";"<E>";"-";"+";"entre";"+";"-";"§est§une charnière entre "
"49";"+";"-";"-";"-";"<E>";" être";"-";"<E>";"chien";"<E>";"<E>";"<E>";"-";"+";"avec";"-";"-";"§est§chien avec "
"50";"-";"+";"-";"-";"<E>";" être";"-";"de le";"chinois";"<E>";"<E>";"<E>";"+";"+";"pour";"-";"-";"§est§du chinois pour "
"51";"-";"+";"-";"-";"<E>";" être";"+";"un";"choc";"<E>";"<E>";"<E>";"+";"+";"pour";"-";"+";"§est§un choc pour "
"52";"-";"+";"-";"-";"<E>";" être";"+";"un";"choix";"<E>";"<E>";"<E>";"+";"+";"pour";"-";"-";"§est§un choix pour "
"53";"-";"+";"-";"-";"<E>";" être";"+";"une bonne";"chose";"<E>";"<E>";"<E>";"+";"+";"pour";"-";"-";"§est§une bonne chose pour "
"54";"-";"+";"-";"-";"<E>";" être";"+";"une excellente";"chose";"<E>";"<E>";"<E>";"+";"+";"pour";"-";"-";"§est§une excellente chose pour "
"55";"-";"+";"-";"-";"<E>";" être";"+";"une mauvaise";"chose";"<E>";"<E>";"<E>";"+";"+";"pour";"-";"-";"§est§une mauvaise chose pour "
"56";"-";"+";"-";"-";"<E>";" être";"+";"une bonne";"chose";"<E>";"<E>";"<E>";"+";"+";"pour";"-";"-";"§est§une bonne chose pour "
"57";"-";"+";"-";"-";"<E>";" être";"+";"<E>";"chose";"<E>";"<E>";"certaine";"+";"+";"pour";"-";"-";"§est§chose certaine pour "
"58";"-";"+";"-";"-";"<E>";" être";"+";"une";"chose";"<E>";"<E>";"certaine";"+";"+";"pour";"-";"-";"§est§une chose certaine pour "
"59";"-";"+";"-";"-";"<E>";" être";"+";"un";"ciment";"<E>";"<E>";"<E>";"+";"+";"entre";"+";"-";"§est§un ciment entre "
"60";"+";"-";"-";"-";"<E>";" être";"-";"<E>";"client";"<E>";"<E>";"<E>";"-";"+";"Loc";"+";"-";"§est§client Loc "
"61";"+";"-";"-";"-";"<E>";" être";"-";"mauvais";"client";"<E>";"<E>";"<E>";"-";"+";"Loc";"+";"-";"§est§mauvais client Loc "
"62";"+";"-";"-";"-";"<E>";" être";"-";"bon";"client";"<E>";"<E>";"<E>";"-";"+";"Loc";"+";"-";"§est§bon client Loc "
"63";"+";"-";"-";"+";"n'";" être";"-";"<E>";"client";"<E>";"<E>";"<E>";"-";"-";"pour";"+";"-";"§n'est§client pour "
"64";"-";"+";"-";"-";"<E>";" être";"+";"un";"comble";"<E>";"<E>";"<E>";"+";"+";"pour";"-";"-";"§est§un comble pour "
"65";"+";"-";"-";"-";"<E>";" être";"-";"un";"contact";"<E>";"<E>";"<E>";"+";"+";"entre";"+";"-";"§est§un contact entre "
"66";"-";"+";"-";"-";"<E>";" être";"-";"une";"cote";"<E>";"mal";"taillée";"-";"-";"entre";"+";"-";"§est§une cote mal taillée entre "
"67";"+";"+";"-";"-";"<E>";" être";"-";"<E>";"côte";"à";"<E>";"côte";"-";"+";"avec";"+";"-";"§est§côte à côte avec "
"68";"-";"+";"-";"-";"<E>";" être";"+";"un sale";"coup";"<E>";"<E>";"<E>";"+";"+";"pour";"-";"-";"§est§un sale coup pour "
"69";"-";"+";"-";"-";"<E>";" être";"+";"un";"coup";"de";"<E>";"arrêt";"+";"+";"à";"+";"-";"§est§un coup d'arrêt à "
"70";"-";"+";"-";"-";"<E>";" être";"+";"un";"coup";"de";"<E>";"chapeau";"+";"+";"à";"+";"-";"§est§un coup de chapeau à "
"71";"-";"+";"-";"-";"<E>";" être";"+";"un";"coup";"<E>";"<E>";"dur";"+";"+";"pour";"-";"-";"§est§un coup dur pour "
"72";"-";"+";"-";"-";"<E>";" être";"-";"un";"coup";"de";"<E>";"épingle";"-";"+";"Loc";"+";"-";"§est§un coup d'épingle Loc "
"73";"-";"+";"-";"-";"<E>";" être";"+";"le";"coup";"de";"<E>";"grâce";"+";"+";"pour";"-";"-";"§est§le coup de grâce pour "
"74";"-";"+";"-";"-";"<E>";" être";"+";"un";"coup";"<E>";"<E>";"monté";"+";"+";"contre";"-";"-";"§est§un coup monté contre "
"75";"-";"+";"-";"-";"<E>";" être";"+";"un";"coup";"de";"<E>";"pouce";"-";"-";"à";"+";"-";"§est§un coup de pouce à "
"76";"-";"+";"-";"-";"<E>";" être";"+";"un";"coup";"de";"le";"sort";"+";"+";"pour";"-";"-";"§est§un coup du sort pour "
"77";"-";"+";"-";"-";"<E>";" être";"+";"une";"coutume";"<E>";"<E>";"<E>";"+";"+";"chez";"-";"+";"§est§une coutume chez "
"78";"-";"+";"-";"-";"<E>";" être";"+";"la";"croix";"et";"la";"bannière";"+";"+";"pour";"-";"-";"§est§la croix et la bannière pour "
"79";"-";"+";"-";"-";"<E>";" être";"+";"une";"défaite";"<E>";"<E>";"<E>";"+";"+";"pour";"-";"+";"§est§une défaite pour "
"80";"-";"+";"-";"-";"<E>";" être";"+";"de la légitime";"défense";"<E>";"<E>";"<E>";"+";"+";"de la part de";"-";"-";"§est§de la légitime défense de la part de "
"81";"-";"+";"-";"-";"<E>";" être";"+";"du";"délire";"<E>";"<E>";"<E>";"+";"+";"de la part de";"-";"-";"§est§du délire de la part de "
"82";"-";"+";"-";"-";"<E>";" être";"-";"un nouveau";"départ";"<E>";"<E>";"<E>";"+";"+";"pour";"-";"-";"§est§un nouveau départ pour "
"83";"-";"+";"-";"-";"<E>";" être";"+";"une";"déroute";"<E>";"<E>";"<E>";"+";"+";"pour";"-";"+";"§est§une déroute pour "
"84";"-";"+";"-";"-";"<E>";" être";"+";"un";"détail";"qui";"avoir ";"importance";"+";"+";"pour";"-";"-";"§est§un détail qui a importance pour "
"85";"-";"+";"-";"+";"n'";" être pas";"+";"le";"diable";"<E>";"<E>";"<E>";"+";"+";"pour";"-";"-";"§n'est pas§le diable pour "
"86";"-";"+";"-";"-";"<E>";" être";"+";"une";"distraction";"<E>";"<E>";"<E>";"+";"+";"pour";"-";"+";"§est§une distraction pour "
"87";"-";"+";"-";"-";"<E>";" être";"-";"un";"don";"<E>";"<E>";"<E>";"+";"+";"chez";"-";"-";"§est§un don chez "
"88";"+";"-";"-";"-";"<E>";" être";"-";"<E>";"dos";"à";"<E>";"dos";"-";"+";"avec";"-";"-";"§est§dos à dos avec "
"89";"-";"+";"-";"-";"<E>";" être";"+";"un";"échec";"<E>";"<E>";"<E>";"+";"+";"pour";"-";"+";"§est§un échec pour "
"90";"-";"+";"-";"-";"<E>";" être";"+";"un";"encouragement";"<E>";"<E>";"<E>";"+";"+";"pour";"-";"+";"§est§un encouragement pour "
"91";"-";"+";"-";"-";"<E>";" être";"+";"un";"espoir";"<E>";"<E>";"<E>";"+";"+";"pour";"-";"+";"§est§un espoir pour "
"92";"-";"+";"-";"-";"<E>";" être";"+";"une";"étape";"<E>";"<E>";"<E>";"+";"-";"vers";"+";"-";"§est§une étape vers "
"93";"-";"+";"-";"-";"<E>";" $être";"+";"une";"étape";"dans";"la";"direction";"+";"-";"de";"+";"-";"§$être§une étape dans la direction de "
"94";"+";"-";"-";"-";"<E>";" $être";"-";"une";"étoile";"à";"le";"firmament";"+";"+";"de";"+";"-";"§$être§une étoile au firmament de "
"95";"+";"-";"-";"-";"<E>";" être";"-";"un";"étudiant";"<E>";"<E>";"<E>";"-";"-";"en";"+";"+";"§est§un étudiant en "
"96";"-";"+";"-";"-";"<E>";" être";"+";"un";"événement";"<E>";"<E>";"<E>";"+";"+";"pour";"-";"-";"§est§un événement pour "
"97";"-";"+";"-";"-";"<E>";" être";"+";"un";"éventualité";"<E>";"<E>";"<E>";"+";"+";"pour";"-";"-";"§est§un éventualité pour "
"98";"-";"+";"-";"-";"<E>";" être";"+";"une";"évidence";"<E>";"<E>";"<E>";"+";"+";"pour";"-";"-";"§est§une évidence pour "
"99";"+";"-";"-";"-";"<E>";" $être";"-";"un";"expert";"en";"<E>";"matière";"-";"-";"de";"+";"+";"§$être§un expert en matière de "
"100";"+";"+";"-";"-";"<E>";" être";"-";"<E>";"face";"<E>";"<E>";"<E>";"-";"+";"à";"+";"-";"§est§face à "
"101";"+";"-";"-";"-";"<E>";" être";"-";"<E>";"face";"à";"<E>";"face";"-";"+";"avec";"-";"-";"§est§face à face avec "
"102";"+";"+";"-";"-";"<E>";" être";"-";"un";"faire-";"<E>";"<E>";"valoir";"+";"+";"pour";"-";"+";"§est§un fait-valoir pour "
"103";"-";"+";"-";"-";"<E>";" $être";"-";"une";"fantaisie";"sur";"un";"air";"-";"+";"de";"+";"-";"§$être§une fantaisie sur un air de "
"104";"-";"+";"-";"-";"<E>";" être";"+";"de la";"farce";"<E>";"<E>";"<E>";"+";"+";"pour";"-";"-";"§est§de la farce pour "
"105";"-";"+";"-";"-";"<E>";" être";"+";"une";"farce";"<E>";"<E>";"<E>";"+";"+";"pour";"-";"-";"§est§une farce pour "
"106";"-";"+";"-";"-";"<E>";" être";"+";"la";"faute";"<E>";"<E>";"<E>";"-";"+";"à";"-";"-";"§est§la faute à "
"107";"-";"+";"-";"-";"<E>";" être";"-";"une";"fenêtre";"<E>";"<E>";"<E>";"+";"-";"sur";"+";"+";"§est§une fenêtre sur "
"108";"+";"-";"-";"-";"<E>";" être";"-";"tout";"feu";"<E>";"tout";"flamme";"+";"+";"pour";"+";"-";"§est§tout feu tout flamme pour "
"109";"-";"+";"-";"-";"<E>";" être";"+";"une";"fin";"en";"<E>";"soi";"+";"+";"pour";"-";"-";"§est§une fin en soi pour "
"110";"-";"+";"-";"-";"<E>";" être";"+";"une";"forfanterie";"<E>";"<E>";"<E>";"+";"+";"de la part de";"-";"-";"§est§une forfanterie de la part de "
"111";"-";"+";"-";"-";"<E>";" être";"+";"une";"formalité";"<E>";"<E>";"<E>";"+";"+";"pour";"-";"-";"§est§une formalité pour "
"112";"+";"+";"-";"-";"<E>";" être";"-";"<E>";"foule";"<E>";"<E>";"<E>";"+";"+";"Loc";"+";"-";"§est§foule Loc "
"113";"+";"-";"-";"-";"<E>";" être";"-";"un";"frère";"<E>";"<E>";"<E>";"+";"+";"pour";"-";"-";"§est§un frère pour "
"114";"+";"-";"-";"-";"<E>";" être";"-";"un petit";"garçon";"<E>";"<E>";"<E>";"+";"+";"devant";"+";"-";"§est§un petit garçon devant "
"115";"-";"+";"-";"-";"<E>";" être";"+";"du";"gâteau";"<E>";"<E>";"<E>";"+";"+";"pour";"-";"-";"§est§du gâteau pour "
"116";"+";"-";"-";"-";"<E>";" $être";"-";"un";"génie";"en";"<E>";"matière";"-";"-";"de";"+";"-";"§$être§un génie en matière de "
"117";"-";"+";"-";"+";"n'";" être pas";"+";"<E>";"grand chose";"<E>";"<E>";"<E>";"+";"+";"pour";"-";"-";"§n'est pas§grand chose pour "
"118";"+";"-";"-";"-";"<E>";" être";"-";"un";"guide";"<E>";"<E>";"<E>";"+";"+";"pour";"-";"-";"§est§un guide pour "
"119";"-";"+";"-";"-";"<E>";" être";"+";"une";"habitude";"<E>";"<E>";"<E>";"+";"+";"chez";"-";"+";"§est§une habitude chez "
"120";"-";"+";"-";"-";"<E>";" être";"+";"un";"handicap";"<E>";"<E>";"<E>";"+";"+";"pour";"-";"+";"§est§un handicap pour "
"121";"-";"+";"-";"-";"<E>";" être";"-";"de le";"hébreu";"<E>";"<E>";"<E>";"+";"+";"pour";"-";"-";"§est§de l'hébreu pour "
"122";"-";"+";"-";"-";"<E>";" être";"+";"toute une";"histoire";"<E>";"<E>";"<E>";"+";"+";"pour";"-";"-";"§est§toute une histoire pour "
"123";"-";"+";"-";"-";"<E>";" être";"+";"une sale";"histoire";"<E>";"<E>";"<E>";"+";"+";"pour";"-";"-";"§est§une sale histoire pour "
"124";"-";"+";"-";"-";"<E>";" être";"+";"un";"hobby";"<E>";"<E>";"<E>";"+";"+";"pour";"-";"+";"§est§un hobby pour "
"125";"-";"+";"-";"-";"<E>";" $être";"+";"un";"hommage";"à";"la";"beauté";"-";"+";"de";"-";"-";"§$être§un hommage à la beauté de "
"126";"-";"+";"-";"-";"<E>";" être";"+";"une";"horreur";"<E>";"<E>";"<E>";"+";"+";"pour";"-";"-";"§est§une horreur pour "
"127";"-";"+";"-";"-";"<E>";" être";"-";"une";"invitation";"à";"le";"voyage";"+";"+";"pour";"-";"-";"§est§une invitation au voyage pour "
"128";"-";"+";"-";"+";"n'";" être que";"+";"un";"jeu";"<E>";"<E>";"<E>";"+";"+";"pour";"-";"-";"§n'est que§un jeu pour "
"129";"-";"+";"-";"-";"<E>";" être";"+";"un";"jeu";"de";"<E>";"enfant";"+";"+";"pour";"-";"-";"§est§un jeu d'enfant pour "
"130";"+";"-";"-";"-";"<E>";" être";"-";"<E>";"joue";"contre";"<E>";"joue";"-";"+";"avec";"-";"-";"§est§joue contre joue avec "
"131";"+";"-";"-";"-";"<E>";" être";"-";"un";"jouet";"entre";"les";"mains";"-";"+";"de";"-";"+";"§est§un jouet entre les mains de "
"132";"-";"+";"-";"-";"<E>";" être";"-";"le";"jour";"et";"la";"nuit";"-";"-";"avec";"+";"-";"§est§le jour et la nuit avec "
"133";"-";"+";"-";"-";"<E>";" être";"+";"<E>";"justice";"<E>";"<E>";"<E>";"+";"+";"de la part de";"-";"-";"§est§justice de la part de "
"134";"-";"+";"-";"+";"n'";" être que";"+";"<E>";"justice";"<E>";"<E>";"<E>";"+";"+";"de la part de";"-";"-";"§n'est que§justice de la part de "
"135";"+";"+";"-";"-";"<E>";" être";"-";"<E>";"kif";"<E>";"<E>";"kif";"-";"+";"avec";"+";"-";"§est§kif kif avec "
"136";"-";"+";"-";"-";"<E>";" être";"+";"une";"leçon";"à";"<E>";"tirer";"+";"-";"de";"+";"-";"§est§une leçon à tirer de "
"137";"+";"+";"-";"-";"<E>";" être";"+";"<E>";"légion";"<E>";"<E>";"<E>";"-";"+";"Loc";"+";"-";"§est§légion Loc "
"138";"+";"+";"-";"-";"<E>";" être";"+";"un";"lien";"<E>";"<E>";"<E>";"-";"+";"entre";"+";"+";"§est§un lien entre "
"139";"+";"-";"-";"-";"<E>";" être";"-";"la";"main";"dans";"la";"main";"-";"+";"avec";"-";"-";"§est§la main dans la main avec "
"140";"+";"-";"-";"-";"<E>";" $être";"-";"un";"maître";"en";"<E>";"matière";"-";"-";"de";"+";"+";"§$être§un maître en matière de "
"141";"+";"-";"-";"-";"<E>";" être";"-";"<E>";"mal";"<E>";"<E>";"<E>";"-";"+";"avec";"-";"-";"§est§mal avec "
"142";"+";"-";"-";"-";"<E>";" être";"-";"une";"maman";"<E>";"<E>";"<E>";"+";"+";"pour";"-";"-";"§est§une maman pour "
"143";"+";"-";"-";"-";"<E>";" être";"-";"une seconde";"maman";"<E>";"<E>";"<E>";"+";"+";"pour";"-";"-";"§est§une seconde maman pour "
"144";"-";"+";"-";"-";"<E>";" être";"+";"une";"manie";"<E>";"<E>";"<E>";"+";"+";"chez";"-";"+";"§est§une manie chez "
"145";"-";"+";"-";"-";"<E>";" être";"+";"un";"manque";"de";"<E>";"coordination";"+";"+";"entre";"+";"-";"§est§un manque de coordination entre "
"146";"-";"+";"-";"-";"<E>";" être";"+";"un";"manque";"de";"<E>";"coordination de N";"+";"+";"avec";"+";"-";"§est§un manque de coordination de N avec "
"147";"-";"+";"-";"-";"<E>";" être";"+";"meilleur";"marché";"<E>";"<E>";"<E>";"+";"-";"que";"+";"-";"§est§meilleur marché que "
"148";"-";"+";"-";"-";"<E>";" être";"+";"un";"martyre";"<E>";"<E>";"<E>";"+";"+";"pour";"-";"-";"§est§un martyre pour "
"149";"-";"+";"-";"-";"<E>";" être";"-";"un";"médicament";"<E>";"<E>";"<E>";"-";"-";"contre";"+";"-";"§est§un médicament contre "
"150";"-";"+";"-";"-";"<E>";" être";"-";"un";"médicament";"<E>";"<E>";"<E>";"-";"-";"pour";"+";"-";"§est§un médicament pour "
"151";"+";"+";"-";"+";"n'";" être plus";"-";"le";"même";"<E>";"<E>";"<E>";"-";"+";"sans";"+";"-";"§n'est plus§le même sans "
"152";"+";"+";"-";"+";"n'";" être plus jamais";"-";"le";"même";"<E>";"<E>";"<E>";"-";"+";"sans";"+";"-";"§n'est plus jamais§le même sans "
"153";"-";"+";"-";"-";"<E>";" être";"-";"une";"menace";"<E>";"<E>";"<E>";"-";"+";"pour";"-";"-";"§est§une menace pour "
"154";"-";"+";"-";"-";"<E>";" être";"-";"une grave";"menace";"<E>";"<E>";"<E>";"-";"+";"pour";"-";"-";"§est§une grave menace pour "
"155";"+";"-";"-";"-";"<E>";" être";"-";"un";"mentor";"<E>";"<E>";"<E>";"+";"+";"pour";"-";"+";"§est§un mentor pour "
"156";"+";"-";"-";"-";"<E>";" être";"-";"une";"mère";"<E>";"<E>";"<E>";"+";"+";"pour";"-";"-";"§est§une mère pour "
"157";"+";"-";"-";"-";"<E>";" être";"-";"une seconde";"mère";"<E>";"<E>";"<E>";"+";"+";"pour";"-";"-";"§est§une seconde mère pour "
"158";"-";"+";"-";"-";"<E>";" être";"+";"une";"merveille";"<E>";"<E>";"<E>";"+";"+";"pour";"-";"-";"§est§une merveille pour "
"159";"-";"+";"-";"-";"<E>";" être";"+";"un";"mode";"de";"<E>";"expression";"+";"+";"pour";"-";"+";"§est§un mode d'expression pour "
"160";"+";"+";"-";"-";"<E>";" être";"+";"un";"modèle";"<E>";"<E>";"<E>";"-";"+";"pour";"-";"+";"§est§un modèle pour "
"161";"-";"+";"-";"-";"<E>";" être";"+";"<E>";"moindre";"<E>";"<E>";"<E>";"-";"-";"que";"+";"-";"§est§moindre que "
"162";"-";"+";"-";"-";"<E>";" être";"+";"une";"monnaie";"de";"<E>";"échange";"-";"-";"avec";"+";"+";"§est§une monnaie d'échange avec "
"163";"-";"+";"-";"+";"n'";" être pas";"+";"la";"mort";"<E>";"<E>";"<E>";"+";"+";"pour";"-";"-";"§n'est pas§la mort pour "
"164";"-";"+";"-";"+";"n'";" être pas";"+";"un vain";"mot";"<E>";"<E>";"<E>";"+";"+";"chez";"-";"-";"§n'est pas§un vain mot chez "
"165";"-";"+";"-";"-";"<E>";" être";"+";"un";"must";"<E>";"<E>";"<E>";"+";"+";"chez";"-";"-";"§est§un must chez "
"166";"-";"+";"-";"-";"<E>";" être";"+";"du";"nanan";"<E>";"<E>";"<E>";"+";"+";"pour";"-";"-";"§est§du nanan pour "
"167";"+";"-";"-";"-";"<E>";" être";"-";"<E>";"nez";"à";"<E>";"nez";"-";"+";"avec";"-";"-";"§est§nez à nez avec "
"168";"-";"+";"-";"+";"n'";" être que";"-";"un";"nom";"<E>";"<E>";"<E>";"+";"+";"pour";"-";"-";"§n'est que§un nom pour "
"169";"-";"+";"-";"-";"<E>";" être";"+";"une";"nouveauté";"<E>";"<E>";"<E>";"+";"+";"pour";"-";"-";"§est§une nouveauté pour "
"170";"-";"+";"-";"-";"<E>";" être";"-";"la";"occasion de V1-inf W";"<E>";"<E>";"<E>";"+";"+";"pour";"-";"-";"§est§l'occasion de V1-inf W pour "
"171";"-";"+";"-";"-";"<E>";" être";"+";"une";"option";"<E>";"<E>";"<E>";"+";"+";"pour";"-";"+";"§est§une option pour "
"172";"+";"-";"-";"-";"<E>";" être";"-";"tout";"oreilles";"<E>";"<E>";"<E>";"-";"+";"devant";"-";"-";"§est§tout oreilles devant "
"173";"+";"-";"+";"-";"en";" être";"-";"<E>";"où ?";"<E>";"<E>";"<E>";"+";"-";"de";"+";"-";"§en est§où ? de "
"174";"-";"+";"-";"-";"<E>";" être";"+";"<E>";"pain";"<E>";"<E>";"béni";"+";"+";"pour";"-";"-";"§est§pain béni pour "
"175";"-";"+";"-";"-";"<E>";" être";"+";"une autre";"paire";"de";"<E>";"manches";"+";"+";"pour";"-";"-";"§est§une autre paire de manches pour "
"176";"-";"+";"-";"-";"<E>";" être";"+";"une";"particularité";"<E>";"<E>";"<E>";"+";"+";"chez";"-";"+";"§est§une particularité chez "
"177";"-";"+";"-";"+";"n'";" être pas";"+";"une";"partie";"de";"<E>";"plaisir";"+";"+";"pour";"-";"-";"§n'est pas§une partie de plaisir pour "
"178";"+";"-";"-";"-";"<E>";" être";"-";"<E>";"partie";"<E>";"<E>";"prenante";"+";"+";"dans";"+";"-";"§est§partie prenante dans "
"179";"-";"+";"-";"-";"<E>";" être";"+";"<E>";"partie";"<E>";"<E>";"remise";"+";"+";"pour";"-";"-";"§est§partie remise pour "
"180";"-";"+";"-";"-";"<E>";" être";"+";"une";"partie";"de";"<E>";"rigolade";"+";"+";"pour";"-";"-";"§est§une partie de rigolade pour "
"181";"-";"+";"-";"-";"<E>";" être";"+";"un";"pas";"<E>";"<E>";"<E>";"+";"-";"vers";"+";"-";"§est§un pas vers "
"182";"-";"+";"-";"-";"<E>";" être";"+";"un premier";"pas";"<E>";"<E>";"<E>";"+";"-";"vers";"+";"-";"§est§un premier pas vers "
"183";"-";"+";"-";"-";"<E>";" être";"+";"un";"pas";"dans";"la";"direction";"+";"-";"de";"+";"-";"§est§un pas dans la direction de "
"184";"-";"+";"-";"-";"<E>";" être";"+";"du";"passé";"<E>";"<E>";"<E>";"+";"+";"pour";"-";"-";"§est§du passé pour "
"185";"-";"+";"-";"-";"<E>";" être";"+";"un";"passe-";"<E>";"<E>";"temps";"+";"+";"pour";"-";"+";"§est§un passe-temps pour "
"186";"-";"+";"-";"-";"<E>";" être";"-";"<E>";"peine";"<E>";"<E>";"perdue";"+";"+";"pour";"-";"-";"§est§peine perdue pour "
"187";"+";"-";"-";"-";"<E>";" être";"-";"un";"père";"<E>";"<E>";"<E>";"+";"+";"pour";"-";"-";"§est§un père pour "
"188";"+";"-";"-";"-";"<E>";" être";"-";"<E>";"persona";"<E>";"non";"grata";"+";"+";"Loc";"-";"-";"§est§persona non grata Loc "
"189";"+";"-";"-";"+";"n'";" être";"-";"<E>";"personne";"de";"<E>";"autre";"-";"+";"que";"-";"-";"§n'est§personne d'autre que "
"190";"-";"+";"-";"-";"<E>";" être";"+";"une";"perspective";"<E>";"<E>";"<E>";"+";"+";"pour";"-";"-";"§est§une perspective pour "
"191";"-";"+";"-";"-";"<E>";" être";"+";"une";"perte";"<E>";"<E>";"<E>";"+";"+";"pour";"-";"-";"§est§une perte pour "
"192";"-";"+";"-";"-";"<E>";" être";"+";"une";"perte";"<E>";"<E>";"sèche";"+";"+";"pour";"-";"-";"§est§une perte sèche pour "
"193";"-";"+";"-";"-";"<E>";" être";"+";"un";"pied de nez";"<E>";"<E>";"<E>";"+";"+";"à";"+";"-";"§est§un pied de nez à "
"194";"+";"+";"-";"+";"n'";" être que";"-";"un";"pion";"sur";"le";"échiquier";"-";"+";"de";"-";"-";"§n'est que§un pion sur l'échiquier de "
"195";"-";"+";"-";"-";"<E>";" être";"+";"une";"plaisanterie";"<E>";"<E>";"<E>";"+";"+";"pour";"-";"-";"§est§une plaisanterie pour "
"196";"-";"+";"-";"-";"<E>";" être";"-";"une";"planche";"de";"<E>";"salut";"+";"+";"pour";"-";"+";"§est§une planche de salut pour "
"197";"-";"+";"-";"-";"<E>";" être";"-";"la";"planète";"<E>";"<E>";"<E>";"-";"-";"<E>";"-";"-";"§est§la planète "
"198";"-";"+";"-";"-";"<E>";" être";"+";"un";"plus";"<E>";"<E>";"<E>";"+";"+";"pour";"-";"+";"§est§un plus pour "
"199";"+";"+";"-";"-";"<E>";" être";"+";"un";"poids";"<E>";"<E>";"mort";"+";"+";"pour";"-";"-";"§est§un poids mort pour "
"200";"+";"-";"-";"-";"<E>";" être";"-";"un";"point";"de";"<E>";"contact";"+";"+";"entre";"+";"-";"§est§un point de contact entre "
"201";"-";"+";"-";"-";"<E>";" être";"+";"un";"point";"de";"<E>";"départ";"+";"+";"pour";"+";"+";"§est§un point de départ pour "
"202";"-";"+";"-";"-";"<E>";" être";"+";"une";"pomme";"de";"<E>";"discorde";"+";"+";"entre";"-";"-";"§est§une pomme de discorde entre "
"203";"-";"+";"-";"-";"<E>";" être";"-";"un";"pont";"<E>";"<E>";"<E>";"+";"+";"entre";"+";"-";"§est§un pont entre "
"204";"-";"+";"-";"-";"<E>";" être";"+";"la";"porte";"<E>";"<E>";"ouverte";"-";"-";"à";"+";"-";"§est§la porte ouverte à "
"205";"-";"+";"-";"-";"<E>";" être";"+";"une";"possibilité";"<E>";"<E>";"<E>";"+";"-";"pour";"-";"+";"§est§une possibilité pour "
"206";"-";"+";"-";"-";"<E>";" être";"+";"un";"précédent";"<E>";"<E>";"<E>";"+";"+";"pour";"-";"-";"§est§un précédent pour "
"207";"+";"+";"-";"-";"<E>";" être";"-";"le";"premier";"à";"le";"monde";"+";"+";"Loc";"+";"-";"§est§le premier au monde Loc "
"208";"-";"+";"-";"-";"<E>";" être";"+";"une grande";"première";"<E>";"<E>";"<E>";"+";"+";"pour";"-";"-";"§est§une grande première pour "
"209";"+";"-";"-";"-";"<E>";" être";"-";"bon";"prince";"<E>";"<E>";"<E>";"+";"+";"avec";"-";"-";"§est§bon prince avec "
"210";"-";"+";"-";"-";"<E>";" être";"+";"une";"priorité";"<E>";"<E>";"<E>";"+";"+";"pour";"-";"+";"§est§une priorité pour "
"211";"-";"+";"-";"-";"<E>";" être";"+";"un";"prix";"à";"<E>";"payer";"+";"+";"pour";"-";"+";"§est§un prix à payer pour "
"212";"-";"+";"-";"-";"<E>";" être";"+";"une";"problème";"<E>";"<E>";"<E>";"+";"+";"pour";"-";"+";"§est§une problème pour "
"213";"-";"+";"-";"-";"<E>";" être";"+";"tout un";"programme";"<E>";"<E>";"<E>";"+";"+";"pour";"-";"-";"§est§tout un programme pour "
"214";"+";"-";"-";"-";"<E>";" être";"-";"une";"proie";"<E>";"<E>";"facile";"+";"+";"pour";"-";"-";"§est§une proie facile pour "
"215";"+";"-";"-";"-";"<E>";" être";"-";"bon";"public";"<E>";"<E>";"<E>";"+";"+";"avec";"-";"-";"§est§bon public avec "
"216";"+";"+";"-";"-";"<E>";" être";"-";"<E>";"quantité";"<E>";"<E>";"négligeable";"+";"+";"devant";"+";"-";"§est§quantité négligeable devant "
"217";"-";"+";"-";"-";"<E>";" être";"+";"tout ce";"que";"il y";"avoir de";"mieux";"+";"+";"Loc";"+";"-";"§est§tout ce qu'il y a de mieux Loc "
"218";"-";"+";"-";"-";"<E>";" être";"+";"tout ce";"que";"il se";"dire de";"mieux";"+";"+";"Loc";"+";"-";"§est§tout ce qu'il se dire de mieux Loc "
"219";"-";"+";"-";"-";"<E>";" être";"+";"tout ce";"que";"il se";"faire de";"mieux";"+";"+";"Loc";"+";"-";"§est§tout ce qu'il se fait de mieux Loc "
"220";"+";"-";"-";"-";"<E>";" être";"-";"<E>";"quelque chose";"<E>";"<E>";"<E>";"-";"+";"Loc";"+";"-";"§est§quelque chose Loc "
"221";"+";"-";"-";"-";"<E>";" être";"-";"<E>";"quelque chose";"<E>";"<E>";"<E>";"-";"+";"à";"-";"-";"§est§quelque chose à "
"222";"+";"-";"-";"-";"<E>";" être";"-";"<E>";"quelque chose";"<E>";"<E>";"<E>";"-";"+";"pour";"-";"-";"§est§quelque chose pour "
"223";"+";"+";"+";"-";"en";" être";"-";"<E>";"quelque part ?";"<E>";"<E>";"<E>";"+";"-";"de";"+";"-";"§en est§quelque part ? de "
"224";"-";"+";"-";"-";"<E>";" être";"+";"tout ce";"qui";"<E>";"<E>";"compter";"+";"+";"pour";"-";"-";"§est§tout ce qui compter pour "
"225";"-";"+";"-";"-";"<E>";" être";"+";"tout ce";"qui";"se";"faire de";"mieux";"+";"+";"Loc";"+";"-";"§est§tout ce qui se fait de mieux Loc "
"226";"-";"+";"-";"-";"<E>";" être";"+";"tout ce";"qui";"se";"dire de";"mieux";"+";"+";"Loc";"+";"-";"§est§tout ce qui se dire de mieux Loc "
"227";"+";"-";"-";"-";"<E>";" être";"-";"<E>";"quitte";"<E>";"<E>";"<E>";"-";"+";"envers";"-";"-";"§est§quitte envers "
"228";"+";"-";"+";"-";"en";" être";"-";"<E>";"quitte";"<E>";"<E>";"<E>";"-";"-";"pour";"+";"-";"§en est§quitte pour "
"229";"+";"-";"-";"-";"<E>";" être";"-";"<E>";"quoi ?";"<E>";"<E>";"<E>";"-";"+";"sinon";"-";"-";"§est§quoi ? sinon "
"230";"-";"+";"-";"-";"<E>";" être";"-";"un";"rayon de soleil";"dans";"la";"vie";"+";"-";"de";"+";"-";"§est§un rayon de soleil dans la vie de "
"231";"+";"+";"-";"-";"<E>";" être";"-";"un";"régal";"pour";"les";"yeux";"-";"+";"de";"-";"-";"§est§un régal pour les yeux de "
"232";"-";"+";"-";"-";"<E>";" être";"-";"un";"remède";"<E>";"<E>";"<E>";"-";"-";"contre";"+";"-";"§est§un remède contre "
"233";"-";"+";"-";"-";"<E>";" être";"-";"un";"remède";"<E>";"<E>";"<E>";"-";"-";"pour";"+";"-";"§est§un remède pour "
"234";"-";"+";"-";"-";"<E>";" être";"+";"une";"responsabilité";"<E>";"<E>";"<E>";"+";"+";"pour";"-";"+";"§est§une responsabilité pour "
"235";"-";"+";"-";"-";"<E>";" être";"+";"un";"retour";"à";"la";"enfance";"+";"+";"pour";"-";"+";"§est§un retour à l'enfance pour "
"236";"+";"-";"-";"+";"n'";" être";"-";"<E>";"rien";"<E>";"<E>";"<E>";"-";"+";"à";"-";"-";"§n'est§rien à "
"237";"+";"-";"-";"+";"n'";" être";"-";"<E>";"rien";"<E>";"<E>";"<E>";"-";"+";"pour";"-";"-";"§n'est§rien pour "
"238";"+";"-";"-";"+";"n'";" être plus";"-";"<E>";"rien";"<E>";"<E>";"<E>";"-";"+";"pour";"-";"-";"§n'est plus§rien pour "
"239";"-";"+";"-";"+";"n'";" être pas";"+";"<E>";"rien";"<E>";"<E>";"<E>";"+";"+";"pour";"-";"-";"§n'est pas§rien pour "
"240";"+";"+";"-";"+";"n'";" être";"-";"<E>";"rien";"<E>";"<E>";"<E>";"-";"+";"sans";"+";"-";"§n'est§rien sans "
"241";"-";"+";"-";"+";"n'";" être";"+";"<E>";"rien";"de";"<E>";"autre";"-";"-";"que";"+";"-";"§n'est§rien d'autre que "
"242";"-";"+";"-";"-";"<E>";" être";"+";"de la";"rigolade";"<E>";"<E>";"<E>";"+";"+";"pour";"-";"-";"§est§de la rigolade pour "
"243";"+";"+";"-";"-";"<E>";" être";"+";"un";"risque";"<E>";"<E>";"<E>";"+";"+";"pour";"-";"-";"§est§un risque pour "
"244";"-";"+";"-";"-";"<E>";" être";"+";"<E>";"routine";"<E>";"<E>";"<E>";"+";"+";"pour";"-";"-";"§est§routine pour "
"245";"-";"+";"-";"-";"<E>";" être";"+";"un";"signe";"<E>";"<E>";"encourageant";"+";"+";"pour";"-";"+";"§est§un signe encourageant pour "
"246";"+";"-";"-";"-";"<E>";" être";"-";"une";"soeur";"<E>";"<E>";"<E>";"+";"+";"pour";"-";"-";"§est§une soeur pour "
"247";"-";"+";"-";"-";"<E>";" être";"-";"une fausse";"sortie";"<E>";"<E>";"<E>";"+";"+";"de la part de";"-";"-";"§est§une fausse sortie de la part de "
"248";"+";"+";"-";"-";"<E>";" être";"+";"une";"source";"de";"<E>";"conflits";"+";"+";"entre";"-";"-";"§est§une source de conflits entre "
"249";"+";"-";"-";"-";"<E>";" être";"-";"tout";"sourires";"<E>";"<E>";"<E>";"-";"+";"avec";"-";"-";"§est§tout sourires avec "
"250";"+";"-";"-";"-";"<E>";" être";"-";"tout";"sourires";"<E>";"<E>";"<E>";"-";"+";"devant";"-";"-";"§est§tout sourires devant "
"251";"-";"+";"-";"+";"n'";" être plus que";"+";"un";"souvenir";"<E>";"<E>";"<E>";"+";"+";"pour";"-";"-";"§n'est plus que§un souvenir pour "
"252";"-";"+";"-";"+";"n'";" être plus que";"+";"un lointain";"souvenir";"<E>";"<E>";"<E>";"+";"+";"pour";"-";"-";"§n'est plus que§un lointain souvenir pour "
"253";"-";"+";"-";"+";"n'";" être plus que";"+";"un mauvais";"souvenir";"<E>";"<E>";"<E>";"+";"+";"pour";"-";"-";"§n'est plus que§un mauvais souvenir pour "
"254";"+";"-";"-";"-";"<E>";" être";"-";"un";"spécialiste";"<E>";"<E>";"<E>";"-";"-";"en";"+";"+";"§est§un spécialiste en "
"255";"+";"-";"-";"-";"<E>";" $être";"-";"un";"spécialiste";"en";"<E>";"matière";"-";"-";"de";"+";"+";"§$être§un spécialiste en matière de "
"256";"-";"+";"-";"-";"<E>";" être";"+";"un";"succès";"<E>";"<E>";"<E>";"+";"+";"pour";"-";"+";"§est§un succès pour "
"257";"+";"-";"-";"-";"<E>";" être";"-";"tout";"sucre";"<E>";"tout";"miel";"-";"+";"avec";"-";"-";"§est§tout sucre tout miel avec "
"258";"+";"-";"-";"-";"<E>";" être";"-";"tout";"sucre";"<E>";"tout";"miel";"-";"+";"devant";"-";"-";"§est§tout sucre tout miel devant "
"259";"-";"+";"-";"-";"<E>";" être";"+";"du";"suicide";"<E>";"<E>";"<E>";"+";"+";"de la part de";"-";"-";"§est§du suicide de la part de "
"260";"-";"+";"-";"-";"<E>";" être";"+";"un";"supplice";"<E>";"<E>";"<E>";"+";"+";"pour";"-";"-";"§est§un supplice pour "
"261";"-";"+";"-";"-";"<E>";" être";"-";"un";"terrain";"de";"<E>";"entente";"+";"+";"entre";"-";"-";"§est§un terrain d'entente entre "
"262";"-";"+";"-";"-";"<E>";" être";"-";"un";"terrain";"de";"<E>";"entente de Nhum";"+";"+";"avec";"-";"-";"§est§un terrain d'entente de Nhum avec "
"263";"+";"+";"-";"-";"<E>";" être";"-";"un";"terreau";"<E>";"<E>";"idéal";"-";"+";"pour";"+";"-";"§est§un terreau idéal pour "
"264";"+";"+";"-";"-";"<E>";" être";"-";"<E>";"tête";"<E>";"<E>";"bèche";"-";"+";"avec";"+";"-";"§est§tête bèche avec "
"265";"+";"-";"-";"-";"<E>";" être";"-";"<E>";"toujours";"<E>";"<E>";"<E>";"-";"+";"après";"-";"-";"§est§toujours après "
"266";"-";"+";"-";"-";"<E>";" être";"+";"un";"tour de force";"<E>";"<E>";"<E>";"+";"+";"de la part de";"-";"-";"§est§un tour de force de la part de "
"267";"-";"+";"-";"-";"<E>";" être";"+";"un";"tournant";"<E>";"<E>";"<E>";"+";"+";"Loc";"+";"-";"§est§un tournant Loc "
"268";"-";"+";"-";"-";"<E>";" $être";"+";"un";"tournant";"dans";"la";"histoire";"+";"-";"de";"+";"-";"§$être§un tournant dans l'histoire de "
"269";"-";"+";"-";"-";"<E>";" $être";"+";"un";"tournant";"dans";"la";"vie";"+";"-";"de";"+";"-";"§$être§un tournant dans la vie de "
"270";"+";"-";"-";"-";"<E>";" être";"-";"<E>";"tout";"à";"<E>";"<E>";"-";"+";"<E>";"-";"-";"§est§tout à "
"271";"+";"+";"-";"-";"<E>";" être";"+";"<E>";"tout";"<E>";"<E>";"<E>";"-";"+";"pour";"-";"-";"§est§tout pour "
"272";"+";"+";"-";"-";"<E>";" être";"-";"<E>";"tout";"<E>";"<E>";"<E>";"+";"+";"sauf";"-";"-";"§est§tout sauf "
"273";"+";"+";"-";"-";"<E>";" être";"+";"un";"trait";"de";"<E>";"union";"+";"+";"entre";"+";"-";"§est§un trait d'union entre "
"274";"-";"+";"-";"-";"<E>";" être";"-";"un";"tremplin";"<E>";"<E>";"<E>";"+";"+";"pour";"-";"+";"§est§un tremplin pour "
"275";"-";"+";"-";"-";"<E>";" être";"+";"<E>";"trop";"<E>";"<E>";"demander";"-";"+";"à";"-";"-";"§est§trop demander à "
"276";"-";"+";"-";"-";"<E>";" être";"-";"un sale";"truc";"<E>";"<E>";"<E>";"+";"+";"pour";"-";"-";"§est§un sale truc pour "
"277";"-";"+";"-";"-";"<E>";" être";"-";"le";"univers";"<E>";"<E>";"<E>";"-";"-";"<E>";"-";"-";"§est§l'univers "
"278";"-";"+";"-";"-";"<E>";" être";"+";"une";"veine";"<E>";"<E>";"<E>";"+";"+";"pour";"-";"+";"§est§une veine pour "
"279";"-";"+";"-";"-";"<E>";" être";"+";"du";"vice";"<E>";"<E>";"<E>";"+";"+";"de la part de";"-";"-";"§est§du vice de la part de "
"280";"-";"+";"-";"-";"<E>";" être";"+";"une";"victoire";"<E>";"<E>";"<E>";"+";"+";"pour";"-";"+";"§est§une victoire pour "
"281";"-";"+";"-";"-";"<E>";" être";"+";"un";"violon";"de";"<E>";"Ingres";"-";"+";"pour";"-";"+";"§est§un violon de Ingres pour "
"282";"-";"+";"-";"-";"<E>";" être";"+";"une troisième";"voie";"<E>";"<E>";"<E>";"+";"+";"pour";"-";"+";"§est§une troisième voie pour "
"283";"-";"+";"-";"-";"<E>";" être";"+";"une nouvelle";"voie";"<E>";"<E>";"<E>";"+";"+";"pour";"-";"+";"§est§une nouvelle voie pour "
"284";"-";"+";"-";"-";"<E>";" être";"-";"une";"voie";"de";"<E>";"accès";"+";"-";"à";"+";"+";"§est§une voie d'accès à "
"285";"-";"+";"-";"-";"<E>";" être";"-";"une";"voie";"de";"<E>";"garage";"+";"+";"pour";"-";"+";"§est§une voie de garage pour "
"286";"+";"-";"-";"-";"<E>";" être";"-";"<E>";"voisin";"de";"<E>";"palier";"-";"+";"avec";"-";"+";"§est§voisin de palier avec "
"287";"-";"+";"-";"-";"<E>";" être";"+";"de la haute";"voltige";"<E>";"<E>";"<E>";"+";"+";"de la part de";"-";"-";"§est§de l'haute voltige de la part de "
"288";"+";"-";"-";"-";"<E>";" être";"-";"tout";"yeux";"<E>";"<E>";"<E>";"-";"+";"devant";"-";"-";"§est§tout yeux devant "
"289";"+";"-";"-";"-";"<E>";" être";"-";"tout";"yeux";"<E>";"tout";"oreilles";"-";"+";"devant";"-";"-";"§est§tout yeux tout oreilles devant "
