"<ID>";"Ppv =: Neg";"<ENT>Ppv";"<ENT><être>";"<ENT>Det1";"<ENT>C1";"<ENT>Prépc";"<ENT>Detc";"<ENT>Cc";"x1";"x2";"x3";"x4";"x5";"x6";"x7";"Exemple"
"1";"-";"<E>";" être";"un";"Maillol";"<E>";"<E>";"<E>";"+";"-";"-";"-";"-";"+";"-";"§est§un Maillol "
"2";"-";"<E>";" être";"un";"Renoir";"<E>";"<E>";"<E>";"+";"-";"-";"-";"-";"+";"-";"§est§un Renoir "
"3";"-";"<E>";" être";"une bonne";"affaire";"<E>";"<E>";"<E>";"+";"-";"-";"-";"+";"+";"-";"§est§une bonne affaire "
"4";"-";"<E>";" être";"un";"agneau";"<E>";"<E>";"<E>";"+";"-";"-";"+";"+";"+";"-";"§est§un agneau "
"5";"-";"<E>";" être";"un";"agneau";"<E>";"<E>";"<E>";"+";"-";"-";"+";"+";"+";"-";"§est§un agneau "
"6";"+";"n'";" être pas";"un";"aigle";"<E>";"<E>";"<E>";"+";"-";"-";"+";"+";"+";"-";"§n'est pas§un aigle "
"7";"-";"<E>";" être";"un";"aigle";"<E>";"<E>";"<E>";"+";"-";"-";"+";"+";"+";"-";"§est§un aigle "
"8";"-";"<E>";" être";"une";"andouille";"<E>";"<E>";"<E>";"+";"-";"+";"-";"+";"+";"-";"§est§une andouille "
"9";"-";"<E>";" être";"un";"âne";"<E>";"<E>";"<E>";"+";"-";"-";"+";"+";"+";"-";"§est§un âne "
"10";"-";"<E>";" être";"un";"âne";"<E>";"<E>";"bâté";"+";"-";"-";"+";"+";"+";"-";"§est§un âne bâté "
"11";"-";"<E>";" être";"du vif";"argent";"<E>";"<E>";"<E>";"+";"-";"-";"-";"+";"+";"-";"§est§du vif argent "
"12";"-";"<E>";" être";"une";"armoire";"à";"<E>";"glace";"+";"-";"-";"-";"+";"+";"-";"§est§une armoire à glace "
"13";"-";"<E>";" être";"une";"armoire";"à";"<E>";"glace";"+";"-";"-";"-";"+";"-";"-";"§est§une armoire à glace "
"14";"-";"<E>";" être";"une grande";"asperge";"<E>";"<E>";"<E>";"+";"-";"-";"-";"+";"+";"-";"§est§une grande asperge "
"15";"-";"<E>";" être";"une";"aubergine";"<E>";"<E>";"<E>";"+";"-";"+";"-";"-";"+";"-";"§est§une aubergine "
"16";"-";"<E>";" être";"<E>";"avant";"<E>";"<E>";"gardiste";"+";"+";"-";"-";"+";"+";"+";"§est§avant gardiste "
"17";"-";"<E>";" être";"un";"ayant";"<E>";"<E>";"droit";"+";"-";"-";"-";"+";"+";"-";"§est§un ayant droit "
"18";"-";"<E>";" être";"une vieille";"barbe";"<E>";"<E>";"<E>";"+";"-";"-";"-";"+";"+";"-";"§est§une vieille barbe "
"19";"-";"<E>";" être";"<E>";"bas";"<E>";"<E>";"bleu";"+";"-";"-";"-";"-";"+";"-";"§est§bas bleu "
"20";"-";"<E>";" être";"un";"bâtisseur";"de";"<E>";"cathédrale";"+";"-";"-";"-";"+";"+";"-";"§est§un bâtisseur de cathédrale "
"21";"-";"<E>";" être";"une";"baudruche";"<E>";"<E>";"<E>";"+";"-";"-";"-";"+";"+";"-";"§est§une baudruche "
"22";"-";"<E>";" être";"une vieux";"beau";"<E>";"<E>";"<E>";"+";"-";"-";"-";"+";"+";"-";"§est§une vieux beau "
"23";"-";"<E>";" être";"un fin";"bec";"<E>";"<E>";"<E>";"+";"-";"+";"-";"+";"+";"-";"§est§un fin bec "
"24";"-";"<E>";" être";"du";"bétail";"<E>";"<E>";"<E>";"+";"-";"-";"+";"+";"+";"-";"§est§du bétail "
"25";"-";"<E>";" être";"une bonne";"bête";"<E>";"<E>";"<E>";"+";"-";"-";"+";"+";"+";"-";"§est§une bonne bête "
"26";"-";"<E>";" être";"une grosse";"bête";"<E>";"<E>";"<E>";"+";"-";"-";"+";"+";"+";"-";"§est§une grosse bête "
"27";"-";"<E>";" être";"une sale";"bête";"<E>";"<E>";"<E>";"+";"-";"-";"+";"+";"+";"-";"§est§une sale bête "
"28";"-";"<E>";" être";"une";"bête";"à";"<E>";"concours";"+";"-";"-";"+";"+";"+";"-";"§est§une bête à concours "
"29";"-";"<E>";" être";"une";"bête";"<E>";"<E>";"enragée";"+";"-";"-";"+";"+";"+";"-";"§est§une bête enragée "
"30";"-";"<E>";" être";"une";"bête";"<E>";"<E>";"féroce";"+";"-";"-";"+";"+";"+";"-";"§est§une bête féroce "
"31";"-";"<E>";" être";"une";"bête";"de";"<E>";"travail";"+";"-";"-";"+";"+";"+";"-";"§est§une bête de travail "
"32";"-";"<E>";" être";"une";"biche";"<E>";"<E>";"<E>";"+";"-";"-";"+";"-";"+";"-";"§est§une biche "
"33";"-";"<E>";" être";"une grande";"bique";"<E>";"<E>";"<E>";"+";"-";"-";"+";"-";"+";"-";"§est§une grande bique "
"34";"-";"<E>";" être";"une vieille";"bique";"<E>";"<E>";"<E>";"+";"-";"-";"+";"-";"+";"-";"§est§une vieille bique "
"35";"-";"<E>";" être";"une vieux";"birbe";"<E>";"<E>";"<E>";"+";"-";"-";"-";"+";"+";"-";"§est§une vieux birbe "
"36";"-";"<E>";" être";"un";"boeuf";"<E>";"<E>";"<E>";"+";"-";"-";"+";"+";"-";"-";"§est§un boeuf "
"37";"-";"<E>";" être";"une";"bombe";"<E>";"<E>";"sexuelle";"+";"-";"-";"-";"-";"+";"-";"§est§une bombe sexuelle "
"38";"-";"<E>";" être";"un";"bon";"à";"<E>";"rien";"+";"-";"-";"-";"+";"+";"+";"§est§un bon à rien "
"39";"-";"<E>";" être";"un gros";"bonnet";"<E>";"<E>";"<E>";"+";"-";"-";"+";"+";"-";"-";"§est§un gros bonnet "
"40";"-";"<E>";" être";"un vieux";"bouc";"<E>";"<E>";"<E>";"+";"-";"-";"+";"+";"-";"-";"§est§un vieux bouc "
"41";"-";"<E>";" être";"un";"bouc";"<E>";"<E>";"émissaire";"+";"-";"+";"+";"+";"+";"-";"§est§un bouc émissaire "
"42";"-";"<E>";" être";"une fine";"bouche";"<E>";"<E>";"<E>";"+";"-";"-";"-";"+";"+";"-";"§est§une fine bouche "
"43";"-";"<E>";" être";"un";"boudin";"<E>";"<E>";"<E>";"+";"-";"+";"-";"-";"+";"-";"§est§un boudin "
"44";"-";"<E>";" être";"un petit";"boudin";"<E>";"<E>";"<E>";"+";"-";"-";"-";"-";"+";"-";"§est§un petit boudin "
"45";"-";"<E>";" être";"une";"boule";"de";"<E>";"nerfs";"+";"-";"-";"-";"+";"+";"-";"§est§une boule de nerfs "
"46";"-";"<E>";" être";"une";"boule";"de";"<E>";"suif";"+";"-";"-";"-";"+";"+";"-";"§est§une boule de suif "
"47";"-";"<E>";" être";"un";"boulet";"à";"<E>";"traîner";"+";"-";"-";"-";"+";"+";"-";"§est§un boulet à traîner "
"48";"-";"<E>";" être";"une";"bourrique";"<E>";"<E>";"<E>";"+";"-";"-";"+";"+";"+";"-";"§est§une bourrique "
"49";"-";"<E>";" être";"un";"bras";"<E>";"<E>";"cassé";"+";"-";"-";"-";"+";"+";"-";"§est§un bras cassé "
"50";"-";"<E>";" être";"un";"brebis";"<E>";"<E>";"galeuse";"+";"-";"+";"+";"+";"+";"-";"§est§un brebis galeuse "
"51";"-";"<E>";" être";"une grande";"bringue";"<E>";"<E>";"<E>";"+";"-";"-";"+";"-";"+";"-";"§est§une grande bringue "
"52";"-";"<E>";" être";"une vieux";"briscard";"<E>";"<E>";"<E>";"+";"-";"-";"-";"+";"+";"-";"§est§une vieux briscard "
"53";"-";"<E>";" être";"un";"cadavre";"<E>";"<E>";"ambulant";"+";"-";"-";"-";"+";"+";"-";"§est§un cadavre ambulant "
"54";"-";"<E>";" être";"un";"cafard";"<E>";"<E>";"<E>";"+";"-";"-";"+";"+";"+";"-";"§est§un cafard "
"55";"-";"<E>";" être";"une petite";"caille";"<E>";"<E>";"<E>";"+";"-";"-";"+";"-";"+";"-";"§est§une petite caille "
"56";"-";"<E>";" être";"une";"calamité";"de";"<E>";"Dieu";"+";"-";"-";"-";"+";"+";"-";"§est§une calamité de Dieu "
"57";"-";"<E>";" être";"une";"calamité";"<E>";"<E>";"<E>";"+";"-";"-";"-";"+";"+";"-";"§est§une calamité "
"58";"-";"<E>";" être";"un";"caméléon";"<E>";"<E>";"<E>";"+";"-";"-";"+";"+";"+";"-";"§est§un caméléon "
"59";"-";"<E>";" être";"un";"canard";"<E>";"<E>";"boîteux";"+";"-";"-";"+";"+";"+";"-";"§est§un canard boîteux "
"60";"-";"<E>";" être";"une";"canne";"<E>";"<E>";"blanche";"+";"-";"-";"-";"-";"+";"-";"§est§une canne blanche "
"61";"-";"<E>";" être";"une";"carpette";"<E>";"<E>";"<E>";"+";"-";"-";"-";"+";"+";"-";"§est§une carpette "
"62";"-";"<E>";" être";"un";"cas";"<E>";"<E>";"<E>";"+";"-";"-";"-";"+";"+";"-";"§est§un cas "
"63";"-";"<E>";" être";"une";"catastrophe";"<E>";"<E>";"<E>";"+";"-";"-";"-";"+";"+";"-";"§est§une catastrophe "
"64";"-";"<E>";" être";"un";"cerveau";"<E>";"<E>";"<E>";"+";"-";"-";"-";"+";"+";"-";"§est§un cerveau "
"65";"-";"<E>";" être";"une";"cervelle";"de";"<E>";"moineau";"+";"-";"-";"-";"+";"+";"-";"§est§une cervelle de moineau "
"66";"-";"<E>";" être";"une";"cervelle";"de";"<E>";"oiseau";"+";"-";"-";"-";"+";"+";"-";"§est§une cervelle d'oiseau "
"67";"-";"<E>";" être";"un";"chacal";"<E>";"<E>";"<E>";"+";"-";"-";"+";"+";"-";"-";"§est§un chacal "
"68";"-";"<E>";" être";"un";"chameau";"<E>";"<E>";"<E>";"+";"-";"-";"+";"+";"+";"-";"§est§un chameau "
"69";"-";"<E>";" être";"un";"charognard";"<E>";"<E>";"<E>";"+";"-";"-";"+";"+";"+";"-";"§est§un charognard "
"70";"-";"<E>";" être";"une";"charogne";"<E>";"<E>";"<E>";"+";"-";"+";"-";"+";"+";"-";"§est§une charogne "
"71";"-";"<E>";" être";"un beau";"chassis";"<E>";"<E>";"<E>";"+";"-";"-";"-";"-";"+";"-";"§est§un beau chassis "
"72";"-";"<E>";" être";"une";"chatte";"<E>";"<E>";"<E>";"+";"-";"-";"+";"-";"+";"-";"§est§une chatte "
"73";"-";"<E>";" être";"un";"chêne";"<E>";"<E>";"<E>";"+";"-";"-";"-";"+";"+";"-";"§est§un chêne "
"74";"-";"<E>";" être";"un bon";"cheval";"<E>";"<E>";"<E>";"+";"-";"+";"+";"+";"+";"-";"§est§un bon cheval "
"75";"-";"<E>";" être";"un grand";"cheval";"<E>";"<E>";"<E>";"+";"-";"+";"+";"+";"+";"-";"§est§un grand cheval "
"76";"+";"n'";" être";"un mauvais";"cheval";"<E>";"<E>";"<E>";"+";"-";"-";"+";"+";"+";"-";"§n'est§un mauvais cheval "
"77";"-";"<E>";" être";"un";"cheval";"de";"<E>";"retour";"+";"-";"-";"+";"+";"+";"-";"§est§un cheval de retour "
"78";"-";"<E>";" être";"une";"chèvre";"<E>";"<E>";"<E>";"+";"-";"-";"+";"+";"+";"-";"§est§une chèvre "
"79";"-";"<E>";" être";"<E>";"chien";"<E>";"<E>";"<E>";"+";"-";"+";"+";"+";"+";"-";"§est§chien "
"80";"+";"n'";" être pas";"<E>";"chien";"<E>";"<E>";"<E>";"+";"-";"+";"+";"+";"+";"-";"§n'est pas§chien "
"81";"-";"<E>";" être";"un";"chien";"<E>";"<E>";"<E>";"+";"-";"-";"+";"+";"+";"+";"§est§un chien "
"82";"-";"<E>";" être";"une";"chiffe";"<E>";"<E>";"<E>";"+";"-";"-";"-";"+";"+";"-";"§est§une chiffe "
"83";"-";"<E>";" être";"une";"chiffe";"<E>";"<E>";"molle";"+";"-";"-";"-";"+";"+";"-";"§est§une chiffe molle "
"84";"-";"<E>";" être";"une vieux";"chnoque";"<E>";"<E>";"<E>";"+";"-";"-";"-";"+";"+";"-";"§est§une vieux chnoque "
"85";"-";"<E>";" être";"<E>";"chocolat";"<E>";"<E>";"<E>";"+";"-";"+";"-";"+";"+";"-";"§est§chocolat "
"86";"-";"<E>";" être";"autre";"chose";"<E>";"<E>";"<E>";"+";"-";"-";"-";"+";"+";"-";"§est§autre chose "
"87";"+";"n'";" être pas";"grand";"chose";"<E>";"<E>";"<E>";"+";"-";"-";"-";"+";"+";"-";"§n'est pas§grand chose "
"88";"-";"<E>";" être";"peu de";"chose";"<E>";"<E>";"<E>";"+";"-";"-";"-";"+";"+";"-";"§est§peu de chose "
"89";"-";"<E>";" être";"tout";"chose";"<E>";"<E>";"<E>";"+";"-";"-";"-";"+";"+";"+";"§est§tout chose "
"90";"-";"<E>";" être";"un pas grand";"chose";"<E>";"<E>";"<E>";"+";"-";"-";"-";"+";"+";"+";"§est§un pas grand chose "
"91";"-";"<E>";" être";"peu de";"chose";"sur";"<E>";"terre";"+";"-";"-";"-";"+";"+";"-";"§est§peu de chose sur terre "
"92";"-";"<E>";" être";"une vieille";"chouette";"<E>";"<E>";"<E>";"+";"-";"-";"+";"-";"+";"-";"§est§une vieille chouette "
"93";"-";"<E>";" être";"une";"cigale";"<E>";"<E>";"<E>";"+";"-";"+";"+";"+";"-";"-";"§est§une cigale "
"94";"-";"<E>";" être";"une";"cloche";"<E>";"<E>";"<E>";"+";"-";"+";"-";"+";"+";"-";"§est§une cloche "
"95";"-";"<E>";" être";"une pauvre";"cloche";"<E>";"<E>";"<E>";"+";"-";"+";"-";"+";"+";"-";"§est§une pauvre cloche "
"96";"-";"<E>";" être";"un";"cloporte";"<E>";"<E>";"<E>";"+";"-";"-";"+";"+";"+";"-";"§est§un cloporte "
"97";"-";"<E>";" être";"un";"cobaye";"<E>";"<E>";"<E>";"+";"-";"-";"+";"+";"+";"-";"§est§un cobaye "
"98";"-";"<E>";" être";"un";"cochon";"<E>";"<E>";"<E>";"+";"-";"-";"+";"+";"-";"-";"§est§un cochon "
"99";"-";"<E>";" être";"un";"cochon";"<E>";"<E>";"<E>";"+";"-";"-";"+";"+";"+";"+";"§est§un cochon "
"100";"-";"<E>";" être";"une";"cocotte";"<E>";"<E>";"<E>";"+";"-";"-";"+";"-";"+";"-";"§est§une cocotte "
"101";"-";"<E>";" être";"un sans-";"coeur";"<E>";"<E>";"<E>";"+";"-";"+";"-";"+";"+";"-";"§est§un sans-coeur "
"102";"-";"<E>";" être";"une";"col";"<E>";"<E>";"blanc";"+";"-";"+";"-";"+";"+";"-";"§est§une col blanc "
"103";"-";"<E>";" être";"une";"col";"<E>";"<E>";"bleu";"+";"-";"+";"-";"+";"+";"-";"§est§une col bleu "
"104";"-";"<E>";" être";"<E>";"collet";"<E>";"<E>";"monté";"+";"-";"-";"-";"+";"+";"-";"§est§collet monté "
"105";"-";"<E>";" être";"une";"colombe";"<E>";"<E>";"<E>";"+";"-";"+";"+";"+";"+";"-";"§est§une colombe "
"106";"+";"n'";" être pas";"le";"commun";"de";"les";"mortels";"+";"-";"-";"-";"+";"+";"-";"§n'est pas§le commun des mortels "
"107";"-";"<E>";" être";"un";"con";"<E>";"<E>";"<E>";"+";"-";"+";"-";"+";"-";"-";"§est§un con "
"108";"-";"<E>";" être";"une vieux";"con";"<E>";"<E>";"<E>";"+";"-";"-";"-";"+";"+";"-";"§est§une vieux con "
"109";"-";"<E>";" être";"tous des";"cons";"<E>";"<E>";"<E>";"+";"-";"-";"-";"+";"+";"+";"§est§tous des cons "
"110";"-";"<E>";" être";"un";"coq";"<E>";"<E>";"<E>";"+";"-";"-";"+";"+";"-";"-";"§est§un coq "
"111";"-";"<E>";" être";"un";"corbeau";"<E>";"<E>";"<E>";"+";"-";"-";"+";"+";"+";"-";"§est§un corbeau "
"112";"-";"<E>";" être";"une";"cordon";"<E>";"<E>";"bleu";"+";"-";"+";"-";"+";"+";"-";"§est§une cordon bleu "
"113";"-";"<E>";" être";"une";"couille";"<E>";"<E>";"molle";"+";"-";"+";"-";"+";"+";"-";"§est§une couille molle "
"114";"-";"<E>";" être";"un bon";"coup";"<E>";"<E>";"<E>";"+";"-";"-";"-";"+";"+";"-";"§est§un bon coup "
"115";"-";"<E>";" être";"un deuxième";"couteau";"<E>";"<E>";"<E>";"+";"-";"-";"-";"+";"+";"-";"§est§un deuxième couteau "
"116";"-";"<E>";" être";"un second";"couteau";"<E>";"<E>";"<E>";"+";"-";"-";"-";"+";"+";"-";"§est§un second couteau "
"117";"-";"<E>";" être";"un";"crampon";"<E>";"<E>";"<E>";"+";"-";"-";"-";"+";"+";"-";"§est§un crampon "
"118";"-";"<E>";" être";"un";"crapaud";"<E>";"<E>";"<E>";"+";"-";"-";"+";"+";"+";"-";"§est§un crapaud "
"119";"-";"<E>";" être";"la";"crème";"de";"la";"crème";"+";"-";"-";"-";"+";"+";"-";"§est§la crème de la crème "
"120";"-";"<E>";" être";"la";"crème";"de";"les";"hommes";"+";"-";"-";"-";"+";"-";"-";"§est§la crème des hommes "
"121";"-";"<E>";" être";"une vieille";"croûte";"<E>";"<E>";"<E>";"+";"-";"-";"-";"+";"+";"-";"§est§une vieille croûte "
"122";"-";"<E>";" être";"un vieux";"croûton";"<E>";"<E>";"<E>";"+";"-";"-";"-";"+";"+";"-";"§est§un vieux croûton "
"123";"-";"<E>";" être";"une";"cruche";"<E>";"<E>";"<E>";"+";"-";"-";"-";"+";"+";"-";"§est§une cruche "
"124";"-";"<E>";" être";"un faux-";"cul";"<E>";"<E>";"<E>";"+";"-";"-";"-";"+";"-";"-";"§est§un faux-cul "
"125";"-";"<E>";" être";"un";"cul";"<E>";"<E>";"terreux";"+";"-";"-";"-";"+";"+";"+";"§est§un cul terreux "
"126";"-";"<E>";" être";"un";"danger";"<E>";"<E>";"public";"+";"-";"-";"-";"+";"+";"-";"§est§un danger public "
"127";"-";"<E>";" être";"un";"débris";"<E>";"<E>";"<E>";"+";"-";"-";"-";"+";"+";"-";"§est§un débris "
"128";"-";"<E>";" être";"un";"débris";"<E>";"<E>";"humain";"+";"-";"-";"-";"+";"+";"-";"§est§un débris humain "
"129";"-";"<E>";" être";"le";"dernier";"de";"les";"derniers";"+";"-";"-";"-";"+";"+";"+";"§est§le dernier des derniers "
"130";"-";"<E>";" être";"le";"dessus";"de";"le";"panier";"+";"-";"-";"-";"+";"+";"-";"§est§le dessus du panier "
"131";"-";"<E>";" être";"un";"dieu";"<E>";"<E>";"<E>";"+";"-";"-";"-";"+";"+";"+";"§est§un dieu "
"132";"-";"<E>";" être";"une";"dinde";"<E>";"<E>";"<E>";"+";"-";"-";"+";"-";"+";"-";"§est§une dinde "
"133";"-";"<E>";" être";"le";"dindon";"de";"la";"farce";"+";"-";"-";"+";"+";"+";"-";"§est§le dindon de la farce "
"134";"-";"<E>";" être";"un";"dinosaure";"<E>";"<E>";"<E>";"+";"-";"-";"+";"+";"+";"-";"§est§un dinosaure "
"135";"-";"<E>";" être";"une grosse";"dondon";"<E>";"<E>";"<E>";"+";"-";"-";"-";"-";"+";"-";"§est§une grosse dondon "
"136";"-";"<E>";" être";"un vieux";"dragon";"<E>";"<E>";"<E>";"+";"-";"-";"+";"+";"+";"-";"§est§un vieux dragon "
"137";"-";"<E>";" être";"un";"drôle";"de";"<E>";"animal";"+";"-";"-";"+";"+";"+";"-";"§est§un drôle d'animal "
"138";"-";"<E>";" être";"un";"drôle";"de";"<E>";"citoyen";"+";"-";"-";"-";"+";"+";"-";"§est§un drôle de citoyen "
"139";"-";"<E>";" être";"un";"drôle";"de";"<E>";"coco";"+";"-";"-";"-";"+";"-";"-";"§est§un drôle de coco "
"140";"-";"<E>";" être";"un";"drôle";"de";"<E>";"morceau";"+";"-";"-";"-";"+";"+";"-";"§est§un drôle de morceau "
"141";"-";"<E>";" être";"un ";"drôle";"de";"<E>";"numéro";"+";"-";"-";"-";"+";"+";"-";"§est§un drôle de numéro "
"142";"-";"<E>";" être";"un";"drôle";"de";"<E>";"oiseau";"+";"-";"-";"+";"+";"+";"-";"§est§un drôle d'oiseau "
"143";"-";"<E>";" être";"un";"drôle";"de";"<E>";"type";"+";"-";"-";"-";"+";"-";"-";"§est§un drôle de type "
"144";"-";"<E>";" être";"un";"drôle";"de";"<E>";"zèbre";"+";"-";"-";"+";"+";"-";"-";"§est§un drôle de zèbre "
"145";"-";"<E>";" être";"un";"drôle";"de";"<E>";"zigoto";"+";"-";"-";"-";"+";"-";"-";"§est§un drôle de zigoto "
"146";"-";"<E>";" être";"un";"drôle";"de";"<E>";"zigue";"+";"-";"-";"-";"+";"-";"-";"§est§un drôle de zigue "
"147";"-";"<E>";" être";"un";"dur";"à";"<E>";"cuire";"+";"-";"+";"-";"+";"-";"-";"§est§un dur à cuire "
"148";"-";"<E>";" être";"un";"dur";"de";"<E>";"dur";"+";"-";"+";"-";"+";"-";"-";"§est§un dur de dur "
"149";"-";"<E>";" être";"un grand";"échalas";"<E>";"<E>";"<E>";"+";"-";"-";"-";"+";"+";"-";"§est§un grand échalas "
"150";"-";"<E>";" être";"un";"éléphant";"<E>";"<E>";"<E>";"+";"-";"-";"+";"+";"+";"-";"§est§un éléphant "
"151";"-";"<E>";" être";"un";"emplâtre";"<E>";"<E>";"<E>";"+";"-";"-";"-";"+";"+";"-";"§est§un emplâtre "
"152";"-";"<E>";" être";"une";"épave";"<E>";"<E>";"<E>";"+";"-";"-";"-";"+";"+";"-";"§est§une épave "
"153";"-";"<E>";" être";"un";"escargot";"<E>";"<E>";"<E>";"+";"-";"-";"+";"+";"+";"-";"§est§un escargot "
"154";"-";"<E>";" être";"de grands";"esprit";"<E>";"<E>";"<E>";"+";"-";"-";"-";"+";"+";"-";"§est§de grands esprit "
"155";"-";"<E>";" être";"un";"esprit";"<E>";"<E>";"fort";"+";"-";"-";"-";"+";"+";"-";"§est§un esprit fort "
"156";"-";"<E>";" être";"un";"esprit";"<E>";"<E>";"libre";"+";"-";"-";"-";"+";"+";"-";"§est§un esprit libre "
"157";"-";"<E>";" être";"un";"esprit";"<E>";"<E>";"faux";"+";"-";"-";"-";"+";"+";"-";"§est§un esprit faux "
"158";"-";"<E>";" être";"une";"étoile";"<E>";"<E>";"<E>";"+";"-";"-";"-";"+";"+";"-";"§est§une étoile "
"159";"-";"<E>";" être";"un";"étourneau";"<E>";"<E>";"<E>";"+";"-";"-";"+";"+";"+";"-";"§est§un étourneau "
"160";"-";"<E>";" être";"une";"exception";"<E>";"<E>";"<E>";"+";"-";"-";"-";"+";"+";"-";"§est§une exception "
"161";"-";"<E>";" être";"une";"face";"de";"<E>";"Carême";"+";"-";"-";"-";"+";"+";"-";"§est§une face de Carême "
"162";"-";"<E>";" être";"une";"face";"de";"<E>";"rat";"+";"-";"-";"-";"+";"+";"-";"§est§une face de rat "
"163";"-";"<E>";" être";"<E>";"face";"contre";"<E>";"terre";"+";"-";"-";"-";"+";"+";"-";"§est§face contre terre "
"164";"-";"<E>";" être";"la";"face";"contre";"<E>";"terre";"+";"-";"+";"-";"+";"+";"-";"§est§la face contre terre "
"165";"-";"<E>";" être";"un";"faible";"de";"<E>";"esprit";"+";"-";"+";"-";"+";"+";"+";"§est§un faible d'esprit "
"166";"-";"<E>";" être";"<E>";"fair";"<E>";"<E>";"play";"+";"+";"+";"-";"+";"+";"-";"§est§fair play "
"167";"-";"<E>";" être";"un";"faisan";"<E>";"<E>";"<E>";"+";"-";"-";"+";"+";"-";"-";"§est§un faisan "
"168";"-";"<E>";" être";"un";"faucon";"<E>";"<E>";"<E>";"+";"-";"+";"+";"+";"+";"-";"§est§un faucon "
"169";"-";"<E>";" être";"un";"fléau";"de";"<E>";"Dieu";"+";"-";"-";"-";"+";"+";"-";"§est§un fléau de Dieu "
"170";"-";"<E>";" être";"un";"fléau";"<E>";"<E>";"<E>";"+";"-";"-";"-";"+";"+";"-";"§est§un fléau "
"171";"-";"<E>";" être";"une petite";"fleur";"de";"les";"bois";"+";"-";"-";"-";"-";"+";"-";"§est§une petite fleur des bois "
"172";"-";"<E>";" être";"une";"fort";"en";"<E>";"gueule";"+";"-";"-";"-";"+";"-";"-";"§est§une fort en gueule "
"173";"-";"<E>";" être";"une grosse";"fortune";"<E>";"<E>";"<E>";"+";"-";"-";"-";"+";"+";"-";"§est§une grosse fortune "
"174";"-";"<E>";" être";"un";"foudre";"de";"<E>";"guerre";"+";"-";"-";"-";"+";"-";"-";"§est§un foudre de guerre "
"175";"-";"<E>";" être";"une bonne";"fourchette";"<E>";"<E>";"<E>";"+";"-";"-";"-";"+";"+";"-";"§est§une bonne fourchette "
"176";"-";"<E>";" être";"une";"fourmi";"<E>";"<E>";"<E>";"+";"-";"+";"+";"+";"-";"-";"§est§une fourmi "
"177";"-";"<E>";" être";"du menu";"fretin";"<E>";"<E>";"<E>";"+";"-";"-";"-";"+";"+";"-";"§est§du menu fretin "
"178";"-";"<E>";" être";"un";"fumier";"<E>";"<E>";"<E>";"+";"-";"-";"-";"+";"-";"-";"§est§un fumier "
"179";"-";"<E>";" être";"un bon";"fusil";"<E>";"<E>";"<E>";"+";"-";"+";"-";"+";"+";"-";"§est§un bon fusil "
"180";"-";"<E>";" être";"une";"gazelle";"<E>";"<E>";"<E>";"+";"-";"-";"+";"-";"+";"-";"§est§une gazelle "
"181";"-";"<E>";" être";"un sans-";"gêne";"<E>";"<E>";"<E>";"+";"-";"+";"-";"+";"+";"-";"§est§un sans-gêne "
"182";"-";"<E>";" être";"un gros";"gibier";"<E>";"<E>";"<E>";"+";"-";"+";"+";"+";"-";"-";"§est§un gros gibier "
"183";"-";"<E>";" être";"une grande";"girafe";"<E>";"<E>";"<E>";"+";"-";"-";"+";"+";"+";"-";"§est§une grande girafe "
"184";"-";"<E>";" être";"une";"girouette";"<E>";"<E>";"<E>";"+";"-";"-";"-";"+";"+";"-";"§est§une girouette "
"185";"-";"<E>";" être";"un";"glaçon";"<E>";"<E>";"<E>";"+";"-";"-";"-";"+";"+";"-";"§est§un glaçon "
"186";"-";"<E>";" être";"un";"goret";"<E>";"<E>";"<E>";"+";"-";"-";"+";"+";"-";"-";"§est§un goret "
"187";"-";"<E>";" être";"un";"gorille";"<E>";"<E>";"<E>";"+";"-";"-";"+";"+";"+";"-";"§est§un gorille "
"188";"-";"<E>";" être";"un";"gorille";"<E>";"<E>";"<E>";"+";"-";"-";"+";"+";"-";"-";"§est§un gorille "
"189";"-";"<E>";" être";"un fin";"gourmet";"<E>";"<E>";"<E>";"+";"-";"+";"-";"+";"+";"-";"§est§un fin gourmet "
"190";"-";"<E>";" être";"de la mauvaise";"graine";"<E>";"<E>";"<E>";"+";"-";"-";"-";"+";"+";"-";"§est§de la mauvaise graine "
"191";"-";"<E>";" être";"une";"gravure";"de";"<E>";"mode";"+";"-";"-";"-";"+";"+";"-";"§est§une gravure de mode "
"192";"-";"<E>";" être";"une";"grenouille";"de";"<E>";"bénitier";"+";"-";"+";"+";"+";"+";"-";"§est§une grenouille de bénitier "
"193";"-";"<E>";" être";"toutes";"griffes";"<E>";"<E>";"dehors";"+";"-";"-";"-";"+";"+";"-";"§est§toutes griffes dehors "
"194";"-";"<E>";" être";"une vieux";"grigou";"<E>";"<E>";"<E>";"+";"-";"-";"-";"+";"+";"-";"§est§une vieux grigou "
"195";"-";"<E>";" être";"un bon";"gros";"<E>";"<E>";"<E>";"+";"-";"-";"-";"+";"+";"+";"§est§un bon gros "
"196";"-";"<E>";" être";"une";"grue";"<E>";"<E>";"<E>";"+";"-";"-";"+";"-";"+";"-";"§est§une grue "
"197";"-";"<E>";" être";"une";"guenon";"<E>";"<E>";"<E>";"+";"-";"-";"+";"-";"+";"-";"§est§une guenon "
"198";"-";"<E>";" être";"une fine";"gueule";"<E>";"<E>";"<E>";"+";"-";"+";"-";"+";"+";"-";"§est§une fine gueule "
"199";"-";"<E>";" être";"une grande";"gueule";"<E>";"<E>";"<E>";"+";"-";"+";"-";"+";"+";"-";"§est§une grande gueule "
"200";"-";"<E>";" être";"de la mauvaise";"herbe";"<E>";"<E>";"<E>";"+";"-";"-";"-";"+";"+";"-";"§est§de la mauvaise herbe "
"201";"-";"<E>";" être";"un";"hibou";"<E>";"<E>";"<E>";"+";"-";"-";"+";"+";"+";"-";"§est§un hibou "
"202";"-";"<E>";" être";"une";"hirondelle";"<E>";"<E>";"<E>";"+";"-";"-";"+";"+";"-";"-";"§est§une hirondelle "
"203";"-";"<E>";" être";"une";"huile";"<E>";"<E>";"<E>";"+";"-";"-";"-";"+";"+";"-";"§est§une huile "
"204";"-";"<E>";" être";"une grosse";"huile";"<E>";"<E>";"<E>";"+";"-";"-";"-";"+";"+";"-";"§est§une grosse huile "
"205";"-";"<E>";" être";"une";"hyène";"<E>";"<E>";"<E>";"+";"-";"-";"+";"+";"+";"-";"§est§une hyène "
"206";"+";"n'";" être pas";"ne";"importe";"<E>";"<E>";"qui";"+";"-";"-";"-";"+";"+";"-";"§n'est pas§ne importe qui "
"207";"-";"<E>";" être";"un faux-";"jeton";"<E>";"<E>";"<E>";"+";"-";"-";"-";"+";"+";"-";"§est§un faux-jeton "
"208";"-";"<E>";" être";"une";"jument";"de";"<E>";"brasseur";"+";"-";"-";"+";"-";"+";"-";"§est§une jument de brasseur "
"209";"-";"<E>";" être";"un";"jusqu'";"<E>";"<E>";"auboutiste";"+";"-";"-";"-";"+";"+";"-";"§est§un jusqu'auboutiste "
"210";"-";"<E>";" être";"un";"laissé";"pour";"<E>";"compte";"+";"-";"-";"-";"+";"+";"+";"§est§un laissé pour compte "
"211";"-";"<E>";" être";"une fine";"lame";"<E>";"<E>";"<E>";"+";"-";"-";"-";"+";"+";"-";"§est§une fine lame "
"212";"-";"<E>";" être";"une mauvaise";"langue";"<E>";"<E>";"<E>";"+";"-";"+";"-";"+";"+";"-";"§est§une mauvaise langue "
"213";"-";"<E>";" être";"un chaud";"lapin";"<E>";"<E>";"<E>";"+";"-";"-";"+";"+";"+";"+";"§est§un chaud lapin "
"214";"-";"<E>";" être";"un fameux";"lapin";"<E>";"<E>";"<E>";"+";"-";"-";"+";"+";"+";"+";"§est§un fameux lapin "
"215";"-";"<E>";" être";"un rude";"lapin";"<E>";"<E>";"<E>";"+";"-";"-";"+";"+";"+";"+";"§est§un rude lapin "
"216";"-";"<E>";" être";"un gros";"lard";"<E>";"<E>";"<E>";"+";"-";"-";"+";"+";"-";"-";"§est§un gros lard "
"217";"-";"<E>";" être";"une";"larve";"<E>";"<E>";"<E>";"+";"-";"-";"+";"+";"+";"-";"§est§une larve "
"218";"-";"<E>";" être";"une";"lavette";"<E>";"<E>";"<E>";"+";"-";"-";"-";"+";"+";"-";"§est§une lavette "
"219";"-";"<E>";" être";"un";"légume";"<E>";"<E>";"<E>";"+";"-";"-";"-";"+";"+";"-";"§est§un légume "
"220";"-";"<E>";" être";"une grosse";"légume";"<E>";"<E>";"<E>";"+";"-";"-";"-";"+";"+";"-";"§est§une grosse légume "
"221";"-";"<E>";" être";"une";"liane";"<E>";"<E>";"<E>";"+";"-";"-";"-";"-";"+";"-";"§est§une liane "
"222";"-";"<E>";" être";"une";"liane";"<E>";"<E>";"<E>";"+";"-";"-";"-";"-";"+";"-";"§est§une liane "
"223";"-";"<E>";" être";"un";"lièvre";"<E>";"<E>";"<E>";"+";"-";"-";"+";"+";"+";"-";"§est§un lièvre "
"224";"-";"<E>";" être";"une";"limace";"<E>";"<E>";"<E>";"+";"-";"+";"+";"+";"-";"-";"§est§une limace "
"225";"-";"<E>";" être";"une";"linotte";"<E>";"<E>";"<E>";"+";"-";"-";"+";"+";"+";"-";"§est§une linotte "
"226";"-";"<E>";" être";"un";"lion";"<E>";"<E>";"<E>";"+";"-";"-";"+";"+";"-";"-";"§est§un lion "
"227";"-";"<E>";" être";"un";"loir";"<E>";"<E>";"<E>";"+";"-";"-";"+";"+";"+";"-";"§est§un loir "
"228";"-";"<E>";" être";"une";"loque";"<E>";"<E>";"<E>";"+";"-";"-";"-";"+";"+";"-";"§est§une loque "
"229";"-";"<E>";" être";"un";"loup";"<E>";"<E>";"<E>";"+";"-";"-";"+";"+";"-";"+";"§est§un loup "
"230";"-";"<E>";" être";"un jeune";"loup";"<E>";"<E>";"<E>";"+";"-";"-";"+";"+";"-";"-";"§est§un jeune loup "
"231";"-";"<E>";" être";"un";"loup";"de";"<E>";"mer";"+";"-";"-";"-";"+";"-";"-";"§est§un loup de mer "
"232";"-";"<E>";" être";"un";"maillot";"<E>";"<E>";"jaune";"+";"-";"+";"-";"+";"+";"-";"§est§un maillot jaune "
"233";"-";"<E>";" être";"un";"maillot";"<E>";"<E>";"jaune";"+";"-";"+";"-";"+";"+";"-";"§est§un maillot jaune "
"234";"-";"<E>";" être";"un";"malstrom";"<E>";"<E>";"<E>";"+";"-";"-";"-";"+";"+";"-";"§est§un malstrom "
"235";"-";"<E>";" être";"un";"maquereau";"<E>";"<E>";"<E>";"+";"-";"-";"+";"+";"-";"-";"§est§un maquereau "
"236";"-";"<E>";" être";"une";"maquerelle";"<E>";"<E>";"<E>";"+";"-";"-";"-";"-";"+";"-";"§est§une maquerelle "
"237";"-";"<E>";" être";"une";"marionnette";"<E>";"<E>";"<E>";"+";"-";"-";"-";"+";"+";"-";"§est§une marionnette "
"238";"-";"<E>";" être";"<E>";"marron";"<E>";"<E>";"<E>";"+";"-";"-";"-";"+";"+";"-";"§est§marron "
"239";"-";"<E>";" être";"<E>";"marteau";"<E>";"<E>";"<E>";"+";"-";"-";"-";"+";"+";"-";"§est§marteau "
"240";"-";"<E>";" être";"un";"m'as-tu";"<E>";"<E>";"vu";"+";"-";"+";"-";"+";"+";"+";"§est§un m'as-tu vu "
"241";"-";"<E>";" être";"un";"melon";"<E>";"<E>";"<E>";"+";"-";"+";"-";"+";"-";"-";"§est§un melon "
"242";"+";"n'";" être plus";"le";"même";"<E>";"<E>";"<E>";"+";"-";"-";"-";"+";"+";"+";"§n'est plus§le même "
"243";"-";"<E>";" être";"une";"merde";"<E>";"<E>";"<E>";"+";"-";"-";"-";"+";"+";"-";"§est§une merde "
"244";"-";"<E>";" être";"une";"merde";"<E>";"<E>";"<E>";"+";"-";"-";"-";"+";"+";"-";"§est§une merde "
"245";"-";"<E>";" être";"une";"mère";"<E>";"<E>";"poule";"+";"-";"-";"+";"-";"+";"-";"§est§une mère poule "
"246";"-";"<E>";" être";"un";"merle";"<E>";"<E>";"blanc";"+";"-";"-";"+";"+";"+";"-";"§est§un merle blanc "
"247";"-";"<E>";" être";"la huitième";"merveille";"<E>";"<E>";"<E>";"+";"-";"-";"-";"+";"+";"-";"§est§l'huitième merveille "
"248";"-";"<E>";" être";"la septième";"merveille";"<E>";"<E>";"<E>";"+";"-";"-";"-";"+";"+";"-";"§est§la septième merveille "
"249";"-";"<E>";" être";"une petite";"merveille";"<E>";"<E>";"<E>";"+";"-";"-";"-";"+";"+";"-";"§est§une petite merveille "
"250";"-";"<E>";" être";"un";"minet";"<E>";"<E>";"<E>";"+";"-";"-";"+";"+";"-";"-";"§est§un minet "
"251";"-";"<E>";" être";"un";"minus";"<E>";"<E>";"<E>";"+";"-";"-";"-";"+";"+";"-";"§est§un minus "
"252";"-";"<E>";" être";"un";"minus";"<E>";"<E>";"habens";"+";"-";"-";"-";"+";"+";"-";"§est§un minus habens "
"253";"-";"<E>";" être";"un autre";"moi-";"<E>";"<E>";"même";"+";"-";"-";"-";"+";"+";"+";"§est§un autre moi-même "
"254";"-";"<E>";" être";"un";"moins";"que";"<E>";"rien";"+";"-";"-";"-";"+";"+";"+";"§est§un moins que rien "
"255";"-";"<E>";" être";"un";"molasson";"<E>";"<E>";"<E>";"+";"-";"-";"-";"+";"+";"+";"§est§un molasson "
"256";"-";"<E>";" être";"un";"mollusque";"<E>";"<E>";"<E>";"+";"-";"-";"+";"+";"+";"-";"§est§un mollusque "
"257";"+";"n'";" être pas";"tout le";"monde";"<E>";"<E>";"<E>";"+";"-";"-";"-";"+";"+";"-";"§n'est pas§tout le monde "
"258";"-";"<E>";" être";"un";"monstre";"<E>";"<E>";"<E>";"+";"-";"-";"+";"+";"+";"-";"§est§un monstre "
"259";"-";"<E>";" être";"un petit";"monstre";"<E>";"<E>";"<E>";"+";"-";"-";"+";"+";"+";"-";"§est§un petit monstre "
"260";"-";"<E>";" être";"un";"monstre";"de";"<E>";"égoïsme";"+";"-";"-";"+";"+";"+";"-";"§est§un monstre d'égoïsme "
"261";"-";"<E>";" être";"un";"monstre";"de";"<E>";"ingratitude";"+";"-";"-";"+";"+";"+";"-";"§est§un monstre d'ingratitude "
"262";"-";"<E>";" être";"un";"monstre";"<E>";"<E>";"sacré";"+";"-";"-";"+";"+";"+";"-";"§est§un monstre sacré "
"263";"-";"<E>";" être";"une";"montagne";"de";"<E>";"chair";"+";"-";"-";"-";"+";"+";"-";"§est§une montagne de chair "
"264";"-";"<E>";" être";"un";"monte";"en";"le";"air";"+";"-";"+";"-";"+";"+";"-";"§est§un monte en l'air "
"265";"-";"<E>";" être";"un beau";"morceau";"<E>";"<E>";"<E>";"+";"-";"-";"-";"+";"+";"-";"§est§un beau morceau "
"266";"-";"<E>";" être";"un sacré";"morceau";"<E>";"<E>";"<E>";"+";"-";"-";"-";"+";"+";"-";"§est§un sacré morceau "
"267";"-";"<E>";" être";"un";"morpion";"<E>";"<E>";"<E>";"+";"-";"+";"+";"+";"-";"+";"§est§un morpion "
"268";"-";"<E>";" être";"un";"mort";"<E>";"<E>";"vivant";"+";"-";"-";"-";"+";"+";"+";"§est§un mort vivant "
"269";"-";"<E>";" être";"un heureux";"mortel";"<E>";"<E>";"<E>";"+";"-";"-";"-";"+";"+";"-";"§est§un heureux mortel "
"270";"-";"<E>";" être";"une";"morue";"<E>";"<E>";"<E>";"+";"-";"-";"+";"-";"+";"-";"§est§une morue "
"271";"-";"<E>";" être";"une fine";"mouche";"<E>";"<E>";"<E>";"+";"-";"+";"+";"+";"+";"-";"§est§une fine mouche "
"272";"-";"<E>";" être";"un";"moulin";"à";"<E>";"paroles";"+";"-";"-";"-";"+";"+";"-";"§est§un moulin à paroles "
"273";"-";"<E>";" être";"un";"mouton";"<E>";"<E>";"<E>";"+";"-";"-";"+";"+";"+";"-";"§est§un mouton "
"274";"-";"<E>";" être";"un";"mouton";"<E>";"<E>";"<E>";"+";"-";"-";"+";"+";"+";"-";"§est§un mouton "
"275";"-";"<E>";" être";"un";"mouton";"<E>";"<E>";"noir";"+";"-";"+";"+";"+";"-";"-";"§est§un mouton noir "
"276";"-";"<E>";" être";"un";"mouton";"<E>";"<E>";"noir";"+";"-";"-";"+";"+";"+";"-";"§est§un mouton noir "
"277";"-";"<E>";" être";"un";"mouton";"à";"cinq";"pattes";"+";"-";"-";"+";"+";"+";"-";"§est§un mouton à cinq pattes "
"278";"-";"<E>";" être";"des";"moutons";"<E>";"<E>";"<E>";"+";"-";"-";"+";"+";"+";"-";"§est§des moutons "
"279";"-";"<E>";" être";"une";"mule";"<E>";"<E>";"<E>";"+";"-";"-";"+";"+";"+";"-";"§est§une mule "
"280";"-";"<E>";" être";"un";"mur";"<E>";"<E>";"<E>";"+";"-";"-";"-";"+";"+";"-";"§est§un mur "
"281";"-";"<E>";" être";"une";"nana";"<E>";"<E>";"<E>";"+";"-";"-";"-";"-";"+";"-";"§est§une nana "
"282";"-";"<E>";" être";"<E>";"nature";"<E>";"<E>";"<E>";"+";"-";"-";"-";"+";"+";"-";"§est§nature "
"283";"-";"<E>";" être";"très";"nature";"<E>";"<E>";"<E>";"+";"-";"-";"-";"+";"+";"-";"§est§très nature "
"284";"-";"<E>";" être";"une bonne";"nature";"<E>";"<E>";"<E>";"+";"-";"+";"-";"+";"+";"-";"§est§une bonne nature "
"285";"-";"<E>";" être";"une petite";"nature";"<E>";"<E>";"<E>";"+";"-";"+";"-";"+";"+";"-";"§est§une petite nature "
"286";"-";"<E>";" être";"une";"nénette";"<E>";"<E>";"<E>";"+";"-";"-";"-";"-";"+";"-";"§est§une nénette "
"287";"-";"<E>";" être";"un";"nez";"<E>";"<E>";"<E>";"+";"-";"-";"-";"+";"+";"-";"§est§un nez "
"288";"-";"<E>";" être";"une vieille";"noix";"<E>";"<E>";"<E>";"+";"-";"-";"+";"-";"+";"-";"§est§une vieille noix "
"289";"-";"<E>";" être";"une";"nouille";"<E>";"<E>";"<E>";"+";"-";"+";"-";"+";"+";"-";"§est§une nouille "
"290";"-";"<E>";" être";"un sacré";"numéro";"<E>";"<E>";"<E>";"+";"-";"-";"-";"+";"+";"-";"§est§un sacré numéro "
"291";"+";"n'";" être pas";"un";"ogre";"<E>";"<E>";"<E>";"+";"-";"-";"+";"+";"+";"-";"§n'est pas§un ogre "
"292";"-";"<E>";" être";"un";"ogre";"<E>";"<E>";"<E>";"+";"-";"-";"+";"+";"+";"+";"§est§un ogre "
"293";"-";"<E>";" être";"une";"oie";"<E>";"<E>";"blanche";"+";"-";"-";"+";"-";"+";"-";"§est§une oie blanche "
"294";"-";"<E>";" être";"un";"oiseau";"de";"<E>";"malheur";"+";"-";"-";"+";"+";"+";"-";"§est§un oiseau de malheur "
"295";"-";"<E>";" être";"un";"oiseau";"de";"<E>";"nuit";"+";"-";"-";"+";"+";"+";"-";"§est§un oiseau de nuit "
"296";"-";"<E>";" être";"un";"oiseau";"<E>";"<E>";"rare";"+";"-";"-";"+";"+";"+";"-";"§est§un oiseau rare "
"297";"+";"n'";" être plus que";"la";"ombre";"de";"Lui-0-";"même";"+";"-";"-";"-";"+";"+";"-";"§n'est plus que§l'ombre de lui-même "
"298";"-";"<E>";" être";"une";"ordure";"<E>";"<E>";"<E>";"+";"-";"-";"-";"+";"+";"-";"§est§une ordure "
"299";"-";"<E>";" être";"un";"ouragan";"<E>";"<E>";"<E>";"+";"-";"-";"-";"+";"+";"-";"§est§un ouragan "
"300";"-";"<E>";" être";"un";"ours";"<E>";"<E>";"<E>";"+";"-";"+";"+";"+";"-";"-";"§est§un ours "
"301";"-";"<E>";" être";"un";"ours";"<E>";"mal";"léché";"+";"-";"+";"+";"+";"-";"-";"§est§un ours mal léché "
"302";"-";"<E>";" être";"une";"outre";"à";"<E>";"vin";"+";"-";"-";"-";"+";"+";"-";"§est§une outre à vin "
"303";"-";"<E>";" être";"un";"pachyderme";"<E>";"<E>";"<E>";"+";"-";"-";"+";"+";"+";"-";"§est§un pachyderme "
"304";"-";"<E>";" être";"un";"panier";"<E>";"<E>";"percé";"+";"-";"-";"-";"+";"+";"-";"§est§un panier percé "
"305";"-";"<E>";" être";"un";"pantin";"<E>";"<E>";"<E>";"+";"-";"-";"-";"+";"+";"-";"§est§un pantin "
"306";"-";"<E>";" être";"un";"papa";"<E>";"<E>";"gâteau";"+";"-";"-";"-";"+";"-";"-";"§est§un papa gâteau "
"307";"-";"<E>";" être";"un";"papillon";"<E>";"<E>";"<E>";"+";"-";"-";"+";"+";"+";"-";"§est§un papillon "
"308";"-";"<E>";" être";"un";"paquet";"de";"<E>";"merde";"+";"-";"-";"-";"+";"+";"-";"§est§un paquet de merde "
"309";"-";"<E>";" être";"un";"paquet";"de";"<E>";"muscles";"+";"-";"-";"-";"+";"+";"-";"§est§un paquet de muscles "
"310";"-";"<E>";" être";"un";"paquet";"de";"<E>";"nerfs";"+";"-";"-";"-";"+";"+";"-";"§est§un paquet de nerfs "
"311";"-";"<E>";" être";"une";"paquet";"de";"<E>";"nerfs";"+";"-";"-";"-";"+";"+";"-";"§est§une paquet de nerfs "
"312";"-";"<E>";" être";"un beau";"parti";"<E>";"<E>";"<E>";"+";"-";"-";"-";"+";"+";"-";"§est§un beau parti "
"313";"-";"<E>";" être";"une";"patate";"<E>";"<E>";"<E>";"+";"-";"-";"-";"+";"+";"-";"§est§une patate "
"314";"-";"<E>";" être";"une";"patate";"<E>";"<E>";"<E>";"+";"-";"-";"-";"+";"+";"-";"§est§une patate "
"315";"-";"<E>";" être";"une bonne";"pâte";"<E>";"<E>";"<E>";"+";"-";"-";"-";"+";"+";"-";"§est§une bonne pâte "
"316";"-";"<E>";" être";"une bonne";"pâte";"<E>";"<E>";"<E>";"+";"-";"+";"-";"+";"+";"-";"§est§une bonne pâte "
"317";"-";"<E>";" être";"une vieille";"peau";"<E>";"<E>";"<E>";"+";"-";"-";"-";"-";"+";"-";"§est§une vieille peau "
"318";"-";"<E>";" être";"une";"peau";"de";"<E>";"con";"+";"-";"-";"-";"+";"+";"-";"§est§une peau de con "
"319";"-";"<E>";" être";"une";"peau";"de";"<E>";"hareng";"+";"-";"+";"-";"+";"+";"-";"§est§une peau d'hareng "
"320";"-";"<E>";" être";"un";"peau";"<E>";"<E>";"rouge";"+";"-";"-";"-";"+";"+";"+";"§est§un peau rouge "
"321";"-";"<E>";" être";"une";"peau";"de";"<E>";"vache";"+";"-";"+";"-";"+";"+";"-";"§est§une peau de vache "
"322";"-";"<E>";" être";"quatre";"pelés";"et";"un";"tondus";"+";"-";"-";"-";"+";"+";"-";"§est§quatre pelés et un tondus "
"323";"-";"<E>";" être";"quatre";"pelés";"et";"trois";"tondus";"+";"-";"-";"-";"+";"+";"-";"§est§quatre pelés et trois tondus "
"324";"-";"<E>";" être";"une";"pépée";"<E>";"<E>";"<E>";"+";"-";"-";"-";"-";"+";"-";"§est§une pépée "
"325";"-";"<E>";" être";"une grande";"perche";"<E>";"<E>";"<E>";"+";"-";"-";"-";"+";"+";"-";"§est§une grande perche "
"326";"-";"<E>";" être";"une";"perle";"<E>";"<E>";"<E>";"+";"-";"-";"-";"+";"+";"-";"§est§une perle "
"327";"-";"<E>";" être";"la";"perle";"de";"les";"domestiques";"+";"-";"-";"-";"+";"+";"-";"§est§la perle des domestiques "
"328";"-";"<E>";" être";"une";"perle";"<E>";"<E>";"rare";"+";"-";"-";"-";"+";"+";"-";"§est§une perle rare "
"329";"-";"<E>";" être";"un";"perroquet";"<E>";"<E>";"<E>";"+";"-";"-";"+";"+";"+";"-";"§est§un perroquet "
"330";"-";"<E>";" être";"une";"peste";"<E>";"<E>";"<E>";"+";"-";"+";"-";"-";"+";"-";"§est§une peste "
"331";"-";"<E>";" être";"une petite";"peste";"<E>";"<E>";"<E>";"+";"-";"-";"-";"-";"+";"-";"§est§une petite peste "
"332";"-";"<E>";" être";"<E>";"pète";"<E>";"<E>";"sec";"+";"-";"-";"-";"+";"+";"-";"§est§pète sec "
"333";"-";"<E>";" être";"on ne";"peut";"<E>";"<E>";"mieux";"+";"+";"+";"-";"+";"+";"-";"§est§on ne peut mieux "
"334";"-";"<E>";" être";"un";"phénix";"<E>";"<E>";"<E>";"+";"-";"-";"+";"+";"+";"-";"§est§un phénix "
"335";"-";"<E>";" être";"un";"pied";"<E>";"<E>";"<E>";"+";"-";"-";"-";"+";"+";"-";"§est§un pied "
"336";"-";"<E>";" être";"un";"pied";"<E>";"<E>";"<E>";"+";"-";"-";"-";"+";"+";"-";"§est§un pied "
"337";"-";"<E>";" être";"un";"pied";"<E>";"<E>";"noir";"+";"-";"-";"-";"+";"+";"+";"§est§un pied noir "
"338";"-";"<E>";" être";"un";"pied";"<E>";"<E>";"plat";"+";"-";"-";"-";"+";"-";"-";"§est§un pied plat "
"339";"-";"<E>";" être";"une";"pieuvre";"<E>";"<E>";"<E>";"+";"-";"-";"+";"+";"+";"-";"§est§une pieuvre "
"340";"-";"<E>";" être";"un";"pigeon";"<E>";"<E>";"<E>";"+";"-";"-";"+";"+";"+";"-";"§est§un pigeon "
"341";"-";"<E>";" être";"une";"planche";"à";"<E>";"pain";"+";"-";"-";"-";"-";"+";"-";"§est§une planche à pain "
"342";"-";"<E>";" être";"une belle";"plante";"<E>";"<E>";"<E>";"+";"-";"+";"-";"-";"+";"-";"§est§une belle plante "
"343";"-";"<E>";" être";"un gros";"plein";"de";"<E>";"soupe";"+";"-";"-";"-";"+";"-";"-";"§est§un gros plein de soupe "
"344";"-";"<E>";" être";"tout un";"poème";"<E>";"<E>";"<E>";"+";"-";"-";"-";"+";"+";"-";"§est§tout un poème "
"345";"-";"<E>";" être";"une bonne";"poire";"<E>";"<E>";"<E>";"+";"-";"-";"-";"+";"+";"-";"§est§une bonne poire "
"346";"-";"<E>";" être";"un gros";"poisson";"<E>";"<E>";"<E>";"+";"-";"+";"+";"+";"-";"-";"§est§un gros poisson "
"347";"-";"<E>";" être";"un";"porc";"<E>";"<E>";"<E>";"+";"-";"-";"+";"+";"-";"-";"§est§un porc "
"348";"-";"<E>";" être";"une demi-";"portion";"<E>";"<E>";"<E>";"+";"-";"-";"-";"+";"+";"-";"§est§une demi-portion "
"349";"-";"<E>";" être";"un";"pot";"à";"<E>";"tabac";"+";"-";"+";"-";"+";"+";"-";"§est§un pot à tabac "
"350";"-";"<E>";" être";"une";"potiche";"<E>";"<E>";"<E>";"+";"-";"-";"-";"+";"+";"-";"§est§une potiche "
"351";"-";"<E>";" être";"une";"poule";"<E>";"<E>";"<E>";"+";"-";"-";"+";"-";"+";"-";"§est§une poule "
"352";"-";"<E>";" être";"un";"poulet";"<E>";"<E>";"<E>";"+";"-";"+";"+";"+";"-";"-";"§est§un poulet "
"353";"-";"<E>";" être";"un";"poulet";"de";"<E>";"printemps";"+";"-";"+";"+";"+";"+";"-";"§est§un poulet de printemps "
"354";"-";"<E>";" être";"une belle";"poulette";"<E>";"<E>";"<E>";"+";"-";"-";"+";"-";"+";"-";"§est§une belle poulette "
"355";"-";"<E>";" être";"une belle";"pouliche";"<E>";"<E>";"<E>";"+";"-";"-";"+";"-";"+";"-";"§est§une belle pouliche "
"356";"-";"<E>";" être";"une";"poupée";"<E>";"<E>";"<E>";"+";"-";"-";"-";"-";"+";"-";"§est§une poupée "
"357";"-";"<E>";" être";"un";"pourceau";"<E>";"<E>";"<E>";"+";"-";"-";"+";"+";"-";"-";"§est§un pourceau "
"358";"-";"<E>";" être";"un";"pourri";"<E>";"<E>";"<E>";"+";"-";"-";"-";"+";"+";"+";"§est§un pourri "
"359";"-";"<E>";" être";"une jeune";"pousse";"<E>";"<E>";"<E>";"+";"-";"-";"-";"+";"+";"-";"§est§une jeune pousse "
"360";"-";"<E>";" être";"un";"prix";"<E>";"<E>";"Nprix";"+";"-";"+";"-";"+";"+";"-";"§est§un prix Nprix "
"361";"-";"<E>";" être";"un";"prix";"<E>";"<E>";"Goncourt";"+";"-";"+";"-";"+";"+";"-";"§est§un prix Goncourt "
"362";"-";"<E>";" être";"un";"prix";"<E>";"<E>";"Nobel";"+";"-";"+";"-";"+";"+";"-";"§est§un prix Nobel "
"363";"-";"<E>";" être";"une";"puce";"<E>";"<E>";"<E>";"+";"-";"-";"+";"+";"+";"-";"§est§une puce "
"364";"-";"<E>";" être";"une";"punaise";"<E>";"<E>";"<E>";"+";"-";"-";"+";"+";"+";"-";"§est§une punaise "
"365";"-";"<E>";" être";"<E>";"quelque chose";"comme";"<E>";"Dnum";"+";"+";"-";"-";"+";"+";"-";"§est§quelque chose comme Dnum "
"366";"-";"<E>";" être";"<E>";"quelque chose";"comme";"<E>";"cent";"+";"+";"-";"-";"+";"+";"-";"§est§quelque chose comme cent "
"367";"-";"<E>";" être";"<E>";"quelqu'un";"<E>";"<E>";"<E>";"+";"-";"-";"-";"+";"+";"-";"§est§quelqu'un "
"368";"-";"<E>";" être";"<E>";"quelqu'un";"de";"<E>";"bien";"+";"-";"-";"-";"+";"+";"-";"§est§quelqu'un de bien "
"369";"-";"<E>";" être";"<E>";"qui";"<E>";"tu";"sais";"+";"-";"-";"-";"+";"+";"-";"§est§qui tu sais "
"370";"-";"<E>";" être";"une";"raclure";"<E>";"<E>";"<E>";"+";"-";"-";"-";"+";"+";"-";"§est§une raclure "
"371";"-";"<E>";" être";"un";"rapace";"<E>";"<E>";"<E>";"+";"-";"-";"+";"+";"+";"-";"§est§un rapace "
"372";"-";"<E>";" être";"une bonne";"raquette";"<E>";"<E>";"<E>";"+";"-";"-";"-";"+";"+";"-";"§est§une bonne raquette "
"373";"-";"<E>";" être";"un";"rat";"<E>";"<E>";"<E>";"+";"-";"-";"+";"+";"+";"-";"§est§un rat "
"374";"-";"<E>";" être";"un";"régal";"pour";"les";"yeux";"+";"-";"-";"-";"+";"+";"-";"§est§un régal pour les yeux "
"375";"-";"<E>";" être";"un";"remède";"contre";"le";"amour";"+";"-";"-";"-";"+";"+";"-";"§est§un remède contre l'amour "
"376";"-";"<E>";" être";"un fin";"renard";"<E>";"<E>";"<E>";"+";"-";"-";"+";"-";"+";"-";"§est§un fin renard "
"377";"-";"<E>";" être";"un vieux";"renard";"<E>";"<E>";"<E>";"+";"-";"-";"+";"-";"+";"-";"§est§un vieux renard "
"378";"-";"<E>";" être";"un";"requin";"<E>";"<E>";"<E>";"+";"-";"-";"+";"+";"-";"-";"§est§un requin "
"379";"+";"n'";" être";"<E>";"rien";"de";"<E>";"cela";"+";"+";"-";"-";"+";"+";"-";"§n'est§rien de cela "
"380";"+";"n'";" être";"<E>";"rien";"de";"tout";"cela";"+";"+";"-";"-";"+";"+";"-";"§n'est§rien de tout cela "
"381";"-";"<E>";" être";"un";"rien";"de";"le";"tout";"+";"-";"-";"-";"+";"+";"+";"§est§un rien du tout "
"382";"-";"<E>";" être";"un";"roc";"<E>";"<E>";"<E>";"+";"-";"-";"-";"+";"+";"-";"§est§un roc "
"383";"-";"<E>";" être";"un";"roquet";"<E>";"<E>";"<E>";"+";"-";"-";"+";"+";"+";"-";"§est§un roquet "
"384";"-";"<E>";" être";"une";"rose";"<E>";"<E>";"<E>";"+";"-";"-";"-";"-";"+";"-";"§est§une rose "
"385";"-";"<E>";" être";"un";"rouleau";"<E>";"<E>";"compresseur";"+";"-";"-";"-";"+";"+";"-";"§est§un rouleau compresseur "
"386";"-";"<E>";" être";"un";"rouleau";"<E>";"<E>";"compresseur";"+";"-";"-";"-";"+";"+";"-";"§est§un rouleau compresseur "
"387";"-";"<E>";" être";"une";"roulure";"<E>";"<E>";"<E>";"+";"-";"-";"-";"-";"+";"-";"§est§une roulure "
"388";"-";"<E>";" être";"une";"ruine";"<E>";"<E>";"<E>";"+";"-";"-";"-";"+";"+";"-";"§est§une ruine "
"389";"-";"<E>";" être";"un";"sac";"de";"<E>";"merde";"+";"-";"-";"-";"+";"+";"-";"§est§un sac de merde "
"390";"-";"<E>";" être";"un";"sac";"de";"<E>";"os";"+";"-";"-";"-";"+";"+";"-";"§est§un sac d'os "
"391";"-";"<E>";" être";"un";"sac";"à";"<E>";"vin";"+";"-";"-";"-";"+";"+";"-";"§est§un sac à vin "
"392";"-";"<E>";" être";"un je ne";"sais";"<E>";"<E>";"quoi";"+";"-";"-";"-";"+";"-";"+";"§est§un je ne sais quoi "
"393";"-";"<E>";" être";"une";"sangsue";"<E>";"<E>";"<E>";"+";"-";"-";"+";"+";"+";"-";"§est§une sangsue "
"394";"-";"<E>";" être";"un";"sapajou";"<E>";"<E>";"<E>";"+";"-";"-";"+";"+";"+";"-";"§est§un sapajou "
"395";"-";"<E>";" être";"une grande";"sauterelle";"<E>";"<E>";"<E>";"+";"-";"-";"+";"-";"+";"-";"§est§une grande sauterelle "
"396";"-";"<E>";" être";"une";"savate";"<E>";"<E>";"<E>";"+";"-";"-";"-";"+";"+";"-";"§est§une savate "
"397";"-";"<E>";" être";"une vieille";"savate";"<E>";"<E>";"<E>";"+";"-";"-";"+";"-";"+";"-";"§est§une vieille savate "
"398";"-";"<E>";" être";"un demi-";"sel";"<E>";"<E>";"<E>";"+";"-";"-";"-";"+";"-";"-";"§est§un demi-sel "
"399";"-";"<E>";" être";"un";"serpent";"à";"<E>";"sonnette";"+";"-";"-";"-";"+";"+";"-";"§est§un serpent à sonnette "
"400";"-";"<E>";" être";"un";"simple";"de";"<E>";"esprit";"+";"-";"+";"-";"+";"+";"+";"§est§un simple d'esprit "
"401";"-";"<E>";" être";"un";"soixante";"<E>";"<E>";"huitard";"+";"-";"-";"-";"+";"+";"+";"§est§un soixante huitard "
"402";"-";"<E>";" être";"une";"souche";"<E>";"<E>";"<E>";"+";"-";"-";"-";"+";"+";"-";"§est§une souche "
"403";"-";"<E>";" être";"<E>";"soupe";"à";"le";"lait";"+";"-";"+";"-";"+";"+";"-";"§est§soupe au lait "
"404";"-";"<E>";" être";"une";"souris";"<E>";"<E>";"<E>";"+";"-";"-";"+";"-";"+";"-";"§est§une souris "
"405";"-";"<E>";" être";"un";"sphinx";"<E>";"<E>";"<E>";"+";"-";"-";"+";"+";"+";"-";"§est§un sphinx "
"406";"-";"<E>";" être";"un";"squelette";"<E>";"<E>";"<E>";"+";"-";"-";"-";"+";"+";"-";"§est§un squelette "
"407";"-";"<E>";" être";"un";"stentor";"<E>";"<E>";"<E>";"+";"-";"-";"+";"+";"+";"-";"§est§un stentor "
"408";"-";"<E>";" être";"un vieux";"tableau";"<E>";"<E>";"<E>";"+";"-";"-";"-";"+";"+";"-";"§est§un vieux tableau "
"409";"-";"<E>";" être";"une";"tache";"<E>";"<E>";"<E>";"+";"-";"-";"-";"+";"+";"-";"§est§une tache "
"410";"-";"<E>";" être";"un";"tanagra";"<E>";"<E>";"<E>";"+";"-";"-";"-";"-";"+";"-";"§est§un tanagra "
"411";"-";"<E>";" être";"une";"tapette";"<E>";"<E>";"<E>";"+";"-";"-";"-";"+";"-";"-";"§est§une tapette "
"412";"-";"<E>";" être";"un";"tas";"de";"<E>";"merde";"+";"+";"-";"-";"+";"+";"-";"§est§un tas de merde "
"413";"-";"<E>";" être";"une";"taupe";"<E>";"<E>";"<E>";"+";"-";"-";"+";"+";"+";"-";"§est§une taupe "
"414";"-";"<E>";" être";"une";"taupe";"<E>";"<E>";"<E>";"+";"-";"-";"+";"+";"+";"-";"§est§une taupe "
"415";"-";"<E>";" être";"un";"taureau";"<E>";"<E>";"<E>";"+";"-";"-";"+";"+";"-";"-";"§est§un taureau "
"416";"-";"<E>";" être";"un";"tendron";"<E>";"<E>";"<E>";"+";"-";"-";"-";"+";"+";"-";"§est§un tendron "
"417";"-";"<E>";" être";"une";"tête";"<E>";"<E>";"<E>";"+";"-";"-";"-";"+";"+";"-";"§est§une tête "
"418";"-";"<E>";" être";"une forte";"tête";"<E>";"<E>";"<E>";"+";"-";"-";"-";"+";"+";"-";"§est§une forte tête "
"419";"-";"<E>";" être";"une grosse";"tête";"<E>";"<E>";"<E>";"+";"-";"-";"-";"+";"+";"-";"§est§une grosse tête "
"420";"-";"<E>";" être";"une";"tête";"<E>";"<E>";"blonde";"+";"-";"-";"-";"+";"+";"-";"§est§une tête blonde "
"421";"-";"<E>";" être";"une";"tête";"<E>";"<E>";"brûlée";"+";"-";"+";"-";"+";"+";"-";"§est§une tête brûlée "
"422";"-";"<E>";" être";"une";"tête";"de";"<E>";"cochon";"+";"-";"-";"-";"+";"+";"-";"§est§une tête de cochon "
"423";"-";"<E>";" être";"une";"tête";"de";"<E>";"con";"+";"-";"-";"-";"+";"+";"-";"§est§une tête de con "
"424";"-";"<E>";" être";"une";"tête";"<E>";"<E>";"couronnée";"+";"-";"-";"-";"+";"+";"-";"§est§une tête couronnée "
"425";"-";"<E>";" être";"une";"tête";"de";"<E>";"linotte";"+";"-";"-";"-";"+";"+";"-";"§est§une tête de linotte "
"426";"-";"<E>";" être";"une";"tête";"de";"<E>";"noeud";"+";"-";"-";"-";"+";"+";"-";"§est§une tête de noeud "
"427";"-";"<E>";" être";"un";"tigre";"<E>";"<E>";"<E>";"+";"-";"-";"+";"+";"-";"+";"§est§un tigre "
"428";"-";"<E>";" être";"<E>";"torse";"<E>";"<E>";"nu";"+";"-";"-";"-";"+";"+";"-";"§est§torse nu "
"429";"-";"<E>";" être";"une";"tortue";"<E>";"<E>";"<E>";"+";"-";"-";"+";"+";"+";"-";"§est§une tortue "
"430";"-";"<E>";" être";"une";"tour";"<E>";"<E>";"<E>";"+";"-";"-";"-";"-";"+";"-";"§est§une tour "
"431";"-";"<E>";" être";"un";"tourbillon";"<E>";"<E>";"<E>";"+";"-";"-";"-";"+";"+";"-";"§est§un tourbillon "
"432";"-";"<E>";" être";"un bon";"toutou";"<E>";"<E>";"<E>";"+";"-";"-";"+";"+";"-";"-";"§est§un bon toutou "
"433";"-";"<E>";" être";"une";"traînée";"<E>";"<E>";"<E>";"+";"-";"-";"-";"-";"+";"-";"§est§une traînée "
"434";"+";"n'";" être pas";"de";"trop";"<E>";"<E>";"<E>";"+";"+";"+";"-";"+";"+";"-";"§n'est pas§de trop "
"435";"-";"<E>";" être";"un";"trou";"<E>";"<E>";"<E>";"+";"-";"-";"-";"-";"+";"-";"§est§un trou "
"436";"-";"<E>";" être";"un";"trou";"de";"le";"cul";"+";"-";"+";"-";"+";"+";"-";"§est§un trou du cul "
"437";"-";"<E>";" être";"une";"truie";"<E>";"<E>";"<E>";"+";"-";"-";"+";"-";"+";"-";"§est§une truie "
"438";"-";"<E>";" être";"<E>";"un";"de";"les";"nôtres";"+";"-";"-";"-";"+";"+";"+";"§est§un des nôtres "
"439";"-";"<E>";" être";"le";"un";"de";"les";"nôtres";"+";"-";"-";"-";"+";"+";"+";"§est§l'un des nôtres "
"440";"-";"<E>";" être";"<E>";"un";"de";"les";"vôtres";"+";"-";"-";"-";"+";"+";"+";"§est§un des vôtres "
"441";"-";"<E>";" être";"le";"un";"de";"les";"vôtres";"+";"-";"-";"-";"+";"+";"+";"§est§l'un des vôtres "
"442";"-";"<E>";" être";"une";"vache";"<E>";"<E>";"<E>";"+";"-";"+";"+";"+";"+";"-";"§est§une vache "
"443";"-";"<E>";" être";"une grosse";"vache";"<E>";"<E>";"<E>";"+";"-";"-";"+";"+";"+";"-";"§est§une grosse vache "
"444";"-";"<E>";" être";"une";"vache";"à";"<E>";"lait";"+";"-";"-";"+";"+";"+";"-";"§est§une vache à lait "
"445";"-";"<E>";" être";"un";"vampire";"<E>";"<E>";"<E>";"+";"-";"-";"+";"+";"+";"-";"§est§un vampire "
"446";"-";"<E>";" être";"un";"vautour";"<E>";"<E>";"<E>";"+";"-";"-";"+";"+";"+";"-";"§est§un vautour "
"447";"-";"<E>";" être";"un";"veau";"<E>";"<E>";"<E>";"+";"-";"-";"-";"+";"+";"-";"§est§un veau "
"448";"-";"<E>";" être";"une";"vedette";"<E>";"<E>";"<E>";"+";"-";"-";"-";"+";"+";"-";"§est§une vedette "
"449";"-";"<E>";" être";"une";"vermine";"<E>";"<E>";"<E>";"+";"-";"-";"+";"+";"+";"-";"§est§une vermine "
"450";"-";"<E>";" être";"un";"vermisseau";"<E>";"<E>";"<E>";"+";"-";"-";"+";"+";"+";"-";"§est§un vermisseau "
"451";"-";"<E>";" être";"un premier";"violon";"<E>";"<E>";"<E>";"+";"-";"+";"-";"+";"+";"-";"§est§un premier violon "
"452";"-";"<E>";" être";"une";"vipère";"<E>";"<E>";"<E>";"+";"-";"-";"+";"+";"+";"-";"§est§une vipère "
"453";"-";"<E>";" être";"un bon";"vivant";"<E>";"<E>";"<E>";"+";"-";"+";"-";"+";"+";"+";"§est§un bon vivant "
"454";"-";"<E>";" être";"un bon";"volant";"<E>";"<E>";"<E>";"+";"-";"+";"-";"+";"+";"-";"§est§un bon volant "
"455";"-";"<E>";" être";"un";"volcan";"<E>";"<E>";"<E>";"+";"-";"-";"-";"+";"+";"-";"§est§un volcan "
"456";"-";"<E>";" être";"les";"yeux";"<E>";"<E>";"bandés";"+";"-";"-";"-";"+";"+";"-";"§est§les yeux bandés "
"457";"-";"<E>";" être";"un";"zèbre";"<E>";"<E>";"<E>";"+";"-";"-";"+";"+";"+";"-";"§est§un zèbre "
