"<ID>";"N0 =: Nhum";"N0 =: N-hum";"N0 =: Npc";"Ppv =: Neg";"<ENT>Ppv";"<ENT><être>";"<ENT>Det1";"<ENT>C1";"N0 V Det1 C1";"Nc =: Nhum";"Nc =: N-hum";"Nc =: ce Qu Pind";"Nc =: ce Qu Psubj";"Nc =: V-inf W";"Det1 C1 de Nc = Poss C1";"N0 en être Det1 C1";"N0 être Det1 C1 pour Nc";"Nc avoir Det1 C1";"Exemple"
"1";"-";"+";"-";"-";"<E>";" être";"le";"a b c";"-";"-";"+";"-";"-";"-";"-";"+";"-";"-";"§être§l'a b c "
"2";"-";"+";"-";"-";"<E>";" être";"le";"ABC";"-";"-";"+";"-";"-";"-";"-";"+";"-";"-";"§être§le ABC "
"3";"-";"+";"-";"-";"<E>";" être";"le";"abc";"-";"-";"+";"-";"-";"-";"-";"+";"-";"-";"§être§l'abc "
"4";"+";"+";"-";"-";"<E>";" être";"un";"abîme";"-";"-";"+";"-";"-";"-";"-";"-";"-";"-";"§être§un abîme "
"5";"-";"+";"-";"-";"<E>";" être";"un";"abrégé";"+";"-";"+";"-";"-";"-";"+";"+";"-";"+";"§être§un abrégé "
"6";"-";"+";"-";"-";"<E>";" être";"une";"abréviation";"+";"-";"+";"-";"-";"-";"+";"+";"-";"+";"§être§une abréviation "
"7";"+";"-";"-";"-";"<E>";" être";"le grand";"absent";"+";"-";"+";"-";"-";"-";"-";"+";"-";"+";"§être§le grand absent "
"8";"+";"-";"-";"-";"<E>";" être";"<E>";"acheteur";"-";"-";"+";"-";"-";"-";"-";"-";"-";"-";"§être§acheteur "
"9";"-";"+";"-";"-";"<E>";" être";"le Dnum-ième";"acte";"-";"-";"+";"-";"-";"-";"-";"+";"-";"-";"§être§le Dnum-ième acte "
"10";"-";"+";"-";"-";"<E>";" être";"le dernier";"acte";"-";"-";"+";"-";"-";"-";"-";"+";"-";"-";"§être§le dernier acte "
"11";"-";"+";"-";"-";"<E>";" être";"le premier";"acte";"-";"-";"+";"-";"-";"-";"-";"+";"-";"-";"§être§le premier acte "
"12";"-";"+";"-";"-";"<E>";" être";"le second";"acte";"-";"-";"+";"-";"-";"-";"-";"+";"-";"-";"§être§le second acte "
"13";"-";"+";"-";"-";"<E>";" être";"un";"acte";"-";"-";"+";"-";"-";"-";"-";"-";"-";"-";"§être§un acte "
"14";"+";"-";"-";"-";"<E>";" être";"un";"adepte";"-";"+";"+";"-";"-";"-";"-";"+";"-";"+";"§être§un adepte "
"15";"+";"-";"-";"-";"<E>";" être";"un";"adjoint";"-";"+";"+";"-";"-";"-";"+";"+";"+";"+";"§être§un adjoint "
"16";"+";"-";"-";"-";"<E>";" être";"un farouche";"adversaire";"-";"+";"+";"-";"-";"-";"+";"+";"+";"+";"§être§un farouche adversaire "
"17";"+";"-";"-";"-";"<E>";" être";"un";"adversaire";"-";"+";"+";"-";"-";"-";"+";"+";"+";"+";"§être§un adversaire "
"18";"+";"-";"-";"-";"<E>";" être";"un";"adversaire déclaré";"-";"+";"+";"-";"-";"-";"+";"+";"+";"+";"§être§un adversaire déclaré "
"19";"-";"+";"-";"-";"<E>";" être";"<E>";"affaire";"-";"-";"+";"-";"-";"-";"-";"-";"-";"-";"§être§affaire "
"20";"-";"+";"-";"-";"<E>";" être";"<E>";"affaire";"-";"-";"+";"-";"-";"-";"-";"-";"-";"-";"§être§affaire "
"21";"-";"+";"-";"-";"<E>";" être";"la";"affaire";"-";"-";"+";"-";"-";"-";"-";"-";"-";"-";"§être§l'affaire "
"22";"-";"+";"-";"-";"<E>";" être";"la";"affaire";"-";"+";"-";"-";"-";"-";"+";"-";"-";"-";"§être§l'affaire "
"23";"-";"+";"-";"-";"<E>";" être";"une";"affaire";"-";"-";"+";"-";"-";"-";"-";"-";"-";"-";"§être§une affaire "
"24";"+";"-";"-";"-";"<E>";" être";"la";"aile marchante";"-";"-";"+";"-";"-";"-";"+";"+";"-";"+";"§être§l'aile marchante "
"25";"+";"-";"-";"-";"<E>";" être";"le bien-";"aimé";"+";"-";"-";"-";"-";"-";"-";"+";"-";"+";"§être§le bien-aimé "
"26";"+";"-";"-";"-";"<E>";" être";"le mal-";"aimé";"+";"-";"-";"-";"-";"-";"-";"+";"-";"+";"§être§le mal-aimé "
"27";"+";"-";"-";"-";"<E>";" être";"le";"aîné";"+";"+";"+";"-";"-";"-";"-";"+";"+";"+";"§être§l'aîné "
"28";"+";"-";"-";"-";"<E>";" être";"bien";"aise";"-";"-";"+";"-";"+";"+";"-";"+";"-";"-";"§être§bien aise "
"29";"+";"-";"-";"-";"<E>";" être";"fort";"aise";"-";"-";"+";"-";"+";"+";"-";"+";"-";"-";"§être§fort aise "
"30";"+";"-";"-";"-";"<E>";" être";"le";"allié";"-";"+";"+";"-";"-";"-";"+";"+";"+";"+";"§être§l'allié "
"31";"+";"-";"-";"-";"<E>";" être";"un fidèle";"allié";"-";"+";"+";"-";"-";"-";"+";"+";"+";"+";"§être§un fidèle allié "
"32";"-";"+";"-";"-";"<E>";" être";"le";"alpha et l'oméga";"-";"-";"+";"-";"-";"-";"-";"+";"-";"-";"§être§l'alpha et l'oméga "
"33";"+";"-";"-";"-";"<E>";" être";"<E>";"amateur";"-";"-";"+";"-";"-";"-";"-";"+";"-";"-";"§être§amateur "
"34";"+";"-";"-";"-";"<E>";" être";"la";"âme";"-";"-";"+";"-";"-";"-";"-";"+";"-";"+";"§être§l'âme "
"35";"+";"-";"-";"-";"<E>";" être";"la";"âme damnée";"-";"+";"-";"-";"-";"-";"+";"-";"-";"+";"§être§l'âme damnée "
"36";"+";"-";"-";"-";"<E>";" être";"le meilleur";"ami";"-";"+";"-";"-";"-";"-";"+";"-";"-";"-";"§être§le meilleur ami "
"37";"+";"-";"-";"-";"<E>";" être";"un grand";"ami";"-";"+";"-";"-";"-";"-";"+";"-";"+";"-";"§être§un grand ami "
"38";"+";"-";"-";"-";"<E>";" être";"un petit";"ami";"-";"+";"-";"-";"-";"-";"+";"-";"+";"-";"§être§un petit ami "
"39";"+";"-";"-";"-";"<E>";" être";"un";"ami de longue date";"+";"+";"-";"-";"-";"-";"+";"-";"+";"+";"§être§un ami de longue date "
"40";"+";"-";"-";"-";"<E>";" être";"un";"ami intime";"+";"+";"-";"-";"-";"-";"+";"-";"+";"+";"§être§un ami intime "
"41";"+";"-";"-";"-";"<E>";" être";"un";"ami personnel";"+";"+";"-";"-";"-";"-";"+";"-";"+";"+";"§être§un ami personnel "
"42";"+";"-";"-";"-";"<E>";" être";"la bonne";"amie";"-";"+";"-";"-";"-";"-";"+";"-";"+";"-";"§être§la bonne amie "
"43";"+";"-";"-";"-";"<E>";" être";"le premier";"amour";"-";"+";"-";"-";"-";"-";"+";"-";"+";"+";"§être§le premier amour "
"44";"+";"-";"-";"-";"<E>";" être";"le";"amour de la vie";"-";"+";"-";"-";"-";"-";"-";"-";"-";"-";"§être§l'amour de la vie "
"45";"-";"+";"-";"-";"<E>";" être";"le";"analogue";"-";"+";"+";"-";"-";"-";"+";"+";"+";"+";"§être§l'analogue "
"46";"-";"+";"-";"-";"<E>";" être";"le";"ancêtre";"-";"-";"+";"-";"-";"-";"+";"+";"+";"+";"§être§l'ancêtre "
"47";"+";"-";"-";"-";"<E>";" être";"le";"ancêtre";"-";"+";"-";"-";"-";"-";"+";"+";"-";"+";"§être§l'ancêtre "
"48";"+";"-";"-";"-";"<E>";" être";"le mauvais";"ange";"-";"+";"-";"-";"-";"-";"+";"-";"+";"+";"§être§le mauvais ange "
"49";"+";"-";"-";"-";"<E>";" être";"le";"ange gardien";"-";"+";"+";"-";"-";"-";"+";"+";"+";"+";"§être§l'ange gardien "
"50";"-";"+";"-";"-";"<E>";" être";"la";"année zéro";"-";"-";"+";"-";"-";"-";"-";"+";"+";"-";"§être§l'année zéro "
"51";"+";"-";"-";"-";"<E>";" être";"le";"antépénultième";"-";"+";"-";"-";"-";"-";"+";"-";"-";"+";"§être§l'antépénultième "
"52";"-";"+";"-";"-";"<E>";" être";"le";"antisymétrique";"-";"+";"+";"-";"-";"-";"+";"+";"+";"+";"§être§l'antisymétrique "
"53";"-";"+";"-";"-";"<E>";" être";"la";"antithèse";"-";"+";"+";"-";"-";"-";"+";"+";"+";"+";"§être§l'antithèse "
"54";"-";"+";"-";"-";"<E>";" être";"le";"appartement natal";"-";"+";"-";"-";"-";"-";"+";"-";"+";"+";"§être§l'appartement natal "
"55";"+";"-";"-";"-";"<E>";" être";"le";"artisan";"-";"-";"+";"-";"-";"-";"-";"+";"-";"+";"§être§l'artisan "
"56";"+";"-";"-";"-";"<E>";" être";"le";"artisan de la gloire";"-";"+";"-";"-";"-";"-";"+";"+";"-";"-";"§être§l'artisan de la gloire "
"57";"+";"-";"-";"-";"<E>";" être";"le";"artisan du succès";"-";"+";"-";"-";"-";"-";"+";"+";"-";"-";"§être§l'artisan du succès "
"58";"+";"-";"-";"-";"<E>";" être";"le";"associé";"-";"+";"+";"-";"-";"-";"+";"+";"+";"+";"§être§l'associé "
"59";"+";"-";"-";"-";"<E>";" être";"un";"assortiment";"-";"+";"-";"-";"-";"-";"-";"-";"-";"-";"§être§un assortiment "
"60";"+";"-";"-";"-";"<E>";" être";"<E>";"auteur";"+";"-";"+";"-";"-";"-";"-";"+";"-";"-";"§être§auteur "
"61";"+";"-";"-";"-";"<E>";" être";"le";"auteur";"-";"-";"+";"-";"-";"-";"+";"+";"-";"+";"§être§l'auteur "
"62";"+";"-";"-";"-";"<E>";" être";"le";"auteur des jours";"-";"+";"-";"-";"-";"-";"-";"-";"-";"-";"§être§l'auteur des jours "
"63";"-";"+";"-";"-";"<E>";" être";"la";"autorité de tutelle";"-";"+";"+";"-";"-";"-";"+";"+";"+";"+";"§être§l'autorité de tutelle "
"64";"+";"+";"-";"-";"<E>";" être";"le dernier";"avatar";"-";"+";"+";"-";"-";"-";"+";"+";"+";"-";"§être§le dernier avatar "
"65";"+";"-";"-";"-";"<E>";" être";"le";"avocat";"-";"+";"+";"-";"-";"-";"+";"+";"+";"+";"§être§l'avocat "
"66";"-";"+";"-";"-";"<E>";" être";"les grands";"axes";"-";"-";"+";"-";"-";"-";"+";"+";"+";"+";"§être§les grands axes "
"67";"-";"+";"-";"-";"<E>";" être";"le";"Baba";"-";"-";"+";"-";"-";"-";"-";"+";"-";"-";"§être§le Baba "
"68";"+";"-";"-";"-";"<E>";" être";"le";"bailleur de fonds";"+";"+";"+";"-";"-";"-";"+";"+";"+";"+";"§être§le bailleur de fonds "
"69";"+";"-";"-";"-";"<E>";" être";"une";"bande";"-";"+";"-";"-";"-";"-";"-";"-";"-";"-";"§être§une bande "
"70";"-";"+";"-";"-";"<E>";" être";"la";"banlieue natale";"-";"+";"-";"-";"-";"-";"+";"-";"+";"+";"§être§la banlieue natale "
"71";"-";"+";"-";"-";"<E>";" être";"un";"baromètre";"-";"-";"+";"-";"-";"-";"-";"+";"+";"+";"§être§un baromètre "
"72";"-";"+";"-";"-";"<E>";" être";"la";"base";"-";"-";"+";"-";"-";"-";"-";"+";"+";"+";"§être§la base "
"73";"-";"+";"-";"-";"<E>";" être";"une";"base";"-";"+";"+";"-";"-";"-";"+";"+";"+";"+";"§être§une base "
"74";"-";"+";"-";"-";"<E>";" être";"le dernier";"bastion";"-";"-";"+";"-";"-";"-";"-";"+";"+";"+";"§être§le dernier bastion "
"75";"-";"+";"-";"-";"<E>";" être";"un";"bastion";"-";"-";"+";"-";"-";"-";"-";"+";"+";"+";"§être§un bastion "
"76";"-";"+";"-";"-";"<E>";" être";"le";"bâton de maréchal";"-";"+";"-";"-";"-";"-";"+";"-";"-";"+";"§être§le bâton de maréchal "
"77";"+";"-";"-";"-";"<E>";" être";"le";"bâton de vieillesse";"-";"+";"-";"-";"-";"-";"+";"-";"+";"+";"§être§le bâton de vieillesse "
"78";"-";"+";"-";"-";"<E>";" être";"le";"béaba";"-";"-";"+";"-";"-";"-";"-";"+";"-";"-";"§être§le béaba "
"79";"+";"-";"-";"-";"<E>";" être";"une";"beauté";"+";"+";"-";"-";"-";"-";"-";"-";"-";"-";"§être§une beauté "
"80";"-";"+";"-";"-";"<E>";" être";"le";"bébé";"-";"-";"+";"-";"-";"-";"-";"+";"-";"+";"§être§le bébé "
"81";"+";"-";"-";"-";"<E>";" être";"le";"bébé";"-";"+";"-";"-";"-";"-";"+";"-";"-";"+";"§être§le bébé "
"82";"+";"-";"-";"-";"<E>";" être";"un";"bénéficiaire";"-";"-";"+";"-";"-";"-";"+";"+";"-";"-";"§être§un bénéficiaire "
"83";"+";"-";"-";"-";"<E>";" être";"le";"benjamin";"-";"+";"+";"-";"-";"-";"+";"+";"+";"+";"§être§le benjamin "
"84";"-";"+";"-";"-";"<E>";" être";"le";"berceau";"-";"+";"-";"-";"-";"-";"+";"+";"+";"+";"§être§le berceau "
"85";"+";"+";"-";"-";"<E>";" être";"la";"bête noire";"-";"+";"-";"-";"-";"-";"+";"-";"+";"+";"§être§la bête noire "
"86";"+";"-";"-";"-";"<E>";" être";"un";"bienaimé";"-";"+";"-";"-";"-";"-";"+";"-";"-";"+";"§être§un bienaimé "
"87";"-";"+";"-";"-";"<E>";" être";"le";"bonheur";"-";"+";"-";"-";"-";"-";"+";"-";"+";"-";"§être§le bonheur "
"88";"+";"-";"-";"-";"<E>";" être";"le";"bouc émissaire";"-";"+";"-";"-";"-";"-";"+";"-";"+";"+";"§être§le bouc émissaire "
"89";"-";"+";"-";"-";"<E>";" être";"la";"branche armée";"-";"+";"+";"-";"-";"-";"+";"+";"+";"+";"§être§la branche armée "
"90";"+";"-";"+";"-";"<E>";" être";"le";"bras";"-";"+";"+";"-";"-";"-";"-";"+";"-";"-";"§être§le bras "
"91";"+";"-";"+";"-";"<E>";" être";"le";"bras armé";"-";"+";"-";"-";"-";"-";"+";"-";"+";"+";"§être§le bras armé "
"92";"+";"-";"+";"-";"<E>";" être";"le";"bras droit";"-";"+";"-";"-";"-";"-";"+";"-";"+";"+";"§être§le bras droit "
"93";"+";"-";"+";"-";"<E>";" être";"le";"bras séculier";"-";"+";"-";"-";"-";"-";"+";"-";"+";"+";"§être§le bras séculier "
"94";"-";"+";"-";"-";"<E>";" être";"le";"cadavre";"-";"+";"-";"-";"-";"-";"+";"+";"-";"-";"§être§le cadavre "
"95";"+";"-";"-";"-";"<E>";" être";"le";"cadet";"-";"+";"+";"-";"-";"-";"+";"+";"+";"+";"§être§le cadet "
"96";"+";"+";"-";"-";"<E>";" être";"le";"cadet des soucis";"-";"+";"-";"-";"-";"-";"+";"-";"-";"-";"§être§le cadet des soucis "
"97";"+";"-";"+";"-";"<E>";" être";"un";"caïd";"-";"+";"+";"-";"-";"-";"+";"+";"+";"+";"§être§un caïd "
"98";"+";"-";"-";"-";"<E>";" être";"le dernier";"carré";"-";"+";"-";"-";"-";"-";"-";"+";"-";"-";"§être§le dernier carré "
"99";"-";"+";"-";"-";"<E>";" être";"la";"carte maîtresse";"-";"+";"-";"-";"-";"-";"+";"-";"+";"+";"§être§la carte maîtresse "
"100";"+";"+";"-";"-";"<E>";" être";"un";"cas";"+";"-";"+";"-";"-";"-";"-";"+";"-";"-";"§être§un cas "
"101";"+";"+";"-";"-";"<E>";" être";"un";"cas particulier";"-";"-";"+";"-";"-";"-";"-";"+";"-";"-";"§être§un cas particulier "
"102";"+";"+";"-";"-";"<E>";" être";"un";"cas unique";"-";"-";"+";"-";"-";"-";"-";"+";"-";"-";"§être§un cas unique "
"103";"+";"+";"-";"-";"<E>";" être";"le";"cauchemar";"-";"+";"-";"-";"-";"-";"+";"-";"+";"-";"§être§le cauchemar "
"104";"+";"+";"-";"-";"<E>";" être";"<E>";"cause";"-";"-";"+";"+";"-";"-";"-";"+";"-";"-";"§être§cause "
"105";"+";"+";"-";"-";"<E>";" être";"la";"cause";"-";"-";"+";"+";"-";"-";"-";"+";"-";"-";"§être§la cause "
"106";"-";"+";"-";"-";"<E>";" être";"la Dnum-ième";"cause";"-";"-";"+";"-";"-";"-";"-";"+";"-";"-";"§être§la Dnum-ième cause "
"107";"-";"+";"-";"+";"n'";" être pas";"le";"centième";"-";"-";"+";"-";"-";"-";"-";"+";"-";"-";"§n'est pas§le centième "
"108";"-";"+";"-";"-";"<E>";" être";"le";"centre des préoccupation";"-";"+";"-";"-";"-";"-";"+";"-";"+";"-";"§être§le centre des préoccupation "
"109";"-";"+";"-";"-";"<E>";" être";"le";"centre distributeur";"-";"-";"+";"-";"-";"-";"+";"+";"+";"+";"§être§le centre distributeur "
"110";"-";"+";"-";"-";"<E>";" être";"le";"centre moteur";"-";"-";"+";"-";"-";"-";"+";"+";"+";"+";"§être§le centre moteur "
"111";"-";"+";"-";"-";"<E>";" être";"le";"centre serveur";"-";"-";"+";"-";"-";"-";"+";"+";"+";"+";"§être§le centre serveur "
"112";"-";"+";"-";"-";"<E>";" être";"le";"centuple";"-";"-";"+";"-";"-";"-";"-";"+";"-";"-";"§être§le centuple "
"113";"+";"-";"+";"-";"<E>";" être";"le";"cerveau";"-";"-";"+";"-";"-";"-";"-";"+";"+";"-";"§être§le cerveau "
"114";"+";"-";"+";"-";"<E>";" être";"la";"chair de la chair";"-";"+";"-";"-";"-";"-";"+";"-";"-";"-";"§être§la chair de la chair "
"115";"+";"-";"-";"-";"<E>";" être";"le";"champion";"-";"+";"+";"-";"-";"-";"+";"+";"-";"+";"§être§le champion "
"116";"+";"-";"-";"-";"<E>";" être";"le";"champion de France";"+";"-";"+";"-";"-";"-";"-";"+";"-";"-";"§être§le champion de France "
"117";"+";"-";"-";"-";"<E>";" être";"le";"champion du monde";"+";"-";"+";"-";"-";"-";"-";"+";"-";"-";"§être§le champion du monde "
"118";"+";"+";"-";"-";"<E>";" être";"la";"chance";"-";"+";"-";"-";"-";"-";"+";"-";"+";"+";"§être§la chance "
"119";"+";"+";"-";"-";"<E>";" être";"la dernière";"chance";"-";"+";"-";"-";"-";"-";"+";"-";"+";"+";"§être§la dernière chance "
"120";"+";"+";"-";"-";"<E>";" être";"la seule";"chance";"-";"+";"-";"-";"-";"-";"+";"-";"+";"+";"§être§la seule chance "
"121";"-";"+";"-";"-";"<E>";" être";"le";"chant du cygne";"-";"+";"-";"-";"-";"-";"+";"-";"-";"+";"§être§le chant du cygne "
"122";"+";"-";"-";"-";"<E>";" être";"un";"chantre";"-";"-";"+";"-";"-";"-";"+";"+";"-";"+";"§être§un chantre "
"123";"+";"+";"-";"-";"<E>";" être";"une";"chasse gardée";"-";"+";"-";"-";"-";"-";"+";"-";"+";"+";"§être§une chasse gardée "
"124";"+";"-";"+";"-";"<E>";" être";"un";"chef";"-";"+";"+";"-";"-";"-";"+";"+";"+";"+";"§être§un chef "
"125";"+";"-";"+";"-";"<E>";" être";"un grand";"chef";"-";"+";"+";"-";"-";"-";"+";"+";"+";"+";"§être§un grand chef "
"126";"+";"-";"+";"-";"<E>";" être";"un";"chef de file";"-";"+";"+";"-";"-";"-";"+";"+";"+";"+";"§être§un chef de file "
"127";"+";"-";"+";"-";"<E>";" être";"le";"chef direct";"-";"+";"+";"-";"-";"-";"+";"+";"+";"+";"§être§le chef direct "
"128";"-";"+";"-";"-";"<E>";" être";"un";"chef d'oeuvre";"+";"-";"+";"-";"-";"-";"-";"-";"-";"-";"§être§un chef d'oeuvre "
"129";"+";"-";"+";"-";"<E>";" être";"un";"chef historique";"-";"+";"+";"-";"-";"-";"+";"+";"+";"+";"§être§un chef historique "
"130";"+";"-";"+";"-";"<E>";" être";"une";"cheftaine";"-";"+";"+";"-";"-";"-";"+";"+";"+";"+";"§être§une cheftaine "
"131";"-";"+";"-";"-";"<E>";" être";"le";"chemin de Damas";"-";"+";"-";"-";"-";"-";"+";"-";"+";"+";"§être§le chemin de Damas "
"132";"+";"-";"-";"-";"<E>";" être";"le";"chéri";"-";"+";"-";"-";"-";"-";"+";"-";"-";"+";"§être§le chéri "
"133";"-";"+";"-";"-";"<E>";" être";"le";"cheval de bataille";"-";"+";"-";"-";"-";"-";"+";"-";"+";"+";"§être§le cheval de bataille "
"134";"-";"+";"-";"-";"<E>";" être";"le";"cheval de Troie";"-";"+";"-";"-";"-";"-";"+";"-";"+";"+";"§être§le cheval de Troie "
"135";"+";"-";"-";"-";"<E>";" être";"un";"chevalier servant";"+";"+";"-";"-";"-";"-";"+";"+";"+";"+";"§être§un chevalier servant "
"136";"+";"+";"-";"-";"<E>";" être";"la";"cheville ouvrière";"-";"-";"+";"-";"-";"-";"+";"+";"+";"+";"§être§la cheville ouvrière "
"137";"+";"-";"-";"-";"<E>";" être";"<E>";"chiche";"-";"-";"-";"-";"-";"+";"-";"+";"-";"-";"§être§chiche "
"138";"+";"-";"-";"-";"<E>";" être";"le";"chien fidèle";"-";"+";"-";"-";"-";"-";"+";"-";"+";"+";"§être§le chien fidèle "
"139";"+";"-";"-";"-";"<E>";" être";"la";"chose";"-";"+";"-";"-";"-";"-";"+";"-";"-";"+";"§être§la chose "
"140";"+";"-";"-";"-";"<E>";" être";"le";"chouchou";"-";"+";"-";"-";"-";"-";"+";"-";"+";"+";"§être§le chouchou "
"141";"+";"+";"-";"-";"<E>";" être";"la";"cible";"-";"+";"+";"-";"-";"-";"+";"+";"+";"+";"§être§la cible "
"142";"-";"+";"-";"-";"<E>";" être";"la";"clé";"-";"-";"+";"-";"-";"-";"-";"+";"+";"+";"§être§la clé "
"143";"-";"+";"-";"-";"<E>";" être";"la";"clé de voûte";"-";"-";"+";"-";"-";"-";"+";"+";"+";"+";"§être§la clé de voûte "
"144";"-";"+";"-";"-";"<E>";" être";"la";"clef";"-";"-";"+";"-";"-";"-";"-";"+";"+";"+";"§être§la clef "
"145";"-";"+";"-";"-";"<E>";" être";"la";"clef de voûte";"-";"-";"+";"-";"-";"-";"+";"+";"+";"+";"§être§la clef de voûte "
"146";"+";"+";"-";"-";"<E>";" être";"le";"clou";"-";"-";"+";"-";"-";"-";"-";"+";"-";"+";"§être§le clou "
"147";"-";"+";"-";"-";"<E>";" être";"un";"cocktail";"+";"-";"+";"-";"-";"-";"-";"+";"-";"-";"§être§un cocktail "
"148";"-";"+";"-";"-";"<E>";" être";"le";"coeur";"-";"-";"+";"-";"-";"-";"-";"+";"-";"-";"§être§le coeur "
"149";"+";"-";"-";"-";"<E>";" être";"un proche";"collaborateur";"-";"+";"-";"-";"-";"-";"-";"+";"-";"+";"§être§un proche collaborateur "
"150";"-";"+";"-";"-";"<E>";" être";"le";"comble";"+";"-";"+";"-";"-";"-";"-";"+";"+";"+";"§être§le comble "
"151";"-";"+";"-";"-";"<E>";" être";"un";"composant";"-";"-";"+";"-";"-";"-";"-";"+";"+";"+";"§être§un composant "
"152";"-";"+";"-";"-";"<E>";" être";"une";"composante";"-";"-";"+";"-";"-";"-";"-";"+";"+";"+";"§être§une composante "
"153";"-";"+";"-";"-";"<E>";" être";"un";"composé";"+";"-";"+";"-";"-";"-";"-";"+";"-";"-";"§être§un composé "
"154";"-";"+";"-";"-";"<E>";" être";"une";"composition";"+";"-";"+";"-";"-";"-";"-";"+";"-";"-";"§être§une composition "
"155";"+";"-";"-";"-";"<E>";" être";"un";"concurrent";"-";"+";"+";"-";"-";"-";"+";"+";"+";"+";"§être§un concurrent "
"156";"+";"-";"-";"-";"<E>";" être";"un";"confident";"-";"+";"+";"-";"-";"-";"+";"+";"+";"+";"§être§un confident "
"157";"+";"-";"-";"-";"<E>";" être";"une";"connaissance";"+";"+";"-";"-";"-";"-";"-";"-";"+";"+";"§être§une connaissance "
"158";"+";"-";"-";"-";"<E>";" être";"une vieille";"connaissance";"+";"+";"-";"-";"-";"-";"-";"-";"-";"-";"§être§une vieille connaissance "
"159";"+";"-";"-";"-";"<E>";" être";"quelqu'un de la";"connaissance de";"-";"+";"-";"-";"-";"-";"+";"-";"-";"-";"§être§quelqu'un de la connaissance de "
"160";"-";"+";"-";"-";"<E>";" être";"une";"conséquence économique";"-";"-";"+";"+";"+";"-";"-";"+";"+";"+";"§être§une conséquence économique "
"161";"-";"+";"-";"-";"<E>";" être";"une";"conséquence sociale";"-";"-";"+";"+";"+";"-";"-";"+";"+";"+";"§être§une conséquence sociale "
"162";"-";"+";"-";"-";"<E>";" être";"le";"contraire";"-";"+";"+";"-";"-";"-";"+";"+";"-";"+";"§être§le contraire "
"163";"-";"+";"-";"-";"<E>";" être";"tout le";"contraire";"-";"+";"+";"-";"-";"-";"+";"+";"-";"+";"§être§tout le contraire "
"164";"-";"+";"-";"-";"<E>";" être";"un";"contre-coup";"-";"-";"+";"+";"+";"-";"-";"+";"-";"+";"§être§un contre-coup "
"165";"-";"+";"-";"-";"<E>";" être";"une";"copie";"+";"-";"+";"-";"-";"-";"-";"+";"-";"-";"§être§une copie "
"166";"+";"+";"-";"-";"<E>";" être";"une";"copie";"-";"+";"+";"-";"-";"-";"+";"+";"+";"+";"§être§une copie "
"167";"+";"+";"-";"-";"<E>";" être";"une pâle";"copie";"-";"+";"+";"-";"-";"-";"-";"+";"+";"+";"§être§une pâle copie "
"168";"+";"+";"-";"-";"<E>";" être";"une";"copie conforme";"-";"+";"+";"-";"-";"-";"+";"+";"+";"+";"§être§une copie conforme "
"169";"+";"-";"-";"-";"<E>";" être";"la";"coqueluche";"-";"+";"-";"-";"-";"-";"-";"+";"-";"-";"§être§la coqueluche "
"170";"-";"+";"-";"-";"<E>";" être";"le";"corps";"-";"+";"-";"-";"-";"-";"+";"+";"-";"-";"§être§le corps "
"171";"+";"-";"-";"-";"<E>";" être";"le";"correspondant";"-";"+";"+";"-";"-";"-";"+";"+";"+";"+";"§être§le correspondant "
"172";"-";"+";"-";"-";"<E>";" être";"le";"correspondant";"-";"+";"+";"-";"-";"-";"+";"+";"+";"+";"§être§le correspondant "
"173";"-";"+";"-";"-";"<E>";" être";"<E>";"couleur";"-";"-";"+";"-";"-";"-";"-";"-";"-";"-";"§être§couleur "
"174";"-";"+";"-";"-";"<E>";" être";"un";"coup";"-";"+";"-";"-";"-";"-";"-";"-";"-";"-";"§être§un coup "
"175";"-";"+";"-";"-";"<E>";" être";"un";"coup";"-";"-";"+";"-";"-";"-";"-";"-";"-";"-";"§être§un coup "
"176";"-";"+";"-";"-";"<E>";" être";"le";"coup d'envoi";"+";"-";"+";"-";"-";"-";"+";"+";"+";"-";"§être§le coup d'envoi "
"177";"+";"-";"-";"-";"<E>";" être";"un";"cousin";"-";"+";"-";"-";"-";"-";"+";"-";"-";"+";"§être§un cousin "
"178";"+";"-";"-";"-";"<E>";" être";"un";"cousin à la mode de Bretagne";"-";"+";"-";"-";"-";"-";"+";"-";"-";"+";"§être§un cousin à la mode de Bretagne "
"179";"+";"-";"-";"-";"<E>";" être";"un";"cousin au Dnum-ième degré";"-";"+";"-";"-";"-";"-";"+";"-";"-";"+";"§être§un cousin au Dnum-ième degré "
"180";"+";"-";"-";"-";"<E>";" être";"un";"cousin au troisième degré";"-";"+";"-";"-";"-";"-";"+";"-";"-";"+";"§être§un cousin au troisième degré "
"181";"+";"-";"-";"-";"<E>";" être";"un";"cousin éloigné";"-";"+";"-";"-";"-";"-";"+";"-";"-";"+";"§être§un cousin éloigné "
"182";"+";"-";"-";"-";"<E>";" être";"un";"cousin germain";"-";"+";"-";"-";"-";"-";"+";"-";"-";"+";"§être§un cousin germain "
"183";"+";"-";"-";"-";"<E>";" être";"un";"cousin proche";"-";"+";"-";"-";"-";"-";"+";"-";"-";"+";"§être§un cousin proche "
"184";"-";"+";"-";"-";"<E>";" être";"le";"coût";"-";"-";"+";"-";"-";"+";"+";"+";"-";"+";"§être§le coût "
"185";"+";"-";"-";"-";"<E>";" être";"un";"coutumier";"-";"-";"+";"-";"-";"-";"-";"+";"-";"-";"§être§un coutumier "
"186";"+";"-";"-";"-";"<E>";" être";"une";"création";"-";"+";"-";"-";"-";"-";"+";"+";"-";"-";"§être§une création "
"187";"+";"-";"-";"-";"<E>";" être";"la";"créature";"-";"+";"+";"-";"-";"-";"+";"+";"-";"+";"§être§la créature "
"188";"+";"-";"-";"-";"<E>";" être";"<E>";"créditeur";"-";"+";"-";"-";"-";"-";"-";"-";"-";"-";"§être§créditeur "
"189";"+";"+";"-";"-";"<E>";" être";"la";"crème";"-";"+";"+";"-";"-";"-";"-";"+";"-";"-";"§être§la crème "
"190";"+";"-";"-";"-";"<E>";" être";"une";"crème";"-";"+";"-";"-";"-";"-";"-";"-";"-";"-";"§être§une crème "
"191";"-";"+";"-";"-";"<E>";" être";"le dernier";"cri";"-";"-";"+";"-";"-";"-";"-";"+";"-";"-";"§être§le dernier cri "
"192";"-";"+";"-";"-";"<E>";" être";"le";"dada";"-";"+";"-";"-";"-";"-";"+";"+";"+";"+";"§être§le dada "
"193";"+";"-";"-";"-";"<E>";" être";"la première";"dame";"+";"-";"+";"-";"-";"-";"-";"-";"-";"+";"§être§la première dame "
"194";"+";"-";"-";"-";"<E>";" être";"la";"dame des pensées";"-";"+";"-";"-";"-";"-";"-";"-";"-";"-";"§être§la dame des pensées "
"195";"+";"-";"-";"-";"<E>";" être";"<E>";"débiteur";"-";"+";"-";"-";"-";"-";"-";"-";"-";"-";"§être§débiteur "
"196";"+";"-";"-";"-";"<E>";" être";"le";"débiteur";"-";"+";"-";"-";"-";"-";"-";"+";"-";"+";"§être§le débiteur "
"197";"-";"+";"-";"-";"<E>";" être";"le moindre";"défaut";"-";"+";"-";"-";"-";"-";"+";"-";"+";"+";"§être§le moindre défaut "
"198";"-";"+";"-";"-";"<E>";" être";"un";"défaut de la cuirasse";"-";"+";"-";"-";"-";"-";"+";"-";"-";"-";"§être§un défaut de la cuirasse "
"199";"+";"-";"-";"-";"<E>";" être";"une";"délégation";"-";"+";"+";"-";"-";"-";"+";"+";"+";"+";"§être§une délégation "
"200";"+";"-";"-";"-";"<E>";" être";"un";"délégué";"-";"+";"+";"-";"-";"-";"+";"+";"+";"+";"§être§un délégué "
"201";"+";"-";"-";"-";"<E>";" être";"<E>";"demandeur";"+";"-";"+";"-";"-";"-";"-";"+";"-";"+";"§être§demandeur "
"202";"-";"+";"-";"-";"<E>";" être";"unE";"démonstration";"-";"-";"+";"+";"-";"-";"+";"+";"+";"-";"§être§unE démonstration "
"203";"+";"-";"-";"-";"<E>";" être";"le";"dépositaire";"-";"-";"+";"-";"-";"-";"+";"-";"-";"+";"§être§le dépositaire "
"204";"+";"-";"-";"-";"<E>";" être";"le";"dépositaire";"-";"-";"+";"-";"-";"-";"+";"-";"-";"+";"§être§le dépositaire "
"205";"-";"+";"-";"-";"<E>";" être";"la";"dépouille mortelle";"-";"+";"-";"-";"-";"-";"+";"-";"-";"-";"§être§la dépouille mortelle "
"206";"+";"-";"-";"-";"<E>";" être";"le avant";"dernier";"-";"+";"-";"-";"-";"-";"+";"-";"-";"+";"§être§l'avant dernier "
"207";"+";"-";"-";"-";"<E>";" être";"le petit";"dernier";"-";"+";"-";"-";"-";"-";"+";"-";"-";"+";"§être§le petit dernier "
"208";"+";"-";"-";"-";"<E>";" être";"le";"dernier";"-";"+";"-";"-";"-";"-";"+";"-";"-";"+";"§être§le dernier "
"209";"+";"+";"-";"-";"<E>";" être";"le";"dernier";"-";"+";"+";"-";"-";"-";"-";"+";"-";"+";"§être§le dernier "
"210";"+";"+";"-";"-";"<E>";" être";"le";"dernier des soucis";"-";"+";"-";"-";"-";"-";"+";"-";"-";"-";"§être§le dernier des soucis "
"211";"+";"+";"-";"-";"<E>";" être";"le";"dernier en date";"-";"+";"+";"-";"-";"-";"-";"-";"-";"-";"§être§le dernier en date "
"212";"+";"-";"-";"-";"<E>";" être";"le";"descendant";"-";"+";"-";"-";"-";"-";"+";"+";"-";"-";"§être§le descendant "
"213";"+";"-";"-";"-";"<E>";" être";"le";"descendant légitime";"-";"+";"-";"-";"-";"-";"+";"+";"-";"-";"§être§le descendant légitime "
"214";"+";"+";"-";"-";"<E>";" être";"le";"désespoir";"-";"+";"-";"-";"-";"-";"+";"+";"+";"+";"§être§le désespoir "
"215";"+";"-";"-";"-";"<E>";" être";"le";"deus ex machina";"-";"-";"+";"-";"-";"-";"+";"+";"+";"+";"§être§le deus ex machina "
"216";"+";"+";"-";"-";"<E>";" être";"un";"diable";"-";"+";"+";"-";"-";"-";"-";"-";"-";"-";"§être§un diable "
"217";"+";"-";"-";"-";"<E>";" être";"le";"dieu";"-";"+";"-";"-";"-";"-";"+";"-";"+";"+";"§être§le dieu "
"218";"+";"-";"-";"-";"<E>";" être";"le";"dieu tutélaire";"-";"+";"-";"-";"-";"-";"+";"-";"+";"+";"§être§le dieu tutélaire "
"219";"+";"-";"-";"-";"<E>";" être";"un";"dingue";"-";"+";"+";"-";"-";"-";"-";"+";"-";"+";"§être§un dingue "
"220";"-";"+";"-";"-";"<E>";" être";"les";"dires";"-";"+";"-";"-";"-";"-";"+";"-";"-";"-";"§être§les dires "
"221";"+";"-";"-";"-";"<E>";" être";"un";"dirigeant";"-";"+";"+";"-";"-";"-";"+";"+";"+";"+";"§être§un dirigeant "
"222";"+";"-";"-";"-";"<E>";" être";"un";"disciple";"-";"+";"-";"-";"-";"-";"+";"-";"+";"+";"§être§un disciple "
"223";"-";"+";"-";"+";"n'";" être pas";"le";"dixième";"-";"-";"+";"-";"-";"-";"-";"+";"-";"-";"§n'est pas§le dixième "
"224";"-";"+";"-";"-";"<E>";" être";"les trois";"dixièmes";"-";"-";"+";"-";"-";"-";"-";"-";"-";"-";"§être§les trois dixièmes "
"225";"-";"+";"-";"-";"<E>";" être";"les neuf";"dixièmes";"-";"-";"+";"-";"-";"-";"-";"-";"-";"-";"§être§les neuf dixièmes "
"226";"-";"+";"-";"-";"<E>";" être";"le";"Dnum-ième";"-";"-";"+";"-";"-";"-";"-";"-";"-";"-";"§être§le Dnum-ième "
"227";"-";"+";"-";"-";"<E>";" être";"les Dnum";"Dnum-ièmes";"-";"-";"+";"-";"-";"-";"-";"-";"-";"-";"§être§les Dnum Dnum-ièmes "
"228";"-";"+";"-";"-";"<E>";" être";"le";"Dnumlat-uple";"-";"-";"+";"-";"-";"-";"-";"+";"-";"-";"§être§le Dnumlat-uple "
"229";"+";"-";"-";"-";"<E>";" être";"la belle-";"doche";"-";"+";"-";"-";"-";"-";"+";"-";"+";"+";"§être§la belle-doche "
"230";"-";"+";"-";"-";"<E>";" être";"le";"domaine d'élection";"-";"+";"-";"-";"-";"-";"+";"-";"+";"+";"§être§le domaine d'élection "
"231";"-";"+";"-";"-";"<E>";" être";"le";"double";"-";"-";"+";"-";"-";"-";"-";"-";"-";"-";"§être§le double "
"232";"+";"-";"-";"-";"<E>";" être";"un";"double";"-";"+";"-";"-";"-";"-";"+";"+";"+";"+";"§être§un double "
"233";"+";"-";"-";"-";"<E>";" être";"une";"doublure";"-";"+";"-";"-";"-";"-";"+";"+";"+";"+";"§être§une doublure "
"234";"+";"+";"-";"-";"<E>";" être";"le";"drapeau";"-";"+";"+";"-";"-";"-";"+";"+";"+";"+";"§être§le drapeau "
"235";"+";"+";"-";"-";"<E>";" être";"un";"drôle";"-";"+";"+";"-";"-";"-";"-";"-";"-";"-";"§être§un drôle "
"236";"+";"-";"-";"-";"<E>";" être";"une";"dupe";"+";"+";"+";"-";"-";"-";"-";"+";"+";"+";"§être§une dupe "
"237";"-";"+";"-";"-";"<E>";" être";"un";"duplicata";"-";"-";"+";"-";"-";"-";"+";"+";"-";"-";"§être§un duplicata "
"238";"-";"+";"-";"-";"<E>";" être";"le";"effet";"-";"-";"+";"-";"-";"-";"-";"+";"-";"-";"§être§l'effet "
"239";"-";"+";"-";"-";"<E>";" être";"le";"effet";"-";"-";"+";"-";"-";"-";"+";"+";"-";"+";"§être§l'effet "
"240";"-";"+";"-";"-";"<E>";" être";"un";"effet de la bonté";"-";"+";"-";"-";"-";"-";"+";"-";"-";"-";"§être§un effet de la bonté "
"241";"+";"+";"-";"-";"<E>";" être";"le";"égal";"-";"+";"+";"-";"-";"-";"+";"+";"+";"+";"§être§l'égal "
"242";"+";"-";"-";"-";"<E>";" être";"le alter";"ego";"-";"+";"-";"-";"-";"-";"+";"-";"+";"+";"§être§l'alter ego "
"243";"-";"+";"-";"-";"<E>";" être";"un";"élément";"-";"-";"+";"-";"-";"-";"-";"+";"+";"+";"§être§un élément "
"244";"-";"+";"-";"-";"<E>";" être";"un";"élément clé";"-";"-";"+";"-";"-";"-";"-";"+";"+";"+";"§être§un élément clé "
"245";"-";"+";"-";"-";"<E>";" être";"un";"élément clef";"-";"-";"+";"-";"-";"-";"-";"+";"+";"+";"§être§un élément clef "
"246";"+";"-";"-";"-";"<E>";" être";"un ancien";"élève";"-";"+";"-";"-";"-";"-";"+";"-";"-";"+";"§être§un ancien élève "
"247";"+";"-";"-";"-";"<E>";" être";"un";"élève";"-";"+";"-";"-";"-";"-";"+";"-";"-";"+";"§être§un élève "
"248";"+";"-";"-";"-";"<E>";" être";"le heureux";"élu";"-";"+";"-";"-";"-";"-";"+";"-";"-";"-";"§être§l'heureux élu "
"249";"+";"-";"-";"-";"<E>";" être";"le";"élu du coeur";"-";"+";"-";"-";"-";"-";"+";"-";"-";"-";"§être§l'élu du coeur "
"250";"+";"-";"-";"-";"<E>";" être";"une";"émanation";"-";"+";"+";"-";"-";"-";"+";"+";"+";"+";"§être§une émanation "
"251";"-";"+";"-";"-";"<E>";" être";"un";"embrouillaminis";"-";"-";"+";"-";"-";"-";"-";"+";"-";"-";"§être§un embrouillaminis "
"252";"+";"-";"-";"-";"<E>";" être";"un";"émissaire";"-";"+";"+";"-";"-";"-";"+";"+";"+";"+";"§être§un émissaire "
"253";"+";"-";"-";"-";"<E>";" être";"un";"émule";"-";"+";"-";"-";"-";"-";"+";"-";"+";"+";"§être§un émule "
"254";"-";"+";"-";"-";"<E>";" être";"le";"enfant";"-";"+";"-";"-";"-";"-";"+";"+";"-";"+";"§être§l'enfant "
"255";"+";"-";"-";"-";"<E>";" être";"un";"enfant";"-";"+";"-";"-";"-";"-";"-";"-";"-";"-";"§être§un enfant "
"256";"+";"-";"-";"-";"<E>";" être";"le";"enfant adoptif";"-";"+";"-";"-";"-";"-";"+";"-";"-";"+";"§être§l'enfant adoptif "
"257";"-";"+";"-";"-";"<E>";" être";"le";"enfant chéri";"-";"+";"-";"-";"-";"-";"+";"+";"-";"+";"§être§l'enfant chéri "
"258";"+";"-";"-";"-";"<E>";" être";"le";"enfant terrible";"-";"-";"+";"-";"-";"-";"-";"+";"-";"+";"§être§l'enfant terrible "
"259";"-";"+";"-";"-";"<E>";" être";"le";"enjeu";"-";"-";"+";"-";"-";"+";"+";"+";"-";"+";"§être§l'enjeu "
"260";"+";"-";"-";"-";"<E>";" être";"un";"ennemi";"-";"+";"+";"-";"-";"-";"+";"+";"+";"+";"§être§un ennemi "
"261";"+";"-";"-";"-";"<E>";" être";"<E>";"ennemi";"-";"-";"+";"+";"-";"+";"-";"+";"-";"-";"§être§ennemi "
"262";"+";"-";"-";"-";"<E>";" être";"un";"ennemi juré";"-";"+";"+";"-";"+";"+";"+";"+";"+";"+";"§être§un ennemi juré "
"263";"+";"-";"+";"-";"<E>";" être";"un";"envoyé";"-";"+";"+";"-";"-";"-";"+";"+";"+";"+";"§être§un envoyé "
"264";"+";"-";"-";"-";"<E>";" être";"la tendre";"épouse";"-";"+";"-";"-";"-";"-";"+";"-";"-";"-";"§être§la tendre épouse "
"265";"+";"-";"-";"-";"<E>";" être";"le ex-";"époux";"-";"+";"-";"-";"-";"-";"+";"-";"-";"+";"§être§l'ex-époux "
"266";"+";"-";"-";"-";"<E>";" être";"le fidèle";"époux";"-";"+";"-";"-";"-";"-";"+";"-";"-";"-";"§être§le fidèle époux "
"267";"+";"-";"-";"-";"<E>";" être";"le";"époux";"-";"+";"-";"-";"-";"-";"+";"-";"-";"+";"§être§l'époux "
"268";"-";"+";"-";"-";"<E>";" être";"le";"équivalent";"-";"+";"+";"-";"-";"-";"+";"+";"+";"+";"§être§l'équivalent "
"269";"-";"+";"-";"-";"<E>";" être";"la";"essence";"-";"-";"+";"-";"-";"-";"-";"+";"+";"+";"§être§l'essence "
"270";"+";"-";"-";"-";"<E>";" être";"une";"étoile montante";"-";"-";"+";"-";"-";"-";"-";"+";"+";"+";"§être§une étoile montante "
"271";"+";"-";"-";"-";"<E>";" être";"un";"étudiant";"-";"+";"-";"-";"-";"-";"+";"-";"-";"+";"§être§un étudiant "
"272";"+";"-";"-";"-";"<E>";" être";"un";"ex";"-";"+";"-";"-";"-";"-";"+";"-";"+";"-";"§être§un ex "
"273";"+";"-";"-";"-";"<E>";" être";"le";"éxécuteur des basses oeuvres";"-";"+";"-";"-";"-";"-";"+";"-";"+";"+";"§être§l'éxécuteur des basses oeuvres "
"274";"+";"+";"-";"-";"<E>";" être";"un";"exemple";"+";"-";"+";"-";"-";"-";"-";"+";"-";"-";"§être§un exemple "
"275";"+";"-";"-";"-";"<E>";" être";"un";"exemple vivant";"-";"+";"-";"-";"-";"-";"+";"-";"+";"-";"§être§un exemple vivant "
"276";"-";"+";"-";"-";"<E>";" être";"les principaux";"extraits";"+";"-";"+";"-";"-";"-";"-";"+";"-";"-";"§être§les principaux extraits "
"277";"+";"+";"-";"-";"<E>";" être";"la";"fable";"-";"+";"-";"-";"-";"-";"-";"+";"-";"-";"§être§la fable "
"278";"-";"+";"-";"-";"<E>";" être";"un";"fac similé";"+";"-";"+";"-";"-";"-";"-";"+";"-";"-";"§être§un fac similé "
"279";"-";"+";"-";"-";"<E>";" être";"une";"face";"-";"-";"+";"-";"-";"-";"-";"+";"-";"+";"§être§une face "
"280";"-";"+";"+";"-";"<E>";" être";"la";"face cachée";"-";"-";"+";"-";"-";"-";"-";"+";"-";"+";"§être§la face cachée "
"281";"-";"+";"-";"-";"<E>";" être";"un";"facteur";"-";"-";"+";"-";"-";"-";"-";"+";"+";"+";"§être§un facteur "
"282";"-";"+";"-";"-";"<E>";" être";"le";"fait";"-";"+";"+";"-";"-";"-";"-";"+";"-";"-";"§être§le fait "
"283";"+";"-";"-";"-";"<E>";" être";"un";"familier";"-";"+";"-";"-";"-";"-";"-";"-";"-";"-";"§être§un familier "
"284";"+";"-";"-";"-";"<E>";" être";"un";"fan";"-";"+";"+";"-";"-";"-";"-";"+";"-";"+";"§être§un fan "
"285";"+";"-";"-";"-";"<E>";" être";"un";"fana";"-";"+";"+";"-";"-";"-";"-";"+";"-";"+";"§être§un fana "
"286";"+";"-";"-";"-";"<E>";" être";"un";"fanatique";"-";"+";"+";"-";"-";"-";"-";"+";"-";"+";"§être§un fanatique "
"287";"+";"+";"-";"-";"<E>";" être";"le";"fanion";"-";"+";"+";"-";"-";"-";"+";"+";"+";"+";"§être§le fanion "
"288";"-";"+";"-";"-";"<E>";" être";"la";"faute";"-";"+";"+";"-";"-";"-";"+";"+";"-";"-";"§être§la faute "
"289";"+";"-";"-";"-";"<E>";" être";"un";"favori";"-";"+";"-";"-";"-";"-";"+";"-";"-";"+";"§être§un favori "
"290";"+";"+";"-";"-";"<E>";" être";"le";"favori";"-";"+";"-";"-";"-";"-";"+";"-";"-";"+";"§être§le favori "
"291";"+";"+";"-";"-";"<E>";" être";"le grand";"favori";"-";"+";"-";"-";"-";"-";"+";"-";"-";"+";"§être§le grand favori "
"292";"+";"-";"-";"-";"<E>";" être";"la";"favorite";"-";"+";"-";"-";"-";"-";"+";"-";"-";"+";"§être§la favorite "
"293";"+";"-";"-";"-";"<E>";" être";"la Dnum-ième";"femme";"-";"+";"-";"-";"-";"-";"+";"-";"-";"-";"§être§la Dnum-ième femme "
"294";"+";"-";"-";"-";"<E>";" être";"la première";"femme";"-";"+";"-";"-";"-";"-";"+";"-";"-";"-";"§être§la première femme "
"295";"+";"-";"-";"-";"<E>";" être";"la seconde";"femme";"-";"+";"-";"-";"-";"-";"+";"-";"-";"-";"§être§la seconde femme "
"296";"+";"-";"-";"-";"<E>";" être";"la";"femme de la vie";"-";"+";"-";"-";"-";"-";"+";"-";"-";"-";"§être§la femme de la vie "
"297";"+";"-";"-";"-";"<E>";" être";"la";"femme des rêves";"-";"+";"-";"-";"-";"-";"+";"-";"-";"-";"§être§la femme des rêves "
"298";"+";"-";"-";"-";"<E>";" être";"le";"fer de lance";"-";"-";"+";"-";"-";"-";"+";"+";"+";"+";"§être§le fer de lance "
"299";"+";"-";"-";"-";"<E>";" être";"un";"fidèle";"-";"+";"+";"-";"-";"-";"-";"+";"-";"+";"§être§un fidèle "
"300";"-";"+";"-";"-";"<E>";" être";"le";"fief";"-";"+";"-";"-";"-";"-";"+";"+";"-";"-";"§être§le fief "
"301";"+";"+";"-";"-";"<E>";" être";"la";"fierté";"-";"+";"-";"-";"-";"-";"+";"+";"-";"-";"§être§la fierté "
"302";"+";"-";"-";"-";"<E>";" être";"une";"figure";"-";"+";"-";"-";"-";"-";"+";"-";"+";"-";"§être§une figure "
"303";"+";"-";"-";"-";"<E>";" être";"une";"figure emblématique";"-";"+";"-";"-";"-";"-";"+";"-";"+";"-";"§être§une figure emblématique "
"304";"-";"+";"-";"-";"<E>";" être";"le";"fil d'Ariane";"-";"-";"+";"-";"-";"-";"+";"+";"+";"+";"§être§le fil d'Ariane "
"305";"-";"+";"-";"-";"<E>";" être";"<E>";"fille";"-";"-";"+";"-";"-";"-";"-";"-";"-";"-";"§être§fille "
"306";"+";"-";"-";"-";"<E>";" être";"une";"fille";"-";"+";"-";"-";"-";"-";"+";"-";"-";"-";"§être§une fille "
"307";"+";"-";"-";"-";"<E>";" être";"une";"fille adoptive";"-";"+";"-";"-";"-";"-";"+";"-";"-";"+";"§être§une fille adoptive "
"308";"+";"-";"-";"-";"<E>";" être";"une";"fille illégitime";"-";"+";"-";"-";"-";"-";"+";"-";"-";"+";"§être§une fille illégitime "
"309";"+";"-";"-";"-";"<E>";" être";"une";"fille légitime";"-";"+";"-";"-";"-";"-";"+";"-";"-";"+";"§être§une fille légitime "
"310";"+";"-";"-";"-";"<E>";" être";"une";"fille naturelle";"-";"+";"-";"-";"-";"-";"+";"-";"-";"+";"§être§une fille naturelle "
"311";"+";"-";"-";"-";"<E>";" être";"un";"filleul";"-";"+";"-";"-";"-";"-";"+";"-";"-";"-";"§être§un filleul "
"312";"+";"-";"-";"-";"<E>";" être";"un";"fils";"-";"+";"-";"-";"-";"-";"-";"-";"-";"-";"§être§un fils "
"313";"+";"-";"-";"-";"<E>";" être";"un";"fils adoptif";"-";"+";"-";"-";"-";"-";"+";"-";"-";"+";"§être§un fils adoptif "
"314";"+";"-";"-";"-";"<E>";" être";"un";"fils illégitime";"-";"+";"-";"-";"-";"-";"+";"-";"-";"+";"§être§un fils illégitime "
"315";"+";"-";"-";"-";"<E>";" être";"un";"fils légitime";"-";"+";"-";"-";"-";"-";"+";"-";"-";"+";"§être§un fils légitime "
"316";"+";"-";"-";"-";"<E>";" être";"un";"fils naturel";"-";"+";"-";"-";"-";"-";"+";"-";"-";"+";"§être§un fils naturel "
"317";"+";"+";"-";"-";"<E>";" être";"la fine";"fleur";"-";"+";"+";"-";"-";"-";"-";"+";"-";"-";"§être§la fine fleur "
"318";"+";"+";"-";"-";"<E>";" être";"un";"fleuron";"-";"-";"+";"-";"-";"-";"+";"+";"+";"+";"§être§un fleuron "
"319";"-";"+";"-";"-";"<E>";" être";"<E>";"fonction";"-";"+";"+";"-";"+";"-";"-";"+";"-";"-";"§être§fonction "
"320";"-";"+";"-";"-";"<E>";" être";"le";"fond de la pensée";"-";"+";"-";"-";"-";"-";"+";"-";"-";"-";"§être§le fond de la pensée "
"321";"-";"+";"-";"-";"<E>";" être";"le";"fondement";"-";"-";"+";"-";"-";"-";"-";"+";"+";"+";"§être§le fondement "
"322";"-";"+";"-";"-";"<E>";" être";"le";"fort";"-";"+";"-";"-";"-";"-";"+";"+";"-";"+";"§être§le fort "
"323";"+";"-";"-";"-";"<E>";" être";"un";"fou";"-";"+";"+";"-";"-";"-";"-";"+";"-";"+";"§être§un fou "
"324";"-";"+";"-";"-";"<E>";" être";"un";"fragment";"-";"-";"+";"-";"-";"-";"-";"+";"-";"-";"§être§un fragment "
"325";"+";"-";"-";"-";"<E>";" être";"un";"frangin";"-";"+";"-";"-";"-";"-";"+";"-";"-";"+";"§être§un frangin "
"326";"+";"-";"-";"-";"<E>";" être";"un";"frère";"-";"+";"-";"-";"-";"-";"+";"-";"-";"+";"§être§un frère "
"327";"+";"-";"-";"-";"<E>";" être";"un beau-";"frère";"-";"+";"-";"-";"-";"-";"+";"-";"-";"+";"§être§un beau-frère "
"328";"+";"-";"-";"-";"<E>";" être";"un grand";"frère";"-";"+";"-";"-";"-";"-";"+";"-";"-";"+";"§être§un grand frère "
"329";"+";"-";"-";"-";"<E>";" être";"un petit";"frère";"-";"+";"-";"-";"-";"-";"+";"-";"-";"+";"§être§un petit frère "
"330";"+";"-";"-";"-";"<E>";" être";"un";"frère aîné";"-";"+";"-";"-";"-";"-";"+";"-";"-";"+";"§être§un frère aîné "
"331";"+";"-";"-";"-";"<E>";" être";"un";"frère cadet";"-";"+";"-";"-";"-";"-";"+";"-";"-";"+";"§être§un frère cadet "
"332";"+";"-";"-";"-";"<E>";" être";"un";"frère d'armes";"-";"+";"-";"-";"-";"-";"+";"-";"-";"+";"§être§un frère d'armes "
"333";"+";"-";"-";"-";"<E>";" être";"un";"frère de lait";"-";"+";"-";"-";"-";"-";"+";"-";"-";"+";"§être§un frère de lait "
"334";"+";"-";"-";"-";"<E>";" être";"un";"frère jumeau";"-";"+";"-";"-";"-";"-";"+";"-";"-";"+";"§être§un frère jumeau "
"335";"-";"+";"-";"-";"<E>";" être";"le";"fruit";"-";"-";"+";"-";"-";"-";"-";"+";"-";"+";"§être§le fruit "
"336";"+";"+";"-";"-";"<E>";" être";"le";"fruit";"-";"-";"+";"-";"-";"-";"-";"+";"-";"+";"§être§le fruit "
"337";"-";"+";"-";"-";"<E>";" être";"le";"fruit amer";"-";"-";"+";"-";"-";"-";"-";"+";"-";"+";"§être§le fruit amer "
"338";"+";"-";"-";"-";"<E>";" être";"le";"fruit de la passion";"-";"+";"-";"-";"-";"-";"-";"+";"-";"-";"§être§le fruit de la passion "
"339";"+";"-";"-";"-";"<E>";" être";"le";"fruit de la passion coupable";"-";"+";"-";"-";"-";"-";"-";"+";"-";"-";"§être§le fruit de la passion coupable "
"340";"-";"+";"-";"-";"<E>";" être";"le";"fruit de l'expérience";"+";"+";"-";"-";"-";"-";"-";"+";"+";"-";"§être§le fruit de l'expérience "
"341";"-";"+";"-";"-";"<E>";" être";"le";"fruit de l'imagination";"+";"+";"-";"-";"-";"-";"-";"+";"+";"-";"§être§le fruit de l'imagination "
"342";"+";"-";"-";"-";"<E>";" être";"le";"fruit des amours";"-";"+";"-";"-";"-";"-";"-";"+";"-";"-";"§être§le fruit des amours "
"343";"+";"-";"-";"-";"<E>";" être";"le";"fruit des amours coupables";"-";"+";"-";"-";"-";"-";"-";"+";"-";"-";"§être§le fruit des amours coupables "
"344";"+";"-";"-";"-";"<E>";" être";"le grand";"gagnant";"-";"-";"+";"-";"-";"-";"-";"+";"-";"+";"§être§le grand gagnant "
"345";"+";"-";"-";"-";"<E>";" être";"le";"gagnant";"-";"-";"+";"-";"-";"-";"-";"+";"-";"+";"§être§le gagnant "
"346";"+";"+";"-";"-";"<E>";" être";"<E>";"garant";"-";"+";"+";"+";"-";"-";"-";"+";"-";"-";"§être§garant "
"347";"+";"+";"-";"-";"<E>";" être";"un";"garant";"-";"-";"+";"-";"-";"-";"+";"+";"+";"+";"§être§un garant "
"348";"+";"+";"-";"-";"<E>";" être";"un";"gardien";"-";"-";"+";"-";"-";"-";"+";"+";"+";"+";"§être§un gardien "
"349";"+";"+";"-";"-";"<E>";" être";"un";"géant";"+";"-";"+";"-";"-";"-";"-";"+";"-";"+";"§être§un géant "
"350";"+";"-";"-";"-";"<E>";" être";"le bon";"génie";"-";"+";"-";"-";"-";"-";"+";"-";"+";"+";"§être§le bon génie "
"351";"+";"-";"-";"-";"<E>";" être";"le mauvais";"génie";"-";"+";"-";"-";"-";"-";"+";"-";"+";"+";"§être§le mauvais génie "
"352";"-";"+";"-";"-";"<E>";" être";"le";"genre";"-";"+";"-";"-";"-";"-";"+";"-";"-";"+";"§être§le genre "
"353";"-";"+";"-";"+";"n'";" être";"le";"genre";"-";"+";"-";"-";"-";"-";"+";"-";"-";"-";"§n'est§le genre "
"354";"-";"+";"-";"-";"<E>";" être";"un";"germe";"-";"-";"+";"-";"-";"-";"-";"-";"-";"-";"§être§un germe "
"355";"+";"+";"-";"-";"<E>";" être";"un avant-";"goût";"-";"-";"+";"-";"-";"-";"+";"+";"-";"+";"§être§un avant-goût "
"356";"-";"+";"-";"-";"<E>";" être";"de la";"graine";"-";"-";"+";"-";"-";"-";"-";"-";"-";"-";"§être§de la graine "
"357";"+";"-";"-";"-";"<E>";" être";"de la";"graine";"-";"+";"-";"-";"-";"-";"-";"-";"-";"-";"§être§de la graine "
"358";"+";"-";"-";"-";"<E>";" être";"un";"grand";"+";"-";"+";"-";"-";"-";"-";"+";"-";"+";"§être§un grand "
"359";"+";"+";"-";"-";"<E>";" être";"le";"gratin";"-";"-";"+";"-";"-";"-";"-";"+";"-";"+";"§être§le gratin "
"360";"+";"-";"-";"-";"<E>";" être";"un";"groupe";"-";"+";"-";"-";"-";"-";"-";"-";"-";"-";"§être§un groupe "
"361";"-";"+";"-";"-";"<E>";" être";"les";"habits neufs";"-";"+";"+";"-";"-";"-";"+";"+";"+";"+";"§être§les habits neufs "
"362";"+";"-";"-";"-";"<E>";" être";"un";"habitué";"+";"-";"+";"-";"-";"-";"-";"+";"+";"-";"§être§un habitué "
"363";"+";"-";"-";"-";"<E>";" être";"le digne";"héritier";"-";"+";"-";"-";"-";"-";"+";"+";"-";"-";"§être§le digne héritier "
"364";"+";"-";"-";"-";"<E>";" être";"le";"héritier";"-";"+";"-";"-";"-";"-";"+";"+";"-";"-";"§être§l'héritier "
"365";"+";"-";"-";"-";"<E>";" être";"le";"héritier légitime";"-";"+";"-";"-";"-";"-";"+";"+";"-";"-";"§être§l'héritier légitime "
"366";"+";"-";"-";"-";"<E>";" être";"le";"héritier présomptif";"-";"+";"-";"-";"-";"-";"+";"+";"-";"-";"§être§l'héritier présomptif "
"367";"+";"-";"-";"-";"<E>";" être";"le";"héros";"-";"-";"+";"-";"-";"-";"-";"+";"-";"+";"§être§l'héros "
"368";"+";"+";"-";"-";"<E>";" être";"le";"hit parade";"-";"-";"+";"-";"-";"-";"+";"+";"+";"+";"§être§l'hit parade "
"369";"-";"+";"-";"-";"<E>";" être";"le";"hobby";"-";"+";"-";"-";"-";"-";"+";"+";"+";"+";"§être§l'hobby "
"370";"+";"-";"-";"-";"<E>";" être";"le";"homme à tout faire";"-";"+";"+";"-";"-";"-";"+";"+";"+";"+";"§être§l'homme à tout fait "
"371";"+";"-";"-";"-";"<E>";" être";"le";"homme de la vie";"-";"+";"-";"-";"-";"-";"+";"-";"-";"-";"§être§l'homme de la vie "
"372";"+";"-";"-";"-";"<E>";" être";"le";"homme des rêves";"-";"+";"-";"-";"-";"-";"+";"-";"-";"-";"§être§l'homme des rêves "
"373";"+";"-";"-";"-";"<E>";" être";"le";"homme fort";"-";"-";"+";"-";"-";"-";"-";"+";"+";"-";"§être§l'homme fort "
"374";"+";"-";"-";"-";"<E>";" être";"le";"homme lige";"-";"+";"+";"-";"-";"-";"+";"+";"+";"+";"§être§l'homme lige "
"375";"-";"+";"-";"-";"<E>";" être";"le";"homologue";"-";"+";"+";"-";"-";"-";"+";"+";"+";"+";"§être§l'homologue "
"376";"+";"+";"-";"-";"<E>";" être";"la";"honte";"-";"-";"+";"-";"-";"-";"-";"+";"+";"-";"§être§l'honte "
"377";"-";"+";"-";"-";"<E>";" être";"le seul";"horizon";"-";"+";"-";"-";"-";"-";"+";"-";"+";"-";"§être§le seul horizon "
"378";"-";"+";"-";"-";"<E>";" être";"tout le";"horizon";"-";"+";"-";"-";"-";"-";"+";"-";"+";"-";"§être§tout l'horizon "
"379";"+";"-";"-";"-";"<E>";" être";"le";"hôte";"-";"+";"+";"-";"-";"-";"+";"+";"-";"+";"§être§l'hôte "
"380";"+";"-";"-";"-";"<E>";" être";"le";"hôte";"-";"+";"-";"-";"-";"-";"+";"-";"-";"-";"§être§l'hôte "
"381";"+";"-";"-";"-";"<E>";" être";"la";"hôtesse";"-";"+";"-";"-";"-";"-";"+";"-";"-";"-";"§être§l'hôtesse "
"382";"-";"+";"-";"-";"<E>";" être";"la grande";"idée";"-";"+";"-";"-";"-";"-";"+";"-";"-";"+";"§être§la grande idée "
"383";"+";"+";"-";"-";"<E>";" être";"la";"image";"-";"+";"+";"-";"-";"-";"+";"+";"-";"-";"§être§l'image "
"384";"+";"+";"-";"-";"<E>";" être";"une";"imitation";"-";"+";"+";"-";"-";"-";"-";"+";"+";"+";"§être§une imitation "
"385";"+";"+";"-";"-";"<E>";" être";"une pâle";"imitation";"-";"+";"+";"-";"-";"-";"-";"+";"+";"+";"§être§une pâle imitation "
"386";"+";"+";"-";"-";"<E>";" être";"une";"incarnation";"-";"+";"+";"-";"-";"-";"+";"+";"-";"+";"§être§une incarnation "
"387";"+";"-";"-";"-";"<E>";" être";"un";"inconditionnel";"-";"+";"+";"-";"-";"-";"-";"+";"-";"+";"§être§un inconditionnel "
"388";"-";"+";"-";"-";"<E>";" être";"un";"ingrédient";"-";"-";"+";"-";"-";"-";"-";"+";"+";"+";"§être§un ingrédient "
"389";"-";"+";"-";"-";"<E>";" être";"un";"instantané";"+";"-";"+";"-";"-";"-";"-";"+";"+";"-";"§être§un instantané "
"390";"+";"-";"-";"-";"<E>";" être";"le";"instrument";"-";"+";"+";"-";"-";"-";"+";"+";"+";"-";"§être§l'instrument "
"391";"+";"-";"-";"-";"<E>";" être";"le";"interprète";"-";"+";"+";"-";"-";"-";"+";"+";"+";"+";"§être§l'interprète "
"392";"+";"-";"-";"-";"<E>";" être";"un";"intime";"-";"+";"-";"-";"-";"-";"+";"-";"+";"+";"§être§un intime "
"393";"+";"-";"-";"-";"<E>";" être";"le";"inventeur";"-";"-";"+";"-";"-";"-";"+";"+";"-";"+";"§être§l'inventeur "
"394";"-";"+";"-";"-";"<E>";" être";"le";"inverse";"-";"+";"+";"-";"-";"-";"+";"+";"+";"+";"§être§l'inverse "
"395";"+";"-";"-";"-";"<E>";" être";"un";"invité";"-";"+";"-";"-";"-";"-";"+";"-";"+";"+";"§être§un invité "
"396";"-";"+";"-";"-";"<E>";" être";"le";"jeu favori";"-";"+";"-";"-";"-";"-";"+";"-";"-";"+";"§être§le jeu favori "
"397";"-";"+";"-";"-";"<E>";" être";"la";"joie";"-";"+";"-";"-";"-";"-";"+";"-";"+";"+";"§être§la joie "
"398";"+";"-";"-";"-";"<E>";" être";"le";"jouet";"-";"-";"+";"-";"-";"-";"-";"+";"-";"-";"§être§le jouet "
"399";"+";"+";"-";"-";"<E>";" être";"le";"jouet";"-";"+";"+";"-";"-";"-";"+";"+";"+";"+";"§être§le jouet "
"400";"-";"+";"-";"-";"<E>";" être";"le";"jour de garde";"-";"+";"-";"-";"-";"-";"+";"-";"+";"+";"§être§le jour de garde "
"401";"-";"+";"-";"-";"<E>";" être";"le plus long";"jour de la vie";"-";"+";"-";"-";"-";"-";"+";"-";"-";"+";"§être§le plus long jour de la vie "
"402";"-";"+";"-";"-";"<E>";" être";"le";"jour de lessive";"-";"+";"-";"-";"-";"-";"+";"-";"+";"+";"§être§le jour de lessive "
"403";"+";"+";"-";"-";"<E>";" être";"un";"joyau";"-";"-";"+";"-";"-";"-";"+";"+";"+";"+";"§être§un joyau "
"404";"+";"-";"-";"-";"<E>";" être";"bon";"juge";"+";"-";"+";"+";"-";"-";"-";"+";"-";"-";"§être§bon juge "
"405";"+";"-";"-";"-";"<E>";" être";"mauvais";"juge";"+";"-";"+";"+";"-";"-";"-";"+";"-";"-";"§être§mauvais juge "
"406";"+";"-";"-";"-";"<E>";" être";"seul";"juge";"+";"-";"+";"+";"-";"-";"-";"+";"-";"-";"§être§seul juge "
"407";"+";"-";"-";"-";"<E>";" être";"un faux";"jumeau";"-";"+";"-";"-";"-";"-";"+";"-";"-";"+";"§être§un faux jumeau "
"408";"+";"-";"-";"-";"<E>";" être";"un vrai";"jumeau";"-";"+";"-";"-";"-";"-";"+";"-";"-";"+";"§être§un vrai jumeau "
"409";"+";"-";"-";"-";"<E>";" être";"le";"lauréat";"-";"-";"+";"-";"-";"-";"-";"+";"-";"+";"§être§le lauréat "
"410";"-";"+";"-";"-";"<E>";" être";"une belle";"leçon";"+";"-";"+";"-";"-";"-";"-";"-";"-";"-";"§être§une belle leçon "
"411";"+";"-";"-";"-";"<E>";" être";"la";"légitime";"-";"+";"-";"-";"-";"-";"+";"-";"-";"+";"§être§la légitime "
"412";"+";"-";"-";"-";"<E>";" être";"la";"lie";"-";"-";"+";"-";"-";"-";"+";"+";"-";"-";"§être§la lie "
"413";"-";"+";"-";"-";"<E>";" être";"un";"lieu";"-";"-";"+";"-";"-";"-";"-";"-";"-";"-";"§être§un lieu "
"414";"-";"+";"-";"-";"<E>";" être";"un haut";"lieu";"+";"-";"+";"-";"-";"-";"+";"+";"+";"+";"§être§un haut lieu "
"415";"-";"+";"-";"-";"<E>";" être";"les grandes";"lignes";"-";"-";"+";"-";"-";"-";"+";"+";"-";"-";"§être§les grandes lignes "
"416";"-";"+";"-";"-";"<E>";" être";"les";"linéaments";"-";"-";"+";"-";"-";"-";"-";"+";"-";"-";"§être§les linéaments "
"417";"+";"-";"-";"-";"<E>";" être";"<E>";"locataire";"-";"-";"+";"-";"-";"-";"-";"-";"-";"-";"§être§locataire "
"418";"+";"-";"-";"-";"<E>";" être";"la";"locomotive";"+";"-";"+";"-";"-";"-";"+";"+";"+";"+";"§être§la locomotive "
"419";"+";"-";"-";"-";"<E>";" être";"le";"long";"-";"-";"+";"-";"-";"-";"-";"-";"-";"-";"§être§le long "
"420";"-";"+";"-";"-";"<E>";" être";"le";"lot";"-";"+";"-";"-";"-";"-";"-";"+";"-";"-";"§être§le lot "
"421";"+";"+";"-";"-";"<E>";" être";"le";"maillon";"-";"-";"+";"-";"-";"-";"-";"+";"+";"+";"§être§le maillon "
"422";"+";"+";"-";"-";"<E>";" être";"le";"maillon faible";"-";"-";"+";"-";"-";"-";"+";"+";"+";"+";"§être§le maillon faible "
"423";"+";"-";"+";"-";"<E>";" être";"la";"main";"-";"+";"+";"-";"-";"-";"-";"+";"-";"-";"§être§la main "
"424";"-";"+";"-";"-";"<E>";" être";"la";"maison natale";"-";"+";"-";"-";"-";"-";"+";"-";"+";"+";"§être§la maison natale "
"425";"+";"-";"-";"-";"<E>";" être";"<E>";"maître";"-";"-";"+";"-";"-";"+";"-";"+";"-";"-";"§être§maître "
"426";"+";"-";"-";"-";"<E>";" être";"le";"maître";"-";"+";"-";"-";"-";"-";"+";"-";"+";"+";"§être§le maître "
"427";"+";"-";"-";"-";"<E>";" être";"un grand";"maître";"-";"-";"+";"-";"-";"-";"-";"+";"+";"-";"§être§un grand maître "
"428";"+";"-";"-";"-";"<E>";" être";"le";"maître des basses oeuvres";"-";"+";"-";"-";"-";"-";"+";"-";"+";"+";"§être§le maître des basses oeuvres "
"429";"+";"-";"-";"-";"<E>";" être";"le";"maître d'oeuvre";"-";"-";"+";"-";"-";"-";"+";"+";"-";"+";"§être§le maître d'oeuvre "
"430";"+";"-";"-";"-";"<E>";" être";"un";"maître incontesté";"+";"-";"+";"-";"-";"-";"-";"+";"-";"-";"§être§un maître incontesté "
"431";"+";"-";"-";"-";"<E>";" être";"la";"maîtresse";"-";"-";"+";"-";"-";"-";"-";"+";"-";"+";"§être§la maîtresse "
"432";"+";"-";"-";"-";"<E>";" être";"la";"maîtresse";"-";"+";"-";"-";"-";"-";"+";"-";"-";"+";"§être§la maîtresse "
"433";"+";"-";"-";"-";"<E>";" être";"la";"maman";"-";"+";"-";"-";"-";"-";"+";"-";"-";"+";"§être§la maman "
"434";"-";"+";"+";"-";"<E>";" être";"les deux";"mamelles";"-";"-";"+";"-";"-";"-";"+";"+";"-";"+";"§être§les deux mamelles "
"435";"+";"-";"-";"-";"<E>";" être";"un";"maniaque";"-";"+";"+";"-";"-";"-";"-";"+";"-";"+";"§être§un maniaque "
"436";"+";"-";"+";"-";"<E>";" être";"un";"manitou";"-";"+";"+";"-";"-";"-";"+";"+";"+";"+";"§être§un manitou "
"437";"+";"-";"+";"-";"<E>";" être";"un grand";"manitou";"-";"+";"+";"-";"-";"-";"+";"+";"+";"+";"§être§un grand manitou "
"438";"+";"-";"-";"-";"<E>";" être";"la";"marâtre";"-";"+";"-";"-";"-";"-";"+";"-";"-";"+";"§être§la marâtre "
"439";"+";"-";"-";"-";"<E>";" être";"le Dnum-ième";"mari";"-";"+";"-";"-";"-";"-";"+";"-";"-";"-";"§être§le Dnum-ième mari "
"440";"+";"-";"-";"-";"<E>";" être";"le premier";"mari";"-";"+";"-";"-";"-";"-";"+";"-";"-";"-";"§être§le premier mari "
"441";"+";"-";"-";"-";"<E>";" être";"le second";"mari";"-";"+";"-";"-";"-";"-";"+";"-";"-";"-";"§être§le second mari "
"442";"+";"-";"-";"-";"<E>";" être";"le";"médecin traitant";"-";"+";"-";"-";"-";"-";"+";"-";"-";"+";"§être§le médecin traitant "
"443";"+";"+";"-";"-";"<E>";" être";"le";"meilleur";"-";"+";"+";"-";"-";"-";"-";"-";"-";"-";"§être§le meilleur "
"444";"-";"+";"-";"-";"<E>";" être";"un";"mélange";"+";"-";"+";"-";"-";"-";"-";"+";"-";"-";"§être§un mélange "
"445";"-";"+";"-";"-";"<E>";" être";"un";"méli mélo";"+";"-";"+";"-";"-";"-";"-";"+";"-";"-";"§être§un méli mélo "
"446";"+";"-";"-";"-";"<E>";" être";"un";"membre";"-";"-";"+";"-";"-";"-";"-";"+";"-";"+";"§être§un membre "
"447";"+";"-";"-";"-";"<E>";" être";"un";"membre de la famille";"+";"+";"-";"-";"-";"-";"+";"-";"-";"-";"§être§un membre de la famille "
"448";"-";"+";"-";"-";"<E>";" être";"la";"mémoire collective";"+";"+";"-";"-";"-";"-";"+";"-";"+";"+";"§être§la mémoire collective "
"449";"+";"-";"-";"-";"<E>";" être";"la";"mère";"-";"+";"-";"-";"-";"-";"+";"-";"-";"+";"§être§la mère "
"450";"+";"-";"-";"-";"<E>";" être";"la belle-";"mère";"-";"+";"-";"-";"-";"-";"+";"-";"-";"+";"§être§la belle-mère "
"451";"+";"-";"-";"-";"<E>";" être";"la";"mère nourricière";"-";"+";"-";"-";"-";"-";"+";"-";"-";"+";"§être§la mère nourricière "
"452";"+";"-";"-";"-";"<E>";" être";"la";"mère porteuse";"-";"+";"-";"-";"-";"-";"+";"-";"-";"+";"§être§la mère porteuse "
"453";"-";"+";"-";"-";"<E>";" être";"une";"merveille";"+";"-";"+";"-";"-";"-";"-";"-";"-";"-";"§être§une merveille "
"454";"-";"+";"-";"+";"n'";" être pas";"le";"métier";"-";"+";"-";"-";"-";"-";"+";"-";"-";"+";"§n'est pas§le métier "
"455";"-";"+";"-";"+";"n'";" être pas";"le";"millième";"-";"-";"+";"-";"-";"-";"-";"+";"-";"-";"§n'est pas§le millième "
"456";"+";"+";"-";"-";"<E>";" être";"une";"mine";"-";"-";"+";"-";"-";"-";"-";"+";"-";"-";"§être§une mine "
"457";"-";"+";"-";"-";"<E>";" être";"le";"ministère de tutelle";"-";"+";"+";"-";"-";"-";"+";"+";"+";"+";"§être§le ministère de tutelle "
"458";"+";"-";"-";"-";"<E>";" être";"le";"ministre de tutelle";"-";"+";"+";"-";"-";"-";"+";"+";"+";"+";"§être§le ministre de tutelle "
"459";"-";"+";"-";"-";"<E>";" être";"un";"miracle";"+";"-";"+";"-";"-";"-";"-";"-";"-";"-";"§être§un miracle "
"460";"-";"+";"-";"-";"<E>";" être";"le";"miroir";"-";"-";"+";"-";"-";"-";"+";"+";"+";"+";"§être§le miroir "
"461";"-";"+";"-";"-";"<E>";" être";"une";"mixture";"+";"-";"+";"-";"-";"-";"-";"+";"-";"-";"§être§une mixture "
"462";"+";"+";"-";"-";"<E>";" être";"le";"modèle";"-";"+";"+";"-";"-";"-";"+";"+";"+";"+";"§être§le modèle "
"463";"+";"+";"-";"-";"<E>";" être";"un";"modèle";"-";"-";"+";"-";"-";"-";"-";"+";"-";"-";"§être§un modèle "
"464";"+";"+";"-";"-";"<E>";" être";"un";"modèle réduit";"+";"+";"+";"-";"-";"-";"-";"-";"-";"-";"§être§un modèle réduit "
"465";"-";"+";"-";"-";"<E>";" être";"le";"moindre des défauts";"-";"+";"+";"-";"-";"-";"-";"-";"+";"-";"§être§le moindre des défauts "
"466";"-";"+";"-";"-";"<E>";" être";"le";"mois de garde";"-";"+";"-";"-";"-";"-";"+";"-";"+";"+";"§être§le mois de garde "
"467";"+";"-";"-";"-";"<E>";" être";"la";"moitié";"-";"+";"-";"-";"-";"-";"+";"-";"-";"-";"§être§la moitié "
"468";"+";"-";"-";"-";"<E>";" être";"la tendre";"moitié";"-";"+";"-";"-";"-";"-";"+";"-";"-";"-";"§être§la tendre moitié "
"469";"-";"+";"-";"-";"<E>";" être";"le";"monde";"+";"+";"-";"-";"-";"-";"+";"-";"+";"-";"§être§le monde "
"470";"-";"+";"-";"-";"<E>";" être";"le petit";"monde";"+";"+";"-";"-";"-";"-";"+";"-";"+";"-";"§être§le petit monde "
"471";"+";"-";"-";"-";"<E>";" être";"un";"monstre";"-";"-";"+";"-";"-";"-";"-";"-";"-";"-";"§être§un monstre "
"472";"+";"+";"-";"-";"<E>";" être";"un";"monument";"+";"-";"+";"-";"-";"-";"-";"-";"-";"-";"§être§un monument "
"473";"+";"-";"-";"-";"<E>";" être";"un";"mordu";"-";"+";"+";"-";"-";"-";"-";"+";"-";"+";"§être§un mordu "
"474";"-";"+";"-";"-";"<E>";" être";"la";"mort";"+";"+";"-";"-";"-";"-";"+";"-";"-";"-";"§être§la mort "
"475";"-";"+";"-";"-";"<E>";" être";"le dernier";"mot";"-";"+";"-";"-";"-";"-";"+";"-";"-";"-";"§être§le dernier mot "
"476";"+";"+";"-";"-";"<E>";" être";"le";"moteur";"+";"-";"+";"-";"-";"-";"+";"+";"+";"+";"§être§le moteur "
"477";"-";"+";"-";"-";"<E>";" être";"la dernière ";"mouture";"+";"-";"+";"-";"-";"-";"-";"+";"+";"+";"§être§la dernière mouture "
"478";"-";"+";"-";"-";"<E>";" être";"une ancienne";"mouture";"+";"-";"+";"-";"-";"-";"-";"+";"+";"+";"§être§une ancienne mouture "
"479";"-";"+";"-";"-";"<E>";" être";"une nouvelle";"mouture";"+";"-";"+";"-";"-";"-";"-";"+";"+";"+";"§être§une nouvelle mouture "
"480";"-";"+";"-";"-";"<E>";" être";"une ";"mouture récente";"+";"-";"+";"-";"-";"-";"-";"+";"+";"+";"§être§une mouture récente "
"481";"+";"-";"-";"-";"<E>";" être";"la";"muse";"-";"+";"-";"-";"-";"-";"+";"-";"+";"+";"§être§la muse "
"482";"+";"-";"-";"-";"<E>";" être";"le dernier";"né";"-";"+";"-";"-";"-";"-";"-";"-";"-";"+";"§être§le dernier né "
"483";"-";"+";"-";"-";"<E>";" être";"le dernier";"né";"-";"-";"+";"-";"-";"-";"-";"+";"-";"+";"§être§le dernier né "
"484";"-";"+";"-";"-";"<E>";" être";"le";"nec plus ultra";"-";"-";"+";"-";"-";"-";"+";"+";"+";"-";"§être§le nec plus ultra "
"485";"+";"-";"-";"-";"<E>";" être";"le";"nègre";"-";"+";"-";"-";"-";"-";"+";"+";"+";"+";"§être§le nègre "
"486";"+";"-";"-";"-";"<E>";" être";"un";"neveu";"-";"+";"-";"-";"-";"-";"+";"-";"-";"+";"§être§un neveu "
"487";"+";"-";"-";"-";"<E>";" être";"un petit-";"neveu";"-";"+";"-";"-";"-";"-";"+";"-";"-";"+";"§être§un petit-neveu "
"488";"+";"-";"-";"-";"<E>";" être";"un";"neveu éloigné";"-";"+";"-";"-";"-";"-";"+";"-";"-";"+";"§être§un neveu éloigné "
"489";"-";"+";"-";"-";"<E>";" être";"un";"nid";"-";"+";"+";"-";"-";"-";"-";"-";"+";"+";"§être§un nid "
"490";"+";"-";"-";"-";"<E>";" être";"une";"nièce";"-";"+";"-";"-";"-";"-";"+";"-";"-";"-";"§être§une nièce "
"491";"+";"-";"-";"-";"<E>";" être";"une petite";"nièce";"-";"+";"-";"-";"-";"-";"+";"-";"-";"-";"§être§une petite nièce "
"492";"+";"-";"-";"-";"<E>";" être";"une";"nièce éloignée";"-";"+";"-";"-";"-";"-";"+";"-";"-";"-";"§être§une nièce éloignée "
"493";"-";"+";"-";"-";"<E>";" être";"le plus bas";"niveau historique";"-";"-";"+";"-";"-";"-";"+";"-";"-";"-";"§être§le plus bas niveau historique "
"494";"-";"+";"-";"-";"<E>";" être";"le plus haut";"niveau historique";"-";"-";"+";"-";"-";"-";"+";"-";"-";"-";"§être§le plus haut niveau historique "
"495";"+";"-";"-";"-";"<E>";" être";"un";"nom";"+";"-";"+";"-";"-";"-";"-";"-";"-";"-";"§être§un nom "
"496";"+";"-";"-";"-";"<E>";" être";"un grand";"nom";"+";"-";"+";"-";"-";"-";"-";"-";"-";"-";"§être§un grand nom "
"497";"+";"-";"-";"-";"<E>";" être";"les plus grands";"noms";"+";"-";"+";"-";"-";"-";"-";"-";"-";"-";"§être§les plus grands noms "
"498";"-";"+";"-";"-";"<E>";" être";"le";"noyau";"-";"-";"+";"-";"-";"-";"-";"+";"-";"+";"§être§le noyau "
"499";"-";"+";"-";"-";"<E>";" être";"le";"noyau dur";"-";"-";"+";"-";"-";"-";"-";"+";"-";"+";"§être§le noyau dur "
"500";"+";"-";"-";"-";"<E>";" être";"le";"numéro un mondial";"-";"-";"+";"-";"-";"-";"-";"+";"-";"+";"§être§le numéro un mondial "
"501";"-";"+";"-";"-";"<E>";" être";"le";"n-uple";"-";"-";"+";"-";"-";"-";"-";"-";"-";"-";"§être§le n-uple "
"502";"+";"+";"-";"-";"<E>";" être";"le";"objet";"-";"-";"+";"-";"-";"-";"+";"+";"-";"+";"§être§l'objet "
"503";"+";"+";"-";"-";"<E>";" être";"le";"objet de l'attente";"-";"+";"-";"-";"-";"-";"-";"-";"-";"-";"§être§l'objet de l'attente "
"504";"+";"+";"-";"-";"<E>";" être";"le";"objet de l'attention";"-";"+";"-";"-";"-";"-";"-";"-";"-";"-";"§être§l'objet de l'attention "
"505";"+";"+";"-";"-";"<E>";" être";"le";"objet des désirs";"-";"+";"-";"-";"-";"-";"-";"-";"-";"-";"§être§l'objet des désirs "
"506";"+";"+";"-";"-";"<E>";" être";"le";"objet des pensées";"-";"+";"-";"-";"-";"-";"-";"-";"-";"-";"§être§l'objet des pensées "
"507";"+";"+";"-";"-";"<E>";" être";"le";"objet des préoccupations";"-";"+";"-";"-";"-";"-";"-";"-";"-";"-";"§être§l'objet des préoccupations "
"508";"+";"+";"-";"-";"<E>";" être";"le";"objet des rêves";"-";"+";"-";"-";"-";"-";"-";"-";"-";"-";"§être§l'objet des rêves "
"509";"+";"-";"-";"-";"<E>";" être";"le";"obligé";"-";"+";"-";"-";"-";"-";"+";"-";"-";"+";"§être§l'obligé "
"510";"-";"+";"-";"-";"<E>";" être";"la";"occasion";"-";"-";"+";"-";"+";"+";"-";"+";"-";"-";"§être§l'occasion "
"511";"-";"+";"-";"-";"<E>";" être";"la";"oeuvre";"-";"+";"-";"-";"-";"-";"+";"-";"-";"-";"§être§l'oeuvre "
"512";"-";"+";"-";"-";"<E>";" être";"les";"oignons";"-";"+";"-";"-";"-";"-";"+";"-";"-";"-";"§être§les oignons "
"513";"+";"-";"-";"-";"<E>";" être";"un";"oncle";"-";"+";"-";"-";"-";"-";"+";"-";"-";"+";"§être§un oncle "
"514";"+";"-";"-";"-";"<E>";" être";"un grand";"oncle";"-";"+";"-";"-";"-";"-";"+";"-";"-";"+";"§être§un grand oncle "
"515";"+";"-";"-";"-";"<E>";" être";"un";"oncle éloigné";"-";"+";"-";"-";"-";"-";"+";"-";"-";"+";"§être§un oncle éloigné "
"516";"+";"-";"-";"-";"<E>";" être";"un";"oncle maternel";"-";"+";"-";"-";"-";"-";"+";"-";"-";"+";"§être§un oncle maternel "
"517";"+";"-";"-";"-";"<E>";" être";"un";"oncle paternel";"-";"+";"-";"-";"-";"-";"+";"-";"-";"+";"§être§un oncle paternel "
"518";"-";"+";"-";"-";"<E>";" être";"le";"opposé";"-";"+";"+";"-";"-";"-";"+";"+";"+";"+";"§être§l'opposé "
"519";"-";"+";"-";"-";"<E>";" être";"tout le";"opposé";"-";"+";"+";"-";"-";"-";"+";"+";"+";"+";"§être§tout l'opposé "
"520";"+";"-";"-";"-";"<E>";" être";"la";"ordonnance";"-";"+";"-";"-";"-";"-";"-";"+";"-";"-";"§être§l'ordonnance "
"521";"+";"+";"-";"-";"<E>";" être";"le";"orgueil";"-";"+";"-";"-";"-";"-";"+";"+";"-";"-";"§être§l'orgueil "
"522";"+";"-";"-";"-";"<E>";" être";"le";"pair";"-";"+";"+";"-";"-";"-";"+";"+";"+";"+";"§être§le pair "
"523";"-";"+";"-";"-";"<E>";" être";"un";"pan entier";"-";"-";"+";"-";"-";"-";"-";"+";"-";"-";"§être§un pan entier "
"524";"+";"-";"-";"-";"<E>";" être";"le";"papa";"-";"+";"-";"-";"-";"-";"+";"-";"-";"+";"§être§le papa "
"525";"-";"+";"-";"-";"<E>";" être";"le";"parallèle";"-";"+";"+";"-";"-";"-";"+";"+";"+";"+";"§être§le parallèle "
"526";"-";"+";"-";"-";"<E>";" être";"un";"paramètre";"-";"-";"+";"-";"-";"-";"-";"+";"+";"+";"§être§un paramètre "
"527";"+";"-";"-";"-";"<E>";" être";"un";"parent éloigné";"-";"+";"-";"-";"-";"-";"+";"-";"+";"+";"§être§un parent éloigné "
"528";"+";"+";"-";"-";"<E>";" être";"un";"parent pauvre";"-";"+";"+";"-";"-";"-";"+";"+";"+";"+";"§être§un parent pauvre "
"529";"+";"-";"-";"-";"<E>";" être";"un";"parent proche";"-";"+";"-";"-";"-";"-";"+";"-";"+";"+";"§être§un parent proche "
"530";"-";"+";"-";"-";"<E>";" être";"une";"part";"-";"-";"+";"-";"-";"-";"-";"+";"-";"-";"§être§une part "
"531";"+";"-";"-";"-";"<E>";" être";"un";"partenaire";"-";"+";"+";"-";"-";"-";"+";"+";"+";"+";"§être§un partenaire "
"532";"-";"+";"-";"-";"<E>";" être";"la";"partie";"-";"+";"-";"-";"-";"-";"+";"-";"-";"-";"§être§la partie "
"533";"+";"+";"-";"-";"<E>";" être";"<E>";"partie intégrante";"-";"-";"+";"-";"-";"-";"-";"+";"+";"-";"§être§partie intégrante "
"534";"+";"-";"-";"-";"<E>";" être";"un chaud";"partisan";"-";"+";"+";"-";"-";"-";"-";"+";"-";"+";"§être§un chaud partisan "
"535";"+";"-";"-";"-";"<E>";" être";"un farouche";"partisan";"-";"+";"+";"-";"-";"-";"-";"+";"-";"+";"§être§un farouche partisan "
"536";"+";"-";"-";"-";"<E>";" être";"un ferme";"partisan";"-";"+";"+";"-";"-";"-";"-";"+";"-";"+";"§être§un ferme partisan "
"537";"+";"-";"-";"-";"<E>";" être";"un fervent";"partisan";"-";"+";"+";"-";"-";"-";"-";"+";"-";"+";"§être§un fervent partisan "
"538";"+";"-";"-";"-";"<E>";" être";"un";"partisan";"-";"+";"+";"-";"-";"-";"-";"+";"-";"+";"§être§un partisan "
"539";"+";"-";"-";"-";"<E>";" être";"<E>";"partisan";"-";"+";"+";"-";"+";"+";"-";"+";"+";"+";"§être§partisan "
"540";"-";"+";"-";"-";"<E>";" être";"le";"passe-temps";"-";"+";"-";"-";"-";"-";"+";"+";"+";"+";"§être§le passe-temps "
"541";"+";"-";"-";"-";"<E>";" être";"un";"passionné";"-";"+";"+";"-";"-";"-";"-";"+";"-";"+";"§être§un passionné "
"542";"-";"+";"-";"-";"<E>";" être";"le";"pays natal";"-";"+";"-";"-";"-";"-";"+";"-";"+";"+";"§être§le pays natal "
"543";"-";"+";"-";"-";"<E>";" être";"un";"péché mignon";"-";"+";"-";"-";"-";"-";"+";"-";"+";"+";"§être§un péché mignon "
"544";"+";"+";"-";"-";"<E>";" être";"le";"pendant";"-";"+";"+";"-";"-";"-";"+";"+";"+";"+";"§être§le pendant "
"545";"+";"-";"-";"-";"<E>";" être";"le";"pénultième";"-";"+";"-";"-";"-";"-";"+";"-";"-";"+";"§être§le pénultième "
"546";"-";"+";"-";"-";"<E>";" être";"une";"pépinière";"+";"+";"-";"-";"-";"-";"-";"-";"-";"-";"§être§une pépinière "
"547";"+";"-";"-";"-";"<E>";" être";"le";"perdant";"-";"-";"+";"-";"-";"-";"-";"+";"-";"+";"§être§le perdant "
"548";"+";"-";"-";"-";"<E>";" être";"le grand";"perdant";"+";"-";"+";"-";"-";"-";"-";"+";"-";"+";"§être§le grand perdant "
"549";"+";"-";"-";"-";"<E>";" être";"le";"père";"-";"+";"-";"-";"-";"-";"+";"-";"-";"+";"§être§le père "
"550";"+";"-";"-";"-";"<E>";" être";"le";"père";"-";"-";"+";"-";"-";"-";"-";"+";"-";"+";"§être§le père "
"551";"+";"-";"-";"-";"<E>";" être";"le beau-";"père";"-";"+";"-";"-";"-";"-";"+";"-";"-";"+";"§être§le beau-père "
"552";"+";"-";"-";"-";"<E>";" être";"le";"père nourricier";"-";"+";"-";"-";"-";"-";"+";"-";"-";"+";"§être§le père nourricier "
"553";"-";"+";"-";"-";"<E>";" être";"toute une";"période";"+";"-";"+";"-";"-";"-";"-";"+";"+";"-";"§être§toute une période "
"554";"+";"+";"-";"-";"<E>";" être";"la";"perle";"+";"-";"+";"-";"-";"-";"-";"+";"-";"-";"§être§la perle "
"555";"+";"-";"-";"-";"<E>";" être";"une";"personne de la connaissance de";"-";"+";"-";"-";"-";"-";"+";"-";"-";"-";"§être§une personne de la connaissance de "
"556";"-";"+";"-";"-";"<E>";" être";"le";"phare";"-";"+";"+";"-";"-";"-";"+";"+";"+";"+";"§être§le phare "
"557";"-";"+";"-";"-";"<E>";" être";"un";"phénomène";"-";"-";"+";"-";"-";"-";"-";"-";"-";"-";"§être§un phénomène "
"558";"-";"+";"-";"-";"<E>";" être";"la";"pièce maîtresse";"-";"-";"+";"-";"-";"-";"+";"+";"+";"+";"§être§la pièce maîtresse "
"559";"-";"+";"-";"-";"<E>";" être";"la";"pierre angulaire";"-";"-";"+";"-";"-";"-";"+";"+";"+";"+";"§être§la pierre angulaire "
"560";"-";"+";"-";"-";"<E>";" être";"la";"pierre d'achopement";"-";"-";"+";"-";"-";"-";"+";"+";"+";"+";"§être§la pierre d'achopement "
"561";"-";"+";"-";"-";"<E>";" être";"la";"pierre d'angle";"-";"-";"+";"-";"-";"-";"-";"+";"+";"+";"§être§la pierre d'angle "
"562";"-";"+";"-";"-";"<E>";" être";"la";"pierre de touche";"-";"-";"+";"-";"-";"-";"-";"+";"+";"+";"§être§la pierre de touche "
"563";"+";"+";"-";"-";"<E>";" être";"le";"pire";"-";"+";"+";"-";"-";"-";"-";"-";"-";"-";"§être§le pire "
"564";"-";"+";"-";"-";"<E>";" être";"un";"pivot";"-";"+";"+";"-";"-";"-";"+";"+";"+";"+";"§être§un pivot "
"565";"-";"+";"-";"-";"<E>";" être";"un";"plagiat";"+";"+";"+";"-";"-";"-";"+";"+";"-";"-";"§être§un plagiat "
"566";"-";"+";"-";"-";"<E>";" être";"le bon";"plaisir";"-";"+";"-";"-";"-";"-";"+";"-";"-";"-";"§être§le bon plaisir "
"567";"-";"+";"-";"-";"<E>";" être";"une";"plaque tournante";"-";"-";"+";"-";"-";"-";"-";"+";"+";"+";"§être§une plaque tournante "
"568";"-";"+";"-";"-";"<E>";" être";"un";"point culminant";"+";"-";"+";"-";"-";"-";"+";"+";"+";"+";"§être§un point culminant "
"569";"-";"+";"-";"-";"<E>";" être";"un";"point d'ancrage";"-";"+";"+";"-";"-";"-";"+";"+";"+";"+";"§être§un point d'ancrage "
"570";"+";"+";"-";"-";"<E>";" être";"le";"point de mire";"-";"+";"-";"-";"-";"-";"-";"-";"+";"+";"§être§le point de mire "
"571";"-";"+";"-";"-";"<E>";" être";"le";"point de vue";"-";"+";"-";"-";"-";"-";"+";"-";"+";"+";"§être§le point de vue "
"572";"-";"+";"-";"-";"<E>";" être";"le strict";"point de vue";"-";"+";"-";"-";"-";"-";"+";"-";"+";"+";"§être§le strict point de vue "
"573";"-";"+";"-";"-";"<E>";" être";"un";"point faible";"-";"+";"-";"-";"-";"-";"+";"+";"+";"+";"§être§un point faible "
"574";"-";"+";"-";"-";"<E>";" être";"un";"point fort";"-";"+";"-";"-";"-";"-";"+";"+";"+";"+";"§être§un point fort "
"575";"+";"-";"-";"-";"<E>";" être";"le";"porte drapeau";"-";"+";"+";"-";"-";"-";"+";"+";"+";"+";"§être§le porte drapeau "
"576";"+";"-";"-";"-";"<E>";" être";"le";"porte parole";"-";"+";"+";"-";"-";"-";"+";"+";"+";"+";"§être§le porte parole "
"577";"+";"-";"-";"-";"<E>";" être";"le";"portrait";"-";"+";"-";"-";"-";"-";"+";"+";"-";"-";"§être§le portrait "
"578";"+";"-";"-";"-";"<E>";" être";"le";"portrait craché";"-";"+";"-";"-";"-";"-";"+";"+";"-";"-";"§être§le portrait craché "
"579";"+";"-";"-";"-";"<E>";" être";"le";"portrait tout craché";"-";"+";"-";"-";"-";"-";"+";"-";"-";"-";"§être§le portrait tout craché "
"580";"+";"-";"-";"-";"<E>";" être";"le";"portrait vivant";"-";"+";"-";"-";"-";"-";"+";"+";"-";"+";"§être§le portrait vivant "
"581";"-";"+";"-";"-";"<E>";" être";"un";"pot pourri";"+";"-";"+";"-";"-";"-";"-";"+";"-";"-";"§être§un pot pourri "
"582";"+";"-";"-";"-";"<E>";" être";"un";"poulain";"-";"+";"-";"-";"-";"-";"+";"-";"-";"+";"§être§un poulain "
"583";"-";"+";"-";"-";"<E>";" être";"le";"poumon";"-";"-";"+";"-";"-";"-";"-";"+";"+";"-";"§être§le poumon "
"584";"+";"+";"-";"-";"<E>";" être";"une";"pourriture";"-";"+";"+";"-";"-";"-";"-";"-";"-";"-";"§être§une pourriture "
"585";"+";"-";"-";"-";"<E>";" être";"un";"pourvoyeur";"-";"-";"+";"-";"-";"-";"-";"+";"-";"-";"§être§un pourvoyeur "
"586";"-";"+";"-";"-";"<E>";" être";"une";"poutre maîtresse";"-";"+";"+";"-";"-";"-";"+";"+";"+";"+";"§être§une poutre maîtresse "
"587";"+";"-";"-";"-";"<E>";" être";"le";"premier à rire";"+";"+";"+";"+";"-";"+";"-";"+";"-";"-";"§être§le premier à rire "
"588";"+";"+";"-";"-";"<E>";" être";"le";"premier d'une lignée";"-";"+";"-";"-";"-";"-";"+";"-";"-";"-";"§être§le premier d'une lignée "
"589";"+";"+";"-";"-";"<E>";" être";"le";"premier d'une série";"-";"+";"-";"-";"-";"-";"+";"-";"-";"-";"§être§le premier d'une série "
"590";"+";"+";"-";"-";"<E>";" être";"le";"premier en date";"-";"+";"+";"-";"-";"-";"-";"-";"-";"-";"§être§le premier en date "
"591";"+";"+";"-";"-";"<E>";" être";"le";"premier N de la vie";"-";"+";"-";"-";"-";"-";"+";"-";"-";"-";"§être§le premier N de la vie "
"592";"+";"+";"-";"-";"<E>";" être";"la";"première auto de la vie";"-";"+";"-";"-";"-";"-";"+";"-";"-";"-";"§être§la première auto de la vie "
"593";"+";"-";"-";"-";"<E>";" être";"<E>";"preneur";"+";"-";"+";"-";"-";"-";"-";"+";"-";"+";"§être§preneur "
"594";"-";"+";"-";"-";"<E>";" être";"unE";"preuve";"-";"-";"+";"+";"-";"-";"+";"+";"+";"-";"§être§unE preuve "
"595";"+";"-";"-";"-";"<E>";" être";"la";"preuve vivante";"-";"-";"+";"+";"-";"-";"-";"+";"+";"-";"§être§la preuve vivante "
"596";"-";"+";"-";"-";"<E>";" être";"le";"prix";"-";"-";"+";"-";"-";"+";"+";"+";"-";"+";"§être§le prix "
"597";"+";"-";"-";"-";"<E>";" être";"un";"prix";"-";"-";"+";"-";"-";"-";"-";"-";"-";"-";"§être§un prix "
"598";"+";"-";"-";"-";"<E>";" être";"un Dnum-ième";"prix";"-";"-";"+";"-";"-";"-";"-";"-";"-";"-";"§être§un Dnum-ième prix "
"599";"+";"-";"-";"-";"<E>";" être";"un premier";"prix";"-";"-";"+";"-";"-";"-";"-";"-";"-";"-";"§être§un premier prix "
"600";"+";"-";"-";"-";"<E>";" être";"un second";"prix";"-";"-";"+";"-";"-";"-";"-";"-";"-";"-";"§être§un second prix "
"601";"-";"+";"-";"-";"<E>";" être";"le";"problème";"-";"+";"-";"-";"-";"-";"+";"-";"+";"+";"§être§le problème "
"602";"-";"+";"-";"-";"<E>";" être";"le";"problème numéro un";"-";"+";"-";"-";"-";"-";"+";"-";"+";"+";"§être§le problème numéro un "
"603";"+";"-";"-";"-";"<E>";" être";"un";"proche";"-";"+";"-";"-";"-";"-";"-";"+";"+";"+";"§être§un proche "
"604";"+";"-";"-";"-";"<E>";" être";"un";"produit";"-";"-";"+";"-";"-";"-";"-";"+";"-";"-";"§être§un produit "
"605";"+";"-";"-";"-";"<E>";" être";"un pur";"produit";"-";"-";"+";"-";"-";"-";"-";"+";"-";"-";"§être§un pur produit "
"606";"+";"-";"-";"-";"<E>";" être";"la";"proie";"-";"-";"+";"-";"-";"-";"-";"+";"-";"-";"§être§la proie "
"607";"+";"+";"-";"-";"<E>";" être";"la";"proie";"-";"+";"-";"-";"-";"-";"+";"+";"+";"+";"§être§la proie "
"608";"-";"+";"-";"-";"<E>";" être";"le";"propre";"-";"+";"+";"-";"-";"-";"-";"-";"-";"-";"§être§le propre "
"609";"+";"-";"-";"-";"<E>";" être";"un";"protégé";"-";"+";"-";"-";"-";"-";"+";"-";"-";"+";"§être§un protégé "
"610";"-";"+";"-";"-";"<E>";" être";"la";"providence";"+";"+";"-";"-";"-";"-";"+";"+";"+";"-";"§être§la providence "
"611";"+";"-";"-";"-";"<E>";" être";"le";"puiné";"+";"+";"+";"-";"-";"-";"+";"+";"+";"+";"§être§le puiné "
"612";"+";"+";"-";"-";"<E>";" être";"un";"putain";"-";"+";"+";"-";"-";"-";"-";"-";"-";"-";"§être§un putain "
"613";"-";"+";"-";"-";"<E>";" être";"le";"quadruple";"-";"-";"+";"-";"-";"-";"-";"+";"-";"-";"§être§le quadruple "
"614";"-";"+";"-";"-";"<E>";" être";"les trois";"quarts";"-";"-";"+";"-";"-";"-";"-";"-";"-";"-";"§être§les trois quarts "
"615";"-";"+";"-";"-";"<E>";" être";"<E>";"question";"-";"-";"+";"-";"-";"-";"-";"-";"-";"-";"§être§question "
"616";"-";"+";"-";"-";"<E>";" être";"une";"question";"+";"+";"-";"-";"-";"-";"-";"-";"-";"-";"§être§une question "
"617";"-";"+";"-";"-";"<E>";" être";"une simple";"question";"+";"+";"-";"-";"-";"-";"-";"-";"-";"-";"§être§une simple question "
"618";"+";"-";"-";"-";"<E>";" être";"un";"ramassis";"-";"+";"-";"-";"-";"-";"-";"-";"-";"-";"§être§un ramassis "
"619";"+";"-";"-";"-";"<E>";" être";"un";"ramassis";"+";"+";"-";"-";"-";"-";"-";"+";"-";"-";"§être§un ramassis "
"620";"-";"+";"-";"-";"<E>";" être";"le";"rayon";"-";"+";"-";"-";"-";"-";"+";"-";"-";"-";"§être§le rayon "
"621";"+";"+";"-";"-";"<E>";" être";"le";"rayon de soleil";"-";"+";"-";"-";"-";"-";"+";"+";"+";"+";"§être§le rayon de soleil "
"622";"+";"-";"-";"-";"<E>";" être";"un";"récipiendaire";"-";"-";"+";"-";"-";"-";"-";"+";"-";"+";"§être§un récipiendaire "
"623";"-";"+";"-";"-";"<E>";" être";"la";"reconnaissance";"-";"-";"+";"+";"-";"-";"-";"+";"-";"-";"§être§la reconnaissance "
"624";"+";"+";"-";"-";"<E>";" être";"un pâle";"reflet";"-";"+";"+";"-";"-";"-";"+";"+";"+";"+";"§être§un pâle reflet "
"625";"+";"-";"-";"-";"<E>";" être";"la";"régulière";"-";"+";"-";"-";"-";"-";"+";"-";"+";"+";"§être§la régulière "
"626";"+";"-";"-";"-";"<E>";" être";"la";"reine";"-";"-";"+";"-";"-";"-";"-";"+";"-";"+";"§être§la reine "
"627";"+";"-";"-";"-";"<E>";" être";"la";"reine";"+";"+";"+";"-";"-";"-";"-";"+";"-";"-";"§être§la reine "
"628";"+";"-";"-";"-";"<E>";" être";"la";"reine d'un jour";"+";"+";"+";"-";"-";"-";"-";"+";"-";"-";"§être§la reine d'un jour "
"629";"-";"+";"-";"-";"<E>";" être";"un";"reliquat";"+";"-";"+";"-";"-";"-";"-";"+";"-";"-";"§être§un reliquat "
"630";"-";"+";"-";"-";"<E>";" être";"un";"reliquat";"+";"-";"+";"-";"-";"-";"-";"+";"-";"+";"§être§un reliquat "
"631";"-";"+";"-";"-";"<E>";" être";"un";"remake";"+";"-";"+";"-";"-";"-";"-";"+";"+";"+";"§être§un remake "
"632";"+";"+";"-";"-";"<E>";" être";"un";"remplaçant";"+";"+";"+";"-";"-";"-";"+";"+";"+";"+";"§être§un remplaçant "
"633";"-";"+";"-";"-";"<E>";" être";"un";"repaire";"-";"+";"+";"-";"-";"-";"-";"-";"+";"+";"§être§un repaire "
"634";"+";"+";"-";"-";"<E>";" être";"une";"réplique";"-";"+";"+";"-";"-";"-";"+";"+";"+";"+";"§être§une réplique "
"635";"-";"+";"-";"-";"<E>";" être";"un";"réservoir";"+";"+";"+";"-";"-";"-";"-";"+";"-";"+";"§être§un réservoir "
"636";"-";"+";"-";"-";"<E>";" être";"un non-";"respect";"-";"-";"+";"-";"-";"-";"+";"+";"-";"-";"§être§un non-respect "
"637";"+";"-";"+";"-";"<E>";" être";"un";"responsable";"-";"+";"+";"-";"-";"-";"+";"+";"+";"+";"§être§un responsable "
"638";"+";"-";"-";"-";"<E>";" être";"un";"ressortissant";"-";"-";"+";"-";"-";"-";"-";"+";"+";"-";"§être§un ressortissant "
"639";"-";"+";"-";"-";"<E>";" être";"la dernière";"ressource";"-";"+";"-";"-";"-";"-";"+";"-";"-";"+";"§être§la dernière ressource "
"640";"-";"+";"-";"-";"<E>";" être";"la seule";"ressource";"-";"+";"-";"-";"-";"-";"+";"-";"-";"+";"§être§la seule ressource "
"641";"-";"+";"-";"-";"<E>";" être";"l'unique";"ressource";"-";"+";"-";"-";"-";"-";"+";"-";"-";"+";"§être§l'unique ressource "
"642";"-";"+";"-";"-";"<E>";" être";"un";"reste";"-";"-";"+";"-";"-";"-";"-";"+";"-";"+";"§être§un reste "
"643";"-";"+";"-";"-";"<E>";" être";"un beau";"reste";"+";"+";"+";"-";"-";"-";"-";"+";"-";"+";"§être§un beau reste "
"644";"-";"+";"-";"-";"<E>";" être";"les";"restes";"-";"+";"-";"-";"-";"-";"+";"+";"-";"-";"§être§les restes "
"645";"-";"+";"-";"-";"<E>";" être";"le";"revers de la médaille";"-";"-";"+";"-";"-";"-";"-";"-";"+";"-";"§être§le revers de la médaille "
"646";"+";"+";"-";"-";"<E>";" être";"la";"risée";"-";"+";"-";"-";"-";"-";"-";"+";"-";"-";"§être§la risée "
"647";"-";"+";"-";"-";"<E>";" être";"le";"roi";"-";"-";"+";"-";"-";"-";"-";"-";"-";"-";"§être§le roi "
"648";"+";"-";"-";"-";"<E>";" être";"le";"roi";"+";"+";"+";"-";"-";"-";"-";"+";"-";"-";"§être§le roi "
"649";"+";"-";"-";"-";"<E>";" être";"le";"roi";"-";"-";"+";"-";"-";"-";"-";"-";"-";"-";"§être§le roi "
"650";"+";"-";"-";"-";"<E>";" être";"un";"rouage";"-";"+";"-";"-";"-";"-";"-";"+";"+";"+";"§être§un rouage "
"651";"-";"+";"-";"-";"<E>";" être";"la";"ruine";"+";"+";"+";"-";"-";"-";"+";"+";"+";"-";"§être§la ruine "
"652";"+";"+";"-";"-";"<E>";" être";"la";"rumeur";"-";"+";"-";"-";"-";"-";"-";"+";"-";"-";"§être§la rumeur "
"653";"-";"+";"-";"-";"<E>";" être";"une";"salade";"+";"-";"+";"-";"-";"-";"-";"+";"-";"-";"§être§une salade "
"654";"+";"-";"+";"-";"<E>";" être";"le";"sang du sang";"-";"+";"-";"-";"-";"-";"+";"-";"-";"-";"§être§le sang du sang "
"655";"+";"-";"-";"-";"<E>";" être";"un";"sectateur";"-";"-";"+";"-";"-";"-";"-";"+";"-";"+";"§être§un sectateur "
"656";"+";"-";"-";"-";"<E>";" être";"le";"seigneur et maître";"-";"+";"-";"-";"-";"-";"+";"-";"+";"+";"§être§le seigneur et maître "
"657";"-";"+";"-";"-";"<E>";" être";"un";"semblant";"-";"-";"+";"-";"-";"-";"-";"+";"-";"-";"§être§un semblant "
"658";"-";"+";"-";"-";"<E>";" être";"le";"sentiment";"-";"+";"-";"-";"-";"-";"+";"-";"-";"-";"§être§le sentiment "
"659";"-";"+";"-";"-";"<E>";" être";"les six";"septièmes";"-";"-";"+";"-";"-";"-";"-";"-";"-";"-";"§être§les six septièmes "
"660";"-";"+";"-";"-";"<E>";" être";"le";"serpent de mer";"-";"-";"+";"-";"-";"-";"+";"+";"+";"+";"§être§le serpent de mer "
"661";"+";"-";"-";"-";"<E>";" être";"le";"serviteur";"-";"+";"-";"-";"-";"-";"-";"+";"-";"-";"§être§le serviteur "
"662";"-";"+";"-";"-";"<E>";" être";"le";"siège";"-";"-";"+";"-";"-";"-";"-";"+";"-";"+";"§être§le siège "
"663";"-";"+";"-";"-";"<E>";" être";"<E>";"signe";"-";"-";"+";"+";"-";"-";"-";"+";"-";"-";"§être§signe "
"664";"-";"+";"-";"-";"<E>";" être";"un";"signe";"-";"-";"+";"+";"-";"-";"-";"+";"-";"-";"§être§un signe "
"665";"-";"+";"-";"-";"<E>";" être";"un";"signe avant-coureur";"-";"-";"+";"+";"-";"-";"-";"+";"-";"-";"§être§un signe avant-coureur "
"666";"-";"+";"-";"-";"<E>";" être";"un";"signe précurseur";"-";"-";"+";"+";"-";"-";"-";"+";"-";"-";"§être§un signe précurseur "
"667";"-";"+";"-";"-";"<E>";" être";"un";"signe tangible";"-";"-";"+";"+";"-";"-";"-";"+";"-";"-";"§être§un signe tangible "
"668";"+";"-";"-";"-";"<E>";" être";"une";"soeur";"-";"+";"-";"-";"-";"-";"+";"-";"-";"+";"§être§une soeur "
"669";"+";"-";"-";"-";"<E>";" être";"une belle-";"soeur";"-";"+";"-";"-";"-";"-";"+";"-";"-";"+";"§être§une belle-soeur "
"670";"+";"-";"-";"-";"<E>";" être";"une grande";"soeur";"-";"+";"-";"-";"-";"-";"+";"-";"-";"+";"§être§une grande soeur "
"671";"+";"-";"-";"-";"<E>";" être";"une petite";"soeur";"-";"+";"-";"-";"-";"-";"+";"-";"-";"+";"§être§une petite soeur "
"672";"+";"-";"-";"-";"<E>";" être";"une";"soeur aînée";"-";"+";"-";"-";"-";"-";"+";"-";"-";"+";"§être§une soeur aînée "
"673";"+";"-";"-";"-";"<E>";" être";"une";"soeur cadette";"-";"+";"-";"-";"-";"-";"+";"-";"-";"+";"§être§une soeur cadette "
"674";"+";"-";"-";"-";"<E>";" être";"une";"soeur de lait";"-";"+";"-";"-";"-";"-";"+";"-";"-";"+";"§être§une soeur de lait "
"675";"+";"-";"-";"-";"<E>";" être";"une";"soeur jumelle";"-";"+";"-";"-";"-";"-";"+";"-";"-";"+";"§être§une soeur jumelle "
"676";"-";"+";"-";"-";"<E>";" être";"le";"soir de garde";"-";"+";"-";"-";"-";"-";"+";"-";"+";"+";"§être§le soir de garde "
"677";"-";"+";"-";"-";"<E>";" être";"le";"sommet";"-";"-";"+";"-";"-";"-";"+";"+";"+";"-";"§être§le sommet "
"678";"-";"+";"-";"-";"<E>";" être";"le";"sort";"-";"+";"+";"-";"-";"-";"+";"+";"-";"-";"§être§le sort "
"679";"+";"-";"-";"-";"<E>";" être";"le";"sosie";"-";"+";"-";"-";"-";"-";"+";"+";"+";"+";"§être§le sosie "
"680";"-";"+";"-";"-";"<E>";" être";"un";"soubassement";"-";"-";"+";"-";"-";"-";"-";"+";"+";"+";"§être§un soubassement "
"681";"-";"+";"-";"-";"<E>";" être";"un";"souci";"-";"+";"-";"-";"-";"-";"+";"-";"+";"+";"§être§un souci "
"682";"-";"+";"-";"-";"<E>";" être";"un";"souci constant";"-";"+";"-";"-";"-";"-";"+";"-";"+";"+";"§être§un souci constant "
"683";"-";"+";"-";"-";"<E>";" être";"le";"souci numéro un";"-";"+";"-";"-";"-";"-";"+";"-";"+";"+";"§être§le souci numéro un "
"684";"+";"+";"-";"-";"<E>";" être";"le moindre des";"soucis";"-";"+";"-";"-";"-";"-";"+";"-";"-";"-";"§être§le moindre des soucis "
"685";"+";"-";"-";"-";"<E>";" être";"le";"souffre-douleur";"-";"+";"-";"-";"-";"-";"+";"-";"+";"+";"§être§le souffre-douleur "
"686";"+";"+";"-";"-";"<E>";" être";"une";"source";"-";"-";"+";"-";"-";"-";"-";"+";"-";"-";"§être§une source "
"687";"-";"+";"-";"-";"<E>";" être";"un";"souvenir de guerre";"+";"+";"-";"-";"-";"-";"-";"-";"+";"+";"§être§un souvenir de guerre "
"688";"-";"+";"-";"-";"<E>";" être";"un";"souvenir d'enfance";"+";"+";"-";"-";"-";"-";"-";"-";"+";"+";"§être§un souvenir d'enfance "
"689";"+";"-";"-";"-";"<E>";" être";"un";"spécialiste incontesté";"+";"-";"+";"-";"-";"-";"-";"+";"-";"-";"§être§un spécialiste incontesté "
"690";"+";"-";"-";"-";"<E>";" être";"une";"splendeur";"+";"+";"-";"-";"-";"-";"-";"-";"-";"-";"§être§une splendeur "
"691";"-";"+";"-";"-";"<E>";" être";"le";"sport favori";"-";"+";"-";"-";"-";"-";"+";"-";"-";"+";"§être§le sport favori "
"692";"+";"-";"-";"-";"<E>";" être";"le";"subordonné";"-";"+";"+";"-";"-";"-";"+";"+";"+";"+";"§être§le subordonné "
"693";"+";"+";"-";"-";"<E>";" être";"un";"substitut";"+";"+";"+";"-";"-";"-";"+";"+";"+";"+";"§être§un substitut "
"694";"+";"-";"-";"-";"<E>";" être";"le";"successeur";"-";"+";"-";"-";"-";"-";"+";"+";"-";"-";"§être§le successeur "
"695";"+";"-";"-";"-";"<E>";" être";"le digne";"successeur";"-";"+";"-";"-";"-";"-";"+";"+";"-";"-";"§être§le digne successeur "
"696";"-";"+";"-";"-";"<E>";" être";"une";"succession";"-";"-";"+";"-";"-";"-";"-";"+";"-";"-";"§être§une succession "
"697";"-";"+";"-";"-";"<E>";" être";"la";"suite";"-";"-";"+";"-";"-";"-";"-";"+";"-";"-";"§être§la suite "
"698";"-";"+";"-";"-";"<E>";" être";"une";"suite";"-";"-";"+";"-";"-";"-";"-";"+";"-";"-";"§être§une suite "
"699";"-";"+";"-";"-";"<E>";" être";"une";"suite logique";"-";"-";"+";"+";"+";"-";"+";"+";"+";"+";"§être§une suite logique "
"700";"-";"+";"-";"-";"<E>";" être";"le";"sujet";"-";"-";"+";"-";"-";"-";"-";"+";"-";"+";"§être§le sujet "
"701";"+";"-";"-";"-";"<E>";" être";"un";"sujet";"-";"+";"+";"-";"-";"-";"-";"-";"+";"+";"§être§un sujet "
"702";"+";"-";"-";"-";"<E>";" être";"le";"supérieur";"-";"+";"+";"-";"-";"-";"+";"+";"+";"+";"§être§le supérieur "
"703";"+";"-";"-";"-";"<E>";" être";"le";"supérieur direct";"-";"+";"+";"-";"-";"-";"+";"+";"+";"+";"§être§le supérieur direct "
"704";"+";"-";"-";"-";"<E>";" être";"le";"supérieur hiérarchique";"-";"+";"+";"-";"-";"-";"+";"+";"+";"+";"§être§le supérieur hiérarchique "
"705";"-";"+";"-";"-";"<E>";" être";"la";"surprise de la vie";"-";"+";"-";"-";"-";"-";"+";"-";"-";"-";"§être§la surprise de la vie "
"706";"-";"+";"-";"-";"<E>";" être";"le";"symétrique";"-";"+";"+";"-";"-";"-";"+";"+";"+";"+";"§être§le symétrique "
"707";"-";"+";"-";"-";"<E>";" être";"un";"tableau";"-";"+";"+";"-";"-";"-";"-";"+";"-";"-";"§être§un tableau "
"708";"+";"-";"-";"-";"<E>";" être";"une";"tante";"-";"+";"-";"-";"-";"-";"+";"-";"-";"+";"§être§une tante "
"709";"+";"-";"-";"-";"<E>";" être";"une grand";"tante";"-";"+";"-";"-";"-";"-";"+";"-";"-";"+";"§être§une grand tante "
"710";"+";"-";"-";"-";"<E>";" être";"une grande";"tante";"-";"+";"-";"-";"-";"-";"+";"-";"-";"+";"§être§une grande tante "
"711";"+";"-";"-";"-";"<E>";" être";"une";"tante éloignée";"-";"+";"-";"-";"-";"-";"+";"-";"-";"+";"§être§une tante éloignée "
"712";"+";"-";"-";"-";"<E>";" être";"une";"tante maternelle";"-";"+";"-";"-";"-";"-";"+";"-";"-";"+";"§être§une tante maternelle "
"713";"+";"-";"-";"-";"<E>";" être";"une";"tante paternelle";"-";"+";"-";"-";"-";"-";"+";"-";"-";"+";"§être§une tante paternelle "
"714";"-";"+";"-";"+";"n'";" être pas";"la";"tasse de thé";"-";"+";"-";"-";"-";"-";"+";"-";"-";"-";"§n'est pas§la tasse de thé "
"715";"+";"-";"-";"-";"<E>";" être";"une";"tata";"-";"+";"-";"-";"-";"-";"+";"-";"-";"+";"§être§une tata "
"716";"-";"+";"-";"-";"<E>";" être";"un";"témoignage";"+";"-";"+";"-";"-";"-";"-";"+";"-";"-";"§être§un témoignage "
"717";"+";"-";"-";"-";"<E>";" être";"<E>";"témoin";"-";"-";"+";"+";"-";"-";"-";"+";"-";"-";"§être§témoin "
"718";"+";"+";"-";"-";"<E>";" être";"un";"témoin";"-";"-";"+";"-";"-";"-";"-";"+";"+";"+";"§être§un témoin "
"719";"+";"-";"-";"-";"<E>";" être";"un";"témoin privilégié";"-";"-";"+";"-";"-";"-";"-";"+";"+";"+";"§être§un témoin privilégié "
"720";"-";"+";"-";"-";"<E>";" être";"un";"temps fort";"+";"-";"+";"-";"-";"-";"+";"+";"+";"+";"§être§un temps fort "
"721";"+";"-";"-";"-";"<E>";" être";"un";"tenant";"-";"+";"+";"-";"-";"-";"-";"+";"-";"+";"§être§un tenant "
"722";"-";"+";"-";"-";"<E>";" être";"la";"terre des ancêtres";"-";"+";"-";"-";"-";"-";"+";"-";"+";"+";"§être§la terre des ancêtres "
"723";"-";"+";"-";"-";"<E>";" être";"la";"terre natale";"-";"+";"-";"-";"-";"-";"+";"-";"+";"+";"§être§la terre natale "
"724";"+";"+";"-";"-";"<E>";" être";"la";"terreur";"-";"+";"-";"-";"-";"-";"+";"-";"+";"-";"§être§la terreur "
"725";"+";"-";"+";"-";"<E>";" être";"une";"tête";"-";"+";"+";"-";"-";"-";"+";"+";"+";"+";"§être§une tête "
"726";"+";"-";"-";"-";"<E>";" être";"une";"tête d'affiche";"+";"-";"+";"-";"-";"-";"-";"+";"+";"+";"§être§une tête d'affiche "
"727";"+";"-";"-";"-";"<E>";" être";"la";"tête de Turc";"-";"+";"-";"-";"-";"-";"+";"+";"+";"+";"§être§la tête de Turc "
"728";"-";"+";"-";"-";"<E>";" être";"le";"théâtre";"-";"-";"+";"-";"-";"-";"-";"+";"-";"-";"§être§le théâtre "
"729";"-";"+";"-";"-";"<E>";" être";"un";"thème";"-";"-";"+";"-";"-";"-";"-";"+";"+";"+";"§être§un thème "
"730";"-";"+";"-";"-";"<E>";" être";"un";"thème récurrent dans l'oeuvre";"-";"+";"-";"-";"-";"-";"+";"-";"+";"-";"§être§un thème récurrent dans l'oeuvre "
"731";"-";"+";"-";"-";"<E>";" être";"une";"théorie";"+";"+";"+";"-";"-";"-";"-";"+";"+";"+";"§être§une théorie "
"732";"-";"+";"-";"-";"<E>";" être";"un";"thermomètre";"-";"-";"+";"-";"-";"-";"-";"+";"+";"+";"§être§un thermomètre "
"733";"-";"+";"-";"-";"<E>";" être";"le";"tiers";"-";"-";"+";"-";"-";"-";"-";"-";"-";"-";"§être§le tiers "
"734";"-";"+";"-";"-";"<E>";" être";"les deux";"tiers";"-";"-";"+";"-";"-";"-";"-";"-";"-";"-";"§être§les deux tiers "
"735";"-";"+";"-";"-";"<E>";" être";"un";"tissu";"-";"-";"+";"-";"-";"-";"-";"+";"-";"-";"§être§un tissu "
"736";"-";"+";"-";"-";"<E>";" être";"la";"toile de fond";"-";"-";"+";"-";"-";"-";"+";"+";"-";"+";"§être§la toile de fond "
"737";"+";"-";"-";"-";"<E>";" être";"un";"tonton";"-";"+";"-";"-";"-";"-";"+";"-";"-";"+";"§être§un tonton "
"738";"+";"-";"-";"-";"<E>";" être";"un";"toqué";"-";"+";"+";"-";"-";"-";"-";"+";"-";"+";"§être§un toqué "
"739";"-";"+";"-";"-";"<E>";" être";"le";"tour";"-";"+";"-";"-";"-";"-";"+";"-";"-";"-";"§être§le tour "
"740";"-";"+";"-";"-";"<E>";" être";"un";"tournant de la vie";"-";"+";"-";"-";"-";"-";"-";"+";"+";"-";"§être§un tournant de la vie "
"741";"-";"+";"-";"-";"<E>";" être";"un";"tournant de l'histoire";"-";"+";"-";"-";"-";"-";"-";"+";"+";"-";"§être§un tournant de l'histoire "
"742";"-";"+";"-";"-";"<E>";" être";"la";"tournée";"-";"+";"-";"-";"-";"-";"+";"-";"-";"-";"§être§la tournée "
"743";"-";"+";"-";"-";"<E>";" être";"une";"trace";"+";"-";"+";"+";"-";"-";"-";"+";"-";"-";"§être§une trace "
"744";"+";"+";"-";"-";"<E>";" être";"un";"trésor";"-";"-";"+";"-";"-";"-";"-";"+";"-";"-";"§être§un trésor "
"745";"-";"+";"-";"-";"<E>";" être";"le";"triple";"-";"-";"+";"-";"-";"-";"-";"-";"-";"-";"§être§le triple "
"746";"-";"+";"-";"+";"n'";" être pas";"le";"truc";"-";"+";"-";"-";"-";"-";"+";"-";"-";"-";"§n'est pas§le truc "
"747";"+";"-";"-";"-";"<E>";" être";"le";"tuteur";"-";"+";"-";"-";"-";"-";"+";"+";"+";"+";"§être§le tuteur "
"748";"+";"-";"-";"-";"<E>";" être";"le";"tuteur légal";"-";"+";"-";"-";"-";"-";"+";"+";"+";"+";"§être§le tuteur légal "
"749";"+";"-";"-";"-";"<E>";" être";"le";"type";"-";"+";"-";"-";"-";"-";"+";"-";"-";"+";"§être§le type "
"750";"-";"+";"-";"-";"<E>";" être";"un";"type";"-";"-";"+";"-";"-";"-";"-";"+";"-";"+";"§être§un type "
"751";"+";"-";"-";"-";"<E>";" être";"le";"type même";"-";"+";"-";"-";"-";"-";"-";"-";"-";"-";"§être§le type même "
"752";"+";"-";"-";"-";"<E>";" être";"le";"valet";"-";"+";"+";"-";"-";"-";"+";"+";"+";"+";"§être§le valet "
"753";"+";"-";"-";"-";"<E>";" être";"le";"vassal";"-";"+";"+";"-";"-";"-";"+";"+";"+";"+";"§être§le vassal "
"754";"+";"-";"-";"-";"<E>";" être";"<E>";"vendeur";"+";"-";"+";"-";"-";"-";"-";"+";"-";"+";"§être§vendeur "
"755";"+";"-";"-";"-";"<E>";" être";"un nouveau";"venu";"-";"-";"+";"-";"-";"-";"-";"-";"+";"+";"§être§un nouveau venu "
"756";"+";"-";"-";"-";"<E>";" être";"le dernier";"venu";"-";"+";"+";"-";"-";"-";"-";"-";"-";"-";"§être§le dernier venu "
"757";"+";"+";"-";"-";"<E>";" être";"une";"vérole";"-";"+";"+";"-";"-";"-";"-";"-";"-";"-";"§être§une vérole "
"758";"-";"+";"-";"-";"<E>";" être";"un";"vestige";"+";"-";"+";"-";"-";"-";"-";"+";"-";"+";"§être§un vestige "
"759";"+";"-";"-";"-";"<E>";" être";"un";"vétéran";"+";"-";"+";"-";"-";"-";"-";"-";"-";"-";"§être§un vétéran "
"760";"+";"-";"-";"-";"<E>";" être";"la";"veuve";"-";"+";"-";"-";"-";"-";"+";"-";"-";"+";"§être§la veuve "
"761";"-";"+";"-";"-";"<E>";" être";"de la";"viande";"-";"-";"+";"-";"-";"-";"-";"-";"-";"-";"§être§de la viande "
"762";"+";"+";"-";"-";"<E>";" être";"<E>";"victime";"-";"+";"+";"-";"-";"+";"-";"+";"-";"-";"§être§victime "
"763";"+";"-";"-";"-";"<E>";" être";"la";"victime";"-";"+";"+";"-";"-";"-";"+";"+";"+";"+";"§être§la victime "
"764";"-";"+";"-";"-";"<E>";" être";"la";"vie";"-";"+";"-";"-";"-";"-";"+";"-";"-";"-";"§être§la vie "
"765";"-";"+";"-";"-";"<E>";" être";"la";"vie quotidienne";"-";"+";"-";"-";"-";"-";"+";"-";"-";"-";"§être§la vie quotidienne "
"766";"-";"+";"-";"-";"<E>";" être";"le";"village natal";"-";"+";"-";"-";"-";"-";"+";"-";"+";"+";"§être§le village natal "
"767";"-";"+";"-";"-";"<E>";" être";"la";"ville natale";"-";"+";"-";"-";"-";"-";"+";"-";"+";"+";"§être§la ville natale "
"768";"+";"-";"-";"-";"<E>";" être";"le";"vis-à-vis";"-";"+";"-";"-";"-";"-";"+";"+";"-";"+";"§être§le vis-à-vis "
"769";"-";"+";"-";"-";"<E>";" être";"une";"vision";"+";"-";"+";"-";"-";"-";"-";"+";"-";"-";"§être§une vision "
"770";"-";"+";"-";"-";"<E>";" être";"une";"vision des choses";"+";"-";"+";"-";"-";"-";"-";"+";"-";"-";"§être§une vision des choses "
"771";"-";"+";"-";"-";"<E>";" être";"un";"vivier";"-";"-";"+";"-";"-";"-";"-";"+";"-";"+";"§être§un vivier "
"772";"+";"-";"-";"-";"<E>";" être";"le";"voisin d'appartement";"+";"+";"+";"-";"-";"-";"-";"+";"+";"+";"§être§le voisin d'appartement "
"773";"+";"-";"-";"-";"<E>";" être";"le";"voisin de palier";"+";"+";"+";"-";"-";"-";"-";"+";"+";"+";"§être§le voisin de palier "
"774";"+";"-";"-";"-";"<E>";" être";"le";"voisin d'en face";"+";"+";"+";"-";"-";"-";"-";"+";"+";"+";"§être§le voisin d'en face "
"775";"+";"-";"-";"-";"<E>";" être";"le";"voisin d'immeuble";"+";"+";"+";"-";"-";"-";"-";"+";"+";"+";"§être§le voisin d'immeuble "
"776";"+";"-";"-";"-";"<E>";" être";"le";"voisin du dessous";"+";"+";"+";"-";"-";"-";"-";"+";"+";"+";"§être§le voisin du dessous "
"777";"+";"-";"-";"-";"<E>";" être";"le";"voisin du dessus";"+";"+";"+";"-";"-";"-";"-";"+";"+";"+";"§être§le voisin du dessus "
"778";"-";"+";"-";"-";"<E>";" être";"un";"volet";"-";"-";"+";"-";"-";"-";"-";"+";"-";"-";"§être§un volet "
"779";"-";"+";"-";"-";"<E>";" être";"le bon";"vouloir";"-";"-";"-";"-";"-";"-";"-";"+";"-";"+";"§être§le bon vouloir "
"780";"-";"+";"-";"-";"<E>";" être";"le mauvais";"vouloir";"-";"-";"-";"-";"-";"-";"-";"+";"-";"+";"§être§le mauvais vouloir "
"781";"-";"+";"-";"-";"<E>";" être";"une";"xérox";"+";"-";"+";"-";"-";"-";"-";"+";"-";"-";"§être§une xérox "
