"<ID>";"N0 =: Nhum";"N0 =: N-hum";"N0 =: Qu P";"Ppv =: en figé";"Ppv =: y figé";"Ppv =: Neg";"<ENT>Ppv";"<ENT><être>";"<ENT>Prép1";"<ENT>Det1";"<ENT>C1";"x1";"Exemple"
"1";"+";"+";"-";"-";"-";"-";"<E>";"être";"à";"le";"5692";"-";"§être§au 5692 "
"2";"-";"+";"-";"-";"-";"-";"<E>";"être";"à";"le";"abandon";"-";"§être§à l'abandon "
"3";"+";"-";"-";"-";"-";"-";"<E>";"être";"à";"le";"abattoir";"-";"§être§à l'abattoir "
"4";"+";"-";"-";"-";"-";"-";"<E>";"être";"à";"les";"abois";"-";"§être§aux abois "
"5";"+";"-";"-";"-";"-";"-";"<E>";"être";"à";"le";"abordage";"+";"§être§à l'abordage "
"6";"+";"-";"-";"-";"-";"-";"<E>";"être";"dans";"la";"administration";"-";"§être§dans l'administration "
"7";"+";"-";"-";"-";"-";"-";"<E>";"être";"dans";"la";"adversité";"-";"§être§dans l'adversité "
"8";"+";"-";"-";"-";"-";"-";"<E>";"être";"à";"Poss0";"affaire";"-";"§être§à son affaire "
"9";"+";"-";"-";"-";"-";"-";"<E>";"être";"sur";"une";"affaire";"-";"§être§sur une affaire "
"10";"+";"-";"-";"-";"-";"-";"<E>";"être";"à";"les";"affaires";"-";"§être§aux affaires "
"11";"+";"-";"-";"-";"-";"-";"<E>";"être";"dans";"les";"affaires";"-";"§être§dans les affaires "
"12";"+";"-";"-";"-";"-";"-";"<E>";"être";"dans";"la";"affliction";"-";"§être§dans l'affliction "
"13";"+";"-";"-";"-";"-";"-";"<E>";"être";"à";"le";"affût";"+";"§être§à l'affût "
"14";"-";"+";"+";"-";"-";"-";"<E>";"être";"de";"Poss0c";"âge";"-";"§être§de son âge "
"15";"-";"+";"+";"-";"-";"+";"n'";"être plus";"de";"Poss0c";"âge";"-";"§n'est plus§de son âge "
"16";"-";"+";"+";"-";"-";"-";"<E>";"être";"de";"tous les";"âges";"-";"§être§de tous les âges "
"17";"+";"-";"-";"-";"-";"-";"<E>";"être";"à";"la";"agonie";"-";"§être§à l'agonie "
"18";"+";"-";"-";"-";"-";"-";"<E>";"être";"à";"les";"agrès";"-";"§être§aux agrès "
"19";"+";"-";"-";"-";"-";"-";"<E>";"être";"à";"les";"aguets";"-";"§être§aux aguets "
"20";"+";"+";"+";"-";"-";"-";"<E>";"être";"de";"une certaine";"aide";"-";"§être§d'une certaine aide "
"21";"-";"+";"-";"-";"-";"-";"<E>";"être";"dans";"les";"aigus";"-";"§être§dans les aigus "
"22";"-";"+";"-";"-";"-";"-";"<E>";"être";"à";"le";"ail";"-";"§être§à l'ail "
"23";"-";"+";"+";"-";"-";"-";"<E>";"être";"dans";"le";"air";"-";"§être§dans l'air "
"24";"+";"+";"-";"-";"-";"-";"<E>";"être";"en";"le";"air";"-";"§être§en l'air "
"25";"-";"+";"-";"-";"-";"-";"<E>";"être";"en";"le";"air";"-";"§être§en l'air "
"26";"+";"+";"-";"-";"-";"-";"<E>";"être";"dans";"les";"airs";"-";"§être§dans les airs "
"27";"+";"-";"-";"-";"-";"-";"<E>";"être";"dans";"la";"aisance";"-";"§être§dans l'aisance "
"28";"+";"-";"-";"-";"-";"-";"<E>";"être";"à";"Poss0";"aise";"-";"§être§à son aise "
"29";"+";"-";"-";"-";"-";"-";"<E>";"être";"à";"la";"aise";"-";"§être§à l'aise "
"30";"+";"-";"-";"-";"-";"-";"<E>";"être";"à";"la";"aise";"-";"§être§à l'aise "
"31";"+";"-";"-";"-";"-";"-";"<E>";"être";"à";"la";"aise";"-";"§être§à l'aise "
"32";"+";"-";"-";"-";"-";"-";"<E>";"être";"dans";"la";"alimentation";"-";"§être§dans l'alimentation "
"33";"+";"+";"-";"-";"-";"-";"<E>";"être";"à";"une certaine";"allure";"-";"§être§à une certaine allure "
"34";"+";"+";"-";"-";"-";"-";"<E>";"être";"à";"une certaine";"altitude";"-";"§être§à une certaine altitude "
"35";"+";"+";"-";"-";"-";"-";"<E>";"être";"à";"une certaine";"altitude";"-";"§être§à une certaine altitude "
"36";"+";"-";"-";"-";"-";"-";"<E>";"être";"à";"le";"alto";"-";"§être§à l'alto "
"37";"-";"+";"-";"-";"-";"-";"<E>";"être";"à";"la";"amarre";"-";"§être§à l'amarre "
"38";"-";"+";"-";"-";"-";"-";"<E>";"être";"à";"les";"amarres";"-";"§être§aux amarres "
"39";"+";"-";"-";"-";"-";"-";"<E>";"être";"dans";"la";"ambiance";"-";"§être§dans l'ambiance "
"40";"+";"-";"-";"-";"-";"-";"<E>";"être";"à";"la";"amende";"-";"§être§à l'amende "
"41";"-";"+";"+";"-";"-";"-";"<E>";"être";"pour";"dans un";"an";"-";"§être§pour dans un an "
"42";"-";"+";"-";"-";"-";"-";"<E>";"être";"à";"la";"ancienne";"-";"§être§à l'ancienne "
"43";"-";"+";"-";"-";"-";"-";"<E>";"être";"à";"la";"ancre";"+";"§être§à l'ancre "
"44";"+";"-";"-";"-";"-";"-";"<E>";"être";"à";"les";"anges";"-";"§être§aux anges "
"45";"+";"-";"-";"-";"-";"-";"<E>";"être";"à";"les";"anneaux";"+";"§être§aux anneaux "
"46";"+";"-";"-";"-";"-";"-";"<E>";"être";"à";"un";"anniversaire";"+";"§être§à un anniversaire "
"47";"-";"+";"-";"-";"-";"-";"<E>";"être";"dans";"le";"Antartique";"+";"§être§dans le Antartique "
"48";"+";"-";"-";"-";"-";"-";"<E>";"être";"à";"la";"antenne";"-";"§être§à l'antenne "
"49";"+";"+";"-";"-";"-";"-";"<E>";"être";"à";"les";"Antilles";"+";"§être§aux Antilles "
"50";"-";"+";"-";"-";"-";"-";"<E>";"être";"à";"la";"antique";"-";"§être§à l'antique "
"51";"+";"-";"-";"+";"-";"-";"en";"être";"à";"le";"apéritif";"-";"§en est§à l'apéritif "
"52";"-";"+";"-";"-";"-";"-";"<E>";"être";"à";"Poss0";"apogée";"-";"§être§à son apogée "
"53";"+";"-";"-";"-";"-";"-";"<E>";"être";"à";"le";"appareil";"-";"§être§à l'appareil "
"54";"+";"-";"-";"-";"-";"-";"<E>";"être";"à";"Poss0";"appartement";"+";"§être§à son appartement "
"55";"+";"-";"-";"-";"-";"-";"<E>";"être";"dans";"Poss0";"appartement";"+";"§être§dans son appartement "
"56";"+";"-";"-";"-";"-";"-";"<E>";"être";"dans";"la";"arène";"-";"§être§dans l'arène "
"57";"+";"-";"-";"-";"-";"-";"<E>";"être";"dans";"la";"armée";"+";"§être§dans l'armée "
"58";"+";"-";"-";"-";"-";"-";"<E>";"être";"sous";"les";"armes";"-";"§être§sous les armes "
"59";"-";"+";"-";"-";"-";"-";"<E>";"être";"à";"le";"arrêt";"-";"§être§à l'arrêt "
"60";"+";"-";"-";"-";"-";"-";"<E>";"être";"à";"les";"arrêts";"-";"§être§aux arrêts "
"61";"-";"+";"-";"-";"-";"-";"<E>";"être";"dans";"le";"Artique";"-";"§être§dans le Artique "
"62";"+";"-";"-";"-";"-";"-";"<E>";"être";"dans";"le";"ascenseur";"+";"§être§dans l'ascenseur "
"63";"+";"-";"-";"-";"-";"-";"<E>";"être";"à";"le";"asile";"+";"§être§à l'asile "
"64";"+";"-";"-";"-";"-";"-";"<E>";"être";"à";"les";"asperges";"-";"§être§aux asperges "
"65";"+";"-";"-";"-";"-";"+";"n'";"être";"dans";"Poss0";"assiette";"-";"§n'est§dans son assiette "
"66";"+";"-";"-";"-";"-";"-";"<E>";"être";"dans";"la";"assistance";"+";"§être§dans l'assistance "
"67";"+";"-";"-";"-";"-";"-";"<E>";"être";"parmi";"la";"assistance";"+";"§être§parmi l'assistance "
"68";"+";"-";"-";"-";"-";"-";"<E>";"être";"dans";"les";"assuraces";"-";"§être§dans les assuraces "
"69";"+";"-";"-";"-";"-";"-";"<E>";"être";"à";"la";"assurance";"-";"§être§à l'assurance "
"70";"-";"+";"-";"-";"-";"-";"<E>";"être";"à";"le";"atelier";"+";"§être§à l'atelier "
"71";"+";"-";"-";"-";"-";"-";"<E>";"être";"à";"un";"atelier";"+";"§être§à un atelier "
"72";"+";"-";"-";"-";"-";"-";"<E>";"être";"de";"tous les";"ateliers";"-";"§être§de tous les ateliers "
"73";"+";"+";"-";"-";"-";"+";"n'";"être pas";"comme";"les";"autres";"-";"§n'est pas§comme les autres "
"74";"+";"+";"-";"-";"-";"-";"<E>";"être";"à";"Poss0";"avantage";"-";"§être§à son avantage "
"75";"+";"-";"-";"-";"-";"-";"<E>";"être";"dans";"la";"aviation";"+";"§être§dans l'aviation "
"76";"+";"+";"-";"-";"-";"-";"<E>";"être";"dans";"tous les";"azimuts";"+";"§être§dans tous les azimuts "
"77";"+";"-";"-";"-";"-";"-";"<E>";"être";"à";"le";"bagne";"+";"§être§au bagne "
"78";"+";"-";"-";"-";"-";"-";"<E>";"être";"à";"le";"bagne";"-";"§être§au bagne "
"79";"+";"+";"-";"-";"-";"-";"<E>";"être";"à";"la";"baille";"+";"§être§à la baille "
"80";"+";"-";"-";"-";"-";"-";"<E>";"être";"dans";"Poss0";"bain";"+";"§être§dans son bain "
"81";"+";"-";"-";"-";"-";"-";"<E>";"être";"dans";"le";"bain";"-";"§être§dans le bain "
"82";"+";"-";"-";"-";"-";"-";"<E>";"être";"à";"le";"bal";"+";"§être§au bal "
"83";"+";"-";"-";"-";"-";"-";"<E>";"être";"de";"la";"balade";"-";"§être§de la balade "
"84";"-";"+";"-";"+";"-";"-";"en";"être";"à";"Poss0";"balbutiements";"-";"§en est§à son balbutiements "
"85";"+";"-";"-";"-";"-";"-";"<E>";"être";"à";"Poss0";"balcon";"+";"§être§à son balcon "
"86";"+";"-";"-";"-";"-";"-";"<E>";"être";"de";"la";"bande";"-";"§être§de la bande "
"87";"+";"-";"-";"-";"-";"-";"<E>";"être";"à";"la";"banque";"+";"§être§à la banque "
"88";"-";"+";"-";"-";"-";"-";"<E>";"être";"à";"la";"banque";"+";"§être§à la banque "
"89";"+";"-";"-";"-";"-";"-";"<E>";"être";"dans";"la";"banque";"-";"§être§dans la banque "
"90";"+";"-";"-";"-";"-";"-";"<E>";"être";"à";"un";"banquet";"+";"§être§à un banquet "
"91";"+";"-";"-";"-";"-";"-";"<E>";"être";"à";"un";"baptême";"+";"§être§à un baptême "
"92";"+";"-";"-";"-";"-";"-";"<E>";"être";"de";"tous les";"baptêmes";"-";"§être§de tous les baptêmes "
"93";"+";"-";"-";"-";"-";"-";"<E>";"être";"à";"le";"bar";"+";"§être§au bar "
"94";"+";"+";"-";"-";"-";"-";"<E>";"être";"à";"la";"Barbade";"+";"§être§à la Barbade "
"95";"+";"-";"-";"-";"-";"-";"<E>";"être";"derrière";"les";"barreaux";"+";"§être§derrière les barreaux "
"96";"+";"-";"-";"-";"-";"-";"<E>";"être";"à";"la";"basse";"-";"§être§à la basse "
"97";"+";"-";"-";"-";"-";"-";"<E>";"être";"de";"le";"bâtiment";"-";"§être§du bâtiment "
"98";"+";"+";"-";"-";"-";"-";"<E>";"être";"de";"toute";"beauté";"-";"§être§de toute beauté "
"99";"+";"-";"-";"-";"-";"-";"<E>";"être";"à";"le";"bercail";"+";"§être§au bercail "
"100";"+";"-";"-";"-";"-";"-";"<E>";"être";"à";"le";"berceau";"-";"§être§au berceau "
"101";"+";"-";"-";"-";"-";"-";"<E>";"être";"dans";"le";"besoin";"-";"§être§dans le besoin "
"102";"-";"+";"-";"-";"-";"-";"<E>";"être";"à";"le";"beurre";"-";"§être§au beurre "
"103";"+";"-";"-";"-";"-";"-";"<E>";"être";"à";"la";"bière";"-";"§être§à la bière "
"104";"+";"-";"-";"-";"-";"-";"<E>";"être";"sur";"le";"billard";"+";"§être§sur le billard "
"105";"+";"-";"-";"-";"-";"-";"<E>";"être";"à";"le";"bistrot";"+";"§être§au bistrot "
"106";"+";"-";"-";"-";"-";"-";"<E>";"être";"dans";"les";"blindés";"+";"§être§dans les blindés "
"107";"+";"-";"-";"-";"-";"-";"<E>";"être";"à";"le";"bois";"-";"§être§au bois "
"108";"+";"+";"-";"-";"-";"-";"<E>";"être";"sous";"les";"bombes";"-";"§être§sous les bombes "
"109";"+";"-";"-";"-";"-";"-";"<E>";"être";"de";"tous";"bords";"-";"§être§de tous bords "
"110";"+";"-";"-";"-";"-";"-";"<E>";"être";"chez";"le";"boucher";"+";"§être§chez le boucher "
"111";"+";"-";"-";"-";"-";"-";"<E>";"être";"à";"la";"boucherie";"+";"§être§à la boucherie "
"112";"+";"-";"-";"-";"-";"-";"<E>";"être";"dans";"une";"boucle";"-";"§être§dans une boucle "
"113";"+";"-";"-";"-";"-";"-";"<E>";"être";"à";"une";"bouffe";"+";"§être§à une bouffe "
"114";"+";"-";"-";"-";"-";"-";"<E>";"être";"chez";"le";"boulanger";"+";"§être§chez le boulanger "
"115";"+";"-";"-";"-";"-";"-";"<E>";"être";"à";"la";"boulangerie";"+";"§être§à la boulangerie "
"116";"+";"-";"-";"-";"-";"-";"<E>";"être";"dans";"la";"boulangerie";"-";"§être§dans la boulangerie "
"117";"+";"-";"-";"-";"-";"-";"<E>";"être";"à";"le";"boulot";"+";"§être§au boulot "
"118";"+";"-";"-";"-";"-";"-";"<E>";"être";"à";"une";"boume";"+";"§être§à une boume "
"119";"+";"-";"-";"-";"-";"-";"<E>";"être";"de";"toutes les";"boumes";"-";"§être§de toutes les boumes "
"120";"+";"-";"-";"-";"-";"-";"<E>";"être";"à";"la";"bourre";"-";"§être§à la bourre "
"121";"-";"+";"-";"-";"-";"-";"<E>";"être";"à";"la";"bouteille";"-";"§être§à la bouteille "
"122";"+";"-";"-";"-";"-";"-";"<E>";"être";"de";"la";"boutique";"-";"§être§de la boutique "
"123";"+";"-";"-";"-";"-";"-";"<E>";"être";"sur";"un";"brancard";"+";"§être§sur un brancard "
"124";"+";"-";"-";"-";"-";"-";"<E>";"être";"sur";"la";"brèche";"-";"§être§sur la brèche "
"125";"+";"+";"-";"-";"-";"-";"<E>";"être";"dans";"le";"brouillard";"+";"§être§dans le brouillard "
"126";"+";"-";"-";"-";"-";"-";"<E>";"être";"dans";"le";"brouillard";"-";"§être§dans le brouillard "
"127";"-";"+";"-";"-";"-";"-";"<E>";"être";"à";"le";"brouillon";"-";"§être§au brouillon "
"128";"+";"+";"-";"-";"-";"-";"<E>";"être";"dans";"la";"brume";"+";"§être§dans la brume "
"129";"+";"-";"-";"-";"-";"-";"<E>";"être";"à";"Poss0";"bureau";"+";"§être§à son bureau "
"130";"+";"-";"-";"-";"-";"-";"<E>";"être";"à";"le";"bureau";"+";"§être§au bureau "
"131";"+";"-";"-";"-";"-";"-";"<E>";"être";"dans";"le";"business";"-";"§être§dans le business "
"132";"+";"-";"-";"-";"-";"-";"<E>";"être";"à";"le";"cabanon";"+";"§être§au cabanon "
"133";"+";"-";"-";"-";"-";"-";"<E>";"être";"à";"les";"cabinets";"+";"§être§aux cabinets "
"134";"+";"-";"-";"-";"-";"-";"<E>";"être";"dans";"le";"caca";"-";"§être§dans le caca "
"135";"+";"+";"-";"-";"-";"-";"<E>";"être";"à";"une certaine";"cadence";"-";"§être§à une certaine cadence "
"136";"+";"-";"-";"-";"-";"-";"<E>";"être";"à";"le";"café";"+";"§être§au café "
"137";"+";"-";"-";"-";"-";"-";"<E>";"être";"à";"le";"café";"-";"§être§au café "
"138";"+";"-";"-";"+";"-";"-";"en";"être";"à";"le";"café";"-";"§en est§au café "
"139";"+";"+";"-";"-";"-";"-";"<E>";"être";"à";"le";"calme";"+";"§être§au calme "
"140";"+";"+";"-";"-";"-";"-";"<E>";"être";"dans";"un certain";"calme";"+";"§être§dans un certain calme "
"141";"+";"+";"-";"-";"-";"-";"<E>";"être";"à";"la";"campagne";"+";"§être§à la campagne "
"142";"+";"-";"-";"-";"-";"-";"<E>";"être";"à";"la";"campagne";"+";"§être§à la campagne "
"143";"-";"+";"-";"-";"-";"-";"<E>";"être";"à";"la";"cape";"-";"§être§à la cape "
"144";"-";"+";"-";"-";"-";"-";"<E>";"être";"à";"la";"carte";"-";"§être§à la carte "
"145";"+";"+";"-";"-";"-";"-";"<E>";"être";"dans";"un certain";"cas de figure";"-";"§être§dans un certain cas de figure "
"146";"+";"-";"-";"-";"-";"-";"<E>";"être";"à";"la";"caserne";"+";"§être§à la caserne "
"147";"+";"-";"-";"-";"-";"-";"<E>";"être";"sous";"le";"casque";"-";"§être§sous le casque "
"148";"-";"+";"-";"-";"-";"-";"<E>";"être";"à";"la";"casse";"+";"§être§à la casse "
"149";"+";"-";"-";"-";"-";"-";"<E>";"être";"dans";"la";"cavalerie";"+";"§être§dans la cavalerie "
"150";"+";"+";"-";"-";"-";"-";"<E>";"être";"à";"la";"cave";"+";"§être§à la cave "
"151";"+";"-";"-";"-";"-";"-";"<E>";"être";"à";"le";"chalumeau";"-";"§être§au chalumeau "
"152";"+";"-";"-";"-";"-";"-";"<E>";"être";"à";"les";"champignons";"-";"§être§aux champignons "
"153";"+";"-";"-";"-";"-";"-";"<E>";"être";"à";"les";"champs";"+";"§être§aux champs "
"154";"-";"+";"-";"-";"-";"-";"<E>";"être";"sur";"le";"chantier";"-";"§être§sur le chantier "
"155";"+";"+";"-";"-";"-";"-";"<E>";"être";"sous";"un";"chapiteau";"+";"§être§sous un chapiteau "
"156";"+";"-";"-";"-";"-";"-";"<E>";"être";"à";"le";"charbon";"-";"§être§au charbon "
"157";"+";"-";"-";"-";"-";"-";"<E>";"être";"à";"la";"charcuterie";"+";"§être§à la charcuterie "
"158";"+";"-";"-";"-";"-";"-";"<E>";"être";"chez";"le";"charcutier";"+";"§être§chez le charcutier "
"159";"+";"-";"-";"-";"-";"-";"<E>";"être";"dans";"les";"chars";"+";"§être§dans les chars "
"160";"+";"-";"-";"-";"-";"-";"<E>";"être";"à";"la";"chasse";"+";"§être§à la chasse "
"161";"+";"+";"-";"-";"-";"-";"<E>";"être";"à";"le";"chaud";"+";"§être§au chaud "
"162";"+";"-";"-";"-";"-";"-";"<E>";"être";"sur";"les";"chemins";"+";"§être§sur les chemins "
"163";"+";"-";"-";"-";"-";"-";"<E>";"être";"sur";"Poss0";"cheval";"+";"§être§sur son cheval "
"164";"+";"-";"-";"-";"-";"-";"<E>";"être";"à";"les";"chiottes";"+";"§être§aux chiottes "
"165";"-";"+";"-";"-";"-";"-";"<E>";"être";"à";"le";"chocolat";"-";"§être§au chocolat "
"166";"+";"+";"-";"-";"-";"-";"<E>";"être";"dans";"les";"choisis";"-";"§être§dans les choisis "
"167";"+";"+";"-";"-";"-";"-";"<E>";"être";"parmi";"les";"choisis";"-";"§être§parmi les choisis "
"168";"+";"-";"-";"-";"-";"-";"<E>";"être";"à";"le";"chômage";"-";"§être§au chômage "
"169";"+";"-";"-";"-";"-";"-";"<E>";"être";"dans";"les";"choux";"-";"§être§dans les choux "
"170";"+";"-";"-";"-";"-";"-";"<E>";"être";"à";"le";"ciel";"-";"§être§au ciel "
"171";"+";"-";"-";"-";"-";"-";"<E>";"être";"à";"le";"ciel";"-";"§être§au ciel "
"172";"+";"-";"-";"-";"-";"-";"<E>";"être";"à";"les";"cieux";"-";"§être§aux cieux "
"173";"+";"-";"-";"-";"-";"-";"<E>";"être";"dans";"les";"cieux";"-";"§être§dans les cieux "
"174";"-";"+";"-";"-";"-";"-";"<E>";"être";"dans";"les";"cieux";"-";"§être§dans les cieux "
"175";"+";"+";"-";"-";"-";"-";"<E>";"être";"à";"le";"cimetière";"+";"§être§au cimetière "
"176";"+";"-";"-";"-";"-";"-";"<E>";"être";"à";"le";"cimetière";"+";"§être§au cimetière "
"177";"+";"-";"-";"-";"-";"-";"<E>";"être";"à";"le";"ciné";"+";"§être§au ciné "
"178";"+";"-";"-";"-";"-";"-";"<E>";"être";"à";"le";"cinéma";"+";"§être§au cinéma "
"179";"+";"-";"-";"-";"-";"-";"<E>";"être";"à";"le";"cinoche";"+";"§être§au cinoche "
"180";"+";"-";"-";"-";"-";"-";"<E>";"être";"dans";"la";"cinquantaine";"-";"§être§dans la cinquantaine "
"181";"+";"-";"-";"-";"-";"-";"<E>";"être";"dans";"le";"cirage";"-";"§être§dans le cirage "
"182";"+";"+";"-";"-";"-";"-";"<E>";"être";"dans";"certaines";"circonstances";"-";"§être§dans certaines circonstances "
"183";"+";"-";"-";"-";"-";"-";"<E>";"être";"dans";"le";"circuit";"-";"§être§dans le circuit "
"184";"+";"-";"-";"-";"-";"-";"<E>";"être";"hors de";"le";"circuit";"-";"§être§hors du circuit "
"185";"+";"+";"-";"-";"-";"-";"<E>";"être";"dans";"un";"circuit";"-";"§être§dans un circuit "
"186";"+";"-";"-";"-";"-";"-";"<E>";"être";"sur";"une";"civière";"+";"§être§sur une civière "
"187";"+";"-";"-";"-";"-";"-";"<E>";"être";"dans";"le";"civil";"-";"§être§dans le civil "
"188";"+";"+";"-";"-";"-";"-";"<E>";"être";"à";"le";"clair";"-";"§être§au clair "
"189";"+";"+";"-";"-";"-";"-";"<E>";"être";"dans";"la";"clandestinité";"-";"§être§dans la clandestinité "
"190";"+";"-";"-";"-";"-";"-";"<E>";"être";"à";"la";"clarinette";"-";"§être§à la clarinette "
"191";"+";"-";"-";"-";"-";"-";"<E>";"être";"à";"la";"clarinette";"-";"§être§à la clarinette "
"192";"+";"+";"-";"-";"-";"-";"<E>";"être";"de";"une certaine";"classe";"-";"§être§d'une certaine classe "
"193";"-";"+";"+";"-";"-";"-";"<E>";"être";"à";"la";"clé";"-";"§être§à la clé "
"194";"-";"+";"+";"-";"-";"-";"<E>";"être";"à";"la";"clef";"-";"§être§à la clef "
"195";"+";"-";"-";"-";"-";"-";"<E>";"être";"à";"la";"clinique";"+";"§être§à la clinique "
"196";"+";"-";"-";"-";"-";"-";"<E>";"être";"à";"la";"cloche";"-";"§être§à la cloche "
"197";"-";"+";"-";"-";"-";"-";"<E>";"être";"à";"le";"clou";"+";"§être§au clou "
"198";"+";"-";"-";"-";"-";"-";"<E>";"être";"à";"un";"cocktail";"+";"§être§à un cocktail "
"199";"+";"-";"-";"-";"-";"-";"<E>";"être";"de";"tous les";"cocktails";"-";"§être§de tous les cocktails "
"200";"+";"-";"-";"-";"-";"-";"<E>";"être";"chez";"le";"coiffeur";"+";"§être§chez le coiffeur "
"201";"+";"-";"-";"-";"-";"-";"<E>";"être";"à";"le";"coin";"+";"§être§au coin "
"202";"+";"+";"-";"-";"-";"-";"<E>";"être";"dans";"le";"coin";"+";"§être§dans le coin "
"203";"+";"-";"-";"-";"-";"-";"<E>";"être";"de";"le";"coin";"-";"§être§du coin "
"204";"+";"-";"-";"-";"-";"-";"<E>";"être";"dans";"un";"collège";"+";"§être§dans un collège "
"205";"+";"-";"-";"-";"-";"-";"<E>";"être";"à";"le";"collège";"+";"§être§au collège "
"206";"+";"-";"-";"-";"-";"-";"<E>";"être";"à";"un";"colloque";"+";"§être§à un colloque "
"207";"+";"-";"-";"-";"-";"-";"<E>";"être";"de";"tous les";"colloques";"-";"§être§de tous les colloques "
"208";"+";"-";"-";"-";"-";"-";"<E>";"être";"à";"les";"colonies";"+";"§être§aux colonies "
"209";"+";"-";"-";"-";"-";"-";"<E>";"être";"dans";"le";"coltar";"-";"§être§dans le coltar "
"210";"-";"+";"-";"-";"-";"-";"<E>";"être";"à";"Poss0";"comble";"-";"§être§à son comble "
"211";"+";"-";"-";"-";"-";"-";"<E>";"être";"sous";"les";"combles";"+";"§être§sous les combles "
"212";"-";"+";"-";"-";"-";"-";"<E>";"être";"à";"la";"commande";"-";"§être§à la commande "
"213";"+";"-";"-";"-";"-";"-";"<E>";"être";"à";"une";"commémoration";"+";"§être§à une commémoration "
"214";"+";"-";"-";"-";"-";"-";"<E>";"être";"dans";"le";"commerce";"-";"§être§dans le commerce "
"215";"-";"+";"-";"-";"-";"-";"<E>";"être";"dans";"le";"commerce";"-";"§être§dans le commerce "
"216";"+";"-";"-";"-";"-";"-";"<E>";"être";"à";"les";"commissions";"+";"§être§aux commissions "
"217";"+";"+";"+";"-";"-";"-";"<E>";"être";"hors de";"le";"commun";"-";"§être§hors du commun "
"218";"+";"-";"-";"-";"-";"-";"<E>";"être";"à";"une";"communion";"+";"§être§à une communion "
"219";"+";"-";"-";"-";"-";"-";"<E>";"être";"de";"toutes les";"communions";"-";"§être§de toutes les communions "
"220";"+";"+";"-";"-";"-";"-";"<E>";"être";"à";"le";"complet";"-";"§être§au complet "
"221";"-";"+";"-";"-";"-";"-";"<E>";"être";"à";"le";"comptant";"-";"§être§au comptant "
"222";"+";"-";"-";"-";"-";"-";"<E>";"être";"à";"Poss0";"compte";"-";"§être§à son compte "
"223";"-";"+";"-";"-";"-";"-";"<E>";"être";"à";"la";"con";"-";"§être§à la con "
"224";"+";"-";"-";"-";"-";"-";"<E>";"être";"à";"le";"concert";"+";"§être§au concert "
"225";"-";"+";"-";"-";"-";"-";"<E>";"être";"à";"le";"concours";"-";"§être§au concours "
"226";"-";"+";"-";"-";"-";"-";"<E>";"être";"dans";"une certaine";"condition";"-";"§être§dans une certaine condition "
"227";"+";"-";"-";"-";"-";"-";"<E>";"être";"de";"une certaine";"condition";"-";"§être§d'une certaine condition "
"228";"-";"+";"-";"-";"-";"-";"<E>";"être";"de";"une certaine";"condition";"-";"§être§d'une certaine condition "
"229";"-";"+";"+";"-";"-";"-";"<E>";"être";"à";"le";"conditionnel";"-";"§être§au conditionnel "
"230";"+";"-";"-";"-";"-";"-";"<E>";"être";"dans";"la";"confidence";"-";"§être§dans la confidence "
"231";"+";"-";"-";"-";"-";"-";"<E>";"être";"de";"la";"confrérie";"-";"§être§de la confrérie "
"232";"-";"+";"-";"-";"-";"-";"<E>";"être";"à";"le";"congélateur";"+";"§être§au congélateur "
"233";"+";"-";"-";"-";"-";"-";"<E>";"être";"de";"tous les";"congrès";"-";"§être§de tous les congrès "
"234";"+";"-";"-";"-";"-";"-";"<E>";"être";"à";"un";"congrès";"+";"§être§à un congrès "
"235";"-";"+";"-";"-";"-";"-";"<E>";"être";"à";"la";"consigne";"+";"§être§à la consigne "
"236";"+";"-";"-";"-";"-";"+";"n'";"être pas";"à";"la";"conversation";"-";"§n'est pas§à la conversation "
"237";"+";"-";"-";"-";"-";"-";"<E>";"être";"à";"la";"corde";"-";"§être§à la corde "
"238";"-";"+";"-";"-";"-";"-";"<E>";"être";"à";"la";"cote";"-";"§être§à la cote "
"239";"+";"+";"-";"-";"-";"-";"<E>";"être";"à";"la";"côte";"+";"§être§à la côte "
"240";"+";"-";"-";"-";"-";"-";"<E>";"être";"sur";"le";"côté";"+";"§être§sur le côté "
"241";"+";"+";"-";"-";"-";"-";"<E>";"être";"sur";"le";"côté";"+";"§être§sur le côté "
"242";"+";"-";"-";"-";"-";"-";"<E>";"être";"à";"la";"coule";"-";"§être§à la coule "
"243";"-";"+";"-";"-";"-";"-";"<E>";"être";"de";"toutes les";"couleurs";"-";"§être§de toutes les couleurs "
"244";"+";"-";"-";"-";"-";"-";"<E>";"être";"dans";"la";"coulisse";"+";"§être§dans la coulisse "
"245";"+";"-";"-";"-";"-";"-";"<E>";"être";"dans";"le";"coup";"-";"§être§dans le coup "
"246";"+";"-";"-";"-";"-";"-";"<E>";"être";"dans";"le";"coup";"-";"§être§dans le coup "
"247";"+";"+";"-";"-";"-";"-";"<E>";"être";"hors de";"le";"coup";"-";"§être§hors du coup "
"248";"+";"-";"-";"-";"-";"-";"<E>";"être";"sur";"un";"coup";"-";"§être§sur un coup "
"249";"-";"+";"-";"-";"-";"-";"<E>";"être";"à";"la";"coupe";"-";"§être§à la coupe "
"250";"+";"+";"-";"-";"-";"-";"<E>";"être";"sous";"la";"Coupole";"-";"§être§sous la Coupole "
"251";"+";"-";"-";"-";"-";"-";"<E>";"être";"de";"tous les";"coups";"-";"§être§de tous les coups "
"252";"+";"-";"-";"-";"-";"-";"<E>";"être";"à";"le";"courrier";"+";"§être§au courrier "
"253";"-";"+";"-";"-";"-";"-";"<E>";"être";"à";"le";"courrier";"+";"§être§au courrier "
"254";"-";"+";"-";"-";"-";"-";"<E>";"être";"dans";"le";"courrier";"-";"§être§dans le courrier "
"255";"+";"-";"-";"-";"-";"-";"<E>";"être";"dans";"la";"course";"-";"§être§dans la course "
"256";"+";"-";"-";"-";"-";"-";"<E>";"être";"à";"le";"couvent";"+";"§être§au couvent "
"257";"+";"-";"-";"-";"-";"-";"<E>";"être";"à";"la";"crêmerie";"+";"§être§à la crêmerie "
"258";"+";"-";"-";"-";"-";"-";"<E>";"être";"chez";"le";"crêmier";"+";"§être§chez le crêmier "
"259";"+";"-";"-";"-";"-";"-";"<E>";"être";"à";"le";"créneau";"-";"§être§au créneau "
"260";"+";"-";"-";"-";"-";"-";"<E>";"être";"à";"la";"cuisine";"+";"§être§à la cuisine "
"261";"+";"-";"-";"-";"-";"-";"<E>";"être";"à";"les";"cuisines";"+";"§être§aux cuisines "
"262";"-";"+";"-";"-";"-";"-";"<E>";"être";"à";"la";"cuisson";"+";"§être§à la cuisson "
"263";"+";"-";"-";"-";"-";"-";"<E>";"être";"sur";"le";"cul";"-";"§être§sur le cul "
"264";"+";"-";"-";"-";"-";"-";"<E>";"être";"à";"la";"curée";"+";"§être§à la curée "
"265";"+";"-";"-";"-";"-";"-";"<E>";"être";"chez";"les";"curés";"+";"§être§chez les curés "
"266";"+";"+";"-";"-";"-";"-";"<E>";"être";"dans";"un";"cycle";"-";"§être§dans un cycle "
"267";"+";"-";"-";"-";"-";"-";"<E>";"être";"à";"la";"danse";"+";"§être§à la danse "
"268";"+";"-";"-";"-";"-";"-";"<E>";"être";"à";"la";"débandade";"-";"§être§à la débandade "
"269";"+";"-";"-";"-";"-";"-";"<E>";"être";"dans";"la";"débine";"-";"§être§dans la débine "
"270";"-";"+";"-";"+";"-";"-";"en";"être";"à";"Poss0";"début";"-";"§en est§à son début "
"271";"+";"+";"-";"-";"-";"-";"<E>";"être";"à";"Poss0";"débuts";"-";"§être§à son débuts "
"272";"+";"+";"-";"-";"-";"-";"<E>";"être";"dans";"Poss0";"débuts";"-";"§être§dans se débuts "
"273";"-";"+";"-";"-";"-";"-";"<E>";"être";"à";"la";"décharge";"+";"§être§à la décharge "
"274";"+";"-";"-";"-";"-";"-";"<E>";"être";"dans";"la";"dèche";"-";"§être§dans la dèche "
"275";"+";"+";"-";"-";"-";"-";"<E>";"être";"à";"Poss0";"déclin";"-";"§être§à son déclin "
"276";"+";"-";"-";"-";"-";"-";"<E>";"être";"sur";"Poss0";"déclin";"-";"§être§sur son déclin "
"277";"+";"-";"-";"-";"-";"-";"<E>";"être";"sur";"le";"déclin";"-";"§être§sur le déclin "
"278";"+";"+";"-";"-";"-";"-";"<E>";"être";"dans";"le";"décor";"+";"§être§dans le décor "
"279";"+";"-";"-";"-";"-";"-";"<E>";"être";"à";"le";"découpage";"+";"§être§au découpage "
"280";"+";"-";"-";"-";"-";"-";"<E>";"être";"à";"la";"découpe";"+";"§être§à la découpe "
"281";"+";"+";"-";"-";"-";"-";"<E>";"être";"à";"le";"dedans";"+";"§être§au dedans "
"282";"+";"+";"-";"-";"-";"-";"<E>";"être";"de";"le";"dedans";"-";"§être§du dedans "
"283";"+";"-";"-";"-";"-";"-";"<E>";"être";"sur";"la";"défensive";"-";"§être§sur la défensive "
"284";"+";"-";"-";"-";"-";"-";"<E>";"être";"à";"le";"défilé";"+";"§être§au défilé "
"285";"+";"+";"-";"-";"-";"-";"<E>";"être";"de";"le";"dehors";"-";"§être§du dehors "
"286";"-";"+";"+";"-";"-";"-";"<E>";"être";"dans";"les";"délais";"-";"§être§dans les délais "
"287";"-";"+";"+";"-";"-";"-";"<E>";"être";"hors de";"les";"délais";"-";"§être§hors des délais "
"288";"-";"+";"-";"-";"-";"-";"<E>";"être";"à";"la";"demande";"-";"§être§à la demande "
"289";"+";"-";"-";"-";"-";"-";"<E>";"être";"à";"Poss0";"demeure";"+";"§être§à sa demeure "
"290";"+";"-";"-";"-";"-";"-";"<E>";"être";"dans";"Poss0";"demeure";"+";"§être§dans sa demeure "
"291";"+";"-";"-";"-";"-";"-";"<E>";"être";"chez";"le";"dentiste";"+";"§être§chez le dentiste "
"292";"+";"-";"-";"-";"-";"-";"<E>";"être";"sur";"les";"dents";"-";"§être§sur les dents "
"293";"+";"-";"-";"-";"-";"-";"<E>";"être";"sur";"Poss0";"départ";"-";"§être§sur son départ "
"294";"+";"-";"-";"-";"-";"-";"<E>";"être";"sur";"le";"départ";"-";"§être§sur le départ "
"295";"+";"-";"-";"-";"-";"-";"<E>";"être";"de";"le";"déplacement";"-";"§être§du déplacement "
"296";"+";"-";"-";"-";"-";"-";"<E>";"être";"à";"le";"dépôt";"+";"§être§au dépôt "
"297";"+";"-";"-";"-";"-";"-";"<E>";"être";"à";"la";"dérive";"-";"§être§à la dérive "
"298";"-";"+";"-";"-";"-";"-";"<E>";"être";"à";"la";"dérive";"-";"§être§à la dérive "
"299";"+";"+";"-";"-";"-";"-";"<E>";"être";"dans";"les";"derniers";"-";"§être§dans les derniers "
"300";"+";"+";"-";"-";"-";"-";"<E>";"être";"parmi";"les";"derniers";"-";"§être§parmi les derniers "
"301";"-";"+";"-";"-";"-";"-";"<E>";"être";"dans";"le";"désordre";"-";"§être§dans le désordre "
"302";"+";"-";"-";"-";"-";"-";"<E>";"être";"à";"le";"dessert";"-";"§être§au dessert "
"303";"+";"-";"-";"+";"-";"-";"en";"être";"à";"le";"dessert";"-";"§en est§au dessert "
"304";"-";"+";"-";"-";"-";"-";"<E>";"être";"à";"le";"détail";"-";"§être§au détail "
"305";"+";"-";"-";"-";"-";"-";"<E>";"être";"dans";"la";"détresse";"-";"§être§dans la détresse "
"306";"+";"-";"-";"-";"-";"-";"<E>";"être";"à";"la";"diète";"-";"§être§à la diète "
"307";"-";"+";"-";"-";"-";"-";"<E>";"être";"en";"trois";"dimensions";"-";"§être§en trois dimensions "
"308";"+";"-";"-";"-";"-";"-";"<E>";"être";"à";"un";"dîner";"+";"§être§à un dîner "
"309";"+";"-";"-";"-";"-";"-";"<E>";"être";"de";"tous les";"dîners";"-";"§être§de tous les dîners "
"310";"+";"-";"-";"-";"-";"-";"<E>";"être";"chez";"Poss0";"directeur";"+";"§être§chez son directeur "
"311";"+";"-";"-";"-";"-";"-";"<E>";"être";"dans";"toutes les";"directions";"-";"§être§dans toutes les directions "
"312";"+";"-";"-";"-";"-";"-";"<E>";"être";"dans";"certaines";"dispositions";"-";"§être§dans certaines dispositions "
"313";"+";"+";"-";"-";"-";"-";"<E>";"être";"à";"le";"Dnum-de-téléphone";"-";"§être§au Dnum-de-téléphone "
"314";"+";"-";"-";"-";"-";"-";"<E>";"être";"chez";"Poss0";"docteur";"+";"§être§chez son docteur "
"315";"+";"-";"-";"-";"-";"-";"<E>";"être";"chez";"le";"docteur";"+";"§être§chez le docteur "
"316";"+";"-";"-";"-";"-";"-";"<E>";"être";"à";"le";"dodo";"+";"§être§au dodo "
"317";"+";"-";"-";"-";"-";"-";"<E>";"être";"à";"Poss0";"domicile";"+";"§être§à son domicile "
"318";"+";"-";"-";"-";"-";"-";"<E>";"être";"à";"la";"donne";"-";"§être§à la donne "
"319";"+";"+";"-";"-";"-";"-";"<E>";"être";"sur";"le";"dos";"-";"§être§sur le dos "
"320";"+";"-";"-";"-";"-";"-";"<E>";"être";"sous";"Poss0";"douche";"+";"§être§sous sa douche "
"321";"+";"-";"-";"-";"-";"-";"<E>";"être";"à";"la";"douche";"+";"§être§à la douche "
"322";"+";"-";"-";"-";"-";"-";"<E>";"être";"dans";"les";"douleurs";"-";"§être§dans les douleurs "
"323";"+";"-";"-";"-";"-";"-";"<E>";"être";"dans";"le";"doute";"-";"§être§dans le doute "
"324";"+";"-";"-";"-";"-";"-";"<E>";"être";"sous";"les";"drapeaux";"+";"§être§sous les drapeaux "
"325";"+";"-";"-";"-";"-";"-";"<E>";"être";"dans";"Poss0";"droit";"-";"§être§dans son droit "
"326";"+";"+";"-";"-";"-";"-";"<E>";"être";"sur";"la";"droite";"+";"§être§sur la droite "
"327";"+";"-";"-";"-";"-";"-";"<E>";"être";"à";"la";"eau";"+";"§être§à l'eau "
"328";"+";"+";"-";"-";"-";"-";"<E>";"être";"à";"la";"eau";"+";"§être§à l'eau "
"329";"+";"-";"-";"-";"-";"-";"<E>";"être";"à";"la";"eau";"-";"§être§à l'eau "
"330";"+";"-";"-";"-";"-";"-";"<E>";"être";"à";"la";"eau";"-";"§être§à l'eau "
"331";"-";"+";"+";"-";"-";"-";"<E>";"être";"à";"la";"eau";"-";"§être§à l'eau "
"332";"-";"+";"-";"-";"-";"-";"<E>";"être";"à";"la";"eau";"-";"§être§à l'eau "
"333";"+";"+";"-";"-";"-";"-";"<E>";"être";"dans";"la";"eau";"+";"§être§dans l'eau "
"334";"+";"+";"-";"-";"-";"-";"<E>";"être";"sous";"la";"eau";"+";"§être§sous l'eau "
"335";"+";"+";"-";"-";"-";"-";"<E>";"être";"sur";"la";"eau";"+";"§être§sur l'eau "
"336";"+";"-";"-";"-";"-";"-";"<E>";"être";"à";"les";"eaux";"+";"§être§aux eaux "
"337";"-";"+";"-";"-";"-";"-";"<E>";"être";"à";"la";"échelle";"-";"§être§à l'échelle "
"338";"+";"-";"-";"-";"-";"-";"<E>";"être";"à";"la";"école";"+";"§être§à l'école "
"339";"-";"+";"-";"-";"-";"-";"<E>";"être";"à";"la";"économie";"-";"§être§à l'économie "
"340";"+";"-";"-";"-";"-";"-";"<E>";"être";"à";"les";"écoutes";"-";"§être§aux écoutes "
"341";"+";"-";"-";"-";"-";"-";"<E>";"être";"à";"le";"écouteur";"-";"§être§à l'écouteur "
"342";"+";"+";"-";"-";"-";"-";"<E>";"être";"à";"le";"écran";"-";"§être§à l'écran "
"343";"-";"+";"-";"-";"-";"-";"<E>";"être";"à";"la";"électricité";"-";"§être§à l'électricité "
"344";"+";"-";"-";"-";"-";"-";"<E>";"être";"dans";"Poss0";"élément";"-";"§être§dans son élément "
"345";"+";"+";"-";"-";"-";"-";"<E>";"être";"dans";"les";"élus";"-";"§être§dans les élus "
"346";"+";"+";"-";"-";"-";"-";"<E>";"être";"parmi";"les";"élus";"-";"§être§parmi les élus "
"347";"-";"+";"-";"-";"-";"-";"<E>";"être";"à";"les";"enchères";"-";"§être§aux enchères "
"348";"-";"+";"-";"-";"-";"-";"<E>";"être";"à";"le";"endroit";"-";"§être§à l'endroit "
"349";"+";"+";"-";"-";"-";"-";"<E>";"être";"à";"un certain";"endroit";"+";"§être§à un certain endroit "
"350";"+";"+";"-";"-";"-";"-";"<E>";"être";"en";"un certain";"endroit";"-";"§être§en un certain endroit "
"351";"-";"+";"-";"-";"-";"-";"<E>";"être";"dans";"la";"enfance";"-";"§être§dans l'enfance "
"352";"+";"-";"-";"-";"-";"-";"<E>";"être";"à";"les";"enfers";"+";"§être§aux enfers "
"353";"+";"+";"-";"-";"-";"-";"<E>";"être";"dans";"un certain";"engrenage";"-";"§être§dans un certain engrenage "
"354";"+";"-";"-";"-";"-";"-";"<E>";"être";"dans";"le";"enseignement";"-";"§être§dans l'enseignement "
"355";"+";"-";"-";"-";"-";"-";"<E>";"être";"à";"un";"enterrement";"+";"§être§à un enterrement "
"356";"+";"-";"-";"-";"-";"-";"<E>";"être";"de";"tous les";"enterrements";"-";"§être§de tous les enterrements "
"357";"+";"+";"-";"-";"-";"-";"<E>";"être";"à";"le";"entracte";"-";"§être§à l'entracte "
"358";"+";"-";"-";"-";"-";"-";"<E>";"être";"à";"le";"entraînement";"+";"§être§à l'entraînement "
"359";"+";"-";"-";"-";"-";"-";"<E>";"être";"à";"le";"entraînement";"-";"§être§à l'entraînement "
"360";"+";"+";"-";"-";"-";"-";"<E>";"être";"à";"le";"entresol";"+";"§être§à l'entresol "
"361";"-";"+";"-";"-";"-";"-";"<E>";"être";"à";"le";"envers";"-";"§être§à l'envers "
"362";"-";"+";"+";"-";"-";"-";"<E>";"être";"pour";"la";"épate";"-";"§être§pour l'épate "
"363";"+";"-";"-";"-";"-";"-";"<E>";"être";"à";"la";"épicerie";"+";"§être§à l'épicerie "
"364";"+";"-";"-";"-";"-";"-";"<E>";"être";"à";"la";"épicerie";"+";"§être§à l'épicerie "
"365";"+";"-";"-";"-";"-";"-";"<E>";"être";"dans";"la";"épicerie";"-";"§être§dans l'épicerie "
"366";"+";"-";"-";"-";"-";"-";"<E>";"être";"chez";"le";"épicier";"+";"§être§chez l'épicier "
"367";"-";"+";"-";"-";"-";"-";"<E>";"être";"en";"Dnum";"épisodes";"-";"§être§en Dnum épisodes "
"368";"+";"+";"-";"-";"-";"-";"<E>";"être";"de";"Poss0";"époque";"-";"§être§de son époque "
"369";"+";"+";"-";"-";"-";"-";"<E>";"être";"à";"une certaine";"époque";"-";"§être§à une certaine époque "
"370";"-";"+";"-";"-";"-";"-";"<E>";"être";"à";"toute";"épreuve";"-";"§être§à toute épreuve "
"371";"+";"+";"-";"-";"-";"-";"<E>";"être";"à";"le";"équateur";"+";"§être§à l'équateur "
"372";"+";"+";"-";"-";"-";"-";"<E>";"être";"sous";"le";"équateur";"+";"§être§sous l'équateur "
"373";"+";"+";"-";"-";"-";"-";"<E>";"être";"à";"un certain";"équilibre";"-";"§être§à un certain équilibre "
"374";"+";"-";"-";"-";"-";"-";"<E>";"être";"dans";"la";"erreur";"-";"§être§dans l'erreur "
"375";"+";"+";"-";"-";"-";"-";"<E>";"être";"dans";"le";"escalier";"+";"§être§dans l'escalier "
"376";"+";"+";"-";"-";"-";"-";"<E>";"être";"dans";"le";"espace";"+";"§être§dans l'espace "
"377";"+";"+";"-";"-";"-";"-";"<E>";"être";"de";"une certaine";"espèce";"-";"§être§d'une certaine espèce "
"378";"+";"+";"-";"-";"-";"-";"<E>";"être";"à";"le";"essai";"-";"§être§à l'essai "
"379";"+";"-";"-";"-";"-";"-";"<E>";"être";"à";"les";"essais";"-";"§être§aux essais "
"380";"+";"+";"-";"-";"-";"-";"<E>";"être";"à";"le";"étage";"+";"§être§à l'étage "
"381";"-";"+";"-";"-";"-";"-";"<E>";"être";"à";"la";"étale";"-";"§être§à l'étale "
"382";"+";"+";"-";"+";"-";"-";"en";"être";"à";"une certaine";"étape";"-";"§en est§à une certaine étape "
"383";"+";"-";"-";"-";"-";"-";"<E>";"être";"dans";"tous Poss0";"états";"-";"§être§dans tous ses états "
"384";"+";"-";"-";"-";"-";"-";"<E>";"être";"dans";"les";"étoiles";"-";"§être§dans les étoiles "
"385";"-";"+";"-";"-";"-";"-";"<E>";"être";"à";"la";"étouffée";"-";"§être§à l'étouffée "
"386";"+";"+";"-";"-";"-";"-";"<E>";"être";"à";"le";"étranger";"+";"§être§à l'étranger "
"387";"-";"+";"+";"-";"-";"-";"<E>";"être";"à";"le";"examen";"-";"§être§à l'examen "
"388";"+";"-";"-";"-";"-";"-";"<E>";"être";"de";"la";"excursion";"-";"§être§de l'excursion "
"389";"+";"-";"-";"-";"-";"-";"<E>";"être";"à";"le";"exercice";"-";"§être§à l'exercice "
"390";"+";"-";"-";"-";"-";"-";"<E>";"être";"dans";"la";"expectative";"-";"§être§dans l'expectative "
"391";"+";"-";"-";"-";"-";"-";"<E>";"être";"à";"une";"expo";"+";"§être§à une expo "
"392";"+";"-";"-";"-";"-";"-";"<E>";"être";"de";"toutes les";"expos";"-";"§être§de toutes les expos "
"393";"+";"-";"-";"-";"-";"-";"<E>";"être";"à";"une";"exposition";"+";"§être§à une exposition "
"394";"+";"-";"-";"-";"-";"-";"<E>";"être";"de";"toutes les";"expositions";"-";"§être§de toutes les expositions "
"395";"+";"+";"-";"-";"-";"-";"<E>";"être";"de";"le";"extérieur";"-";"§être§de l'extérieur "
"396";"+";"+";"-";"-";"-";"-";"<E>";"être";"à";"un certain";"extremum";"-";"§être§à un certain extremum "
"397";"+";"-";"-";"-";"-";"-";"<E>";"être";"devant";"les";"faits";"-";"§être§devant les faits "
"398";"+";"-";"-";"-";"-";"-";"<E>";"être";"de";"la";"famille";"-";"§être§de la famille "
"399";"+";"-";"-";"-";"-";"-";"<E>";"être";"à";"Poss0";"fenêtre";"+";"§être§à sa fenêtre "
"400";"+";"-";"-";"-";"-";"-";"<E>";"être";"à";"les";"fers";"-";"§être§aux fers "
"401";"+";"-";"-";"-";"-";"+";"n'";"être pas";"à";"la";"fête";"-";"§n'est pas§à la fête "
"402";"+";"-";"-";"-";"-";"-";"<E>";"être";"de";"la";"fête";"-";"§être§de la fête "
"403";"+";"-";"-";"-";"-";"-";"<E>";"être";"à";"une";"fête";"-";"§être§à une fête "
"404";"+";"-";"-";"-";"-";"-";"<E>";"être";"de";"toutes les";"fêtes";"-";"§être§de toutes les fêtes "
"405";"+";"-";"-";"-";"-";"-";"<E>";"être";"à";"le";"feu";"-";"§être§au feu "
"406";"-";"+";"-";"-";"-";"-";"<E>";"être";"à";"le";"feu";"-";"§être§au feu "
"407";"-";"+";"-";"-";"-";"-";"<E>";"être";"sur";"le";"feu";"+";"§être§sur le feu "
"408";"+";"-";"-";"-";"-";"-";"<E>";"être";"à";"le";"filet";"+";"§être§au filet "
"409";"+";"+";"-";"-";"-";"-";"<E>";"être";"à";"Poss0";"fin";"-";"§être§à sa fin "
"410";"-";"+";"-";"+";"-";"-";"en";"être";"à";"Poss0";"fin";"-";"§en est§à sa fin "
"411";"+";"+";"-";"-";"-";"-";"<E>";"être";"sur";"Poss0";"fin";"-";"§être§sur sa fin "
"412";"+";"+";"-";"-";"-";"-";"<E>";"être";"sur";"la";"fin";"-";"§être§sur la fin "
"413";"+";"-";"-";"-";"-";"-";"<E>";"être";"dans";"la";"finance";"-";"§être§dans la finance "
"414";"+";"-";"-";"-";"-";"-";"<E>";"être";"dans";"les";"finances";"-";"§être§dans les finances "
"415";"-";"+";"-";"-";"-";"-";"<E>";"être";"à";"la";"flan";"-";"§être§à la flan "
"416";"+";"-";"-";"-";"-";"-";"<E>";"être";"sur";"le";"flanc";"-";"§être§sur le flanc "
"417";"-";"+";"-";"-";"-";"-";"<E>";"être";"sur";"le";"flanc";"-";"§être§sur le flanc "
"418";"+";"-";"-";"-";"-";"-";"<E>";"être";"chez";"le";"fleuriste";"+";"§être§chez le fleuriste "
"419";"+";"+";"-";"-";"-";"-";"<E>";"être";"sur";"les";"flots";"+";"§être§sur les flots "
"420";"+";"+";"-";"-";"-";"-";"<E>";"être";"dans";"le";"flou";"-";"§être§dans le flou "
"421";"+";"-";"-";"-";"-";"-";"<E>";"être";"dans";"Poss0";"fonctions";"-";"§être§dans ses fonctions "
"422";"+";"-";"-";"-";"-";"-";"<E>";"être";"à";"le";"foot";"+";"§être§au foot "
"423";"-";"+";"+";"-";"-";"-";"<E>";"être";"pour";"la";"forme";"-";"§être§pour la forme "
"424";"-";"+";"+";"-";"-";"-";"<E>";"être";"dans";"les";"formes";"-";"§être§dans les formes "
"425";"+";"-";"-";"-";"-";"-";"<E>";"être";"à";"la";"fouille";"+";"§être§à la fouille "
"426";"+";"-";"-";"-";"-";"-";"<E>";"être";"dans";"la";"foule";"+";"§être§dans la foule "
"427";"+";"-";"-";"-";"-";"-";"<E>";"être";"parmi";"la";"foule";"+";"§être§parmi la foule "
"428";"-";"+";"-";"-";"-";"-";"<E>";"être";"à";"le";"four";"-";"§être§au four "
"429";"-";"+";"-";"-";"-";"-";"<E>";"être";"à";"le";"four";"-";"§être§au four "
"430";"+";"-";"-";"-";"-";"-";"<E>";"être";"derrière";"Poss0";"fourneaux";"-";"§être§derrière ses fourneaux "
"431";"+";"-";"-";"-";"-";"-";"<E>";"être";"à";"les";"fourneaux";"-";"§être§aux fourneaux "
"432";"-";"+";"-";"-";"-";"-";"<E>";"être";"à";"la";"fourrière";"-";"§être§à la fourrière "
"433";"+";"-";"-";"-";"-";"-";"<E>";"être";"à";"le";"foyer";"+";"§être§au foyer "
"434";"+";"+";"-";"-";"-";"-";"<E>";"être";"à";"le";"frais";"+";"§être§au frais "
"435";"-";"+";"-";"-";"-";"-";"<E>";"être";"à";"la";"fraise";"-";"§être§à la fraise "
"436";"-";"+";"-";"-";"-";"-";"<E>";"être";"à";"les";"fraises";"+";"§être§aux fraises "
"437";"+";"-";"-";"-";"-";"-";"<E>";"être";"à";"les";"framboises";"-";"§être§aux framboises "
"438";"-";"+";"-";"-";"-";"-";"<E>";"être";"à";"la";"frappe";"+";"§être§à la frappe "
"439";"+";"-";"-";"-";"-";"-";"<E>";"être";"chez";"les";"frères";"+";"§être§chez les frères "
"440";"-";"+";"-";"-";"-";"-";"<E>";"être";"à";"le";"frigo";"+";"§être§au frigo "
"441";"+";"+";"-";"-";"-";"-";"<E>";"être";"à";"le";"froid";"+";"§être§au froid "
"442";"+";"+";"-";"-";"-";"-";"<E>";"être";"dans";"le";"froid";"+";"§être§dans le froid "
"443";"+";"-";"-";"-";"-";"-";"<E>";"être";"à";"le";"fromage";"-";"§être§au fromage "
"444";"+";"-";"-";"+";"-";"-";"en";"être";"à";"le";"fromage";"-";"§en est§au fromage "
"445";"+";"-";"-";"-";"-";"-";"<E>";"être";"à";"le";"front";"+";"§être§au front "
"446";"+";"-";"-";"-";"-";"-";"<E>";"être";"sur";"le";"front";"+";"§être§sur le front "
"447";"+";"-";"-";"-";"-";"-";"<E>";"être";"sur";"tous les";"fronts";"+";"§être§sur tous les fronts "
"448";"+";"-";"-";"-";"-";"-";"<E>";"être";"à";"un";"gala";"+";"§être§à un gala "
"449";"+";"-";"-";"-";"-";"-";"<E>";"être";"de";"tous les";"galas";"-";"§être§de tous les galas "
"450";"+";"-";"-";"-";"-";"-";"<E>";"être";"à";"les";"galères";"+";"§être§aux galères "
"451";"-";"+";"+";"-";"-";"-";"<E>";"être";"pour";"la";"galerie";"-";"§être§pour la galerie "
"452";"+";"-";"-";"-";"-";"-";"<E>";"être";"sur";"Poss0";"gardes";"-";"§être§sur ses gardes "
"453";"+";"-";"-";"-";"-";"-";"<E>";"être";"à";"la";"gare";"+";"§être§à la gare "
"454";"+";"+";"-";"-";"-";"-";"<E>";"être";"sur";"la";"gauche";"+";"§être§sur la gauche "
"455";"-";"+";"-";"-";"-";"-";"<E>";"être";"sur";"le";"gaz";"+";"§être§sur le gaz "
"456";"+";"-";"-";"-";"-";"-";"<E>";"être";"dans";"la";"gêne";"-";"§être§dans la gêne "
"457";"+";"-";"-";"-";"-";"-";"<E>";"être";"dans";"les";"généralités";"-";"§être§dans les généralités "
"458";"+";"+";"-";"-";"-";"-";"<E>";"être";"de";"une certaine";"génération";"-";"§être§d'une certaine génération "
"459";"+";"-";"-";"-";"-";"-";"<E>";"être";"sur";"les";"genoux";"-";"§être§sur les genoux "
"460";"+";"+";"-";"-";"-";"-";"<E>";"être";"de";"un certain";"genre";"-";"§être§d'un certain genre "
"461";"+";"-";"-";"-";"-";"-";"<E>";"être";"dans";"Poss0";"gîte";"+";"§être§dans son gîte "
"462";"+";"+";"-";"-";"-";"-";"<E>";"être";"à";"le";"gîte";"+";"§être§au gîte "
"463";"+";"-";"-";"-";"-";"-";"<E>";"être";"à";"les";"goguenauds";"+";"§être§aux goguenauds "
"464";"+";"-";"-";"-";"-";"-";"<E>";"être";"à";"les";"gogues";"+";"§être§aux gogues "
"465";"+";"-";"-";"-";"-";"-";"<E>";"être";"hors de";"Poss0";"gonds";"-";"§être§hors de ses gonds "
"466";"-";"+";"+";"-";"-";"-";"<E>";"être";"de";"un certain";"goût";"-";"§être§d'un certain goût "
"467";"+";"-";"-";"-";"-";"-";"<E>";"être";"à";"le";"gouvernail";"+";"§être§au gouvernail "
"468";"+";"-";"-";"-";"-";"-";"<E>";"être";"à";"le";"gouvernement";"-";"§être§au gouvernement "
"469";"-";"+";"-";"-";"-";"-";"<E>";"être";"à";"la";"graisse";"-";"§être§à la graisse "
"470";"+";"-";"-";"-";"-";"-";"<E>";"être";"dans";"les";"grands";"-";"§être§dans les grands "
"471";"+";"-";"-";"-";"-";"-";"<E>";"être";"parmi";"les";"grands";"-";"§être§parmi les grands "
"472";"-";"+";"-";"-";"-";"-";"<E>";"être";"dans";"les";"graves";"-";"§être§dans les graves "
"473";"+";"+";"-";"-";"-";"-";"<E>";"être";"à";"le";"grenier";"+";"§être§au grenier "
"474";"-";"+";"-";"-";"-";"-";"<E>";"être";"à";"le";"gril";"-";"§être§au gril "
"475";"+";"-";"-";"-";"-";"-";"<E>";"être";"sur";"le";"gril";"-";"§être§sur le gril "
"476";"-";"+";"-";"-";"-";"-";"<E>";"être";"sur";"le";"gril";"+";"§être§sur le gril "
"477";"-";"+";"-";"-";"-";"-";"<E>";"être";"de";"avant la";"guerre";"-";"§être§d'avant la guerre "
"478";"+";"-";"-";"-";"-";"-";"<E>";"être";"à";"un";"gueuleton";"+";"§être§à un gueuleton "
"479";"-";"+";"-";"-";"-";"-";"<E>";"être";"à";"la";"guimauve";"-";"§être§à la guimauve "
"480";"+";"-";"-";"-";"-";"-";"<E>";"être";"à";"la";"guitare";"-";"§être§à la guitare "
"481";"+";"-";"-";"-";"-";"-";"<E>";"être";"à";"le";"hallali";"+";"§être§à l'hallali "
"482";"-";"+";"-";"-";"-";"-";"<E>";"être";"à";"la";"hâte";"-";"§être§à l'hâte "
"483";"+";"+";"-";"-";"-";"-";"<E>";"être";"à";"la";"hauteur";"-";"§être§à l'hauteur "
"484";"+";"+";"-";"-";"-";"-";"<E>";"être";"à";"la";"heure";"-";"§être§à l'heure "
"485";"-";"+";"-";"-";"-";"-";"<E>";"être";"à";"la";"heure";"-";"§être§à l'heure "
"486";"+";"+";"-";"-";"-";"-";"<E>";"être";"à";"le";"honneur";"-";"§être§à l'honneur "
"487";"+";"-";"-";"-";"-";"-";"<E>";"être";"à";"le";"hôpital";"+";"§être§à l'hôpital "
"488";"+";"-";"-";"-";"-";"-";"<E>";"être";"de";"tous";"horizons";"-";"§être§de tous horizons "
"489";"+";"-";"-";"-";"-";"-";"<E>";"être";"à";"le";"hospice";"+";"§être§à l'hospice "
"490";"+";"-";"-";"-";"-";"-";"<E>";"être";"à";"le";"hôtel";"+";"§être§à l'hôtel "
"491";"+";"-";"-";"-";"-";"-";"<E>";"être";"dans";"la";"hôtellerie";"-";"§être§dans l'hôtellerie "
"492";"-";"+";"-";"-";"-";"-";"<E>";"être";"à";"la";"huile";"-";"§être§à l'huile "
"493";"+";"-";"-";"-";"-";"-";"<E>";"être";"à";"les";"îles";"+";"§être§aux îles "
"494";"+";"-";"-";"-";"-";"-";"<E>";"être";"dans";"la";"illusion";"-";"§être§dans l'illusion "
"495";"+";"-";"-";"-";"-";"-";"<E>";"être";"dans";"le";"immobilier";"-";"§être§dans l'immobilier "
"496";"+";"+";"-";"-";"-";"-";"<E>";"être";"dans";"la";"impasse";"-";"§être§dans l'impasse "
"497";"+";"+";"-";"-";"-";"-";"<E>";"être";"dans";"le";"impasse";"-";"§être§dans l'impasse "
"498";"+";"+";"-";"-";"-";"-";"<E>";"être";"dans";"une";"impasse";"-";"§être§dans une impasse "
"499";"+";"+";"-";"-";"-";"-";"<E>";"être";"dans";"la";"imprécision";"-";"§être§dans l'imprécision "
"500";"-";"+";"-";"-";"-";"-";"<E>";"être";"à";"la";"impression";"+";"§être§à l'impression "
"501";"-";"+";"-";"-";"-";"-";"<E>";"être";"à";"la";"imprimerie";"+";"§être§à l'imprimerie "
"502";"+";"+";"-";"-";"-";"-";"<E>";"être";"dans";"le";"inconnu";"-";"§être§dans l'inconnu "
"503";"+";"-";"-";"-";"-";"-";"<E>";"être";"dans";"la";"incroyance";"-";"§être§dans l'incroyance "
"504";"+";"-";"-";"-";"-";"-";"<E>";"être";"dans";"la";"indécision";"-";"§être§dans l'indécision "
"505";"+";"+";"-";"-";"-";"-";"<E>";"être";"à";"les";"Indes";"+";"§être§aux Indes "
"506";"+";"+";"-";"-";"-";"-";"<E>";"être";"à";"le";"index";"-";"§être§à l'index "
"507";"+";"-";"-";"-";"-";"-";"<E>";"être";"dans";"la";"indigence";"-";"§être§dans l'indigence "
"508";"+";"-";"-";"-";"-";"-";"<E>";"être";"dans";"la";"industrie";"-";"§être§dans l'industrie "
"509";"+";"-";"-";"-";"-";"-";"<E>";"être";"dans";"la";"infanterie";"+";"§être§dans l'infanterie "
"510";"+";"-";"-";"-";"-";"-";"<E>";"être";"à";"la";"infirmerie";"+";"§être§à l'infirmerie "
"511";"+";"-";"-";"-";"-";"-";"<E>";"être";"dans";"la";"infortune";"-";"§être§dans l'infortune "
"512";"+";"+";"-";"-";"-";"-";"<E>";"être";"à";"la";"inspection";"+";"§être§à l'inspection "
"513";"+";"+";"-";"-";"-";"-";"<E>";"être";"à";"un certain";"instant";"-";"§être§à un certain instant "
"514";"+";"+";"-";"-";"-";"-";"<E>";"être";"de";"tous les";"instants";"-";"§être§de tous les instants "
"515";"+";"-";"-";"-";"-";"-";"<E>";"être";"à";"les";"intempéries";"-";"§être§aux intempéries "
"516";"+";"-";"-";"-";"-";"-";"<E>";"être";"dans";"la";"intendance";"+";"§être§dans l'intendance "
"517";"+";"+";"-";"-";"-";"-";"<E>";"être";"de";"le";"intérieur";"-";"§être§de l'intérieur "
"518";"-";"+";"-";"-";"-";"-";"<E>";"être";"de";"Poss0";"invention";"-";"§être§de son invention "
"519";"+";"-";"-";"-";"-";"+";"n'";"être pas";"à";"le";"jeu";"-";"§n'est pas§au jeu "
"520";"-";"+";"+";"-";"-";"-";"<E>";"être";"dans";"le";"journal";"+";"§être§dans le journal "
"521";"-";"+";"+";"-";"-";"-";"<E>";"être";"sur";"le";"journal";"+";"§être§sur le journal "
"522";"-";"+";"+";"-";"-";"-";"<E>";"être";"dans";"les";"journaux";"+";"§être§dans les journaux "
"523";"-";"+";"+";"-";"-";"-";"<E>";"être";"de";"tous les";"jours";"-";"§être§de tous les jours "
"524";"+";"-";"-";"-";"-";"-";"<E>";"être";"en";"tous les";"jours";"-";"§être§en tous les jours "
"525";"+";"-";"-";"-";"-";"-";"<E>";"être";"dans";"le";"juste";"-";"§être§dans le juste "
"526";"+";"-";"-";"-";"-";"-";"<E>";"être";"à";"une";"kermesse";"+";"§être§à une kermesse "
"527";"-";"+";"-";"-";"-";"-";"<E>";"être";"à";"le";"kilomètre";"-";"§être§au kilomètre "
"528";"+";"-";"-";"-";"-";"-";"<E>";"être";"chez";"Poss0";"kinésithérapeute";"+";"§être§chez son kinésithérapeute "
"529";"+";"-";"-";"-";"-";"-";"<E>";"être";"chez";"le";"kinésithérapeute";"+";"§être§chez le kinésithérapeute "
"530";"-";"+";"+";"-";"-";"-";"<E>";"être";"dans";"le";"lac";"-";"§être§dans le lac "
"531";"+";"+";"-";"-";"-";"-";"<E>";"être";"dans";"le";"lac";"+";"§être§dans le lac "
"532";"+";"+";"-";"-";"-";"-";"<E>";"être";"à";"une certaine";"latitude";"+";"§être§à une certaine latitude "
"533";"+";"-";"-";"-";"-";"-";"<E>";"être";"dans";"la";"lessive";"-";"§être§dans la lessive "
"534";"-";"+";"-";"-";"-";"-";"<E>";"être";"à";"la";"lessive";"+";"§être§à la lessive "
"535";"+";"-";"-";"-";"-";"-";"<E>";"être";"dans";"les";"lessives";"-";"§être§dans les lessives "
"536";"+";"-";"-";"-";"-";"-";"<E>";"être";"de";"les";"leurs";"-";"§être§des leurs "
"537";"+";"+";"-";"-";"-";"-";"<E>";"être";"en";"un certain";"lieu";"-";"§être§en un certain lieu "
"538";"+";"+";"+";"-";"-";"-";"<E>";"être";"dans";"la";"ligne";"-";"§être§dans la ligne "
"539";"+";"+";"-";"-";"-";"-";"<E>";"être";"dans";"les";"limbes";"-";"§être§dans les limbes "
"540";"+";"-";"-";"-";"-";"-";"<E>";"être";"dans";"la";"limonade";"-";"§être§dans la limonade "
"541";"+";"-";"-";"-";"-";"-";"<E>";"être";"dans";"Poss0";"lit";"+";"§être§dans son lit "
"542";"+";"-";"-";"-";"-";"-";"<E>";"être";"à";"le";"lit";"+";"§être§au lit "
"543";"-";"+";"-";"-";"-";"-";"<E>";"être";"à";"le";"litre";"-";"§être§au litre "
"544";"+";"+";"-";"-";"-";"-";"<E>";"être";"hors";"la";"loi";"-";"§être§hors la loi "
"545";"+";"+";"-";"-";"-";"-";"<E>";"être";"à";"le";"loin";"+";"§être§au loin "
"546";"+";"+";"-";"-";"-";"-";"<E>";"être";"à";"le";"loin";"+";"§être§au loin "
"547";"+";"+";"-";"-";"-";"-";"<E>";"être";"à";"le";"lointain";"+";"§être§au lointain "
"548";"+";"+";"-";"-";"-";"-";"<E>";"être";"dans";"le";"lointain";"+";"§être§dans le lointain "
"549";"+";"+";"-";"-";"-";"-";"<E>";"être";"à";"une certaine";"longitude";"+";"§être§à une certaine longitude "
"550";"-";"+";"-";"-";"-";"-";"<E>";"être";"à";"la";"louche";"-";"§être§à la louche "
"551";"-";"+";"-";"-";"-";"-";"<E>";"être";"à";"la";"lumière";"-";"§être§à la lumière "
"552";"+";"-";"-";"-";"-";"-";"<E>";"être";"dans";"un";"lycée";"+";"§être§dans un lycée "
"553";"+";"-";"-";"-";"-";"-";"<E>";"être";"à";"le";"lycée";"+";"§être§au lycée "
"554";"+";"-";"-";"-";"-";"-";"<E>";"être";"à";"Poss0";"main";"-";"§être§à sa main "
"555";"+";"-";"-";"-";"-";"-";"<E>";"être";"à";"la";"main";"-";"§être§à la main "
"556";"+";"-";"-";"-";"-";"-";"<E>";"être";"sur";"les";"mains";"-";"§être§sur les mains "
"557";"-";"+";"-";"-";"-";"-";"<E>";"être";"à";"quatre";"mains";"-";"§être§à quatre mains "
"558";"+";"-";"-";"-";"-";"-";"<E>";"être";"à";"Poss0";"maison";"+";"§être§à sa maison "
"559";"+";"-";"-";"-";"-";"-";"<E>";"être";"dans";"Poss0";"maison";"+";"§être§dans sa maison "
"560";"+";"+";"-";"-";"-";"-";"<E>";"être";"à";"la";"maison";"+";"§être§à la maison "
"561";"+";"-";"-";"-";"-";"-";"<E>";"être";"à";"la";"maison";"+";"§être§à la maison "
"562";"+";"-";"-";"-";"-";"-";"<E>";"être";"de";"la";"maison";"-";"§être§de la maison "
"563";"+";"-";"-";"-";"-";"-";"<E>";"être";"dans";"la";"majorité";"-";"§être§dans la majorité "
"564";"+";"-";"-";"-";"-";"-";"<E>";"être";"dans";"le";"malheur";"-";"§être§dans le malheur "
"565";"+";"-";"-";"-";"-";"-";"<E>";"être";"à";"une";"manif";"+";"§être§à une manif "
"566";"+";"-";"-";"-";"-";"-";"<E>";"être";"à";"une";"manifestation";"+";"§être§à une manifestation "
"567";"+";"-";"-";"-";"-";"-";"<E>";"être";"de";"toutes les";"manifestations";"-";"§être§de toutes les manifestations "
"568";"+";"-";"-";"-";"-";"-";"<E>";"être";"de";"toutes les";"manifs";"-";"§être§de toutes les manifs "
"569";"+";"-";"-";"-";"-";"-";"<E>";"être";"dans";"le";"maquis";"+";"§être§dans le maquis "
"570";"+";"+";"-";"-";"-";"-";"<E>";"être";"dans";"le";"marasme";"-";"§être§dans le marasme "
"571";"+";"-";"-";"-";"-";"-";"<E>";"être";"à";"la";"maraude";"+";"§être§à la maraude "
"572";"-";"+";"-";"-";"-";"-";"<E>";"être";"sur";"le";"marbre";"+";"§être§sur le marbre "
"573";"-";"+";"-";"-";"-";"-";"<E>";"être";"sur";"le";"marché";"-";"§être§sur le marché "
"574";"-";"+";"-";"-";"-";"-";"<E>";"être";"à";"la";"margarine";"-";"§être§à la margarine "
"575";"+";"-";"-";"-";"-";"-";"<E>";"être";"à";"un";"mariage";"-";"§être§à un mariage "
"576";"+";"-";"-";"-";"-";"-";"<E>";"être";"de";"tous les";"mariages";"-";"§être§de tous les mariages "
"577";"+";"-";"-";"-";"-";"-";"<E>";"être";"dans";"la";"marine";"+";"§être§dans la marine "
"578";"+";"-";"-";"-";"-";"-";"<E>";"être";"à";"le";"martyre";"-";"§être§au martyre "
"579";"+";"-";"-";"-";"-";"-";"<E>";"être";"à";"la";"masse";"-";"§être§à la masse "
"580";"-";"+";"-";"-";"-";"-";"<E>";"être";"à";"la";"masse";"-";"§être§à la masse "
"581";"+";"-";"-";"-";"-";"-";"<E>";"être";"chez";"Poss0";"masseur";"+";"§être§chez son masseur "
"582";"+";"-";"-";"-";"-";"-";"<E>";"être";"chez";"le";"masseur";"+";"§être§chez le masseur "
"583";"+";"-";"-";"-";"-";"-";"<E>";"être";"à";"la";"maternelle";"+";"§être§à la maternelle "
"584";"+";"-";"-";"-";"-";"-";"<E>";"être";"de";"le";"matin";"-";"§être§du matin "
"585";"-";"+";"-";"-";"-";"-";"<E>";"être";"de";"le";"matin";"-";"§être§du matin "
"586";"-";"+";"-";"-";"-";"-";"<E>";"être";"à";"Poss0";"maximum";"-";"§être§à son maximum "
"587";"+";"-";"-";"-";"-";"-";"<E>";"être";"chez";"Poss0";"médecin";"+";"§être§chez son médecin "
"588";"+";"-";"-";"-";"-";"-";"<E>";"être";"chez";"le";"médecin";"+";"§être§chez le médecin "
"589";"+";"+";"-";"-";"-";"-";"<E>";"être";"dans";"les";"meilleurs";"-";"§être§dans les meilleurs "
"590";"+";"+";"-";"-";"-";"-";"<E>";"être";"de";"les";"meilleurs";"-";"§être§des meilleurs "
"591";"+";"+";"-";"-";"-";"-";"<E>";"être";"parmi";"les";"meilleurs";"-";"§être§parmi les meilleurs "
"592";"+";"-";"-";"-";"-";"-";"<E>";"être";"dans";"la";"mélasse";"-";"§être§dans la mélasse "
"593";"+";"-";"-";"-";"-";"-";"<E>";"être";"dans";"toutes les";"mémoires";"-";"§être§dans toutes les mémoires "
"594";"+";"-";"-";"-";"-";"-";"<E>";"être";"à";"la";"mer";"-";"§être§à la mer "
"595";"+";"-";"-";"-";"-";"-";"<E>";"être";"à";"la";"mer";"+";"§être§à la mer "
"596";"+";"+";"-";"-";"-";"-";"<E>";"être";"sous";"la";"mer";"+";"§être§sous la mer "
"597";"+";"-";"-";"-";"-";"-";"<E>";"être";"dans";"la";"merde";"-";"§être§dans la merde "
"598";"-";"+";"-";"-";"-";"-";"<E>";"être";"à";"le";"mérite";"-";"§être§au mérite "
"599";"+";"+";"-";"-";"-";"-";"<E>";"être";"sous";"les";"mers";"+";"§être§sous les mers "
"600";"+";"-";"-";"-";"-";"-";"<E>";"être";"à";"la";"messe";"+";"§être§à la messe "
"601";"+";"-";"-";"-";"-";"-";"<E>";"être";"de";"le";"métier";"-";"§être§du métier "
"602";"-";"+";"-";"-";"-";"-";"<E>";"être";"sur";"le";"métier";"+";"§être§sur le métier "
"603";"-";"+";"-";"-";"-";"-";"<E>";"être";"à";"le";"mètre";"-";"§être§au mètre "
"604";"+";"-";"-";"-";"-";"-";"<E>";"être";"dans";"Poss0";"meubles";"-";"§être§dans ses meubles "
"605";"+";"-";"-";"-";"-";"-";"<E>";"être";"de";"le";"midi";"-";"§être§du midi "
"606";"+";"+";"-";"-";"-";"-";"<E>";"être";"sur";"les";"midi";"-";"§être§sur les midi "
"607";"+";"+";"-";"-";"-";"-";"<E>";"être";"vers";"les";"midi";"-";"§être§vers les midi "
"608";"+";"+";"-";"-";"-";"-";"<E>";"être";"dans";"Poss0";"milieu";"-";"§être§dans son milieu "
"609";"+";"-";"-";"-";"-";"+";"n'";"être pas";"de";"notre";"milieu";"-";"§n'est pas§de notre milieu "
"610";"+";"+";"-";"-";"-";"-";"<E>";"être";"de";"un certain";"milieu";"-";"§être§d'un certain milieu "
"611";"-";"+";"-";"-";"-";"-";"<E>";"être";"à";"Poss0";"minimum";"-";"§être§à son minimum "
"612";"+";"+";"-";"-";"-";"-";"<E>";"être";"sur";"les";"minuit";"-";"§être§sur les minuit "
"613";"+";"+";"-";"-";"-";"-";"<E>";"être";"vers";"les";"minuit";"-";"§être§vers les minuit "
"614";"+";"-";"-";"-";"-";"-";"<E>";"être";"dans";"la";"misère";"-";"§être§dans la misère "
"615";"+";"+";"-";"-";"-";"-";"<E>";"être";"sous";"la";"mitraille";"-";"§être§sous la mitraille "
"616";"+";"+";"-";"-";"-";"-";"<E>";"être";"à";"la";"mode";"-";"§être§à la mode "
"617";"-";"+";"+";"-";"-";"-";"<E>";"être";"à";"un certain";"moment";"-";"§être§à un certain moment "
"618";"-";"+";"+";"-";"-";"-";"<E>";"être";"de";"tous les";"moments";"-";"§être§de tous les moments "
"619";"+";"-";"-";"-";"-";"+";"n'";"être plus";"de";"ce";"monde";"-";"§n'est plus§de ce monde "
"620";"+";"+";"-";"-";"-";"-";"<E>";"être";"de";"notre";"monde";"-";"§être§de notre monde "
"621";"+";"-";"-";"-";"-";"-";"<E>";"être";"avant";"tout le";"monde";"-";"§être§avant tout le monde "
"622";"+";"-";"-";"-";"-";"-";"<E>";"être";"contre";"tout le";"monde";"-";"§être§contre tout le monde "
"623";"+";"+";"-";"-";"-";"-";"<E>";"être";"de";"un autre";"monde";"-";"§être§d'un autre monde "
"624";"+";"+";"-";"-";"-";"-";"<E>";"être";"à";"la";"montagne";"+";"§être§à la montagne "
"625";"+";"-";"-";"-";"-";"-";"<E>";"être";"à";"la";"montagne";"+";"§être§à la montagne "
"626";"-";"+";"-";"-";"-";"-";"<E>";"être";"à";"la";"monte";"+";"§être§à la monte "
"627";"-";"+";"+";"-";"-";"-";"<E>";"être";"pour";"la";"montre";"-";"§être§pour la montre "
"628";"+";"-";"-";"-";"-";"-";"<E>";"être";"sur";"Poss0";"monture";"+";"§être§sur sa monture "
"629";"-";"+";"-";"-";"-";"-";"<E>";"être";"en";"mille";"morceaux";"-";"§être§en mille morceaux "
"630";"-";"+";"+";"-";"-";"-";"<E>";"être";"à";"se la";"mordre";"-";"§être§à se la mordre "
"631";"+";"-";"-";"-";"-";"-";"<E>";"être";"à";"la";"morgue";"-";"§être§à la morgue "
"632";"+";"-";"-";"-";"-";"-";"<E>";"être";"sur";"Poss0";"moto";"+";"§être§sur sa moto "
"633";"+";"+";"-";"-";"-";"-";"<E>";"être";"à";"le";"mouillage";"+";"§être§au mouillage "
"634";"+";"-";"-";"-";"-";"-";"<E>";"être";"dans";"la";"mouise";"-";"§être§dans la mouise "
"635";"-";"+";"-";"-";"-";"-";"<E>";"être";"à";"le";"mur";"+";"§être§au mur "
"636";"+";"-";"-";"-";"-";"-";"<E>";"être";"devant";"un";"mur";"-";"§être§devant un mur "
"637";"+";"-";"-";"-";"-";"-";"<E>";"être";"à";"les";"mûres";"+";"§être§aux mûres "
"638";"+";"-";"-";"-";"-";"-";"<E>";"être";"dans";"les";"murs";"+";"§être§dans les murs "
"639";"+";"-";"-";"-";"-";"-";"<E>";"être";"dans";"nos";"murs";"+";"§être§dans nos murs "
"640";"+";"-";"-";"-";"-";"-";"<E>";"être";"entre";"quatre";"murs";"+";"§être§entre quatre murs "
"641";"+";"-";"-";"-";"-";"-";"<E>";"être";"à";"les";"myrtilles";"+";"§être§aux myrtilles "
"642";"+";"-";"-";"-";"-";"-";"<E>";"être";"à";"le";"N-activité";"-";"§être§au N-activité "
"643";"+";"-";"-";"-";"-";"-";"<E>";"être";"à";"le";"N-alcool";"-";"§être§au N-alcool "
"644";"-";"+";"-";"-";"-";"-";"<E>";"être";"à";"le";"N-aliment";"-";"§être§au N-aliment "
"645";"+";"-";"-";"-";"-";"-";"<E>";"être";"dans";"la";"nature";"+";"§être§dans la nature "
"646";"-";"+";"-";"-";"-";"-";"<E>";"être";"à";"le";"naturel";"-";"§être§au naturel "
"647";"+";"+";"-";"-";"-";"-";"<E>";"être";"dans";"le";"néant";"-";"§être§dans le néant "
"648";"+";"-";"-";"-";"-";"-";"<E>";"être";"dans";"la";"nécessité";"-";"§être§dans la nécessité "
"649";"+";"-";"-";"-";"-";"-";"<E>";"être";"dans";"un";"N-école";"+";"§être§dans un N-école "
"650";"+";"-";"-";"-";"-";"-";"<E>";"être";"à";"la";"neige";"+";"§être§à la neige "
"651";"+";"+";"-";"-";"-";"-";"<E>";"être";"sous";"la";"neige";"+";"§être§sous la neige "
"652";"-";"+";"-";"-";"-";"-";"<E>";"être";"à";"le";"net";"-";"§être§au net "
"653";"+";"-";"-";"-";"-";"-";"<E>";"être";"dans";"la";"neutralité";"-";"§être§dans la neutralité "
"654";"+";"+";"-";"-";"-";"-";"<E>";"être";"à";"la";"N-île-fem-sing";"+";"§être§à la N-île-fem-sing "
"655";"+";"+";"-";"-";"-";"-";"<E>";"être";"à";"les";"N-île-pluriel";"+";"§être§aux N-île-pluriel "
"656";"+";"-";"-";"-";"-";"-";"<E>";"être";"à";"le";"N-instrument";"+";"§être§au N-instrument "
"657";"+";"-";"-";"-";"-";"-";"<E>";"être";"à";"le";"N-instrument-de-musique";"-";"§être§au N-instrument-de-musique "
"658";"+";"+";"-";"-";"-";"-";"<E>";"être";"à";"le";"niveau";"-";"§être§au niveau "
"659";"+";"+";"-";"-";"-";"-";"<E>";"être";"à";"un certain";"niveau";"-";"§être§à un certain niveau "
"660";"+";"+";"-";"+";"-";"-";"en";"être";"à";"un certain";"niveau";"-";"§en est§à un certain niveau "
"661";"+";"-";"-";"+";"-";"-";"en";"être";"à";"Poss0";"Nloc";"+";"§en est§à son Nloc "
"662";"+";"-";"-";"-";"-";"-";"<E>";"être";"à";"le";"N-magasin";"+";"§être§au N-magasin "
"663";"-";"+";"-";"-";"-";"-";"<E>";"être";"contre";"le";"N-maladie";"-";"§être§contre le N-maladie "
"664";"-";"+";"-";"-";"-";"-";"<E>";"être";"pour";"le";"N-maladie";"-";"§être§pour le N-maladie "
"665";"-";"+";"-";"-";"-";"-";"<E>";"être";"à";"le";"N-mesure";"-";"§être§au N-mesure "
"666";"+";"-";"-";"-";"-";"+";"n'";"être pas";"à";"la";"noce";"-";"§n'est pas§à la noce "
"667";"+";"-";"-";"-";"-";"-";"<E>";"être";"de";"la";"noce";"-";"§être§de la noce "
"668";"+";"+";"-";"-";"-";"-";"<E>";"être";"dans";"le";"noir";"-";"§être§dans le noir "
"669";"-";"+";"-";"-";"-";"-";"<E>";"être";"en";"Poss0";"nom";"-";"§être§en son nom "
"670";"+";"+";"+";"-";"-";"-";"<E>";"être";"dans";"la";"norme";"-";"§être§dans la norme "
"671";"+";"+";"+";"-";"-";"-";"<E>";"être";"dans";"la";"note";"-";"§être§dans la note "
"672";"+";"-";"-";"-";"-";"-";"<E>";"être";"de";"les";"nôtres";"-";"§être§des nôtres "
"673";"+";"-";"-";"-";"-";"+";"n'";"être plus";"de";"les";"nôtres";"-";"§n'est plus§des nôtres "
"674";"+";"-";"-";"-";"-";"-";"<E>";"être";"à";"les";"nouvelles";"-";"§être§aux nouvelles "
"675";"+";"+";"-";"-";"-";"-";"<E>";"être";"à";"le";"N-pays-consonne";"+";"§être§au N-pays-consonne "
"676";"+";"+";"-";"-";"-";"-";"<E>";"être";"à";"les";"N-pays-pluriel";"+";"§être§aux N-pays-pluriel "
"677";"+";"-";"-";"-";"-";"-";"<E>";"être";"dans";"le";"Nproduit";"-";"§être§dans le Nproduit "
"678";"+";"-";"-";"-";"-";"-";"<E>";"être";"dans";"le";"Nproduit";"-";"§être§dans le Nproduit "
"679";"+";"-";"-";"-";"-";"-";"<E>";"être";"dans";"le";"Nproduit";"-";"§être§dans le Nproduit "
"680";"+";"-";"-";"-";"-";"-";"<E>";"être";"à";"le";"N-produit";"-";"§être§au N-produit "
"681";"+";"-";"-";"-";"-";"-";"<E>";"être";"à";"Poss0";"N-propriété";"+";"§être§à son N-propriété "
"682";"+";"-";"-";"-";"-";"-";"<E>";"être";"dans";"Poss0";"N-propriété";"+";"§être§dans son N-propriété "
"683";"-";"+";"+";"-";"-";"-";"<E>";"être";"pour";"dans Dnum";"Ntps";"-";"§être§pour dans Dnum Ntps "
"684";"+";"-";"-";"-";"-";"-";"<E>";"être";"dans";"les";"nuages";"-";"§être§dans les nuages "
"685";"+";"+";"-";"-";"-";"-";"<E>";"être";"de";"une certaine";"obédience";"-";"§être§d'une certaine obédience "
"686";"+";"+";"-";"-";"-";"-";"<E>";"être";"dans";"la";"obscurité";"-";"§être§dans l'obscurité "
"687";"+";"+";"-";"-";"-";"-";"<E>";"être";"à";"la";"Occidentale";"+";"§être§à la Occidentale "
"688";"-";"+";"-";"-";"-";"-";"<E>";"être";"à";"la";"occidentale";"-";"§être§à l'occidentale "
"689";"-";"+";"+";"-";"-";"-";"<E>";"être";"à";"le";"oeil";"-";"§être§à l'oeil "
"690";"+";"-";"-";"-";"-";"-";"<E>";"être";"à";"la";"oeuvre";"-";"§être§à l'oeuvre "
"691";"-";"+";"-";"-";"-";"-";"<E>";"être";"à";"la";"oeuvre";"-";"§être§à l'oeuvre "
"692";"+";"-";"-";"-";"-";"-";"<E>";"être";"à";"le";"office";"+";"§être§à l'office "
"693";"-";"+";"-";"-";"-";"-";"<E>";"être";"à";"le";"oignon";"-";"§être§à l'oignon "
"694";"-";"+";"-";"-";"-";"-";"<E>";"être";"à";"les";"oignons";"-";"§être§aux oignons "
"695";"+";"+";"-";"-";"-";"-";"<E>";"être";"à";"la";"ombre";"+";"§être§à l'ombre "
"696";"+";"-";"-";"-";"-";"-";"<E>";"être";"à";"la";"ombre";"+";"§être§à l'ombre "
"697";"+";"+";"-";"-";"-";"-";"<E>";"être";"dans";"la";"ombre";"+";"§être§dans l'ombre "
"698";"+";"-";"-";"-";"-";"-";"<E>";"être";"à";"les";"ondes";"-";"§être§aux ondes "
"699";"+";"-";"-";"-";"-";"-";"<E>";"être";"à";"le";"opéra";"+";"§être§à l'opéra "
"700";"+";"-";"-";"-";"-";"-";"<E>";"être";"dans";"la";"opposition";"-";"§être§dans l'opposition "
"701";"+";"+";"-";"-";"-";"-";"<E>";"être";"à";"un certain";"optimum";"-";"§être§à un certain optimum "
"702";"+";"-";"-";"-";"-";"-";"<E>";"être";"dans";"la";"opulence";"-";"§être§dans l'opulence "
"703";"+";"+";"+";"-";"-";"-";"<E>";"être";"hors de";"le";"ordinaire";"-";"§être§hors de l'ordinaire "
"704";"-";"+";"-";"-";"-";"-";"<E>";"être";"de";"un autre";"ordre";"-";"§être§d'un autre ordre "
"705";"+";"-";"-";"-";"-";"-";"<E>";"être";"dans";"les";"ordres";"-";"§être§dans les ordres "
"706";"-";"+";"-";"-";"-";"-";"<E>";"être";"de";"tous";"ordres";"-";"§être§de tous ordres "
"707";"-";"+";"-";"-";"-";"-";"<E>";"être";"à";"les";"ordures";"-";"§être§aux ordures "
"708";"-";"+";"-";"-";"-";"-";"<E>";"être";"contre";"les";"oreillons";"-";"§être§contre les oreillons "
"709";"-";"+";"-";"-";"-";"-";"<E>";"être";"pour";"les";"oreillons";"-";"§être§pour les oreillons "
"710";"-";"+";"-";"-";"-";"-";"<E>";"être";"à";"la";"orientale";"-";"§être§à l'orientale "
"711";"+";"-";"-";"-";"-";"-";"<E>";"être";"à";"les";"oubliettes";"-";"§être§aux oubliettes "
"712";"+";"+";"-";"-";"-";"-";"<E>";"être";"à";"le";"ouvrage";"-";"§être§à l'ouvrage "
"713";"+";"-";"-";"-";"-";"-";"<E>";"être";"à";"le";"page";"+";"§être§au page "
"714";"+";"-";"-";"-";"-";"-";"<E>";"être";"à";"le";"pageot";"+";"§être§au pageot "
"715";"+";"-";"-";"-";"-";"-";"<E>";"être";"sur";"la";"paille";"-";"§être§sur la paille "
"716";"+";"-";"-";"-";"-";"-";"<E>";"être";"à";"le";"pain";"+";"§être§au pain "
"717";"+";"-";"-";"-";"-";"-";"<E>";"être";"à";"le";"pain";"-";"§être§au pain "
"718";"+";"-";"-";"-";"-";"-";"<E>";"être";"à";"le";"pair";"-";"§être§au pair "
"719";"-";"+";"-";"-";"-";"-";"<E>";"être";"à";"le";"pair";"-";"§être§au pair "
"720";"+";"+";"-";"-";"-";"-";"<E>";"être";"dans";"une certaine";"paix";"-";"§être§dans une certaine paix "
"721";"+";"-";"-";"-";"-";"-";"<E>";"être";"dans";"la";"panade";"-";"§être§dans la panade "
"722";"+";"-";"-";"-";"-";"-";"<E>";"être";"dans";"Poss0";"pantoufles";"-";"§être§dans ses pantoufles "
"723";"+";"-";"-";"-";"-";"-";"<E>";"être";"à";"la";"parade";"+";"§être§à la parade "
"724";"+";"-";"-";"-";"-";"-";"<E>";"être";"à";"le";"paradis";"-";"§être§au paradis "
"725";"+";"-";"-";"-";"-";"-";"<E>";"être";"dans";"les";"parages";"+";"§être§dans les parages "
"726";"+";"-";"-";"-";"-";"-";"<E>";"être";"à";"le";"Parlement";"-";"§être§au Parlement "
"727";"+";"-";"-";"-";"-";"-";"<E>";"être";"à";"le";"parti";"-";"§être§au parti "
"728";"+";"-";"-";"-";"-";"-";"<E>";"être";"dans";"la";"partie";"-";"§être§dans la partie "
"729";"+";"-";"-";"-";"-";"-";"<E>";"être";"de";"la";"partie";"-";"§être§de la partie "
"730";"-";"+";"-";"-";"-";"-";"<E>";"être";"en";"Dnum";"parties";"-";"§être§en Dnum parties "
"731";"+";"-";"-";"-";"-";"-";"<E>";"être";"à";"le";"pas";"-";"§être§au pas "
"732";"+";"-";"-";"-";"-";"-";"<E>";"être";"à";"le";"pas";"-";"§être§au pas "
"733";"+";"+";"-";"-";"-";"-";"<E>";"être";"dans";"le";"passage";"+";"§être§dans le passage "
"734";"+";"-";"-";"-";"-";"-";"<E>";"être";"à";"la";"pâtisserie";"+";"§être§à la pâtisserie "
"735";"+";"-";"-";"-";"-";"-";"<E>";"être";"chez";"le";"pâtissier";"+";"§être§chez le pâtissier "
"736";"+";"+";"-";"-";"-";"-";"<E>";"être";"à";"la";"pause";"-";"§être§à la pause "
"737";"+";"-";"-";"-";"-";"-";"<E>";"être";"sur";"le";"pavé";"-";"§être§sur le pavé "
"738";"+";"+";"-";"-";"-";"-";"<E>";"être";"à";"le";"pays";"+";"§être§au pays "
"739";"+";"-";"-";"-";"-";"-";"<E>";"être";"de";"le";"pays";"-";"§être§du pays "
"740";"+";"-";"-";"-";"-";"-";"<E>";"être";"à";"la";"pêche";"+";"§être§à la pêche "
"741";"+";"-";"-";"-";"-";"-";"<E>";"être";"dans";"le";"péché";"-";"§être§dans le péché "
"742";"+";"-";"-";"-";"-";"-";"<E>";"être";"de";"la";"pédale";"-";"§être§de la pédale "
"743";"+";"+";"-";"-";"-";"-";"<E>";"être";"dans";"la";"pénombre";"+";"§être§dans la pénombre "
"744";"+";"+";"-";"-";"-";"-";"<E>";"être";"à";"une certaine";"période";"-";"§être§à une certaine période "
"745";"+";"+";"-";"-";"-";"-";"<E>";"être";"à";"le";"Pérou";"+";"§être§au Pérou "
"746";"+";"-";"-";"-";"-";"-";"<E>";"être";"dans";"la";"perplexité";"-";"§être§dans la perplexité "
"747";"+";"-";"-";"-";"-";"-";"<E>";"être";"dans";"le";"pétrin";"-";"§être§dans le pétrin "
"748";"+";"-";"-";"-";"-";"-";"<E>";"être";"à";"la";"pharmacie";"+";"§être§à la pharmacie "
"749";"+";"-";"-";"-";"-";"-";"<E>";"être";"chez";"le";"pharmacien";"+";"§être§chez le pharmacien "
"750";"+";"+";"-";"-";"-";"-";"<E>";"être";"dans";"une certaine";"phase";"-";"§être§dans une certaine phase "
"751";"-";"+";"-";"-";"-";"-";"<E>";"être";"à";"la";"photocopie";"+";"§être§à la photocopie "
"752";"+";"-";"-";"-";"-";"-";"<E>";"être";"à";"le";"piano";"+";"§être§au piano "
"753";"+";"-";"-";"-";"-";"-";"<E>";"être";"à";"le";"piano";"-";"§être§au piano "
"754";"-";"+";"-";"-";"-";"-";"<E>";"être";"à";"la";"pièce";"-";"§être§à la pièce "
"755";"+";"-";"-";"-";"-";"-";"<E>";"être";"à";"les";"pièces";"-";"§être§aux pièces "
"756";"+";"-";"-";"-";"-";"+";"n'";"être pas";"à";"les";"pièces";"-";"§n'est pas§aux pièces "
"757";"-";"+";"-";"-";"-";"-";"<E>";"être";"en";"mille";"pièces";"-";"§être§en mille pièces "
"758";"+";"-";"-";"-";"-";"-";"<E>";"être";"sur";"un";"piédestal";"-";"§être§sur un piédestal "
"759";"+";"-";"-";"-";"-";"-";"<E>";"être";"sur";"Poss0";"pieds";"-";"§être§sur ses pieds "
"760";"+";"-";"-";"-";"-";"-";"<E>";"être";"à";"le";"pieu";"+";"§être§au pieu "
"761";"+";"+";"-";"-";"-";"-";"<E>";"être";"à";"le";"pilori";"+";"§être§au pilori "
"762";"-";"+";"-";"-";"-";"-";"<E>";"être";"à";"le";"piment";"-";"§être§au piment "
"763";"-";"+";"-";"-";"-";"-";"<E>";"être";"dans";"le";"pipeline";"+";"§être§dans le pipeline "
"764";"+";"-";"-";"-";"-";"-";"<E>";"être";"à";"le";"piquet";"+";"§être§au piquet "
"765";"+";"+";"-";"-";"-";"-";"<E>";"être";"à";"le";"pire";"-";"§être§au pire "
"766";"+";"-";"-";"-";"-";"-";"<E>";"être";"à";"les";"pissenlits";"+";"§être§aux pissenlits "
"767";"+";"-";"-";"-";"-";"-";"<E>";"être";"sur";"une";"piste";"-";"§être§sur une piste "
"768";"+";"+";"-";"-";"-";"-";"<E>";"être";"à";"Poss0";"place";"+";"§être§à sa place "
"769";"+";"-";"-";"-";"-";"+";"n'";"être";"à";"Poss0";"place";"-";"§n'est§à sa place "
"770";"+";"-";"-";"-";"-";"-";"<E>";"être";"à";"le";"plafond";"-";"§être§au plafond "
"771";"-";"+";"-";"-";"-";"-";"<E>";"être";"à";"le";"plafond";"-";"§être§au plafond "
"772";"+";"+";"-";"-";"-";"-";"<E>";"être";"à";"un certain";"plafond";"-";"§être§à un certain plafond "
"773";"+";"-";"-";"-";"-";"-";"<E>";"être";"à";"la";"plage";"+";"§être§à la plage "
"774";"-";"+";"-";"-";"-";"-";"<E>";"être";"à";"le";"plancher";"-";"§être§au plancher "
"775";"-";"+";"-";"-";"-";"-";"<E>";"être";"à";"un certain";"plancher";"-";"§être§à un certain plancher "
"776";"+";"-";"-";"-";"-";"-";"<E>";"être";"sur";"les";"planches";"-";"§être§sur les planches "
"777";"+";"+";"-";"-";"-";"-";"<E>";"être";"de";"une autre";"planète";"-";"§être§d'une autre planète "
"778";"+";"+";"-";"-";"-";"-";"<E>";"être";"sur";"le";"plat";"+";"§être§sur le plat "
"779";"+";"-";"-";"-";"-";"-";"<E>";"être";"dans";"le";"plâtre";"+";"§être§dans le plâtre "
"780";"+";"-";"-";"-";"-";"-";"<E>";"être";"à";"la";"plonge";"+";"§être§à la plonge "
"781";"-";"+";"-";"-";"-";"-";"<E>";"être";"à";"la";"pluie";"-";"§être§à la pluie "
"782";"+";"+";"-";"-";"-";"-";"<E>";"être";"sous";"la";"pluie";"-";"§être§sous la pluie "
"783";"+";"-";"-";"+";"-";"-";"en";"être";"de";"Poss0";"poche";"-";"§en est§de sa poche "
"784";"+";"-";"-";"-";"+";"-";"y";"être";"de";"Poss0";"poche";"-";"§y est§de sa poche "
"785";"-";"+";"+";"-";"-";"-";"<E>";"être";"dans";"la";"poche";"-";"§être§dans la poche "
"786";"-";"+";"-";"-";"-";"-";"<E>";"être";"à";"le";"poids";"-";"§être§au poids "
"787";"+";"+";"+";"-";"-";"-";"<E>";"être";"à";"le";"poil";"-";"§être§au poil "
"788";"-";"+";"-";"-";"-";"-";"<E>";"être";"en";"Dnum";"points";"-";"§être§en Dnum points "
"789";"+";"-";"-";"-";"-";"-";"<E>";"être";"dans";"la";"police";"+";"§être§dans la police "
"790";"+";"-";"-";"-";"-";"-";"<E>";"être";"de";"la";"police";"-";"§être§de la police "
"791";"+";"-";"-";"-";"-";"-";"<E>";"être";"dans";"la";"politique";"-";"§être§dans la politique "
"792";"-";"+";"-";"-";"-";"+";"n'";"être";"pour";"Possi";"pomme";"-";"§n'est§pour Possi pomme "
"793";"-";"+";"+";"-";"-";"-";"<E>";"être";"à";"les";"pommes";"-";"§être§aux pommes "
"794";"+";"-";"-";"-";"-";"-";"<E>";"être";"dans";"les";"pommes";"-";"§être§dans les pommes "
"795";"+";"-";"-";"-";"-";"-";"<E>";"être";"sur";"le";"pont";"-";"§être§sur le pont "
"796";"+";"-";"-";"-";"-";"-";"<E>";"être";"sous";"les";"ponts";"+";"§être§sous les ponts "
"797";"+";"+";"-";"-";"-";"-";"<E>";"être";"à";"le";"port";"+";"§être§au port "
"798";"+";"-";"-";"-";"-";"-";"<E>";"être";"à";"la";"porte";"-";"§être§à la porte "
"799";"+";"+";"-";"-";"-";"-";"<E>";"être";"à";"notre";"porte";"+";"§être§à notre porte "
"800";"+";"+";"-";"-";"-";"-";"<E>";"être";"à";"nos";"portes";"+";"§être§à nos portes "
"801";"-";"+";"-";"-";"-";"-";"<E>";"être";"en";"Dnum";"portions";"-";"§être§en Dnum portions "
"802";"+";"-";"-";"-";"-";"-";"<E>";"être";"à";"Poss0";"poste";"+";"§être§à sa poste "
"803";"+";"-";"-";"-";"-";"-";"<E>";"être";"dans";"une certaine";"posture";"-";"§être§dans une certaine posture "
"804";"+";"-";"-";"-";"-";"-";"<E>";"être";"sur";"une";"poudrière";"-";"§être§sur une poudrière "
"805";"+";"-";"-";"-";"-";"-";"<E>";"être";"en";"Poss0";"pouvoir";"-";"§être§en son pouvoir "
"806";"+";"-";"-";"-";"-";"-";"<E>";"être";"à";"le";"pouvoir";"-";"§être§au pouvoir "
"807";"+";"+";"-";"-";"-";"-";"<E>";"être";"dans";"les";"premiers";"-";"§être§dans les premiers "
"808";"+";"+";"-";"-";"-";"-";"<E>";"être";"parmi";"les";"premiers";"-";"§être§parmi les premiers "
"809";"+";"-";"-";"-";"-";"-";"<E>";"être";"dans";"les";"présents";"-";"§être§dans les présents "
"810";"+";"-";"-";"-";"-";"-";"<E>";"être";"parmi";"les";"présents";"-";"§être§parmi les présents "
"811";"+";"+";"-";"-";"-";"-";"<E>";"être";"à";"une certaine";"pression";"-";"§être§à une certaine pression "
"812";"+";"-";"-";"-";"-";"-";"<E>";"être";"dans";"le";"privé";"-";"§être§dans le privé "
"813";"-";"+";"-";"-";"-";"-";"<E>";"être";"à";"Poss0";"prix";"-";"§être§à son prix "
"814";"-";"+";"+";"-";"-";"-";"<E>";"être";"à";"ce";"prix";"-";"§être§à ce prix "
"815";"+";"+";"-";"-";"-";"-";"<E>";"être";"dans";"un certain";"processus";"-";"§être§dans un certain processus "
"816";"+";"-";"-";"-";"-";"-";"<E>";"être";"de";"la";"promenade";"-";"§être§de la promenade "
"817";"-";"+";"-";"-";"-";"-";"<E>";"être";"à";"le";"propre";"-";"§être§au propre "
"818";"+";"-";"-";"-";"-";"-";"<E>";"être";"dans";"le";"public";"-";"§être§dans le public "
"819";"-";"+";"-";"-";"-";"-";"<E>";"être";"dans";"le";"public";"-";"§être§dans le public "
"820";"+";"-";"-";"-";"-";"-";"<E>";"être";"à";"les";"puces";"+";"§être§aux puces "
"821";"+";"-";"-";"-";"-";"-";"<E>";"être";"dans";"la";"purée";"-";"§être§dans la purée "
"822";"+";"-";"-";"-";"-";"-";"<E>";"être";"à";"le";"purgatoire";"+";"§être§au purgatoire "
"823";"+";"+";"-";"-";"-";"-";"<E>";"être";"de";"trois";"quarts";"-";"§être§de trois quarts "
"824";"+";"-";"-";"-";"-";"-";"<E>";"être";"à";"la";"question";"-";"§être§à la question "
"825";"-";"+";"+";"-";"-";"-";"<E>";"être";"à";"le";"quotidien";"-";"§être§au quotidien "
"826";"-";"+";"-";"-";"-";"-";"<E>";"être";"à";"le";"rabais";"-";"§être§au rabais "
"827";"+";"-";"-";"-";"-";"-";"<E>";"être";"à";"la";"radio";"+";"§être§à la radio "
"828";"-";"+";"-";"-";"-";"-";"<E>";"être";"contre";"la";"rage";"-";"§être§contre la rage "
"829";"-";"+";"-";"-";"-";"-";"<E>";"être";"pour";"la";"rage";"-";"§être§pour la rage "
"830";"+";"+";"-";"-";"-";"-";"<E>";"être";"sur";"les";"rails";"-";"§être§sur les rails "
"831";"-";"+";"-";"-";"-";"-";"<E>";"être";"à";"le";"ralenti";"-";"§être§au ralenti "
"832";"+";"-";"-";"-";"-";"-";"<E>";"être";"sur";"les";"rangs";"-";"§être§sur les rangs "
"833";"+";"+";"+";"-";"-";"-";"<E>";"être";"hors de";"la";"réalité";"-";"§être§hors de la réalité "
"834";"-";"+";"-";"-";"-";"-";"<E>";"être";"à";"le";"rebut";"+";"§être§au rebut "
"835";"+";"-";"-";"-";"-";"-";"<E>";"être";"à";"la";"réception";"+";"§être§à la réception "
"836";"+";"-";"-";"-";"-";"-";"<E>";"être";"dans";"le";"recueillement";"-";"§être§dans le recueillement "
"837";"+";"-";"-";"-";"-";"-";"<E>";"être";"à";"la";"redresse";"-";"§être§à la redresse "
"838";"-";"+";"-";"-";"-";"-";"<E>";"être";"à";"la";"réforme";"+";"§être§à la réforme "
"839";"+";"-";"-";"-";"-";"-";"<E>";"être";"à";"le";"régime";"-";"§être§au régime "
"840";"+";"+";"-";"-";"-";"-";"<E>";"être";"dans";"la";"région";"+";"§être§dans la région "
"841";"+";"-";"-";"-";"-";"-";"<E>";"être";"de";"la";"région";"-";"§être§de la région "
"842";"+";"-";"-";"-";"-";"-";"<E>";"être";"à";"le";"rendement";"-";"§être§au rendement "
"843";"+";"-";"-";"-";"-";"-";"<E>";"être";"à";"les";"renseignements";"-";"§être§aux renseignements "
"844";"+";"-";"-";"-";"-";"-";"<E>";"être";"à";"une";"répétition";"+";"§être§à une répétition "
"845";"+";"-";"-";"-";"-";"-";"<E>";"être";"de";"toutes les";"répétitions";"-";"§être§de toutes les répétitions "
"846";"+";"-";"-";"-";"-";"-";"<E>";"être";"à";"le";"repos";"+";"§être§au repos "
"847";"-";"+";"-";"-";"-";"-";"<E>";"être";"à";"le";"repos";"+";"§être§au repos "
"848";"-";"+";"-";"-";"-";"-";"<E>";"être";"à";"la";"repro";"+";"§être§à la repro "
"849";"-";"+";"-";"-";"-";"-";"<E>";"être";"à";"la";"reproduction";"+";"§être§à la reproduction "
"850";"+";"+";"-";"-";"-";"-";"<E>";"être";"dans";"la";"réserve";"+";"§être§dans la réserve "
"851";"+";"-";"-";"-";"-";"-";"<E>";"être";"sur";"la";"réserve";"-";"§être§sur la réserve "
"852";"+";"-";"-";"-";"-";"-";"<E>";"être";"à";"le";"restaurant";"+";"§être§au restaurant "
"853";"+";"-";"-";"-";"-";"-";"<E>";"être";"dans";"la";"restauration";"-";"§être§dans la restauration "
"854";"+";"-";"-";"-";"-";"-";"<E>";"être";"à";"le";"resto";"+";"§être§au resto "
"855";"+";"-";"-";"-";"-";"-";"<E>";"être";"sur";"le";"retour";"-";"§être§sur le retour "
"856";"+";"+";"-";"-";"-";"-";"<E>";"être";"à";"la";"Réunion";"+";"§être§à la Réunion "
"857";"+";"-";"-";"-";"-";"-";"<E>";"être";"à";"une";"réunion";"+";"§être§à une réunion "
"858";"+";"-";"-";"-";"-";"-";"<E>";"être";"de";"toutes les";"réunions";"-";"§être§de toutes les réunions "
"859";"+";"-";"-";"-";"-";"-";"<E>";"être";"dans";"un";"rêve";"-";"§être§dans un rêve "
"860";"+";"-";"-";"-";"-";"-";"<E>";"être";"dans";"Poss0";"rêves";"-";"§être§dans ses rêves "
"861";"+";"-";"-";"-";"-";"-";"<E>";"être";"de";"la";"revue";"-";"§être§de la revue "
"862";"-";"+";"-";"-";"-";"-";"<E>";"être";"contre";"le";"rhume";"-";"§être§contre le rhume "
"863";"-";"+";"-";"-";"-";"-";"<E>";"être";"pour";"le";"rhume";"-";"§être§pour le rhume "
"864";"+";"-";"-";"-";"-";"-";"<E>";"être";"dans";"Poss0";"rôle";"-";"§être§dans son rôle "
"865";"+";"-";"-";"-";"-";"-";"<E>";"être";"sans";"le";"rond";"-";"§être§sans le rond "
"866";"+";"-";"-";"-";"-";"-";"<E>";"être";"sans";"un";"rond";"-";"§être§sans un rond "
"867";"+";"-";"-";"-";"-";"-";"<E>";"être";"sur";"les";"rotules";"-";"§être§sur les rotules "
"868";"-";"+";"-";"-";"-";"-";"<E>";"être";"à";"le";"rouge";"-";"§être§au rouge "
"869";"-";"+";"-";"-";"-";"-";"<E>";"être";"à";"le";"rouge";"-";"§être§au rouge "
"870";"+";"-";"-";"-";"-";"-";"<E>";"être";"dans";"le";"rouge";"-";"§être§dans le rouge "
"871";"-";"+";"-";"-";"-";"-";"<E>";"être";"dans";"le";"rouge";"-";"§être§dans le rouge "
"872";"+";"-";"-";"-";"-";"-";"<E>";"être";"sur";"les";"routes";"+";"§être§sur les routes "
"873";"+";"-";"-";"-";"-";"-";"<E>";"être";"à";"la";"rue";"-";"§être§à la rue "
"874";"+";"+";"-";"-";"-";"-";"<E>";"être";"dans";"la";"rue";"+";"§être§dans la rue "
"875";"+";"-";"-";"-";"-";"-";"<E>";"être";"dans";"le";"ruisseau";"-";"§être§dans le ruisseau "
"876";"+";"+";"-";"-";"-";"-";"<E>";"être";"à";"un certain";"rythme";"-";"§être§à un certain rythme "
"877";"+";"-";"-";"-";"-";"-";"<E>";"être";"sur";"le";"sable";"-";"§être§sur le sable "
"878";"-";"+";"-";"-";"-";"-";"<E>";"être";"à";"le";"saindoux";"-";"§être§au saindoux "
"879";"+";"-";"-";"-";"-";"-";"<E>";"être";"à";"le";"salon";"-";"§être§au salon "
"880";"+";"-";"-";"-";"-";"-";"<E>";"être";"à";"le";"salut";"-";"§être§au salut "
"881";"-";"+";"-";"-";"-";"-";"<E>";"être";"à";"toutes les";"sauces";"-";"§être§à toutes les sauces "
"882";"+";"-";"-";"-";"-";"-";"<E>";"être";"dans";"le";"savon";"-";"§être§dans le savon "
"883";"+";"-";"-";"-";"-";"-";"<E>";"être";"dans";"les";"savons";"-";"§être§dans les savons "
"884";"+";"-";"-";"-";"-";"-";"<E>";"être";"à";"le";"saxo";"-";"§être§au saxo "
"885";"+";"-";"-";"-";"-";"-";"<E>";"être";"sur";"Poss0";"séant";"-";"§être§sur son séant "
"886";"+";"-";"-";"-";"-";"-";"<E>";"être";"à";"le";"secret";"-";"§être§au secret "
"887";"+";"-";"-";"-";"-";"-";"<E>";"être";"dans";"le";"secret";"-";"§être§dans le secret "
"888";"+";"+";"-";"-";"-";"-";"<E>";"être";"dans";"le";"secteur";"-";"§être§dans le secteur "
"889";"-";"+";"-";"-";"-";"-";"<E>";"être";"en";"Dnum";"sections";"-";"§être§en Dnum sections "
"890";"+";"-";"-";"-";"-";"-";"<E>";"être";"à";"la";"sécu";"-";"§être§à la sécu "
"891";"-";"+";"-";"-";"-";"-";"<E>";"être";"en";"Dnum";"segments";"-";"§être§en Dnum segments "
"892";"+";"-";"-";"-";"-";"-";"<E>";"être";"à";"la";"selle";"-";"§être§à la selle "
"893";"+";"-";"-";"-";"-";"-";"<E>";"être";"sur";"la";"sellette";"-";"§être§sur la sellette "
"894";"+";"-";"-";"-";"-";"-";"<E>";"être";"à";"le";"séminaire";"+";"§être§au séminaire "
"895";"+";"-";"-";"-";"-";"-";"<E>";"être";"à";"un";"séminaire";"+";"§être§à un séminaire "
"896";"+";"-";"-";"-";"-";"-";"<E>";"être";"de";"tous les";"séminaires";"-";"§être§de tous les séminaires "
"897";"+";"-";"-";"-";"-";"-";"<E>";"être";"dans";"la";"semoule";"-";"§être§dans la semoule "
"898";"+";"-";"-";"-";"-";"-";"<E>";"être";"dans";"le";"sérail";"-";"§être§dans le sérail "
"899";"+";"-";"-";"-";"-";"-";"<E>";"être";"de";"le";"sérail";"-";"§être§du sérail "
"900";"+";"+";"-";"-";"-";"-";"<E>";"être";"dans";"une certaine";"sérénité";"-";"§être§dans une certaine sérénité "
"901";"+";"-";"-";"-";"-";"-";"<E>";"être";"à";"le";"service";"-";"§être§au service "
"902";"+";"-";"-";"-";"-";"-";"<E>";"être";"à";"ton";"service";"-";"§être§à ton service "
"903";"+";"-";"-";"-";"-";"-";"<E>";"être";"à";"votre";"service";"-";"§être§à votre service "
"904";"+";"+";"-";"-";"-";"-";"<E>";"être";"à";"les";"Seychelles";"+";"§être§aux Seychelles "
"905";"+";"+";"-";"-";"-";"-";"<E>";"être";"de";"Poss0";"siècle";"-";"§être§de son siècle "
"906";"+";"+";"-";"-";"-";"-";"<E>";"être";"de";"un autre";"siècle";"-";"§être§d'un autre siècle "
"907";"+";"-";"-";"-";"-";"-";"<E>";"être";"parmi";"les";"siens";"-";"§être§parmi les siens "
"908";"-";"+";"-";"-";"-";"-";"<E>";"être";"à";"la";"signature";"-";"§être§à la signature "
"909";"+";"+";"-";"-";"-";"-";"<E>";"être";"dans";"une certaine";"situation";"-";"§être§dans une certaine situation "
"910";"+";"-";"-";"-";"-";"-";"<E>";"être";"à";"le";"ski";"+";"§être§au ski "
"911";"+";"-";"-";"-";"-";"-";"<E>";"être";"de";"le";"soir";"-";"§être§du soir "
"912";"+";"-";"-";"-";"-";"-";"<E>";"être";"à";"une";"soirée";"+";"§être§à une soirée "
"913";"+";"-";"-";"-";"-";"-";"<E>";"être";"de";"toutes les";"soirées";"-";"§être§de toutes les soirées "
"914";"+";"-";"-";"-";"-";"-";"<E>";"être";"dans";"la";"soixantaine";"-";"§être§dans la soixantaine "
"915";"+";"-";"-";"-";"-";"-";"<E>";"être";"à";"le";"sol";"+";"§être§au sol "
"916";"+";"+";"-";"-";"-";"-";"<E>";"être";"sur";"le";"sol";"+";"§être§sur le sol "
"917";"+";"+";"-";"-";"-";"-";"<E>";"être";"à";"le";"soleil";"+";"§être§au soleil "
"918";"+";"-";"-";"-";"-";"-";"<E>";"être";"dans";"la";"solitude";"-";"§être§dans la solitude "
"919";"-";"+";"-";"-";"-";"-";"<E>";"être";"à";"Poss0";"sommet";"-";"§être§à son sommet "
"920";"-";"+";"-";"-";"-";"-";"<E>";"être";"de";"une certaine";"sorte";"-";"§être§d'une certaine sorte "
"921";"+";"-";"-";"-";"-";"-";"<E>";"être";"de";"la";"sortie";"-";"§être§de la sortie "
"922";"+";"-";"-";"-";"-";"-";"<E>";"être";"sans";"le";"sou";"-";"§être§sans le sou "
"923";"+";"-";"-";"-";"-";"-";"<E>";"être";"sans";"un";"sou";"-";"§être§sans un sou "
"924";"+";"-";"-";"-";"-";"-";"<E>";"être";"à";"le";"spectacle";"+";"§être§au spectacle "
"925";"-";"+";"+";"-";"-";"-";"<E>";"être";"pour";"le";"spectacle";"-";"§être§pour le spectacle "
"926";"+";"+";"-";"-";"-";"-";"<E>";"être";"à";"un certain";"stade";"-";"§être§à un certain stade "
"927";"+";"+";"-";"+";"-";"-";"en";"être";"à";"un certain";"stade";"-";"§en est§à un certain stade "
"928";"+";"+";"-";"-";"-";"-";"<E>";"être";"dans";"le";"sujet";"-";"§être§dans le sujet "
"929";"+";"+";"-";"-";"-";"-";"<E>";"être";"hors de";"le";"sujet";"-";"§être§hors du sujet "
"930";"+";"-";"-";"-";"-";"-";"<E>";"être";"à";"le";"supermarché";"+";"§être§au supermarché "
"931";"+";"-";"-";"-";"-";"-";"<E>";"être";"à";"le";"supermarché";"+";"§être§au supermarché "
"932";"+";"-";"-";"-";"-";"-";"<E>";"être";"à";"le";"supplice";"-";"§être§au supplice "
"933";"+";"-";"-";"-";"-";"-";"<E>";"être";"à";"une";"surboume";"+";"§être§à une surboume "
"934";"+";"-";"-";"-";"-";"-";"<E>";"être";"de";"toutes les";"surboumes";"-";"§être§de toutes les surboumes "
"935";"+";"-";"-";"-";"-";"-";"<E>";"être";"de";"tous les";"symposia";"+";"§être§de tous les symposia "
"936";"+";"-";"-";"-";"-";"-";"<E>";"être";"à";"un";"symposium";"-";"§être§à un symposium "
"937";"+";"-";"-";"-";"-";"-";"<E>";"être";"de";"tous les";"symposiums";"+";"§être§de tous les symposiums "
"938";"+";"-";"-";"-";"-";"-";"<E>";"être";"dans";"le";"système";"-";"§être§dans le système "
"939";"-";"+";"-";"-";"-";"-";"<E>";"être";"à";"la";"taille";"-";"§être§à la taille "
"940";"+";"-";"-";"-";"-";"-";"<E>";"être";"dans";"Poss0";"tanière";"+";"§être§dans sa tanière "
"941";"-";"+";"-";"-";"-";"-";"<E>";"être";"chez";"ma";"tante";"+";"§être§chez ma tante "
"942";"+";"-";"-";"-";"-";"-";"<E>";"être";"à";"le";"tapis";"-";"§être§au tapis "
"943";"-";"+";"-";"-";"-";"-";"<E>";"être";"sur";"le";"tapis";"-";"§être§sur le tapis "
"944";"+";"+";"-";"-";"-";"-";"<E>";"être";"à";"un certain";"taux";"-";"§être§à un certain taux "
"945";"+";"-";"-";"-";"-";"-";"<E>";"être";"à";"la";"teinturerie";"+";"§être§à la teinturerie "
"946";"+";"-";"-";"-";"-";"-";"<E>";"être";"chez";"le";"teinturier";"+";"§être§chez le teinturier "
"947";"+";"-";"-";"-";"-";"-";"<E>";"être";"à";"la";"télé";"-";"§être§à la télé "
"948";"+";"-";"-";"-";"-";"-";"<E>";"être";"à";"le";"télephone";"+";"§être§au télephone "
"949";"+";"-";"-";"-";"-";"-";"<E>";"être";"à";"la";"télévision";"-";"§être§à la télévision "
"950";"+";"+";"-";"-";"-";"-";"<E>";"être";"de";"Poss0";"temps";"-";"§être§de son temps "
"951";"+";"+";"-";"-";"-";"-";"<E>";"être";"hors de";"Poss0";"temps";"-";"§être§hors de son temps "
"952";"+";"+";"-";"-";"-";"-";"<E>";"être";"hors de";"le";"temps";"-";"§être§hors du temps "
"953";"+";"+";"-";"-";"-";"-";"<E>";"être";"dans";"les";"temps";"-";"§être§dans les temps "
"954";"-";"+";"+";"-";"-";"-";"<E>";"être";"de";"tous";"temps";"-";"§être§de tous temps "
"955";"-";"+";"+";"-";"-";"-";"<E>";"être";"de";"tous les";"temps";"-";"§être§de tous les temps "
"956";"+";"+";"-";"-";"-";"-";"<E>";"être";"de";"toutes";"tendances";"-";"§être§de toutes tendances "
"957";"+";"+";"-";"-";"-";"-";"<E>";"être";"de";"toutes les";"tendances";"-";"§être§de toutes les tendances "
"958";"+";"+";"-";"-";"-";"-";"<E>";"être";"dans";"les";"ténèbres";"+";"§être§dans les ténèbres "
"959";"+";"-";"-";"-";"-";"-";"<E>";"être";"à";"le";"tennis";"+";"§être§au tennis "
"960";"+";"-";"-";"-";"-";"-";"<E>";"être";"à";"le";"tennis";"+";"§être§au tennis "
"961";"+";"-";"-";"-";"-";"-";"<E>";"être";"sous";"la";"tente";"+";"§être§sous la tente "
"962";"+";"+";"-";"-";"-";"-";"<E>";"être";"sous";"une";"tente";"+";"§être§sous une tente "
"963";"-";"+";"-";"-";"-";"-";"<E>";"être";"à";"Poss0";"terme";"-";"§être§à son terme "
"964";"+";"-";"-";"-";"-";"-";"<E>";"être";"sur";"Poss0";"terrain";"-";"§être§sur son terrain "
"965";"+";"-";"-";"-";"-";"-";"<E>";"être";"sur";"le";"terrain";"+";"§être§sur le terrain "
"966";"-";"+";"-";"-";"-";"-";"<E>";"être";"à";"la";"terre";"-";"§être§à la terre "
"967";"+";"-";"-";"-";"-";"-";"<E>";"être";"sur";"Poss0";"terres";"+";"§être§sur ses terres "
"968";"-";"+";"-";"-";"-";"-";"<E>";"être";"dans";"les";"terres";"+";"§être§dans les terres "
"969";"+";"-";"-";"-";"-";"-";"<E>";"être";"dans";"le";"tertiaire";"-";"§être§dans le tertiaire "
"970";"-";"+";"+";"-";"-";"-";"<E>";"être";"dans";"la";"tête";"-";"§être§dans la tête "
"971";"+";"-";"-";"-";"-";"-";"<E>";"être";"à";"un";"thé";"+";"§être§à un thé "
"972";"+";"-";"-";"-";"-";"-";"<E>";"être";"à";"le";"théâtre";"+";"§être§au théâtre "
"973";"+";"-";"-";"-";"-";"-";"<E>";"être";"de";"tous les";"thés";"-";"§être§de tous les thés "
"974";"-";"+";"-";"-";"-";"-";"<E>";"être";"à";"le";"tirage";"+";"§être§au tirage "
"975";"-";"+";"-";"-";"-";"-";"<E>";"être";"à";"le";"tirage";"+";"§être§au tirage "
"976";"+";"-";"-";"-";"-";"-";"<E>";"être";"à";"Poss0";"toilette";"-";"§être§à sa toilette "
"977";"+";"-";"-";"-";"-";"-";"<E>";"être";"à";"les";"toilettes";"+";"§être§aux toilettes "
"978";"-";"+";"-";"-";"-";"-";"<E>";"être";"à";"la";"tomate";"-";"§être§à la tomate "
"979";"+";"-";"-";"-";"-";"-";"<E>";"être";"dans";"Poss0";"tombe";"-";"§être§dans sa tombe "
"980";"+";"+";"-";"-";"-";"-";"<E>";"être";"dans";"le";"ton";"-";"§être§dans le ton "
"981";"+";"+";"+";"-";"-";"-";"<E>";"être";"de";"le";"tonnerre";"-";"§être§du tonnerre "
"982";"+";"-";"-";"-";"-";"-";"<E>";"être";"dans";"Poss0";"tort";"-";"§être§dans son tort "
"983";"+";"-";"-";"-";"-";"-";"<E>";"être";"à";"la";"torture";"-";"§être§à la torture "
"984";"+";"-";"-";"-";"-";"-";"<E>";"être";"sur";"la";"touche";"-";"§être§sur la touche "
"985";"-";"+";"-";"-";"-";"-";"<E>";"être";"en";"quarante cinq";"tours";"-";"§être§en quarante cinq tours "
"986";"-";"+";"-";"-";"-";"-";"<E>";"être";"en";"soixante dix huit";"tours";"-";"§être§en soixante dix huit tours "
"987";"-";"+";"-";"-";"-";"-";"<E>";"être";"en";"trente trois";"tours";"-";"§être§en trente trois tours "
"988";"+";"+";"-";"-";"-";"-";"<E>";"être";"dans";"la";"tradition";"-";"§être§dans la tradition "
"989";"+";"+";"-";"-";"-";"-";"<E>";"être";"dans";"une certaine";"tradition";"-";"§être§dans une certaine tradition "
"990";"+";"+";"-";"-";"-";"-";"<E>";"être";"à";"la";"traîne";"-";"§être§à la traîne "
"991";"-";"+";"-";"-";"-";"-";"<E>";"être";"sur";"Poss0";"trajectoire";"-";"§être§sur sa trajectoire "
"992";"-";"+";"+";"-";"-";"-";"<E>";"être";"à";"deux";"tranchants";"-";"§être§à deux tranchants "
"993";"+";"-";"-";"-";"-";"-";"<E>";"être";"dans";"des";"transes";"-";"§être§dans des transes "
"994";"+";"-";"-";"-";"-";"-";"<E>";"être";"à";"Poss0";"travail";"+";"§être§à son travail "
"995";"+";"-";"-";"-";"-";"-";"<E>";"être";"à";"le";"travail";"+";"§être§au travail "
"996";"-";"+";"-";"-";"-";"-";"<E>";"être";"à";"le";"travail";"-";"§être§au travail "
"997";"+";"-";"-";"-";"-";"-";"<E>";"être";"dans";"la";"trentaine";"-";"§être§dans la trentaine "
"998";"+";"-";"-";"-";"-";"-";"<E>";"être";"à";"la";"tribune";"+";"§être§à la tribune "
"999";"+";"-";"-";"-";"-";"-";"<E>";"être";"à";"la";"trompette";"-";"§être§à la trompette "
"1000";"+";"-";"-";"-";"-";"-";"<E>";"être";"sur";"le";"trône";"+";"§être§sur le trône "
"1001";"+";"+";"-";"-";"-";"-";"<E>";"être";"sous";"les";"tropiques";"+";"§être§sous les tropiques "
"1002";"+";"-";"-";"-";"-";"-";"<E>";"être";"sur";"le";"trottoir";"-";"§être§sur le trottoir "
"1003";"+";"-";"-";"-";"-";"-";"<E>";"être";"à";"le";"trou";"+";"§être§au trou "
"1004";"+";"+";"-";"-";"-";"-";"<E>";"être";"dans";"un";"tunnel";"-";"§être§dans un tunnel "
"1005";"+";"-";"-";"-";"-";"-";"<E>";"être";"à";"le";"turbin";"+";"§être§au turbin "
"1006";"-";"+";"-";"-";"-";"-";"<E>";"être";"dans";"le";"tuyau";"+";"§être§dans le tuyau "
"1007";"+";"+";"-";"-";"-";"-";"<E>";"être";"de";"un certain";"type";"-";"§être§d'un certain type "
"1008";"+";"-";"-";"-";"-";"-";"<E>";"être";"sous";"le";"uniforme";"-";"§être§sous l'uniforme "
"1009";"-";"+";"-";"-";"-";"-";"<E>";"être";"à";"la";"unité";"-";"§être§à l'unité "
"1010";"+";"-";"-";"-";"-";"-";"<E>";"être";"dans";"une";"université";"+";"§être§dans une université "
"1011";"+";"-";"-";"-";"-";"-";"<E>";"être";"à";"la";"université";"+";"§être§à l'université "
"1012";"-";"+";"+";"-";"-";"-";"<E>";"être";"dans";"le";"usage";"-";"§être§dans l'usage "
"1013";"+";"-";"-";"-";"-";"-";"<E>";"être";"à";"Poss0";"usine";"+";"§être§à son usine "
"1014";"+";"-";"-";"-";"-";"-";"<E>";"être";"à";"la";"usine";"+";"§être§à l'usine "
"1015";"-";"+";"-";"-";"-";"-";"<E>";"être";"de";"avant les";"vacances";"-";"§être§d'avant les vacances "
"1016";"+";"+";"-";"-";"-";"-";"<E>";"être";"dans";"le";"vague";"-";"§être§dans le vague "
"1017";"-";"+";"-";"-";"-";"-";"<E>";"être";"à";"la";"vanille";"-";"§être§à la vanille "
"1018";"+";"-";"-";"-";"-";"-";"<E>";"être";"dans";"les";"vapes";"-";"§être§dans les vapes "
"1019";"-";"+";"-";"-";"-";"-";"<E>";"être";"à";"la";"vapeur";"-";"§être§à la vapeur "
"1020";"-";"+";"-";"-";"-";"-";"<E>";"être";"de";"une certaine";"variété";"-";"§être§d'une certaine variété "
"1021";"+";"-";"-";"-";"-";"-";"<E>";"être";"sur";"Poss0";"vélo";"+";"§être§sur son vélo "
"1022";"-";"+";"-";"-";"-";"-";"<E>";"être";"à";"tout";"venant";"-";"§être§à tout venant "
"1023";"-";"+";"-";"-";"-";"-";"<E>";"être";"à";"tous";"venants";"-";"§être§à tous venants "
"1024";"-";"+";"-";"-";"-";"-";"<E>";"être";"à";"le";"vent";"+";"§être§au vent "
"1025";"+";"+";"-";"-";"-";"-";"<E>";"être";"contre";"le";"vent";"+";"§être§contre le vent "
"1026";"+";"+";"-";"-";"-";"-";"<E>";"être";"dans";"le";"vent";"-";"§être§dans le vent "
"1027";"+";"-";"-";"-";"-";"-";"<E>";"être";"dans";"le";"vent";"-";"§être§dans le vent "
"1028";"+";"+";"-";"-";"-";"-";"<E>";"être";"sous";"le";"vent";"+";"§être§sous le vent "
"1029";"+";"+";"-";"-";"-";"-";"<E>";"être";"sur";"le";"ventre";"-";"§être§sur le ventre "
"1030";"+";"-";"-";"-";"-";"-";"<E>";"être";"à";"les";"vêpres";"+";"§être§aux vêpres "
"1031";"+";"+";"-";"-";"-";"-";"<E>";"être";"dans";"la";"vérité";"-";"§être§dans la vérité "
"1032";"+";"-";"-";"-";"-";"-";"<E>";"être";"à";"un";"vernissage";"+";"§être§à un vernissage "
"1033";"+";"-";"-";"-";"-";"-";"<E>";"être";"de";"tous les";"vernissages";"-";"§être§de tous les vernissages "
"1034";"+";"-";"-";"-";"-";"-";"<E>";"être";"sous";"les";"verrous";"+";"§être§sous les verrous "
"1035";"-";"+";"-";"-";"-";"-";"<E>";"être";"de";"une certaine";"version";"-";"§être§d'une certaine version "
"1036";"+";"-";"-";"-";"-";"-";"<E>";"être";"à";"le";"vert";"+";"§être§au vert "
"1037";"+";"-";"-";"-";"-";"-";"<E>";"être";"à";"la";"viande";"-";"§être§à la viande "
"1038";"-";"+";"-";"-";"-";"-";"<E>";"être";"à";"la";"viande";"-";"§être§à la viande "
"1039";"+";"+";"-";"-";"-";"-";"<E>";"être";"dans";"le";"vide";"-";"§être§dans le vide "
"1040";"+";"+";"-";"-";"-";"-";"<E>";"être";"à";"la";"ville";"+";"§être§à la ville "
"1041";"+";"-";"-";"-";"-";"-";"<E>";"être";"à";"le";"vin";"-";"§être§au vin "
"1042";"-";"+";"-";"-";"-";"-";"<E>";"être";"à";"le";"vinaigre";"-";"§être§au vinaigre "
"1043";"-";"+";"-";"-";"-";"-";"<E>";"être";"à";"la";"vinaigrette";"-";"§être§à la vinaigrette "
"1044";"+";"-";"-";"-";"-";"-";"<E>";"être";"entre";"deux";"vins";"-";"§être§entre deux vins "
"1045";"+";"-";"-";"-";"-";"-";"<E>";"être";"à";"la";"visite";"+";"§être§à la visite "
"1046";"+";"+";"-";"-";"-";"-";"<E>";"être";"à";"une certaine";"vitesse";"-";"§être§à une certaine vitesse "
"1047";"+";"-";"-";"-";"-";"-";"<E>";"être";"sous";"le";"voile";"+";"§être§sous le voile "
"1048";"+";"-";"-";"-";"-";"-";"<E>";"être";"chez";"le";"voisin";"+";"§être§chez le voisin "
"1049";"+";"-";"-";"-";"-";"-";"<E>";"être";"sur";"un";"volcan";"+";"§être§sur un volcan "
"1050";"+";"-";"-";"-";"-";"-";"<E>";"être";"à";"la";"volée";"-";"§être§à la volée "
"1051";"-";"+";"-";"-";"-";"-";"<E>";"être";"en";"Dnum";"volets";"-";"§être§en Dnum volets "
"1052";"-";"+";"-";"-";"-";"-";"<E>";"être";"en";"Dnum";"volumes";"-";"§être§en Dnum volumes "
"1053";"+";"-";"-";"-";"-";"-";"<E>";"être";"de";"les";"vôtres";"-";"§être§des vôtres "
"1054";"+";"-";"-";"-";"-";"-";"<E>";"être";"de";"le";"voyage";"-";"§être§du voyage "
"1055";"-";"+";"+";"-";"-";"-";"<E>";"être";"pour";"la";"vue";"-";"§être§pour la vue "
"1056";"+";"-";"-";"-";"-";"-";"<E>";"être";"à";"les";"WC";"+";"§être§aux WC "
"1057";"-";"+";"-";"-";"-";"-";"<E>";"être";"à";"Poss0";"zénith";"-";"§être§à son zénith "
"1058";"-";"+";"-";"-";"-";"-";"<E>";"être";"à";"le";"zéro";"-";"§être§au zéro "
"1059";"+";"-";"-";"-";"-";"-";"<E>";"être";"à";"le";"zoo";"+";"§être§au zoo "
"1060";"+";"-";"-";"-";"-";"-";"<E>";"être";"dans";"le";"faux";"-";"§être§dans le faux "
