"<ID>";"N0 =: Nhum";"N0 =: N-hum";"N0 =: Qu P";"Ppv =: en figé";"Ppv =: Neg";"<ENT>Ppv";"<ENT><être>";"<ENT>Prép1";"<ENT>Det1";"<ENT>C1";"Nc =: Nhum";"Nc =: N-hum";"N0 être Prép1 Det1 C1";"Det1 C1 de Nc = Poss C1";"Prép1 C1 = où ?";"Exemple"
"1";"+";"-";"-";"+";"-";"en";"être";"à";"le";"a b c";"-";"+";"-";"-";"-";"§en est§à l'a b c "
"2";"+";"+";"-";"-";"-";"<E>";"être";"à";"le";"abord";"-";"+";"-";"+";"+";"§être§à l'abord "
"3";"+";"+";"-";"-";"-";"<E>";"être";"à";"le";"abords";"-";"+";"-";"+";"+";"§être§à l'abords "
"4";"+";"+";"-";"-";"-";"<E>";"être";"à";"le";"aboutissement";"-";"+";"+";"+";"-";"§être§à l'aboutissement "
"5";"+";"+";"-";"-";"-";"<E>";"être";"à";"le";"abri";"-";"+";"+";"-";"+";"§être§à l'abri "
"6";"+";"+";"-";"-";"-";"<E>";"être";"à";"le";"abri";"-";"+";"-";"-";"-";"§être§à l'abri "
"7";"-";"+";"+";"-";"-";"<E>";"être";"en";"<E>";"accompagnement";"-";"+";"+";"-";"-";"§être§en accompagnement "
"8";"+";"-";"-";"-";"-";"<E>";"être";"à";"le";"accueil";"+";"-";"+";"-";"-";"§être§à l'accueil "
"9";"+";"+";"-";"-";"-";"<E>";"être";"à";"le";"achèvement";"-";"+";"+";"+";"-";"§être§à l'achèvement "
"10";"-";"+";"-";"-";"-";"<E>";"être";"en";"<E>";"acompte";"-";"+";"+";"-";"-";"§être§en acompte "
"11";"+";"-";"-";"-";"-";"<E>";"être";"en";"pleine";"acquisition";"-";"+";"-";"-";"-";"§être§en pleine acquisition "
"12";"+";"+";"-";"-";"-";"<E>";"être";"à";"le Dnum-ième";"acte";"-";"+";"+";"-";"+";"§être§au Dnum-ième acte "
"13";"+";"+";"-";"-";"-";"<E>";"être";"à";"le premier";"acte";"-";"+";"+";"-";"+";"§être§au premier acte "
"14";"+";"+";"-";"-";"-";"<E>";"être";"en";"plein Dnum-ième";"acte";"-";"+";"+";"-";"+";"§être§en plein Dnum-ième acte "
"15";"+";"+";"-";"-";"-";"<E>";"être";"en";"plein premier";"acte";"-";"+";"+";"-";"+";"§être§en plein premier acte "
"16";"+";"+";"+";"-";"-";"<E>";"être";"à";"le";"actif";"-";"+";"-";"+";"-";"§être§à l'actif "
"17";"-";"+";"+";"-";"-";"<E>";"être";"à";"la";"adresse";"+";"-";"-";"+";"-";"§être§à l'adresse "
"18";"-";"+";"+";"-";"-";"<E>";"être";"à";"la";"adresse";"+";"-";"-";"+";"-";"§être§à l'adresse "
"19";"+";"+";"-";"-";"-";"<E>";"être";"à";"la";"affiche";"-";"+";"+";"-";"-";"§être§à l'affiche "
"20";"+";"+";"-";"-";"-";"<E>";"être";"à";"le";"affleurement";"-";"+";"+";"+";"+";"§être§à l'affleurement "
"21";"+";"-";"-";"-";"-";"<E>";"être";"à";"le";"affût";"+";"+";"+";"-";"-";"§être§à l'affût "
"22";"+";"-";"-";"-";"-";"<E>";"être";"de";"le";"âge";"+";"-";"-";"+";"-";"§être§de l'âge "
"23";"+";"+";"-";"-";"-";"<E>";"être";"sous";"la";"aile";"+";"-";"-";"+";"-";"§être§sous l'aile "
"24";"+";"+";"-";"-";"-";"<E>";"être";"sous";"la";"aile protectrice";"+";"-";"-";"+";"-";"§être§sous l'aile protectrice "
"25";"+";"+";"-";"-";"-";"<E>";"être";"à";"les";"alentours";"-";"+";"-";"+";"+";"§être§aux alentours "
"26";"+";"-";"-";"-";"-";"<E>";"être";"à";"la";"amende";"-";"+";"+";"-";"-";"§être§à l'amende "
"27";"+";"+";"-";"-";"-";"<E>";"être";"en";"<E>";"amont";"-";"+";"+";"-";"+";"§être§en amont "
"28";"-";"+";"-";"-";"-";"<E>";"être";"en";"<E>";"amont";"-";"+";"+";"-";"-";"§être§en amont "
"29";"-";"+";"+";"-";"-";"<E>";"être";"en";"<E>";"amorce";"-";"+";"+";"-";"-";"§être§en amorce "
"30";"+";"+";"+";"-";"-";"<E>";"être";"à";"la";"amorce";"+";"-";"-";"+";"-";"§être§à l'amorce "
"31";"+";"-";"-";"-";"-";"<E>";"être";"en";"<E>";"amphi";"-";"+";"+";"-";"+";"§être§en amphi "
"32";"+";"+";"-";"-";"-";"<E>";"être";"dans";"Poss0 Dnum-ième";"année";"-";"+";"+";"-";"-";"§être§dans son Dnum-ième année "
"33";"-";"+";"+";"-";"-";"<E>";"être";"pour";"le";"anniversaire";"+";"+";"-";"+";"-";"§être§pour l'anniversaire "
"34";"-";"+";"-";"-";"-";"<E>";"être";"à";"six";"ans";"-";"+";"+";"-";"+";"§être§à six ans "
"35";"+";"+";"-";"-";"-";"<E>";"être";"à";"les";"antipodes";"-";"+";"-";"-";"+";"§être§aux antipodes "
"36";"-";"+";"-";"-";"-";"<E>";"être";"à";"les";"antipodes";"-";"+";"-";"-";"-";"§être§aux antipodes "
"37";"-";"+";"-";"-";"-";"<E>";"être";"à";"la";"antithèse";"-";"+";"-";"-";"-";"§être§à l'antithèse "
"38";"-";"+";"-";"-";"-";"<E>";"être";"à";"le";"aplomb";"-";"+";"+";"+";"+";"§être§à l'aplomb "
"39";"+";"+";"-";"-";"-";"<E>";"être";"à";"la";"apogée";"-";"+";"-";"+";"-";"§être§à l'apogée "
"40";"+";"+";"-";"-";"-";"<E>";"être";"à";"la";"apothéose";"-";"+";"-";"+";"-";"§être§à l'apothéose "
"41";"-";"+";"+";"-";"-";"<E>";"être";"en";"<E>";"application";"-";"+";"-";"+";"-";"§être§en application "
"42";"-";"+";"+";"-";"-";"<E>";"être";"à";"la";"appréciation";"+";"-";"-";"+";"-";"§être§à l'appréciation "
"43";"+";"+";"-";"-";"-";"<E>";"être";"à";"les";"approches";"-";"+";"-";"-";"+";"§être§aux approches "
"44";"-";"+";"+";"-";"-";"<E>";"être";"en";"<E>";"appui";"-";"+";"+";"-";"-";"§être§en appui "
"45";"-";"+";"+";"-";"-";"<E>";"être";"à";"le";"appui";"+";"+";"-";"+";"-";"§être§à l'appui "
"46";"-";"+";"+";"-";"-";"<E>";"être";"à";"le";"arbitrage";"+";"-";"+";"+";"-";"§être§à l'arbitrage "
"47";"+";"+";"-";"-";"-";"<E>";"être";"en";"<E>";"arrière";"+";"+";"+";"-";"+";"§être§en arrière "
"48";"+";"+";"-";"-";"-";"<E>";"être";"à";"le";"arrière";"-";"+";"+";"-";"+";"§être§à l'arrière "
"49";"+";"+";"-";"-";"-";"<E>";"être";"sous";"le";"assaut";"+";"-";"-";"+";"-";"§être§sous l'assaut "
"50";"+";"+";"-";"-";"-";"<E>";"être";"sous";"les";"attaques";"+";"-";"-";"+";"-";"§être§sous les attaques "
"51";"-";"+";"+";"-";"-";"<E>";"être";"à";"la";"attention";"+";"-";"-";"+";"-";"§être§à l'attention "
"52";"-";"+";"+";"-";"-";"<E>";"être";"à";"l'aimable";"attention";"+";"-";"-";"+";"-";"§être§à l'aimable attention "
"53";"-";"+";"+";"-";"-";"<E>";"être";"dans";"les";"attributions";"+";"-";"-";"+";"-";"§être§dans les attributions "
"54";"+";"-";"-";"-";"-";"<E>";"être";"à";"la";"aube";"-";"+";"-";"+";"-";"§être§à l'aube "
"55";"-";"+";"-";"-";"-";"<E>";"être";"en";"<E>";"augmentation";"-";"+";"-";"-";"-";"§être§en augmentation "
"56";"-";"+";"+";"-";"-";"<E>";"être";"à";"la";"aune";"-";"+";"-";"+";"-";"§être§à l'aune "
"57";"+";"+";"-";"-";"-";"<E>";"être";"en";"<E>";"aval";"-";"+";"+";"-";"+";"§être§en aval "
"58";"-";"+";"-";"-";"-";"<E>";"être";"en";"<E>";"aval";"-";"+";"+";"-";"-";"§être§en aval "
"59";"+";"+";"-";"-";"-";"<E>";"être";"en";"<E>";"avant";"+";"+";"+";"-";"+";"§être§en avant "
"60";"+";"+";"-";"-";"-";"<E>";"être";"à";"le";"avant";"-";"+";"+";"-";"+";"§être§à l'avant "
"61";"-";"+";"+";"-";"-";"<E>";"être";"à";"le";"avantage";"+";"+";"-";"+";"-";"§être§à l'avantage "
"62";"+";"+";"-";"-";"-";"<E>";"être";"à";"le";"avènement";"-";"+";"-";"+";"-";"§être§à l'avènement "
"63";"+";"-";"-";"-";"-";"<E>";"être";"de";"le";"avis";"+";"-";"-";"+";"-";"§être§de l'avis "
"64";"+";"+";"-";"-";"-";"<E>";"être";"dans";"le";"axe";"-";"+";"-";"+";"+";"§être§dans l'axe "
"65";"+";"+";"-";"-";"-";"<E>";"être";"dans";"le";"axe de tir";"+";"-";"-";"+";"+";"§être§dans l'axe de tir "
"66";"+";"+";"-";"-";"-";"<E>";"être";"en";"<E>";"baie";"-";"+";"-";"-";"+";"§être§en baie "
"67";"-";"+";"-";"-";"-";"<E>";"être";"en";"<E>";"baisse";"-";"+";"-";"-";"-";"§être§en baisse "
"68";"+";"+";"-";"-";"-";"<E>";"être";"à";"le";"balcon";"+";"+";"-";"+";"+";"§être§au balcon "
"69";"+";"+";"-";"-";"-";"<E>";"être";"sous";"le";"balcon";"+";"-";"-";"+";"+";"§être§sous le balcon "
"70";"+";"+";"-";"-";"-";"<E>";"être";"sur";"le";"balcon";"+";"+";"-";"+";"+";"§être§sur le balcon "
"71";"+";"-";"-";"-";"-";"<E>";"être";"de";"la";"bande";"+";"-";"-";"+";"-";"§être§de la bande "
"72";"+";"-";"-";"-";"-";"<E>";"être";"sur";"les plates-";"bandes";"+";"-";"-";"+";"+";"§être§sur les plates-bandes "
"73";"+";"-";"-";"-";"-";"<E>";"être";"à";"le";"baptême";"+";"-";"-";"+";"+";"§être§au baptême "
"74";"+";"+";"-";"-";"-";"<E>";"être";"en";"<E>";"bas";"-";"+";"+";"-";"+";"§être§en bas "
"75";"+";"+";"-";"-";"-";"<E>";"être";"à";"le";"bas";"-";"+";"+";"-";"+";"§être§au bas "
"76";"+";"+";"-";"-";"-";"<E>";"être";"à";"le plus";"bas";"-";"+";"+";"-";"-";"§être§au plus bas "
"77";"-";"+";"-";"-";"-";"<E>";"être";"à";"<E>";"base";"-";"+";"-";"-";"-";"§être§à base "
"78";"+";"+";"-";"-";"-";"<E>";"être";"à";"la";"base";"-";"+";"-";"+";"-";"§être§à la base "
"79";"+";"-";"-";"-";"-";"<E>";"être";"à";"les";"basques";"+";"-";"-";"+";"-";"§être§aux basques "
"80";"-";"+";"+";"-";"-";"<E>";"être";"à";"le";"bénéfice";"+";"+";"-";"+";"-";"§être§au bénéfice "
"81";"-";"+";"+";"-";"-";"<E>";"être";"pour";"le";"bien";"-";"+";"-";"+";"-";"§être§pour le bien "
"82";"+";"+";"-";"-";"-";"<E>";"être";"à";"<E>";"bord";"-";"+";"-";"+";"-";"§être§à bord "
"83";"+";"+";"-";"-";"-";"<E>";"être";"à";"le";"bord";"-";"+";"+";"-";"+";"§être§au bord "
"84";"+";"-";"-";"-";"-";"<E>";"être";"de";"le";"bord";"+";"-";"-";"+";"-";"§être§du bord "
"85";"+";"+";"-";"-";"-";"<E>";"être";"sur";"le";"bord";"-";"+";"+";"-";"+";"§être§sur le bord "
"86";"+";"+";"-";"-";"-";"<E>";"être";"en";"<E>";"bordure";"-";"+";"+";"-";"-";"§être§en bordure "
"87";"+";"+";"-";"-";"-";"<E>";"être";"à";"la";"bordure";"-";"+";"+";"-";"+";"§être§à la bordure "
"88";"+";"+";"-";"-";"-";"<E>";"être";"sous";"la";"botte";"+";"-";"-";"+";"-";"§être§sous la botte "
"89";"+";"+";"-";"-";"-";"<E>";"être";"en";"<E>";"bout";"-";"+";"-";"-";"+";"§être§en bout "
"90";"+";"+";"-";"-";"-";"<E>";"être";"à";"l'autre";"bout";"-";"+";"+";"-";"-";"§être§à l'autre bout "
"91";"+";"+";"-";"-";"-";"<E>";"être";"à";"le";"bout";"-";"+";"+";"-";"+";"§être§au bout "
"92";"+";"+";"-";"-";"-";"<E>";"être";"à";"le";"bout";"-";"+";"+";"-";"-";"§être§au bout "
"93";"+";"+";"-";"-";"-";"<E>";"être";"à";"les deux";"bouts";"-";"+";"+";"-";"+";"§être§aux deux bouts "
"94";"-";"+";"-";"-";"-";"<E>";"être";"sous";"le";"bras";"+";"-";"-";"+";"+";"§être§sous le bras "
"95";"-";"+";"-";"-";"-";"<E>";"être";"sur";"le";"bras";"+";"-";"-";"+";"+";"§être§sur le bras "
"96";"+";"+";"-";"-";"-";"<E>";"être";"dans";"les";"bras";"+";"-";"-";"+";"-";"§être§dans les bras "
"97";"-";"+";"-";"-";"-";"<E>";"être";"dans";"les";"bras";"+";"-";"-";"+";"+";"§être§dans les bras "
"98";"-";"+";"-";"-";"-";"<E>";"être";"sous";"les";"bras";"+";"-";"-";"+";"+";"§être§sous les bras "
"99";"+";"+";"-";"-";"-";"<E>";"être";"sur";"les";"bras";"+";"-";"-";"+";"-";"§être§sur les bras "
"100";"-";"+";"-";"-";"-";"<E>";"être";"sur";"les";"bras";"+";"-";"-";"+";"+";"§être§sur les bras "
"101";"-";"+";"-";"-";"-";"<E>";"être";"sous";"le";"bras droit";"+";"-";"-";"+";"+";"§être§sous le bras droit "
"102";"-";"+";"-";"-";"-";"<E>";"être";"sur";"le";"bras droit";"+";"-";"-";"+";"+";"§être§sur le bras droit "
"103";"-";"+";"-";"-";"-";"<E>";"être";"sous";"le";"bras gauche";"+";"-";"-";"+";"+";"§être§sous le bras gauche "
"104";"-";"+";"-";"-";"-";"<E>";"être";"sur";"le";"bras gauche";"+";"-";"-";"+";"+";"§être§sur le bras gauche "
"105";"+";"+";"-";"-";"-";"<E>";"être";"sur";"les";"bretelles";"+";"-";"-";"+";"-";"§être§sur les bretelles "
"106";"-";"+";"-";"-";"-";"<E>";"être";"à";"le";"budget";"+";"+";"+";"+";"-";"§être§au budget "
"107";"+";"-";"-";"-";"-";"<E>";"être";"à";"le";"but";"-";"+";"-";"+";"-";"§être§au but "
"108";"+";"+";"-";"-";"-";"<E>";"être";"à";"la";"cadence";"+";"+";"-";"+";"-";"§être§à la cadence "
"109";"-";"+";"-";"-";"-";"<E>";"être";"à";"le";"calendrier";"+";"-";"-";"+";"-";"§être§au calendrier "
"110";"+";"-";"-";"-";"-";"<E>";"être";"de";"le";"calibre";"+";"-";"-";"+";"-";"§être§du calibre "
"111";"+";"+";"-";"-";"-";"<E>";"être";"sous";"le";"canon";"+";"+";"+";"+";"-";"§être§sous le canon "
"112";"+";"+";"-";"-";"-";"<E>";"être";"sous";"les";"canons";"+";"+";"+";"+";"-";"§être§sous les canons "
"113";"+";"+";"-";"-";"-";"<E>";"être";"à";"le";"carrefour";"-";"+";"+";"-";"+";"§être§au carrefour "
"114";"-";"+";"-";"-";"-";"<E>";"être";"à";"la";"carte";"-";"+";"+";"+";"-";"§être§à la carte "
"115";"-";"+";"-";"-";"-";"<E>";"être";"dans";"les";"cartons";"+";"-";"-";"+";"+";"§être§dans les cartons "
"116";"+";"+";"-";"-";"-";"<E>";"être";"de";"la";"catégorie";"+";"+";"-";"+";"-";"§être§de la catégorie "
"117";"+";"+";"-";"-";"-";"<E>";"être";"de";"la sous-";"catégorie";"+";"+";"-";"+";"-";"§être§de la sous-catégorie "
"118";"-";"+";"+";"-";"-";"<E>";"être";"en";"<E>";"caution";"-";"+";"+";"-";"-";"§être§en caution "
"119";"-";"+";"-";"-";"-";"<E>";"être";"sur";"la";"ceinture";"+";"-";"-";"+";"+";"§être§sur la ceinture "
"120";"+";"-";"-";"-";"-";"<E>";"être";"en";"pleine";"célébration";"-";"+";"-";"-";"-";"§être§en pleine célébration "
"121";"+";"+";"-";"-";"-";"<E>";"être";"à";"la";"célérité";"+";"+";"-";"+";"-";"§être§à la célérité "
"122";"+";"+";"-";"-";"-";"<E>";"être";"à";"le";"centre";"-";"+";"-";"+";"+";"§être§au centre "
"123";"-";"+";"+";"-";"-";"<E>";"être";"à";"le";"centre";"-";"+";"-";"-";"-";"§être§au centre "
"124";"+";"+";"-";"-";"-";"<E>";"être";"dans";"le";"centre";"-";"+";"-";"+";"+";"§être§dans le centre "
"125";"+";"+";"-";"-";"-";"<E>";"être";"en";"plein";"centre";"-";"+";"-";"-";"+";"§être§en plein centre "
"126";"+";"+";"+";"-";"-";"<E>";"être";"à";"le";"centre des préoccupations";"-";"+";"-";"-";"-";"§être§au centre des préoccupations "
"127";"+";"+";"-";"-";"-";"<E>";"être";"dans";"le";"champ";"+";"+";"+";"+";"+";"§être§dans le champ "
"128";"+";"+";"-";"-";"-";"<E>";"être";"hors de";"le";"champ";"+";"+";"+";"+";"+";"§être§hors du champ "
"129";"+";"-";"-";"-";"-";"<E>";"être";"à";"la";"charge";"+";"-";"-";"+";"-";"§être§à la charge "
"130";"-";"+";"-";"-";"-";"<E>";"être";"à";"la";"charge";"+";"-";"-";"+";"-";"§être§à la charge "
"131";"+";"-";"-";"-";"-";"<E>";"être";"sous";"le";"charme";"+";"+";"+";"+";"-";"§être§sous le charme "
"132";"+";"-";"-";"-";"-";"<E>";"être";"sous";"le";"charme";"+";"+";"+";"+";"-";"§être§sous le charme "
"133";"+";"+";"-";"-";"-";"<E>";"être";"à";"la";"charnière";"-";"+";"-";"+";"+";"§être§à la charnière "
"134";"+";"+";"-";"-";"-";"<E>";"être";"sur";"le";"chemin";"-";"+";"+";"+";"+";"§être§sur le chemin "
"135";"+";"+";"-";"-";"-";"<E>";"être";"sur";"le";"chemin";"-";"+";"-";"-";"-";"§être§sur le chemin "
"136";"+";"+";"-";"-";"-";"<E>";"être";"à";"mi-";"chemin";"-";"+";"+";"-";"+";"§être§à mi-chemin "
"137";"+";"-";"-";"-";"-";"<E>";"être";"à";"le";"chevet";"+";"-";"-";"+";"+";"§être§au chevet "
"138";"+";"-";"-";"-";"-";"<E>";"être";"sous";"le";"choc";"-";"+";"-";"-";"-";"§être§sous le choc "
"139";"-";"+";"+";"-";"-";"<E>";"être";"de";"le";"choix";"+";"-";"-";"+";"-";"§être§du choix "
"140";"+";"+";"-";"-";"-";"<E>";"être";"dans";"le";"ciel";"-";"+";"+";"-";"+";"§être§dans le ciel "
"141";"+";"+";"-";"-";"-";"<E>";"être";"à";"la";"cîme";"-";"+";"-";"+";"+";"§être§à la cîme "
"142";"+";"+";"-";"-";"-";"<E>";"être";"à";"<E>";"cîté";"+";"+";"-";"-";"+";"§être§à cîté "
"143";"+";"+";"-";"-";"-";"<E>";"être";"de";"l'autre";"cîté";"-";"+";"-";"-";"+";"§être§de l'autre cîté "
"144";"+";"+";"-";"-";"-";"<E>";"être";"de";"le";"cîté";"-";"+";"-";"-";"+";"§être§du cîté "
"145";"+";"-";"-";"-";"-";"<E>";"être";"de";"le";"cîté";"+";"-";"-";"+";"-";"§être§du cîté "
"146";"+";"+";"-";"-";"-";"<E>";"être";"sur";"le";"cîté";"-";"+";"-";"-";"+";"§être§sur le cîté "
"147";"+";"+";"-";"-";"-";"<E>";"être";"de";"le bon";"cîté";"-";"+";"+";"-";"-";"§être§du bon cîté "
"148";"+";"+";"-";"-";"-";"<E>";"être";"de";"le mauvais";"cîté";"-";"+";"+";"-";"-";"§être§du mauvais cîté "
"149";"+";"+";"-";"-";"-";"<E>";"être";"de";"un";"cîté";"-";"+";"+";"-";"-";"§être§d'un cîté "
"150";"+";"-";"-";"-";"-";"<E>";"être";"à";"les";"cîtés";"+";"-";"-";"+";"+";"§être§aux cîtés "
"151";"+";"+";"-";"-";"-";"<E>";"être";"dans";"la";"clarté";"-";"+";"-";"-";"+";"§être§dans la clarté "
"152";"+";"+";"-";"-";"-";"<E>";"être";"sous";"la";"clarté";"-";"+";"-";"-";"+";"§être§sous la clarté "
"153";"+";"-";"-";"-";"-";"<E>";"être";"en";"<E>";"classe";"-";"+";"+";"-";"+";"§être§en classe "
"154";"+";"-";"-";"-";"-";"<E>";"être";"de";"la";"classe";"+";"-";"-";"+";"-";"§être§de la classe "
"155";"-";"+";"-";"-";"-";"<E>";"être";"de";"la";"classe";"-";"+";"-";"+";"-";"§être§de la classe "
"156";"-";"+";"-";"-";"-";"<E>";"être";"de";"la sous-";"classe";"-";"+";"-";"+";"-";"§être§de la sous-classe "
"157";"+";"+";"-";"-";"-";"<E>";"être";"en";"<E>";"clîture";"-";"+";"-";"-";"-";"§être§en clîture "
"158";"+";"+";"-";"-";"-";"<E>";"être";"à";"le";"coeur";"-";"+";"-";"+";"+";"§être§au coeur "
"159";"-";"+";"+";"-";"-";"<E>";"être";"à";"le";"coeur";"-";"+";"-";"-";"-";"§être§au coeur "
"160";"+";"+";"-";"-";"-";"<E>";"être";"dans";"le";"coeur";"-";"+";"-";"+";"-";"§être§dans le coeur "
"161";"+";"+";"-";"-";"-";"<E>";"être";"en";"plein";"coeur";"-";"+";"-";"-";"+";"§être§en plein coeur "
"162";"+";"+";"-";"-";"-";"<E>";"être";"dans";"un";"coin";"-";"+";"-";"-";"+";"§être§dans un coin "
"163";"+";"+";"-";"-";"-";"<E>";"être";"dans";"un";"coin paumé";"-";"+";"-";"-";"+";"§être§dans un coin paumé "
"164";"+";"+";"-";"-";"-";"<E>";"être";"dans";"un";"coin perdu";"-";"+";"-";"-";"+";"§être§dans un coin perdu "
"165";"+";"+";"-";"-";"-";"<E>";"être";"dans";"un";"coin reculé";"-";"+";"-";"-";"+";"§être§dans un coin reculé "
"166";"+";"+";"-";"-";"-";"<E>";"être";"dans";"le";"collimateur";"+";"-";"+";"+";"-";"§être§dans le collimateur "
"167";"+";"+";"-";"-";"-";"<E>";"être";"sous";"<E>";"commandement";"+";"-";"-";"+";"-";"§être§sous commandement "
"168";"+";"+";"-";"-";"-";"<E>";"être";"sous";"le";"commandement";"+";"-";"-";"+";"-";"§être§sous le commandement "
"169";"+";"-";"-";"-";"-";"<E>";"être";"à";"les";"commandes";"-";"+";"+";"+";"-";"§être§aux commandes "
"170";"+";"+";"-";"-";"-";"<E>";"être";"en";"<E>";"commencement";"-";"+";"-";"-";"-";"§être§en commencement "
"171";"+";"+";"-";"-";"-";"<E>";"être";"à";"le";"commencement";"-";"+";"+";"+";"-";"§être§au commencement "
"172";"+";"-";"-";"-";"-";"<E>";"être";"sous";"la";"commotion";"-";"+";"-";"-";"-";"§être§sous la commotion "
"173";"+";"-";"-";"-";"-";"<E>";"être";"en";"<E>";"compagnie";"+";"-";"-";"-";"+";"§être§en compagnie "
"174";"+";"-";"-";"-";"-";"<E>";"être";"dans";"la";"compagnie";"+";"-";"-";"+";"+";"§être§dans la compagnie "
"175";"+";"-";"-";"-";"-";"<E>";"être";"en";"la";"compagnie";"+";"-";"-";"+";"+";"§être§en la compagnie "
"176";"-";"+";"+";"-";"-";"<E>";"être";"en";"<E>";"compensation";"-";"+";"-";"-";"-";"§être§en compensation "
"177";"-";"+";"+";"-";"-";"<E>";"être";"de";"la";"compétence";"+";"-";"-";"+";"-";"§être§de la compétence "
"178";"-";"+";"+";"-";"-";"<E>";"être";"en";"<E>";"complément";"-";"+";"+";"-";"-";"§être§en complément "
"179";"-";"+";"-";"-";"-";"<E>";"être";"de";"la";"composition";"+";"-";"-";"+";"-";"§être§de la composition "
"180";"-";"+";"+";"-";"-";"<E>";"être";"de";"la";"compréhension";"+";"-";"-";"+";"-";"§être§de la compréhension "
"181";"+";"-";"-";"-";"-";"<E>";"être";"à";"le";"compte";"+";"-";"-";"+";"-";"§être§au compte "
"182";"-";"+";"-";"-";"-";"<E>";"être";"à";"le";"compte";"+";"-";"-";"+";"-";"§être§au compte "
"183";"-";"+";"-";"-";"-";"<E>";"être";"sur";"le";"compte";"+";"-";"-";"+";"-";"§être§sur le compte "
"184";"-";"+";"+";"-";"-";"<E>";"être";"en";"<E>";"conclusion";"-";"+";"+";"-";"-";"§être§en conclusion "
"185";"-";"+";"+";"-";"-";"<E>";"être";"à";"la";"conclusion";"-";"+";"+";"+";"-";"§être§à la conclusion "
"186";"-";"+";"-";"-";"-";"<E>";"être";"à";"le";"concours";"-";"+";"-";"+";"-";"§être§au concours "
"187";"+";"-";"-";"-";"-";"<E>";"être";"à";"la";"conduite";"-";"+";"-";"+";"-";"§être§à la conduite "
"188";"+";"+";"-";"-";"-";"<E>";"être";"à";"les";"confins";"-";"+";"-";"+";"+";"§être§aux confins "
"189";"+";"+";"-";"-";"-";"<E>";"être";"à";"le";"confluent";"-";"+";"+";"-";"+";"§être§au confluent "
"190";"+";"-";"-";"-";"-";"<E>";"être";"à";"la";"conquête";"-";"+";"-";"+";"-";"§être§à la conquête "
"191";"-";"+";"+";"-";"-";"<E>";"être";"en";"<E>";"consolation";"-";"+";"-";"-";"-";"§être§en consolation "
"192";"+";"+";"-";"-";"-";"<E>";"être";"à";"le";"contact";"+";"+";"-";"+";"+";"§être§au contact "
"193";"+";"+";"-";"-";"-";"<E>";"être";"à";"le";"contact";"-";"+";"-";"+";"-";"§être§au contact "
"194";"-";"+";"+";"-";"-";"<E>";"être";"en";"<E>";"continuation";"-";"+";"+";"-";"-";"§être§en continuation "
"195";"+";"+";"-";"-";"-";"<E>";"être";"sur";"le";"contour";"-";"+";"-";"+";"+";"§être§sur le contour "
"196";"+";"-";"-";"-";"-";"<E>";"être";"sous";"<E>";"contrat";"+";"-";"+";"-";"-";"§être§sous contrat "
"197";"+";"+";"-";"-";"-";"<E>";"être";"en";"<E>";"contrebas";"-";"+";"+";"-";"+";"§être§en contrebas "
"198";"+";"+";"-";"-";"-";"<E>";"être";"sous";"le";"contrîle";"+";"+";"-";"+";"-";"§être§sous le contrîle "
"199";"-";"+";"-";"-";"-";"<E>";"être";"à";"la";"convenance";"+";"-";"-";"+";"-";"§être§à la convenance "
"200";"-";"+";"+";"-";"-";"<E>";"être";"à";"le";"convenance";"+";"-";"-";"+";"-";"§être§au convenance "
"201";"-";"+";"+";"-";"-";"<E>";"être";"dans";"les";"cordes";"+";"-";"-";"+";"-";"§être§dans les cordes "
"202";"-";"+";"-";"-";"-";"<E>";"être";"autour de";"le";"cou";"+";"-";"-";"+";"+";"§être§autour du cou "
"203";"+";"+";"-";"-";"-";"<E>";"être";"à";"cent";"coudées au dessus";"+";"+";"+";"-";"-";"§être§à cent coudées au dessus "
"204";"+";"+";"-";"-";"-";"<E>";"être";"à";"dix";"coudées au dessus";"+";"+";"+";"-";"-";"§être§à dix coudées au dessus "
"205";"-";"+";"-";"-";"-";"<E>";"être";"à";"les";"couleurs";"+";"-";"-";"+";"-";"§être§aux couleurs "
"206";"-";"+";"-";"-";"-";"<E>";"être";"dans";"les";"coulisses";"-";"+";"-";"+";"-";"§être§dans les coulisses "
"207";"+";"+";"-";"-";"-";"<E>";"être";"sous";"le";"coup";"-";"+";"-";"-";"-";"§être§sous le coup "
"208";"+";"-";"-";"-";"-";"<E>";"être";"sous";"le";"coup";"-";"+";"-";"-";"-";"§être§sous le coup "
"209";"+";"+";"-";"-";"-";"<E>";"être";"sous";"la";"coupe";"+";"+";"-";"+";"-";"§être§sous la coupe "
"210";"+";"+";"+";"-";"-";"<E>";"être";"à";"contre-";"courant";"-";"+";"+";"-";"-";"§être§à contre-courant "
"211";"+";"+";"-";"-";"-";"<E>";"être";"en";"<E>";"cours";"-";"+";"-";"-";"-";"§être§en cours "
"212";"+";"-";"-";"-";"-";"<E>";"être";"en";"<E>";"cours";"-";"+";"+";"-";"+";"§être§en cours "
"213";"+";"+";"-";"-";"-";"<E>";"être";"à";"mi-";"course";"-";"+";"+";"-";"+";"§être§à mi-course "
"214";"-";"+";"+";"-";"-";"<E>";"être";"sans";"<E>";"couvert";"+";"-";"-";"-";"-";"§être§sans couvert "
"215";"+";"+";"-";"-";"-";"<E>";"être";"à";"le";"couvert";"-";"+";"+";"-";"-";"§être§au couvert "
"216";"+";"+";"-";"-";"-";"<E>";"être";"en";"<E>";"couverture";"-";"+";"+";"-";"-";"§être§en couverture "
"217";"-";"+";"+";"-";"-";"<E>";"être";"sous";"la";"couverture";"+";"+";"-";"+";"-";"§être§sous la couverture "
"218";"+";"+";"-";"-";"-";"<E>";"être";"sur";"la";"couverture";"-";"+";"+";"+";"+";"§être§sur la couverture "
"219";"+";"+";"-";"-";"-";"<E>";"être";"à";"dix";"crans au dessous";"+";"+";"+";"-";"-";"§être§à dix crans au dessous "
"220";"+";"+";"-";"-";"-";"<E>";"être";"à";"dix";"crans au dessus";"+";"+";"+";"-";"-";"§être§à dix crans au dessus "
"221";"-";"+";"-";"-";"-";"<E>";"être";"de";"la";"création";"+";"-";"-";"+";"-";"§être§de la création "
"222";"-";"+";"+";"-";"-";"<E>";"être";"à";"le";"crédit";"+";"-";"-";"+";"-";"§être§au crédit "
"223";"+";"-";"-";"-";"-";"<E>";"être";"à";"les";"crochets";"+";"-";"-";"+";"-";"§être§aux crochets "
"224";"+";"+";"-";"-";"-";"<E>";"être";"à";"le";"croisement";"-";"+";"+";"-";"+";"§être§au croisement "
"225";"-";"+";"+";"-";"-";"<E>";"être";"de";"le";"cru";"+";"-";"-";"+";"-";"§être§du cru "
"226";"+";"-";"-";"-";"-";"<E>";"être";"à";"mi-";"cuisson";"-";"+";"+";"-";"+";"§être§à mi-cuisson "
"227";"+";"+";"-";"-";"-";"<E>";"être";"en";"<E>";"début";"-";"+";"-";"-";"-";"§être§en début "
"228";"+";"+";"-";"-";"-";"<E>";"être";"à";"le";"début";"-";"+";"+";"+";"-";"§être§au début "
"229";"+";"+";"-";"-";"-";"<E>";"être";"en";"<E>";"deçà";"-";"+";"+";"-";"+";"§être§en deçà "
"230";"+";"+";"-";"-";"-";"<E>";"être";"en";"<E>";"deçà";"-";"+";"-";"-";"-";"§être§en deçà "
"231";"+";"+";"-";"-";"-";"<E>";"être";"à";"le";"deçà";"-";"+";"+";"-";"+";"§être§au deçà "
"232";"+";"+";"-";"-";"-";"<E>";"être";"à";"le";"deçà";"-";"+";"-";"-";"-";"§être§au deçà "
"233";"-";"+";"+";"-";"-";"<E>";"être";"en";"<E>";"deçà de la portée";"+";"+";"-";"+";"-";"§être§en deçà de la portée "
"234";"-";"+";"+";"-";"-";"<E>";"être";"en";"<E>";"deçà des moyens";"+";"+";"-";"-";"-";"§être§en deçà des moyens "
"235";"-";"+";"+";"-";"-";"<E>";"être";"en";"<E>";"deçà des possibilités";"+";"+";"-";"-";"-";"§être§en deçà des possibilités "
"236";"-";"+";"+";"-";"-";"<E>";"être";"à";"la";"décharge";"+";"-";"-";"+";"-";"§être§à la décharge "
"237";"+";"+";"-";"-";"-";"<E>";"être";"à";"le";"déclin";"-";"+";"+";"+";"-";"§être§au déclin "
"238";"+";"+";"-";"-";"-";"<E>";"être";"sous";"les";"décombres";"-";"+";"-";"+";"+";"§être§sous les décombres "
"239";"+";"+";"-";"-";"-";"<E>";"être";"en";"<E>";"dedans";"-";"+";"-";"-";"+";"§être§en dedans "
"240";"+";"+";"-";"-";"-";"<E>";"être";"à";"le";"dedans";"-";"+";"+";"-";"+";"§être§au dedans "
"241";"-";"+";"+";"-";"-";"<E>";"être";"en";"<E>";"défaveur";"+";"-";"-";"-";"-";"§être§en défaveur "
"242";"-";"+";"+";"-";"-";"<E>";"être";"en";"la";"défaveur";"+";"-";"-";"+";"-";"§être§en la défaveur "
"243";"-";"+";"+";"-";"-";"<E>";"être";"en";"<E>";"défense";"+";"+";"-";"+";"-";"§être§en défense "
"244";"-";"+";"+";"-";"-";"<E>";"être";"à";"la";"défense";"+";"-";"-";"+";"-";"§être§à la défense "
"245";"+";"-";"-";"-";"-";"<E>";"être";"en";"<E>";"déficit";"-";"+";"+";"-";"-";"§être§en déficit "
"246";"+";"+";"-";"-";"-";"<E>";"être";"à";"le dernier";"degré";"-";"+";"+";"-";"-";"§être§au dernier degré "
"247";"+";"+";"-";"-";"-";"<E>";"être";"à";"un haut";"degré";"-";"+";"+";"-";"-";"§être§à un haut degré "
"248";"+";"+";"-";"-";"-";"<E>";"être";"à";"un";"degré avancé";"-";"+";"+";"-";"-";"§être§à un degré avancé "
"249";"+";"+";"-";"-";"-";"<E>";"être";"en";"<E>";"dehors";"-";"+";"-";"-";"+";"§être§en dehors "
"250";"+";"+";"-";"-";"-";"<E>";"être";"en";"<E>";"dehors";"-";"+";"-";"-";"-";"§être§en dehors "
"251";"+";"+";"-";"-";"-";"<E>";"être";"à";"le";"dehors";"-";"+";"+";"-";"+";"§être§au dehors "
"252";"-";"+";"+";"-";"-";"<E>";"être";"en";"<E>";"dehors de la portée";"+";"+";"-";"+";"-";"§être§en dehors de la portée "
"253";"-";"+";"+";"-";"-";"<E>";"être";"en";"<E>";"dehors des moyens";"+";"+";"-";"-";"-";"§être§en dehors des moyens "
"254";"-";"+";"+";"-";"-";"<E>";"être";"en";"<E>";"dehors des possibilités";"+";"+";"-";"-";"-";"§être§en dehors des possibilités "
"255";"+";"+";"-";"-";"-";"<E>";"être";"en";"<E>";"delà";"-";"+";"+";"-";"+";"§être§en delà "
"256";"+";"+";"-";"-";"-";"<E>";"être";"en";"<E>";"delà";"-";"+";"-";"-";"-";"§être§en delà "
"257";"+";"+";"-";"-";"-";"<E>";"être";"à";"le";"delà";"-";"+";"-";"-";"+";"§être§au delà "
"258";"+";"+";"-";"-";"-";"<E>";"être";"à";"le";"delà";"-";"+";"-";"-";"-";"§être§au delà "
"259";"-";"+";"+";"-";"-";"<E>";"être";"à";"le";"delà des moyens";"+";"+";"-";"-";"-";"§être§au delà des moyens "
"260";"-";"+";"+";"-";"-";"<E>";"être";"à";"le";"delà des possibilités";"+";"+";"-";"-";"-";"§être§au delà des possibilités "
"261";"-";"+";"+";"-";"-";"<E>";"être";"à";"la";"demande";"+";"-";"-";"+";"-";"§être§à la demande "
"262";"+";"+";"-";"-";"-";"<E>";"être";"à";"le";"démarrage";"-";"-";"+";"+";"-";"§être§au démarrage "
"263";"-";"+";"-";"-";"-";"<E>";"être";"à";"le";"dénominateur";"-";"+";"-";"+";"+";"§être§au dénominateur "
"264";"+";"+";"-";"-";"-";"<E>";"être";"à";"le";"dénouement";"-";"-";"+";"+";"-";"§être§au dénouement "
"265";"-";"+";"-";"-";"-";"<E>";"être";"entre";"les";"dents";"+";"-";"-";"+";"+";"§être§entre les dents "
"266";"+";"+";"-";"-";"-";"<E>";"être";"à";"le";"départ";"-";"+";"+";"+";"-";"§être§au départ "
"267";"+";"+";"-";"-";"-";"<E>";"être";"dans";"la";"dépendance";"+";"-";"-";"+";"-";"§être§dans la dépendance "
"268";"+";"+";"-";"-";"-";"<E>";"être";"sous";"la";"dépendance";"+";"+";"-";"+";"-";"§être§sous la dépendance "
"269";"-";"+";"+";"-";"-";"<E>";"être";"à";"le";"désavantage";"+";"+";"-";"+";"-";"§être§au désavantage "
"270";"+";"+";"-";"-";"-";"<E>";"être";"en";"<E>";"dessous";"-";"+";"+";"-";"+";"§être§en dessous "
"271";"+";"+";"-";"-";"-";"<E>";"être";"en";"<E>";"dessous";"-";"+";"-";"-";"-";"§être§en dessous "
"272";"+";"+";"-";"-";"-";"<E>";"être";"à";"le";"dessous";"-";"+";"+";"-";"+";"§être§au dessous "
"273";"+";"+";"-";"-";"-";"<E>";"être";"à";"le";"dessous";"-";"+";"-";"-";"-";"§être§au dessous "
"274";"-";"+";"+";"-";"-";"<E>";"être";"à";"le";"dessous des possibilités";"+";"+";"-";"-";"-";"§être§au dessous des possibilités "
"275";"+";"+";"-";"-";"-";"<E>";"être";"en";"<E>";"dessus";"-";"+";"-";"-";"-";"§être§en dessus "
"276";"+";"+";"-";"-";"-";"<E>";"être";"à";"le";"dessus";"-";"+";"+";"-";"+";"§être§au dessus "
"277";"+";"+";"-";"-";"-";"<E>";"être";"à";"le";"dessus";"-";"+";"-";"-";"-";"§être§au dessus "
"278";"-";"+";"+";"-";"-";"<E>";"être";"à";"le";"dessus des forces";"-";"+";"-";"-";"+";"§être§au dessus des forces "
"279";"-";"+";"+";"-";"-";"<E>";"être";"à";"le";"dessus des moyens";"-";"+";"-";"-";"+";"§être§au dessus des moyens "
"280";"-";"+";"+";"-";"-";"<E>";"être";"à";"le";"dessus des possibilités";"-";"+";"-";"-";"-";"§être§au dessus des possibilités "
"281";"-";"+";"+";"-";"-";"<E>";"être";"à";"<E>";"destination";"+";"-";"-";"-";"-";"§être§à destination "
"282";"-";"+";"-";"-";"-";"<E>";"être";"à";"<E>";"destination";"-";"+";"-";"+";"-";"§être§à destination "
"283";"-";"+";"-";"-";"-";"<E>";"être";"à";"<E>";"destination finale";"-";"+";"-";"+";"-";"§être§à destination finale "
"284";"-";"+";"-";"-";"-";"<E>";"être";"à";"le";"détour";"-";"+";"-";"-";"+";"§être§au détour "
"285";"-";"+";"+";"-";"-";"<E>";"être";"à";"le";"détriment";"+";"+";"-";"+";"-";"§être§au détriment "
"286";"+";"-";"-";"-";"-";"<E>";"être";"à";"le";"devant";"+";"-";"-";"-";"-";"§être§au devant "
"287";"+";"-";"-";"-";"-";"<E>";"être";"à";"le";"devant";"-";"+";"-";"-";"-";"§être§au devant "
"288";"-";"+";"-";"-";"-";"<E>";"être";"à";"la";"devanture";"-";"+";"+";"-";"+";"§être§à la devanture "
"289";"-";"+";"+";"-";"-";"<E>";"être";"de";"le";"devoir";"+";"-";"-";"+";"-";"§être§du devoir "
"290";"+";"-";"-";"-";"-";"<E>";"être";"à";"la";"dévotion";"+";"-";"-";"+";"-";"§être§à la dévotion "
"291";"+";"+";"-";"-";"-";"<E>";"être";"à";"le";"diapason";"+";"+";"-";"+";"-";"§être§au diapason "
"292";"-";"+";"+";"-";"-";"<E>";"être";"à";"la";"diligence";"+";"-";"-";"+";"-";"§être§à la diligence "
"293";"-";"+";"-";"-";"-";"<E>";"être";"à";"la";"dimension";"+";"+";"+";"+";"-";"§être§à la dimension "
"294";"-";"+";"-";"-";"-";"<E>";"être";"à";"les";"dimensions";"+";"+";"+";"+";"-";"§être§aux dimensions "
"295";"-";"+";"-";"-";"-";"<E>";"être";"en";"<E>";"diminution";"-";"+";"-";"-";"-";"§être§en diminution "
"296";"-";"+";"-";"-";"-";"<E>";"être";"en";"<E>";"direction";"-";"+";"-";"-";"+";"§être§en direction "
"297";"+";"-";"-";"-";"-";"<E>";"être";"à";"la";"direction";"-";"+";"-";"+";"+";"§être§à la direction "
"298";"+";"+";"-";"-";"-";"<E>";"être";"sous";"la";"direction";"+";"-";"-";"+";"-";"§être§sous la direction "
"299";"+";"+";"-";"-";"-";"<E>";"être";"sous";"la";"direction";"+";"-";"-";"+";"-";"§être§sous la direction "
"300";"+";"+";"-";"-";"-";"<E>";"être";"sous";"la haute";"direction";"+";"-";"-";"+";"-";"§être§sous l'haute direction "
"301";"+";"-";"-";"-";"-";"<E>";"être";"à";"la sous-";"direction";"-";"+";"-";"-";"+";"§être§à la sous-direction "
"302";"+";"+";"-";"-";"-";"<E>";"être";"sous";"la";"direction musicale";"+";"-";"-";"+";"-";"§être§sous la direction musicale "
"303";"-";"+";"+";"-";"-";"<E>";"être";"à";"la";"discrétion";"+";"-";"-";"+";"-";"§être§à la discrétion "
"304";"+";"-";"-";"-";"-";"<E>";"être";"à";"la";"disposition";"+";"-";"-";"+";"-";"§être§à la disposition "
"305";"-";"+";"-";"-";"-";"<E>";"être";"à";"la";"disposition";"+";"-";"-";"+";"-";"§être§à la disposition "
"306";"+";"-";"-";"-";"-";"<E>";"être";"à";"l'entière";"disposition";"+";"-";"-";"+";"-";"§être§à l'entière disposition "
"307";"-";"+";"-";"-";"-";"<E>";"être";"à";"l'entière";"disposition";"+";"-";"-";"+";"-";"§être§à l'entière disposition "
"308";"+";"+";"-";"-";"-";"<E>";"être";"à";"bonne";"distance";"+";"+";"+";"-";"-";"§être§à bonne distance "
"309";"+";"+";"-";"-";"-";"<E>";"être";"à";"courte";"distance";"+";"+";"+";"-";"+";"§être§à courte distance "
"310";"+";"+";"-";"-";"-";"<E>";"être";"à";"faible";"distance";"+";"+";"+";"-";"+";"§être§à faible distance "
"311";"+";"+";"-";"-";"-";"<E>";"être";"à";"grande";"distance";"+";"+";"+";"-";"+";"§être§à grande distance "
"312";"+";"+";"-";"-";"-";"<E>";"être";"à";"mi-";"distance";"+";"+";"+";"-";"+";"§être§à mi-distance "
"313";"-";"+";"-";"-";"-";"<E>";"être";"à";"une certaine";"distance";"+";"+";"+";"-";"+";"§être§à une certaine distance "
"314";"-";"+";"-";"-";"-";"<E>";"être";"à";"une";"distance de Dnum N-mesure-de-longueur";"+";"+";"+";"-";"+";"§être§à une distance de Dnum N-mesure-de-longueur "
"315";"+";"+";"-";"-";"-";"<E>";"être";"à";"<E>";"distance respectueuse";"+";"+";"+";"-";"+";"§être§à distance respectueuse "
"316";"-";"+";"+";"-";"-";"<E>";"être";"de";"le";"domaine";"+";"-";"-";"+";"-";"§être§du domaine "
"317";"+";"+";"-";"-";"-";"<E>";"être";"à";"le";"domicile";"+";"-";"-";"+";"+";"§être§au domicile "
"318";"+";"+";"-";"-";"-";"<E>";"être";"sous";"la";"domination";"+";"+";"-";"+";"-";"§être§sous la domination "
"319";"-";"+";"-";"-";"-";"<E>";"être";"à";"<E>";"dos";"+";"-";"-";"-";"-";"§être§à dos "
"320";"-";"+";"-";"-";"-";"<E>";"être";"à";"le";"dos";"-";"+";"+";"+";"+";"§être§au dos "
"321";"-";"+";"-";"-";"-";"<E>";"être";"dans";"le";"dos";"+";"-";"-";"+";"+";"§être§dans le dos "
"322";"+";"-";"-";"-";"-";"<E>";"être";"sur";"le";"dos";"+";"-";"-";"+";"-";"§être§sur le dos "
"323";"-";"+";"-";"-";"-";"<E>";"être";"sur";"le";"dos";"+";"-";"-";"+";"+";"§être§sur le dos "
"324";"+";"+";"-";"-";"-";"<E>";"être";"en";"<E>";"doublure";"-";"+";"+";"-";"-";"§être§en doublure "
"325";"+";"+";"-";"-";"-";"<E>";"être";"à";"<E>";"droite";"-";"+";"+";"-";"+";"§être§à droite "
"326";"+";"-";"-";"-";"-";"<E>";"être";"à";"<E>";"droite";"+";"-";"+";"-";"-";"§être§à droite "
"327";"+";"+";"-";"-";"-";"<E>";"être";"à";"la";"droite";"-";"+";"-";"+";"+";"§être§à la droite "
"328";"+";"-";"-";"-";"-";"<E>";"être";"à";"la";"droite";"+";"-";"-";"+";"-";"§être§à la droite "
"329";"+";"+";"-";"-";"-";"<E>";"être";"sur";"la";"droite";"-";"+";"+";"-";"+";"§être§sur la droite "
"330";"+";"-";"-";"-";"-";"<E>";"être";"sur";"la";"droite";"+";"-";"+";"-";"-";"§être§sur la droite "
"331";"+";"+";"-";"-";"-";"<E>";"être";"à";"l'extrême";"droite";"-";"+";"+";"-";"+";"§être§à l'extrême droite "
"332";"+";"-";"-";"-";"-";"<E>";"être";"à";"l'extrême";"droite";"+";"-";"+";"-";"-";"§être§à l'extrême droite "
"333";"+";"+";"-";"-";"-";"<E>";"être";"à";"le";"écart";"+";"+";"-";"-";"+";"§être§à l'écart "
"334";"+";"+";"-";"-";"-";"<E>";"être";"à";"le";"écart";"-";"+";"+";"-";"-";"§être§à l'écart "
"335";"-";"+";"-";"-";"-";"<E>";"être";"à";"la";"échelle";"+";"+";"+";"+";"-";"§être§à l'échelle "
"336";"+";"-";"-";"-";"-";"<E>";"être";"à";"le Dnum-ième";"échelon";"-";"+";"+";"+";"+";"§être§au Dnum-ième échelon "
"337";"+";"-";"-";"-";"-";"<E>";"être";"à";"la";"école";"+";"-";"-";"+";"-";"§être§à l'école "
"338";"-";"+";"-";"-";"-";"<E>";"être";"à";"le";"écrit";"-";"+";"-";"-";"-";"§être§à l'écrit "
"339";"+";"-";"-";"-";"-";"<E>";"être";"sous";"le";"effet";"-";"+";"-";"+";"-";"§être§sous l'effet "
"340";"+";"-";"-";"-";"-";"<E>";"être";"en";"plein";"effort";"-";"+";"+";"-";"-";"§être§en plein effort "
"341";"+";"+";"-";"-";"-";"<E>";"être";"à";"le";"égal";"+";"+";"-";"+";"-";"§être§à l'égal "
"342";"-";"+";"-";"-";"-";"<E>";"être";"de";"le sous-";"embranchement";"-";"+";"-";"+";"-";"§être§du sous-embranchement "
"343";"-";"+";"-";"-";"-";"<E>";"être";"de";"le";"embranchement";"-";"+";"-";"+";"-";"§être§de l'embranchement "
"344";"+";"+";"-";"-";"-";"<E>";"être";"dans";"la";"embrasure";"-";"+";"+";"-";"+";"§être§dans l'embrasure "
"345";"-";"+";"-";"-";"-";"<E>";"être";"à";"le";"emploi du temps";"+";"-";"-";"+";"-";"§être§à l'emploi du temps "
"346";"+";"-";"-";"-";"-";"<E>";"être";"sous";"la";"emprise";"+";"+";"-";"+";"-";"§être§sous l'emprise "
"347";"+";"+";"-";"-";"-";"<E>";"être";"à";"quelques";"encablures";"+";"+";"+";"-";"+";"§être§à quelques encablures "
"348";"-";"+";"-";"-";"-";"<E>";"être";"à";"le";"endroit";"+";"-";"-";"+";"-";"§être§à l'endroit "
"349";"-";"+";"-";"-";"-";"<E>";"être";"à";"le";"endroit";"-";"+";"+";"+";"+";"§être§à l'endroit "
"350";"+";"+";"-";"-";"-";"<E>";"être";"à";"un certain";"endroit";"-";"+";"+";"-";"+";"§être§à un certain endroit "
"351";"+";"+";"-";"-";"-";"<E>";"être";"à";"un";"endroit perdu";"-";"+";"+";"-";"+";"§être§à un endroit perdu "
"352";"+";"+";"-";"-";"-";"<E>";"être";"dans";"un";"endroit perdu";"-";"+";"+";"-";"+";"§être§dans un endroit perdu "
"353";"+";"+";"-";"-";"-";"<E>";"être";"en";"un";"endroit perdu";"-";"+";"+";"-";"+";"§être§en un endroit perdu "
"354";"+";"+";"-";"-";"-";"<E>";"être";"à";"un";"endroit précis";"-";"+";"+";"-";"+";"§être§à un endroit précis "
"355";"+";"+";"-";"-";"-";"<E>";"être";"dans";"un";"endroit précis";"-";"+";"+";"-";"+";"§être§dans un endroit précis "
"356";"+";"+";"-";"-";"-";"<E>";"être";"en";"un";"endroit précis";"-";"+";"+";"-";"+";"§être§en un endroit précis "
"357";"+";"+";"-";"-";"-";"<E>";"être";"à";"un";"endroit reculé";"-";"+";"+";"-";"+";"§être§à un endroit reculé "
"358";"+";"+";"-";"-";"-";"<E>";"être";"dans";"un";"endroit reculé";"-";"+";"+";"-";"+";"§être§dans un endroit reculé "
"359";"+";"+";"-";"-";"-";"<E>";"être";"en";"un";"endroit reculé";"-";"+";"+";"-";"+";"§être§en un endroit reculé "
"360";"+";"+";"-";"-";"-";"<E>";"être";"dans";"le";"engrenage";"-";"+";"+";"+";"-";"§être§dans l'engrenage "
"361";"-";"+";"-";"-";"-";"<E>";"être";"à";"la";"enseigne";"-";"+";"-";"-";"-";"§être§à l'enseigne "
"362";"+";"-";"-";"-";"-";"<E>";"être";"à";"le";"enterrement";"+";"-";"-";"+";"+";"§être§à l'enterrement "
"363";"+";"-";"-";"-";"-";"<E>";"être";"dans";"le";"entourage";"+";"-";"-";"+";"-";"§être§dans l'entourage "
"364";"+";"-";"-";"-";"-";"<E>";"être";"dans";"le";"entourage";"+";"-";"-";"+";"-";"§être§dans l'entourage "
"365";"+";"-";"-";"-";"-";"<E>";"être";"de";"le";"entourage";"+";"-";"-";"+";"-";"§être§de l'entourage "
"366";"+";"+";"-";"-";"-";"<E>";"être";"à";"la";"entrée";"-";"+";"+";"-";"+";"§être§à l'entrée "
"367";"-";"+";"-";"-";"-";"<E>";"être";"à";"le";"envers";"-";"+";"+";"+";"+";"§être§à l'envers "
"368";"+";"+";"-";"-";"-";"<E>";"être";"à";"les";"environs";"-";"+";"+";"-";"+";"§être§aux environs "
"369";"+";"+";"-";"-";"-";"<E>";"être";"dans";"les";"environs";"-";"+";"+";"+";"+";"§être§dans les environs "
"370";"+";"+";"-";"-";"-";"<E>";"être";"à";"les";"environs immédiats";"-";"+";"+";"-";"+";"§être§aux environs immédiats "
"371";"+";"+";"-";"-";"-";"<E>";"être";"dans";"les";"environs immédiats";"-";"+";"+";"+";"+";"§être§dans les environs immédiats "
"372";"-";"+";"-";"-";"-";"<E>";"être";"autour de";"les";"épaules";"+";"-";"-";"+";"+";"§être§autour des épaules "
"373";"+";"+";"-";"-";"-";"<E>";"être";"à";"la";"épreuve";"-";"+";"-";"-";"-";"§être§à l'épreuve "
"374";"-";"+";"-";"-";"-";"<E>";"être";"de";"la";"équipe";"-";"+";"-";"+";"-";"§être§de l'équipe "
"375";"-";"+";"-";"-";"-";"<E>";"être";"de";"la sous-";"espèce";"-";"+";"-";"+";"-";"§être§de la sous-espèce "
"376";"-";"+";"-";"-";"-";"<E>";"être";"de";"la";"espèce";"-";"+";"-";"+";"-";"§être§de l'espèce "
"377";"-";"+";"-";"-";"-";"<E>";"être";"dans";"le";"esprit";"+";"-";"-";"+";"-";"§être§dans l'esprit "
"378";"-";"+";"+";"-";"-";"<E>";"être";"dans";"le";"esprit";"-";"+";"-";"-";"-";"§être§dans l'esprit "
"379";"+";"+";"-";"-";"-";"<E>";"être";"à";"le";"est";"-";"+";"+";"-";"+";"§être§à l'est "
"380";"+";"+";"-";"-";"-";"<E>";"être";"dans";"le";"est";"-";"+";"+";"-";"+";"§être§dans l'est "
"381";"+";"+";"-";"-";"-";"<E>";"être";"à";"le";"estuaire";"-";"+";"+";"-";"+";"§être§à l'estuaire "
"382";"+";"+";"-";"-";"-";"<E>";"être";"à";"le Dnum-ième";"étage";"-";"+";"+";"-";"+";"§être§au Dnum-ième étage "
"383";"+";"+";"-";"-";"-";"<E>";"être";"à";"le";"étage";"+";"+";"+";"+";"+";"§être§à l'étage "
"384";"+";"+";"-";"-";"-";"<E>";"être";"à";"le";"étage inférieur";"+";"+";"+";"+";"+";"§être§à l'étage inférieur "
"385";"+";"+";"-";"-";"-";"<E>";"être";"à";"le";"étage supérieur";"+";"+";"+";"+";"+";"§être§à l'étage supérieur "
"386";"+";"+";"-";"-";"-";"<E>";"être";"à";"une certaine";"étape";"-";"+";"+";"-";"-";"§être§à une certaine étape "
"387";"-";"+";"-";"-";"-";"<E>";"être";"sur";"<E>";"examen";"-";"+";"-";"-";"-";"§être§sur examen "
"388";"+";"+";"+";"-";"-";"<E>";"être";"à";"le";"exemple";"+";"+";"-";"+";"-";"§être§à l'exemple "
"389";"+";"+";"-";"-";"-";"<E>";"être";"en";"<E>";"exergue";"-";"+";"-";"-";"-";"§être§en exergue "
"390";"+";"+";"-";"-";"-";"<E>";"être";"à";"le";"extérieur";"+";"+";"+";"-";"+";"§être§à l'extérieur "
"391";"+";"+";"-";"-";"-";"<E>";"être";"à";"l'autre";"extrémité";"-";"+";"-";"+";"+";"§être§à l'autre extrémité "
"392";"+";"+";"-";"-";"-";"<E>";"être";"à";"le";"extrémité";"-";"+";"-";"+";"+";"§être§à l'extrémité "
"393";"+";"+";"-";"-";"-";"<E>";"être";"à";"les";"extrémités";"-";"+";"-";"+";"+";"§être§aux extrémités "
"394";"+";"+";"-";"-";"-";"<E>";"être";"en";"<E>";"face";"+";"+";"+";"-";"+";"§être§en face "
"395";"+";"-";"-";"-";"-";"<E>";"être";"en";"<E>";"face";"-";"+";"-";"-";"-";"§être§en face "
"396";"-";"+";"+";"-";"-";"<E>";"être";"à";"la";"façon";"+";"-";"-";"+";"-";"§être§à la façon "
"397";"-";"+";"-";"-";"-";"<E>";"être";"en";"<E>";"facteur";"-";"+";"+";"-";"-";"§être§en facteur "
"398";"+";"-";"-";"-";"-";"<E>";"être";"à";"le";"fait";"-";"+";"+";"-";"-";"§être§au fait "
"399";"-";"+";"+";"-";"-";"<E>";"être";"de";"le";"fait";"+";"-";"-";"+";"-";"§être§du fait "
"400";"+";"-";"-";"-";"-";"<E>";"être";"à";"le";"faîte";"-";"+";"+";"+";"-";"§être§au faîte "
"401";"-";"+";"-";"-";"-";"<E>";"être";"de";"la";"famille";"-";"+";"-";"+";"-";"§être§de la famille "
"402";"-";"+";"-";"-";"-";"<E>";"être";"de";"la sous-";"famille";"-";"+";"-";"+";"-";"§être§de la sous-famille "
"403";"-";"+";"+";"-";"-";"<E>";"être";"à";"la";"fantaisie";"+";"-";"-";"+";"-";"§être§à la fantaisie "
"404";"-";"+";"+";"-";"-";"<E>";"être";"à";"la";"fantaisie";"+";"-";"-";"+";"-";"§être§à la fantaisie "
"405";"+";"+";"-";"-";"-";"<E>";"être";"sous";"la";"fascination";"+";"+";"-";"+";"-";"§être§sous la fascination "
"406";"-";"+";"+";"-";"-";"<E>";"être";"de";"la";"faute";"+";"-";"-";"+";"-";"§être§de la faute "
"407";"-";"+";"+";"-";"-";"<E>";"être";"en";"la";"faveur";"+";"-";"-";"+";"-";"§être§en la faveur "
"408";"+";"+";"-";"-";"-";"<E>";"être";"à";"la";"fenêtre";"-";"+";"+";"+";"+";"§être§à la fenêtre "
"409";"+";"+";"-";"-";"-";"<E>";"être";"sous";"la";"fenêtre";"+";"-";"-";"+";"+";"§être§sous la fenêtre "
"410";"+";"+";"-";"-";"-";"<E>";"être";"sous";"les";"fenêtres";"+";"-";"-";"+";"+";"§être§sous les fenêtres "
"411";"+";"+";"-";"-";"-";"<E>";"être";"en";"<E>";"fermeture";"-";"+";"-";"-";"-";"§être§en fermeture "
"412";"+";"+";"-";"-";"-";"<E>";"être";"sous";"la";"férule";"+";"-";"-";"+";"-";"§être§sous la férule "
"413";"+";"+";"+";"-";"-";"<E>";"être";"dans";"le";"feu";"-";"+";"-";"-";"-";"§être§dans le feu "
"414";"+";"+";"-";"-";"-";"<E>";"être";"sous";"le";"feu";"+";"+";"+";"+";"-";"§être§sous le feu "
"415";"+";"-";"-";"-";"-";"<E>";"être";"à";"les";"fiançailles";"+";"-";"-";"+";"+";"§être§aux fiançailles "
"416";"+";"+";"-";"-";"-";"<E>";"être";"en";"<E>";"fin";"-";"+";"-";"-";"-";"§être§en fin "
"417";"+";"+";"-";"-";"-";"<E>";"être";"à";"la";"fin";"-";"+";"+";"+";"-";"§être§à la fin "
"418";"+";"+";"-";"-";"-";"<E>";"être";"en";"<E>";"finale";"-";"+";"+";"-";"-";"§être§en finale "
"419";"+";"+";"-";"-";"-";"<E>";"être";"en";"demi-";"finale";"-";"+";"+";"-";"-";"§être§en demi-finale "
"420";"+";"+";"-";"-";"-";"<E>";"être";"en";"Dnum-ième de";"finale";"-";"+";"+";"-";"-";"§être§en Dnum-ième de finale "
"421";"+";"+";"-";"-";"-";"<E>";"être";"à";"la";"finale";"-";"+";"+";"+";"+";"§être§à la finale "
"422";"+";"+";"-";"-";"-";"<E>";"être";"en";"quart de";"finale";"-";"+";"+";"-";"-";"§être§en quart de finale "
"423";"+";"+";"-";"-";"-";"<E>";"être";"à";"les";"finfonds";"-";"+";"-";"-";"+";"§être§aux finfonds "
"424";"-";"+";"-";"-";"+";"n'";"être pas";"pour";"la";"fiole";"+";"-";"-";"+";"-";"§n'est pas§pour la fiole "
"425";"-";"+";"-";"-";"-";"<E>";"être";"à";"le";"firmament";"-";"+";"+";"+";"+";"§être§au firmament "
"426";"-";"+";"-";"-";"-";"<E>";"être";"à";"<E>";"fleur";"-";"+";"-";"-";"-";"§être§à fleur "
"427";"+";"+";"-";"-";"-";"<E>";"être";"à";"le";"fond";"-";"+";"+";"-";"+";"§être§au fond "
"428";"+";"+";"-";"-";"-";"<E>";"être";"dans";"le";"fond";"-";"+";"+";"-";"+";"§être§dans le fond "
"429";"+";"+";"-";"-";"-";"<E>";"être";"à";"le fin";"fond";"-";"+";"+";"-";"+";"§être§au fin fond "
"430";"-";"+";"+";"-";"-";"<E>";"être";"à";"le";"fondement";"-";"+";"-";"+";"-";"§être§au fondement "
"431";"+";"+";"-";"-";"-";"<E>";"être";"à";"les fins";"fonds";"-";"+";"+";"-";"+";"§être§aux fins fonds "
"432";"+";"+";"-";"-";"-";"<E>";"être";"dans";"les fins";"fonds";"-";"+";"+";"-";"+";"§être§dans les fins fonds "
"433";"-";"+";"-";"-";"-";"<E>";"être";"en";"<E>";"forme";"-";"+";"-";"-";"-";"§être§en forme "
"434";"-";"+";"-";"-";"-";"<E>";"être";"sous";"<E>";"forme";"-";"+";"-";"-";"-";"§être§sous forme "
"435";"+";"+";"+";"-";"-";"<E>";"être";"à";"le";"fort";"-";"+";"-";"+";"-";"§être§au fort "
"436";"+";"+";"+";"-";"-";"<E>";"être";"à";"le plus";"fort";"-";"+";"-";"+";"-";"§être§au plus fort "
"437";"+";"-";"-";"-";"-";"<E>";"être";"dans";"la";"foulée";"+";"-";"-";"+";"-";"§être§dans la foulée "
"438";"-";"+";"+";"-";"-";"<E>";"être";"dans";"la";"foulée";"-";"+";"+";"+";"-";"§être§dans la foulée "
"439";"+";"+";"-";"-";"-";"<E>";"être";"à";"la";"frange";"-";"+";"-";"+";"+";"§être§à la frange "
"440";"+";"+";"-";"-";"-";"<E>";"être";"à";"la";"frange";"-";"+";"-";"+";"-";"§être§à la frange "
"441";"-";"+";"-";"-";"-";"<E>";"être";"à";"la";"fréquence";"-";"+";"-";"+";"-";"§être§à la fréquence "
"442";"-";"+";"-";"-";"-";"<E>";"être";"à";"le";"front";"-";"+";"+";"-";"+";"§être§au front "
"443";"-";"+";"-";"-";"-";"<E>";"être";"à";"le";"fronteau";"-";"+";"+";"-";"+";"§être§au fronteau "
"444";"+";"+";"-";"-";"-";"<E>";"être";"à";"la";"frontière";"-";"+";"+";"+";"+";"§être§à la frontière "
"445";"+";"-";"-";"-";"-";"<E>";"être";"à";"les";"funérailles";"+";"-";"-";"+";"+";"§être§aux funérailles "
"446";"+";"-";"-";"-";"-";"<E>";"être";"à";"les";"gages";"+";"-";"-";"-";"-";"§être§aux gages "
"447";"-";"+";"+";"-";"-";"<E>";"être";"en";"<E>";"garantie";"-";"+";"+";"-";"-";"§être§en garantie "
"448";"-";"+";"+";"-";"-";"<E>";"être";"sans";"<E>";"garantie";"+";"-";"+";"-";"-";"§être§sans garantie "
"449";"+";"+";"+";"-";"-";"<E>";"être";"en";"avant-";"garde";"-";"+";"-";"+";"-";"§être§en avant-garde "
"450";"+";"-";"-";"-";"-";"<E>";"être";"en";"avant-";"garde";"+";"-";"-";"+";"+";"§être§en avant-garde "
"451";"+";"-";"-";"-";"-";"<E>";"être";"à";"la";"garde";"+";"-";"-";"+";"-";"§être§à la garde "
"452";"+";"+";"-";"-";"-";"<E>";"être";"sous";"la";"garde";"+";"-";"-";"+";"-";"§être§sous la garde "
"453";"+";"-";"-";"-";"-";"<E>";"être";"à";"l'arrière-";"garde";"+";"-";"-";"+";"+";"§être§à l'arrière-garde "
"454";"+";"+";"+";"-";"-";"<E>";"être";"à";"l'avant-";"garde";"-";"+";"-";"+";"-";"§être§à l'avant-garde "
"455";"+";"-";"-";"-";"-";"<E>";"être";"à";"l'avant-";"garde";"+";"-";"-";"+";"+";"§être§à l'avant-garde "
"456";"+";"+";"-";"-";"-";"<E>";"être";"en";"<E>";"gare";"-";"+";"+";"-";"+";"§être§en gare "
"457";"-";"+";"-";"-";"-";"<E>";"être";"en";"<E>";"garniture";"-";"+";"-";"-";"-";"§être§en garniture "
"458";"+";"+";"-";"-";"-";"<E>";"être";"à";"<E>";"gauche";"-";"+";"+";"-";"+";"§être§à gauche "
"459";"+";"-";"-";"-";"-";"<E>";"être";"à";"<E>";"gauche";"+";"-";"+";"-";"-";"§être§à gauche "
"460";"+";"+";"-";"-";"-";"<E>";"être";"à";"la";"gauche";"-";"+";"-";"+";"+";"§être§à la gauche "
"461";"+";"-";"-";"-";"-";"<E>";"être";"à";"la";"gauche";"+";"-";"-";"+";"-";"§être§à la gauche "
"462";"+";"+";"-";"-";"-";"<E>";"être";"sur";"la";"gauche";"-";"+";"+";"-";"+";"§être§sur la gauche "
"463";"+";"-";"-";"-";"-";"<E>";"être";"sur";"la";"gauche";"+";"-";"+";"-";"-";"§être§sur la gauche "
"464";"+";"+";"-";"-";"-";"<E>";"être";"à";"l'extrême";"gauche";"-";"+";"+";"-";"+";"§être§à l'extrême gauche "
"465";"+";"-";"-";"-";"-";"<E>";"être";"à";"l'extrême";"gauche";"+";"-";"+";"-";"-";"§être§à l'extrême gauche "
"466";"+";"-";"-";"-";"-";"<E>";"être";"de";"la";"génération";"+";"-";"-";"+";"-";"§être§de la génération "
"467";"-";"+";"-";"-";"-";"<E>";"être";"de";"le";"genre";"-";"+";"-";"+";"-";"§être§du genre "
"468";"-";"+";"-";"-";"-";"<E>";"être";"de";"le sous-";"genre";"-";"+";"-";"+";"-";"§être§du sous-genre "
"469";"+";"-";"-";"-";"-";"<E>";"être";"dans";"le";"giron";"+";"-";"-";"+";"-";"§être§dans le giron "
"470";"-";"+";"+";"-";"-";"<E>";"être";"à";"la";"gloire";"+";"-";"-";"+";"-";"§être§à la gloire "
"471";"-";"+";"+";"-";"-";"<E>";"être";"pour";"la plus grande";"gloire";"+";"+";"-";"+";"-";"§être§pour la plus grande gloire "
"472";"-";"+";"-";"-";"-";"<E>";"être";"à";"le";"goût";"+";"-";"-";"+";"-";"§être§au goût "
"473";"-";"+";"+";"-";"-";"<E>";"être";"de";"le";"goût";"+";"-";"-";"+";"-";"§être§du goût "
"474";"-";"+";"+";"-";"-";"<E>";"être";"pour";"la";"gouverne";"-";"+";"-";"+";"-";"§être§pour la gouverne "
"475";"+";"-";"-";"-";"-";"<E>";"être";"dans";"les bonnes";"grâces";"+";"-";"-";"+";"-";"§être§dans les bonnes grâces "
"476";"+";"+";"-";"-";"-";"<E>";"être";"dans";"les";"gradins";"-";"+";"+";"+";"+";"§être§dans les gradins "
"477";"-";"+";"-";"-";"-";"<E>";"être";"à";"le";"gré";"+";"-";"-";"+";"-";"§être§au gré "
"478";"-";"+";"+";"-";"-";"<E>";"être";"contre";"le";"gré";"+";"-";"-";"+";"-";"§être§contre le gré "
"479";"+";"+";"-";"-";"-";"<E>";"être";"dans";"les";"griffes";"+";"-";"-";"+";"-";"§être§dans les griffes "
"480";"+";"-";"-";"-";"-";"<E>";"être";"de";"le";"groupe";"+";"-";"-";"+";"-";"§être§du groupe "
"481";"+";"-";"-";"-";"-";"<E>";"être";"de";"le sous-";"groupe";"+";"-";"-";"+";"-";"§être§du sous-groupe "
"482";"-";"+";"+";"-";"-";"<E>";"être";"en";"<E>";"guise";"-";"+";"-";"-";"-";"§être§en guise "
"483";"-";"+";"+";"-";"-";"<E>";"être";"dans";"les";"habitudes";"+";"-";"-";"+";"-";"§être§dans les habitudes "
"484";"-";"+";"-";"-";"-";"<E>";"être";"autour de";"les";"hanches";"+";"-";"-";"+";"+";"§être§autour des hanches "
"485";"-";"+";"-";"-";"-";"<E>";"être";"en";"<E>";"hausse";"-";"+";"-";"-";"-";"§être§en hausse "
"486";"+";"+";"-";"-";"-";"<E>";"être";"en";"<E>";"haut";"-";"+";"+";"-";"+";"§être§en haut "
"487";"+";"+";"-";"-";"-";"<E>";"être";"à";"le";"haut";"-";"+";"+";"-";"+";"§être§à l'haut "
"488";"+";"+";"-";"-";"-";"<E>";"être";"à";"le plus";"haut";"-";"+";"+";"-";"-";"§être§au plus haut "
"489";"+";"+";"-";"-";"-";"<E>";"être";"à";"la";"hauteur";"-";"+";"+";"+";"+";"§être§à l'hauteur "
"490";"+";"+";"-";"-";"-";"<E>";"être";"à";"la";"hauteur";"-";"+";"+";"+";"-";"§être§à l'hauteur "
"491";"-";"+";"-";"-";"-";"<E>";"être";"à";"la mi-";"hauteur";"+";"+";"+";"+";"+";"§être§à la mi-hauteur "
"492";"+";"+";"-";"-";"-";"<E>";"être";"à";"mi-";"hauteur";"-";"+";"+";"-";"+";"§être§à mi-hauteur "
"493";"-";"+";"+";"-";"-";"<E>";"être";"à";"la";"hauteur des ambitions";"+";"-";"-";"-";"-";"§être§à l'hauteur des ambitions "
"494";"-";"+";"+";"-";"-";"<E>";"être";"à";"la";"hauteur des espérances";"+";"-";"-";"-";"-";"§être§à l'hauteur des espérances "
"495";"-";"+";"+";"-";"-";"<E>";"être";"à";"la";"hauteur des espoirs";"+";"-";"-";"-";"-";"§être§à l'hauteur des espoirs "
"496";"+";"+";"-";"-";"-";"<E>";"être";"à";"Dnum";"heures de bus";"-";"+";"+";"-";"-";"§être§à Dnum heures de bus "
"497";"+";"+";"-";"-";"-";"<E>";"être";"à";"Dnum";"heures de marche";"-";"+";"+";"-";"-";"§être§à Dnum heures de marche "
"498";"+";"-";"-";"-";"-";"<E>";"être";"à";"le";"hîpital";"-";"+";"+";"-";"+";"§être§à l'hîpital "
"499";"+";"+";"-";"-";"-";"<E>";"être";"à";"le";"hit parade";"-";"+";"+";"-";"-";"§être§à l'hit parade "
"500";"-";"+";"+";"-";"-";"<E>";"être";"à";"le";"honneur";"+";"-";"-";"+";"-";"§être§à l'honneur "
"501";"-";"+";"+";"-";"-";"<E>";"être";"à";"le";"honneur";"+";"+";"-";"+";"-";"§être§à l'honneur "
"502";"-";"+";"+";"-";"-";"<E>";"être";"à";"la";"honte";"+";"-";"-";"+";"-";"§être§à l'honte "
"503";"-";"+";"+";"-";"-";"<E>";"être";"à";"la";"honte";"+";"-";"-";"+";"-";"§être§à l'honte "
"504";"+";"+";"-";"-";"-";"<E>";"être";"à";"la";"horizontale";"-";"+";"-";"+";"+";"§être§à l'horizontale "
"505";"-";"+";"+";"-";"-";"<E>";"être";"à";"la";"idée";"+";"-";"-";"+";"-";"§être§à l'idée "
"506";"+";"+";"-";"-";"-";"<E>";"être";"à";"la";"île";"-";"+";"+";"-";"+";"§être§à la île "
"507";"+";"+";"-";"-";"-";"<E>";"être";"dans";"la";"île";"-";"+";"+";"-";"+";"§être§dans la île "
"508";"+";"+";"-";"-";"-";"<E>";"être";"sur";"la";"île";"-";"+";"+";"-";"+";"§être§sur la île "
"509";"+";"+";"-";"-";"-";"<E>";"être";"à";"la";"image";"+";"+";"-";"+";"-";"§être§à l'image "
"510";"-";"+";"+";"-";"-";"<E>";"être";"en";"<E>";"imitation";"-";"+";"-";"-";"-";"§être§en imitation "
"511";"+";"+";"-";"-";"-";"<E>";"être";"à";"la";"imitation";"+";"+";"-";"+";"-";"§être§à l'imitation "
"512";"+";"+";"-";"-";"-";"<E>";"être";"dans";"la";"imminence";"-";"+";"-";"-";"-";"§être§dans l'imminence "
"513";"+";"+";"-";"-";"-";"<E>";"être";"à";"la";"index";"-";"+";"+";"-";"-";"§être§à l'index "
"514";"+";"+";"-";"-";"-";"<E>";"être";"sous";"la";"influence";"+";"+";"-";"+";"-";"§être§sous l'influence "
"515";"+";"+";"+";"-";"-";"<E>";"être";"à";"la";"initiative";"+";"-";"-";"+";"-";"§être§à l'initiative "
"516";"-";"+";"+";"-";"-";"<E>";"être";"de";"la";"initiative";"+";"-";"-";"+";"-";"§être§de l'initiative "
"517";"-";"+";"+";"-";"-";"<E>";"être";"sur";"<E>";"injonction";"+";"-";"-";"+";"-";"§être§sur injonction "
"518";"-";"+";"+";"-";"-";"<E>";"être";"à";"la";"injonction";"+";"-";"-";"+";"-";"§être§à l'injonction "
"519";"-";"+";"+";"-";"-";"<E>";"être";"sur";"la";"injonction";"+";"-";"-";"+";"-";"§être§sur l'injonction "
"520";"+";"+";"-";"-";"-";"<E>";"être";"à";"la";"instigation";"+";"-";"-";"+";"-";"§être§à l'instigation "
"521";"-";"+";"+";"-";"-";"<E>";"être";"à";"la";"intention";"+";"-";"-";"+";"-";"§être§à l'intention "
"522";"-";"+";"-";"-";"-";"<E>";"être";"à";"la";"intention";"+";"-";"-";"+";"-";"§être§à l'intention "
"523";"-";"+";"+";"-";"-";"<E>";"être";"dans";"la";"intention";"+";"-";"-";"+";"-";"§être§dans l'intention "
"524";"-";"+";"+";"-";"-";"<E>";"être";"à";"la";"intention personnelle";"+";"-";"-";"+";"-";"§être§à l'intention personnelle "
"525";"-";"+";"+";"-";"-";"<E>";"être";"dans";"les";"intentions";"+";"-";"-";"+";"-";"§être§dans les intentions "
"526";"-";"+";"+";"-";"-";"<E>";"être";"dans";"le";"intérêt";"+";"-";"-";"+";"-";"§être§dans l'intérêt "
"527";"-";"+";"+";"-";"-";"<E>";"être";"de";"le";"intérêt";"+";"-";"-";"+";"-";"§être§de l'intérêt "
"528";"+";"+";"-";"-";"-";"<E>";"être";"à";"le";"intérieur";"+";"+";"+";"-";"+";"§être§à l'intérieur "
"529";"+";"+";"-";"-";"-";"<E>";"être";"en";"<E>";"introduction";"-";"+";"-";"-";"+";"§être§en introduction "
"530";"-";"+";"+";"-";"-";"<E>";"être";"de";"la";"invention";"+";"-";"-";"+";"-";"§être§de l'invention "
"531";"-";"+";"+";"-";"-";"<E>";"être";"sur";"<E>";"invitation";"+";"-";"-";"+";"-";"§être§sur invitation "
"532";"-";"+";"+";"-";"-";"<E>";"être";"à";"la";"invitation";"+";"-";"-";"+";"-";"§être§à l'invitation "
"533";"-";"+";"+";"-";"-";"<E>";"être";"sur";"la";"invitation";"+";"-";"-";"+";"-";"§être§sur l'invitation "
"534";"-";"+";"-";"-";"-";"<E>";"être";"à";"la";"issue";"-";"+";"-";"-";"-";"§être§à l'issue "
"535";"+";"+";"-";"-";"-";"<E>";"être";"sur";"le";"itinéraire";"-";"+";"+";"+";"+";"§être§sur l'itinéraire "
"536";"+";"-";"-";"-";"-";"<E>";"être";"dans";"les";"jambes";"+";"-";"-";"+";"-";"§être§dans les jambes "
"537";"+";"+";"-";"-";"-";"<E>";"être";"à";"un";"jet de pierre";"+";"+";"+";"-";"+";"§être§à un jet de pierre "
"538";"+";"+";"-";"-";"-";"<E>";"être";"sous";"le";"joug";"+";"-";"+";"-";"-";"§être§sous le joug "
"539";"+";"-";"-";"-";"-";"<E>";"être";"dans";"les";"jupes";"+";"-";"-";"+";"-";"§être§dans les jupes "
"540";"+";"+";"+";"-";"-";"<E>";"être";"dans";"la";"juridiction";"+";"-";"-";"+";"-";"§être§dans la juridiction "
"541";"+";"+";"-";"-";"-";"<E>";"être";"à";"six";"kilomètres";"+";"+";"+";"-";"+";"§être§à six kilomètres "
"542";"+";"+";"-";"-";"-";"<E>";"être";"à";"le";"large";"-";"+";"+";"-";"+";"§être§au large "
"543";"+";"+";"-";"-";"-";"<E>";"être";"à";"le";"large des cîtes";"-";"+";"+";"-";"+";"§être§au large des cîtes "
"544";"-";"+";"+";"-";"-";"<E>";"être";"pour";"le";"lendemain";"-";"+";"+";"-";"-";"§être§pour le lendemain "
"545";"+";"-";"-";"-";"-";"<E>";"être";"sur";"le";"lieu";"-";"+";"-";"-";"+";"§être§sur le lieu "
"546";"+";"-";"-";"-";"-";"<E>";"être";"sur";"les";"lieux";"-";"+";"+";"-";"+";"§être§sur les lieux "
"547";"+";"+";"-";"-";"-";"<E>";"être";"dans";"la";"ligne de mire";"+";"-";"-";"+";"-";"§être§dans la ligne de mire "
"548";"+";"+";"-";"-";"-";"<E>";"être";"dans";"la";"ligne de tir";"+";"-";"-";"+";"+";"§être§dans la ligne de tir "
"549";"+";"+";"-";"-";"-";"<E>";"être";"dans";"la";"ligne de visée";"+";"-";"-";"+";"-";"§être§dans la ligne de visée "
"550";"+";"+";"-";"-";"-";"<E>";"être";"dans";"la";"lignée";"+";"-";"-";"+";"-";"§être§dans la lignée "
"551";"+";"+";"-";"-";"-";"<E>";"être";"à";"la";"limite";"-";"+";"-";"+";"+";"§être§à la limite "
"552";"+";"+";"-";"-";"-";"<E>";"être";"à";"l'extrême";"limite";"-";"+";"-";"+";"+";"§être§à l'extrême limite "
"553";"-";"+";"+";"-";"-";"<E>";"être";"à";"la";"limite des forces";"+";"-";"-";"-";"-";"§être§à la limite des forces "
"554";"+";"+";"-";"-";"-";"<E>";"être";"à";"la";"lisière";"-";"+";"+";"+";"+";"§être§à la lisière "
"555";"+";"+";"-";"-";"-";"<E>";"être";"sur";"la";"liste";"+";"+";"-";"+";"-";"§être§sur la liste "
"556";"+";"+";"-";"-";"-";"<E>";"être";"sur";"la";"liste noire";"+";"+";"-";"+";"-";"§être§sur la liste noire "
"557";"+";"+";"-";"-";"-";"<E>";"être";"sur";"les";"listes";"+";"+";"-";"+";"-";"§être§sur les listes "
"558";"+";"+";"-";"-";"-";"<E>";"être";"dans";"les";"locaux";"+";"+";"-";"+";"+";"§être§dans les locaux "
"559";"+";"+";"-";"-";"-";"<E>";"être";"à";"les premières";"loges";"-";"+";"+";"-";"+";"§être§aux premières loges "
"560";"-";"+";"+";"-";"-";"<E>";"être";"dans";"la";"logique";"-";"+";"-";"+";"-";"§être§dans la logique "
"561";"+";"+";"-";"-";"-";"<E>";"être";"dans";"une";"logique";"-";"+";"-";"+";"-";"§être§dans une logique "
"562";"-";"+";"+";"-";"-";"<E>";"être";"à";"la";"louange";"+";"-";"-";"+";"-";"§être§à la louange "
"563";"-";"+";"-";"-";"-";"<E>";"être";"dans";"la";"main";"+";"-";"-";"+";"+";"§être§dans la main "
"564";"-";"+";"-";"-";"-";"<E>";"être";"dans";"la";"main droite";"+";"-";"-";"+";"+";"§être§dans la main droite "
"565";"-";"+";"-";"-";"-";"<E>";"être";"dans";"la";"main gauche";"+";"-";"-";"+";"+";"§être§dans la main gauche "
"566";"+";"-";"-";"-";"-";"<E>";"être";"à";"les";"mains";"+";"-";"-";"-";"-";"§être§aux mains "
"567";"+";"+";"+";"-";"-";"<E>";"être";"dans";"les";"mains";"+";"-";"-";"+";"-";"§être§dans les mains "
"568";"-";"+";"-";"-";"-";"<E>";"être";"dans";"les";"mains";"+";"-";"-";"+";"+";"§être§dans les mains "
"569";"+";"-";"-";"-";"-";"<E>";"être";"à";"la";"maison d'arrêt";"-";"+";"+";"-";"+";"§être§à la maison d'arrêt "
"570";"+";"-";"-";"-";"-";"<E>";"être";"en";"<E>";"mal";"-";"+";"-";"-";"-";"§être§en mal "
"571";"-";"+";"+";"-";"-";"<E>";"être";"à";"la";"manière";"+";"-";"-";"+";"-";"§être§à la manière "
"572";"+";"-";"-";"-";"-";"<E>";"être";"en";"<E>";"manque";"-";"+";"+";"-";"-";"§être§en manque "
"573";"+";"+";"-";"-";"-";"<E>";"être";"à";"les";"marches";"-";"+";"-";"-";"+";"§être§aux marches "
"574";"-";"+";"+";"-";"-";"<E>";"être";"en";"<E>";"marge";"-";"+";"+";"-";"-";"§être§en marge "
"575";"-";"+";"-";"-";"-";"<E>";"être";"en";"<E>";"marge";"-";"+";"+";"-";"+";"§être§en marge "
"576";"+";"+";"-";"-";"-";"<E>";"être";"dans";"la";"marge";"-";"+";"+";"+";"-";"§être§dans la marge "
"577";"+";"-";"-";"-";"-";"<E>";"être";"à";"le";"mariage";"+";"-";"-";"+";"+";"§être§au mariage "
"578";"+";"+";"-";"-";"-";"<E>";"être";"à";"le";"maximum";"-";"+";"+";"+";"-";"§être§au maximum "
"579";"-";"+";"+";"-";"-";"<E>";"être";"à";"la";"mémoire";"+";"-";"-";"+";"-";"§être§à la mémoire "
"580";"+";"+";"+";"-";"-";"<E>";"être";"dans";"la";"mémoire";"+";"-";"-";"+";"-";"§être§dans la mémoire "
"581";"+";"+";"-";"-";"-";"<E>";"être";"sous";"la";"menace";"+";"+";"-";"+";"-";"§être§sous la menace "
"582";"-";"+";"-";"-";"-";"<E>";"être";"à";"le";"menu";"-";"+";"+";"+";"-";"§être§au menu "
"583";"+";"+";"-";"-";"-";"<E>";"être";"à";"la";"merci";"+";"+";"-";"+";"-";"§être§à la merci "
"584";"-";"+";"+";"-";"-";"<E>";"être";"à";"le";"mérite";"+";"+";"-";"+";"-";"§être§au mérite "
"585";"-";"+";"+";"-";"-";"<E>";"être";"à";"la";"mesure";"+";"-";"-";"+";"-";"§être§à la mesure "
"586";"-";"+";"+";"-";"-";"<E>";"être";"à";"la";"mesure des ambitions";"+";"-";"-";"+";"-";"§être§à la mesure des ambitions "
"587";"-";"+";"-";"-";"-";"<E>";"être";"à";"les";"mesures";"+";"-";"-";"+";"-";"§être§aux mesures "
"588";"+";"-";"-";"-";"-";"<E>";"être";"à";"le";"micro";"-";"+";"+";"-";"-";"§être§au micro "
"589";"+";"+";"-";"-";"-";"<E>";"être";"à";"le";"milieu";"+";"-";"+";"-";"+";"§être§au milieu "
"590";"+";"+";"-";"-";"-";"<E>";"être";"à";"le";"milieu";"-";"+";"+";"-";"+";"§être§au milieu "
"591";"+";"+";"-";"-";"-";"<E>";"être";"à";"le";"milieu";"-";"+";"+";"-";"-";"§être§au milieu "
"592";"+";"+";"-";"-";"-";"<E>";"être";"à";"le beau";"milieu";"+";"-";"+";"-";"+";"§être§au beau milieu "
"593";"+";"+";"-";"-";"-";"<E>";"être";"à";"le beau";"milieu";"-";"+";"-";"-";"+";"§être§au beau milieu "
"594";"+";"-";"-";"-";"-";"<E>";"être";"à";"le beau";"milieu";"-";"+";"+";"-";"-";"§être§au beau milieu "
"595";"+";"+";"-";"-";"-";"<E>";"être";"en";"plein";"milieu";"-";"+";"-";"-";"+";"§être§en plein milieu "
"596";"+";"+";"-";"-";"-";"<E>";"être";"à";"le";"minimum";"-";"+";"+";"+";"-";"§être§au minimum "
"597";"+";"+";"-";"-";"-";"<E>";"être";"dans";"la";"mire";"+";"-";"-";"+";"-";"§être§dans la mire "
"598";"+";"+";"-";"-";"-";"<E>";"être";"sur";"le";"modèle";"+";"+";"-";"+";"-";"§être§sur le modèle "
"599";"-";"+";"+";"-";"-";"<E>";"être";"dans";"les";"moeurs";"+";"-";"+";"+";"-";"§être§dans les moeurs "
"600";"+";"+";"-";"-";"-";"<E>";"être";"en";"<E>";"moins";"+";"+";"+";"-";"-";"§être§en moins "
"601";"+";"+";"-";"-";"-";"<E>";"être";"en";"plein";"mois";"-";"+";"-";"-";"-";"§être§en plein mois "
"602";"+";"+";"-";"-";"-";"<E>";"être";"à";"la";"moitié";"-";"+";"-";"+";"+";"§être§à la moitié "
"603";"+";"+";"-";"-";"-";"<E>";"être";"à";"un certain";"moment";"-";"+";"+";"-";"-";"§être§à un certain moment "
"604";"+";"+";"-";"-";"-";"<E>";"être";"à";"un";"moment crucial";"-";"+";"+";"-";"-";"§être§à un moment crucial "
"605";"+";"+";"-";"-";"-";"<E>";"être";"à";"un";"moment décisif";"-";"+";"+";"-";"-";"§être§à un moment décisif "
"606";"+";"+";"-";"-";"-";"<E>";"être";"à";"un";"moment difficile";"-";"+";"+";"-";"-";"§être§à un moment difficile "
"607";"+";"-";"-";"-";"-";"<E>";"être";"dans";"la";"mouvance";"+";"-";"-";"+";"-";"§être§dans la mouvance "
"608";"+";"+";"-";"-";"-";"<E>";"être";"dans";"la";"moyenne";"-";"+";"+";"+";"-";"§être§dans la moyenne "
"609";"-";"+";"+";"-";"-";"<E>";"être";"dans";"les";"moyens";"+";"-";"+";"+";"-";"§être§dans les moyens "
"610";"-";"+";"-";"-";"-";"<E>";"être";"à";"le";"nadir";"-";"+";"+";"+";"+";"§être§au nadir "
"611";"-";"+";"+";"-";"-";"<E>";"être";"dans";"la";"nature";"+";"+";"-";"+";"-";"§être§dans la nature "
"612";"-";"+";"-";"-";"-";"<E>";"être";"sous";"le";"nez";"+";"-";"-";"+";"+";"§être§sous le nez "
"613";"+";"+";"-";"-";"-";"<E>";"être";"à";"le";"niveau";"-";"+";"+";"+";"+";"§être§au niveau "
"614";"+";"+";"-";"-";"-";"<E>";"être";"à";"le";"niveau";"-";"+";"+";"+";"-";"§être§au niveau "
"615";"+";"+";"-";"-";"-";"<E>";"être";"à";"un certain";"niveau";"-";"+";"+";"-";"-";"§être§à un certain niveau "
"616";"+";"+";"-";"-";"-";"<E>";"être";"à";"Dnum";"N-mesure";"-";"+";"+";"-";"-";"§être§à Dnum N-mesure "
"617";"+";"+";"-";"-";"-";"<E>";"être";"à";"Dnum";"N-mesure-de-longueur";"+";"+";"+";"-";"+";"§être§à Dnum N-mesure-de-longueur "
"618";"+";"+";"-";"-";"-";"<E>";"être";"à";"Dnum";"N-mesure-de-longueur de distance";"+";"+";"+";"-";"+";"§être§à Dnum N-mesure-de-longueur de distance "
"619";"-";"+";"-";"-";"-";"<E>";"être";"à";"le";"nom";"+";"-";"-";"+";"-";"§être§au nom "
"620";"-";"+";"-";"-";"-";"<E>";"être";"sous";"le";"nom";"+";"-";"-";"+";"-";"§être§sous le nom "
"621";"+";"+";"-";"-";"-";"<E>";"être";"à";"le";"nombre";"+";"+";"-";"-";"-";"§être§au nombre "
"622";"+";"+";"-";"-";"-";"<E>";"être";"de";"le";"nombre";"+";"+";"+";"-";"-";"§être§du nombre "
"623";"+";"-";"-";"-";"-";"<E>";"être";"à";"le";"nombre des amis";"+";"-";"-";"-";"-";"§être§au nombre des amis "
"624";"+";"+";"-";"-";"-";"<E>";"être";"à";"le";"nord";"-";"+";"+";"-";"+";"§être§au nord "
"625";"+";"+";"-";"-";"-";"<E>";"être";"dans";"le";"nord";"-";"+";"+";"-";"+";"§être§dans le nord "
"626";"+";"+";"-";"-";"-";"<E>";"être";"à";"le";"nord-est";"-";"+";"+";"-";"+";"§être§au nord-est "
"627";"+";"+";"-";"-";"-";"<E>";"être";"dans";"le";"nord-est";"-";"+";"+";"-";"+";"§être§dans le nord-est "
"628";"+";"+";"-";"-";"-";"<E>";"être";"à";"le";"nord-ouest";"-";"+";"+";"-";"+";"§être§au nord-ouest "
"629";"+";"+";"-";"-";"-";"<E>";"être";"dans";"le";"nord-ouest";"-";"+";"+";"-";"+";"§être§dans le nord-ouest "
"630";"-";"+";"-";"-";"-";"<E>";"être";"à";"les";"normes";"-";"+";"+";"+";"-";"§être§aux normes "
"631";"+";"+";"-";"-";"-";"<E>";"être";"à";"le";"noyau";"-";"+";"-";"+";"+";"§être§au noyau "
"632";"+";"+";"-";"-";"-";"<E>";"être";"à";"Dnum";"Ntps";"-";"+";"+";"-";"-";"§être§à Dnum Ntps "
"633";"+";"+";"-";"-";"-";"<E>";"être";"dans";"Poss0 Dnum-ième";"Ntps";"-";"+";"+";"-";"-";"§être§dans son Dnum-ième Ntps "
"634";"+";"+";"-";"-";"-";"<E>";"être";"à";"Dnum";"Ntps de marche";"-";"+";"+";"-";"-";"§être§à Dnum Ntps de marche "
"635";"+";"+";"-";"-";"-";"<E>";"être";"à";"Dnum";"Ntps de N-moyen-de-transport";"-";"+";"+";"-";"-";"§être§à Dnum Ntps de N-moyen-de-transport "
"636";"-";"+";"-";"-";"-";"<E>";"être";"à";"le";"numérateur";"-";"+";"-";"+";"+";"§être§au numérateur "
"637";"+";"+";"-";"-";"-";"<E>";"être";"sous";"la";"obédience";"+";"-";"-";"+";"-";"§être§sous l'obédience "
"638";"+";"+";"-";"-";"-";"<E>";"être";"à";"la";"ombre";"-";"+";"+";"-";"+";"§être§à l'ombre "
"639";"+";"-";"-";"-";"-";"<E>";"être";"dans";"la";"ombre";"+";"-";"+";"+";"-";"§être§dans l'ombre "
"640";"-";"+";"+";"-";"-";"<E>";"être";"de";"la";"opinion";"+";"-";"-";"+";"-";"§être§de l'opinion "
"641";"+";"+";"-";"-";"-";"<E>";"être";"à";"le";"opposé";"-";"+";"+";"-";"+";"§être§à l'opposé "
"642";"+";"+";"-";"-";"-";"<E>";"être";"à";"le";"opposé";"-";"+";"+";"-";"-";"§être§à l'opposé "
"643";"-";"+";"-";"-";"-";"<E>";"être";"à";"le";"oral";"-";"+";"-";"-";"-";"§être§à l'oral "
"644";"+";"+";"-";"-";"-";"<E>";"être";"sous";"les";"ordres";"+";"-";"-";"+";"-";"§être§sous les ordres "
"645";"+";"+";"-";"-";"-";"<E>";"être";"à";"la";"orée";"-";"+";"+";"-";"+";"§être§à l'orée "
"646";"+";"+";"-";"-";"-";"<E>";"être";"à";"la";"origine";"-";"+";"-";"+";"-";"§être§à l'origine "
"647";"+";"+";"-";"-";"-";"<E>";"être";"à";"les";"origines";"-";"+";"-";"+";"-";"§être§aux origines "
"648";"+";"+";"-";"-";"-";"<E>";"être";"à";"le";"ouest";"-";"+";"+";"-";"+";"§être§à l'ouest "
"649";"+";"+";"-";"-";"-";"<E>";"être";"dans";"le";"ouest";"-";"+";"+";"-";"+";"§être§dans l'ouest "
"650";"+";"+";"-";"-";"-";"<E>";"être";"en";"<E>";"ouverture";"-";"+";"-";"-";"-";"§être§en ouverture "
"651";"+";"+";"-";"-";"-";"<E>";"être";"en";"Dnum-ième";"page";"-";"+";"+";"-";"-";"§être§en Dnum-ième page "
"652";"+";"+";"-";"-";"-";"<E>";"être";"à";"la Dnum-ième";"page";"-";"+";"+";"-";"+";"§être§à la Dnum-ième page "
"653";"+";"+";"-";"-";"-";"<E>";"être";"à";"la première";"page";"-";"+";"+";"-";"+";"§être§à la première page "
"654";"+";"+";"-";"-";"-";"<E>";"être";"en";"première";"page";"-";"+";"+";"-";"-";"§être§en première page "
"655";"-";"+";"-";"-";"-";"<E>";"être";"en";"<E>";"paiement";"-";"+";"-";"-";"-";"§être§en paiement "
"656";"-";"+";"+";"-";"-";"<E>";"être";"à";"le";"palmarès";"+";"-";"-";"+";"-";"§être§au palmarès "
"657";"+";"-";"-";"-";"-";"<E>";"être";"en";"<E>";"panne";"-";"+";"+";"-";"-";"§être§en panne "
"658";"+";"-";"-";"-";"-";"<E>";"être";"dans";"les petits";"papiers";"+";"-";"-";"+";"-";"§être§dans les petits papiers "
"659";"+";"+";"-";"-";"-";"<E>";"être";"dans";"les";"parages";"-";"+";"+";"+";"+";"§être§dans les parages "
"660";"+";"+";"-";"-";"-";"<E>";"être";"à";"mi-";"parcours";"-";"+";"+";"-";"+";"§être§à mi-parcours "
"661";"+";"+";"-";"-";"-";"<E>";"être";"à";"le";"paroxysme";"-";"+";"+";"+";"-";"§être§au paroxysme "
"662";"-";"+";"-";"-";"-";"<E>";"être";"sous";"le";"parrainage";"+";"-";"-";"+";"-";"§être§sous le parrainage "
"663";"-";"+";"+";"-";"-";"<E>";"être";"de";"la";"part";"+";"-";"-";"+";"-";"§être§de la part "
"664";"+";"+";"-";"-";"-";"<E>";"être";"de";"<E>";"part et d'autre";"+";"+";"+";"-";"+";"§être§de part et d'autre "
"665";"+";"-";"-";"-";"-";"<E>";"être";"de";"le";"parti";"+";"-";"-";"+";"-";"§être§du parti "
"666";"+";"+";"-";"-";"-";"<E>";"être";"à";"deux";"pas";"+";"+";"+";"-";"+";"§être§à deux pas "
"667";"+";"+";"-";"-";"-";"<E>";"être";"à";"quelques";"pas";"+";"+";"+";"-";"+";"§être§à quelques pas "
"668";"+";"+";"-";"-";"-";"<E>";"être";"sur";"le";"passage";"+";"+";"+";"+";"-";"§être§sur le passage "
"669";"+";"+";"-";"-";"-";"<E>";"être";"sur";"le";"passage";"+";"+";"+";"+";"+";"§être§sur le passage "
"670";"+";"+";"-";"-";"-";"<E>";"être";"à";"un certain";"passage";"-";"+";"+";"-";"-";"§être§à un certain passage "
"671";"+";"+";"-";"-";"-";"<E>";"être";"à";"un";"passage crucial";"-";"+";"+";"-";"-";"§être§à un passage crucial "
"672";"+";"+";"-";"-";"-";"<E>";"être";"à";"un";"passage décisif";"-";"+";"+";"-";"-";"§être§à un passage décisif "
"673";"+";"+";"-";"-";"-";"<E>";"être";"à";"un";"passage difficile";"-";"+";"+";"-";"-";"§être§à un passage difficile "
"674";"+";"+";"+";"-";"-";"<E>";"être";"à";"le";"passif";"-";"+";"-";"+";"-";"§être§au passif "
"675";"-";"+";"-";"-";"-";"<E>";"être";"sous";"le";"patronage";"+";"-";"-";"+";"-";"§être§sous le patronage "
"676";"+";"-";"-";"-";"-";"<E>";"être";"dans";"les";"pattes";"+";"-";"-";"+";"-";"§être§dans les pattes "
"677";"+";"-";"-";"-";"-";"<E>";"être";"à";"le";"pays";"-";"+";"-";"-";"-";"§être§au pays "
"678";"+";"-";"-";"-";"-";"<E>";"être";"dans";"la";"peau";"+";"-";"+";"-";"-";"§être§dans la peau "
"679";"+";"-";"-";"-";"-";"<E>";"être";"dans";"la";"peau du personnage";"+";"-";"+";"-";"-";"§être§dans la peau du personnage "
"680";"-";"+";"+";"-";"-";"<E>";"être";"en";"<E>";"pendant";"-";"+";"-";"-";"-";"§être§en pendant "
"681";"+";"-";"-";"-";"-";"<E>";"être";"en";"<E>";"pénurie";"-";"+";"+";"-";"-";"§être§en pénurie "
"682";"-";"+";"-";"-";"-";"<E>";"être";"à";"le";"périgée";"-";"+";"+";"-";"+";"§être§au périgée "
"683";"+";"+";"-";"-";"-";"<E>";"être";"dans";"le";"périmètre";"-";"+";"-";"+";"+";"§être§dans le périmètre "
"684";"+";"+";"-";"-";"-";"<E>";"être";"en";"<E>";"période";"-";"+";"-";"-";"-";"§être§en période "
"685";"+";"+";"-";"-";"-";"<E>";"être";"à";"une certaine";"période";"-";"+";"+";"-";"-";"§être§à une certaine période "
"686";"+";"+";"-";"-";"-";"<E>";"être";"à";"une";"période cruciale";"-";"+";"+";"-";"-";"§être§à une période cruciale "
"687";"+";"+";"-";"-";"-";"<E>";"être";"à";"une";"période décisive";"-";"+";"+";"-";"-";"§être§à une période décisive "
"688";"+";"+";"-";"-";"-";"<E>";"être";"à";"une";"période difficile";"-";"+";"+";"-";"-";"§être§à une période difficile "
"689";"+";"+";"-";"-";"-";"<E>";"être";"en";"<E>";"périphérie";"-";"+";"+";"+";"+";"§être§en périphérie "
"690";"-";"+";"+";"-";"-";"<E>";"être";"à";"la";"périphérie";"-";"-";"+";"-";"-";"§être§à la périphérie "
"691";"+";"+";"-";"-";"-";"<E>";"être";"à";"la";"périphérie";"-";"+";"+";"+";"+";"§être§à la périphérie "
"692";"+";"+";"-";"-";"-";"<E>";"être";"à";"la";"perpendiculaire";"-";"+";"-";"+";"+";"§être§à la perpendiculaire "
"693";"+";"+";"-";"-";"-";"<E>";"être";"en";"<E>";"phase";"-";"+";"-";"-";"-";"§être§en phase "
"694";"+";"+";"-";"-";"-";"<E>";"être";"dans";"Poss0";"phase";"-";"+";"-";"-";"-";"§être§dans sa phase "
"695";"+";"+";"-";"-";"-";"<E>";"être";"dans";"une";"phase";"-";"+";"-";"-";"-";"§être§dans une phase "
"696";"+";"+";"-";"-";"-";"<E>";"être";"à";"le";"pic";"-";"+";"+";"-";"-";"§être§au pic "
"697";"+";"+";"-";"-";"-";"<E>";"être";"à";"le";"pied";"-";"+";"-";"-";"+";"§être§au pied "
"698";"+";"-";"-";"-";"-";"<E>";"être";"à";"les";"pieds";"+";"-";"-";"+";"-";"§être§aux pieds "
"699";"+";"+";"-";"-";"-";"<E>";"être";"à";"le";"pire";"-";"+";"-";"-";"-";"§être§au pire "
"700";"+";"-";"-";"-";"-";"<E>";"être";"sur";"la";"piste";"+";"+";"+";"+";"-";"§être§sur la piste "
"701";"+";"+";"+";"-";"-";"<E>";"être";"à";"le";"pivot";"-";"+";"-";"+";"-";"§être§au pivot "
"702";"+";"-";"-";"-";"-";"<E>";"être";"à";"la";"place";"+";"-";"-";"+";"+";"§être§à la place "
"703";"-";"+";"-";"-";"-";"<E>";"être";"à";"la";"place";"-";"+";"-";"+";"+";"§être§à la place "
"704";"-";"+";"-";"-";"-";"<E>";"être";"à";"la";"place";"-";"+";"-";"+";"-";"§être§à la place "
"705";"+";"+";"-";"-";"-";"<E>";"être";"sur";"la";"place";"-";"+";"+";"-";"+";"§être§sur la place "
"706";"-";"+";"+";"-";"-";"<E>";"être";"à";"l'arrière-";"plan";"-";"+";"+";"-";"-";"§être§à l'arrière-plan "
"707";"+";"+";"-";"-";"-";"<E>";"être";"à";"le premier";"plan";"-";"+";"+";"-";"-";"§être§au premier plan "
"708";"+";"+";"-";"-";"-";"<E>";"être";"à";"le second";"plan";"-";"+";"+";"-";"-";"§être§au second plan "
"709";"-";"+";"+";"-";"-";"<E>";"être";"dans";"les";"plans";"+";"-";"-";"+";"-";"§être§dans les plans "
"710";"+";"+";"-";"-";"-";"<E>";"être";"sous";"une";"pluie";"-";"+";"-";"-";"+";"§être§sous une pluie "
"711";"-";"+";"-";"-";"-";"<E>";"être";"de";"la";"plume";"+";"-";"-";"+";"-";"§être§de la plume "
"712";"+";"+";"+";"-";"-";"<E>";"être";"en";"<E>";"plus";"+";"+";"+";"-";"-";"§être§en plus "
"713";"-";"+";"-";"-";"-";"<E>";"être";"dans";"la";"poche";"+";"-";"-";"+";"+";"§être§dans la poche "
"714";"+";"-";"-";"-";"-";"<E>";"être";"sur";"le";"poil";"+";"-";"-";"+";"-";"§être§sur le poil "
"715";"+";"+";"-";"-";"-";"<E>";"être";"à";"un";"point critique";"-";"+";"-";"-";"-";"§être§à un point critique "
"716";"+";"+";"-";"-";"-";"<E>";"être";"à";"le";"point culminant";"-";"+";"+";"-";"+";"§être§au point culminant "
"717";"+";"+";"-";"-";"-";"<E>";"être";"à";"le";"point culminant";"-";"+";"+";"-";"-";"§être§au point culminant "
"718";"+";"+";"-";"-";"-";"<E>";"être";"à";"la";"pointe";"-";"+";"-";"+";"+";"§être§à la pointe "
"719";"-";"+";"-";"-";"+";"n'";"être pas";"pour";"la";"pomme";"+";"-";"-";"+";"-";"§n'est pas§pour la pomme "
"720";"+";"+";"-";"-";"-";"<E>";"être";"à";"le";"pont";"-";"+";"+";"-";"+";"§être§au pont "
"721";"+";"+";"-";"-";"-";"<E>";"être";"à";"la";"porte";"-";"+";"+";"-";"-";"§être§à la porte "
"722";"+";"+";"-";"-";"-";"<E>";"être";"à";"la";"porte";"-";"+";"-";"+";"+";"§être§à la porte "
"723";"+";"+";"-";"-";"-";"<E>";"être";"hors de";"<E>";"portée";"+";"-";"-";"+";"+";"§être§hors de portée "
"724";"+";"+";"-";"-";"-";"<E>";"être";"à";"la";"portée";"+";"-";"-";"+";"+";"§être§à la portée "
"725";"-";"+";"+";"-";"-";"<E>";"être";"à";"la";"portée";"+";"-";"-";"+";"-";"§être§à la portée "
"726";"+";"+";"-";"-";"-";"<E>";"être";"hors de";"la";"portée";"+";"-";"-";"+";"+";"§être§hors de la portée "
"727";"-";"+";"+";"-";"-";"<E>";"être";"hors de";"la";"portée";"+";"-";"-";"+";"-";"§être§hors de la portée "
"728";"+";"+";"-";"-";"-";"<E>";"être";"à";"<E>";"portée de canon";"+";"+";"+";"-";"+";"§être§à portée de canon "
"729";"+";"+";"-";"-";"-";"<E>";"être";"à";"<E>";"portée de fusil";"+";"+";"+";"-";"+";"§être§à portée de fusil "
"730";"+";"+";"-";"-";"-";"<E>";"être";"à";"la";"portée de la bourse";"+";"-";"-";"-";"-";"§être§à la portée de la bourse "
"731";"+";"+";"-";"-";"-";"<E>";"être";"à";"<E>";"portée de la main";"+";"-";"-";"-";"+";"§être§à portée de la main "
"732";"+";"+";"-";"-";"-";"<E>";"être";"à";"la";"portée de la main";"+";"-";"-";"-";"+";"§être§à la portée de la main "
"733";"+";"+";"-";"-";"-";"<E>";"être";"à";"<E>";"portée de voix";"+";"+";"+";"-";"+";"§être§à portée de voix "
"734";"+";"+";"-";"-";"-";"<E>";"être";"à";"la";"portée immédiate";"+";"-";"-";"+";"+";"§être§à la portée immédiate "
"735";"+";"+";"-";"-";"-";"<E>";"être";"à";"les";"portes";"-";"+";"-";"+";"+";"§être§aux portes "
"736";"+";"-";"-";"-";"-";"<E>";"être";"en";"<E>";"possession";"+";"-";"-";"-";"-";"§être§en possession "
"737";"-";"+";"-";"-";"-";"<E>";"être";"dans";"la";"possession";"+";"-";"-";"+";"-";"§être§dans la possession "
"738";"+";"-";"-";"-";"-";"<E>";"être";"en";"la";"possession";"+";"-";"-";"+";"-";"§être§en la possession "
"739";"+";"+";"-";"-";"-";"<E>";"être";"sur";"le";"pourtour";"-";"+";"+";"+";"+";"§être§sur le pourtour "
"740";"-";"+";"+";"-";"-";"<E>";"être";"de";"le";"pouvoir";"+";"-";"-";"+";"-";"§être§du pouvoir "
"741";"-";"+";"+";"-";"-";"<E>";"être";"à";"la";"préférence";"+";"-";"-";"+";"-";"§être§à la préférence "
"742";"-";"+";"+";"-";"-";"<E>";"être";"à";"le";"préjudice";"+";"+";"-";"+";"-";"§être§au préjudice "
"743";"+";"-";"-";"-";"-";"<E>";"être";"en";"<E>";"présence";"+";"+";"-";"-";"-";"§être§en présence "
"744";"+";"+";"-";"-";"-";"<E>";"être";"en";"la";"présence";"+";"-";"-";"+";"-";"§être§en la présence "
"745";"+";"+";"-";"-";"-";"<E>";"être";"en";"<E>";"présentation";"-";"+";"-";"-";"+";"§être§en présentation "
"746";"+";"+";"-";"-";"-";"<E>";"être";"sous";"la";"présidence";"+";"-";"-";"+";"-";"§être§sous la présidence "
"747";"+";"+";"-";"-";"-";"<E>";"être";"sous";"la";"présidence d'honneur";"+";"-";"-";"+";"-";"§être§sous la présidence d'honneur "
"748";"+";"+";"-";"-";"-";"<E>";"être";"à";"la";"presqu'île";"-";"+";"+";"-";"+";"§être§à la presqu'île "
"749";"+";"+";"-";"-";"-";"<E>";"être";"dans";"la";"presqu'île";"-";"+";"+";"-";"+";"§être§dans la presqu'île "
"750";"+";"+";"-";"-";"-";"<E>";"être";"sur";"la";"presqu'île";"-";"+";"+";"-";"+";"§être§sur la presqu'île "
"751";"+";"+";"-";"-";"-";"<E>";"être";"sous";"la";"pression";"+";"+";"-";"+";"-";"§être§sous la pression "
"752";"-";"+";"+";"-";"-";"<E>";"être";"en";"<E>";"prévision";"-";"-";"+";"-";"-";"§être§en prévision "
"753";"-";"+";"-";"-";"-";"<E>";"être";"dans";"les";"prix";"+";"-";"-";"+";"-";"§être§dans les prix "
"754";"+";"+";"-";"-";"-";"<E>";"être";"en";"plein";"processus";"-";"+";"-";"-";"-";"§être§en plein processus "
"755";"-";"+";"+";"-";"-";"<E>";"être";"à";"le";"profit";"+";"+";"-";"+";"-";"§être§au profit "
"756";"-";"+";"+";"-";"-";"<E>";"être";"à";"le";"programme";"+";"+";"+";"+";"-";"§être§au programme "
"757";"-";"+";"+";"-";"-";"<E>";"être";"dans";"les";"projets";"+";"-";"-";"+";"-";"§être§dans les projets "
"758";"-";"+";"+";"-";"-";"<E>";"être";"en";"<E>";"prolongement";"-";"+";"-";"-";"-";"§être§en prolongement "
"759";"-";"+";"+";"-";"-";"<E>";"être";"dans";"le";"prolongement";"-";"+";"-";"+";"-";"§être§dans le prolongement "
"760";"-";"+";"-";"-";"-";"<E>";"être";"dans";"le";"prolongement";"-";"+";"-";"+";"+";"§être§dans le prolongement "
"761";"-";"+";"+";"-";"-";"<E>";"être";"en";"<E>";"proportion";"-";"+";"-";"-";"-";"§être§en proportion "
"762";"-";"+";"-";"-";"-";"<E>";"être";"à";"les";"proportions";"+";"-";"-";"+";"-";"§être§aux proportions "
"763";"-";"+";"+";"-";"-";"<E>";"être";"dans";"le";"propos";"+";"-";"-";"+";"-";"§être§dans le propos "
"764";"-";"+";"+";"-";"-";"<E>";"être";"de";"le";"propos";"+";"-";"-";"+";"-";"§être§du propos "
"765";"-";"+";"-";"-";"-";"<E>";"être";"à";"le";"prorata";"-";"+";"-";"+";"-";"§être§au prorata "
"766";"+";"+";"-";"-";"-";"<E>";"être";"sous";"la";"protection";"+";"-";"-";"+";"-";"§être§sous la protection "
"767";"+";"+";"-";"-";"-";"<E>";"être";"à";"<E>";"proximité";"+";"+";"-";"-";"+";"§être§à proximité "
"768";"+";"+";"-";"-";"-";"<E>";"être";"à";"la";"proximité";"+";"+";"-";"+";"+";"§être§à la proximité "
"769";"+";"-";"-";"-";"-";"<E>";"être";"en";"<E>";"quête";"+";"+";"-";"-";"-";"§être§en quête "
"770";"+";"+";"-";"-";"-";"<E>";"être";"en";"<E>";"queue";"-";"+";"+";"-";"+";"§être§en queue "
"771";"+";"+";"-";"-";"-";"<E>";"être";"à";"la";"queue";"-";"+";"+";"-";"+";"§être§à la queue "
"772";"+";"-";"-";"-";"-";"<E>";"être";"de";"la";"race";"+";"-";"-";"+";"-";"§être§de la race "
"773";"+";"+";"+";"-";"-";"<E>";"être";"à";"la";"racine";"-";"+";"-";"+";"-";"§être§à la racine "
"774";"+";"+";"-";"-";"-";"<E>";"être";"en";"<E>";"rade";"-";"+";"-";"-";"+";"§être§en rade "
"775";"-";"+";"+";"-";"-";"<E>";"être";"en";"<E>";"raison inverse";"-";"+";"-";"-";"-";"§être§en raison inverse "
"776";"+";"+";"-";"-";"-";"<E>";"être";"à";"le Dnum-ième";"rang";"-";"+";"+";"-";"+";"§être§au Dnum-ième rang "
"777";"+";"+";"-";"-";"-";"<E>";"être";"à";"le premier";"rang";"+";"+";"+";"-";"-";"§être§au premier rang "
"778";"+";"+";"-";"-";"-";"<E>";"être";"à";"le premier";"rang";"-";"+";"+";"-";"+";"§être§au premier rang "
"779";"-";"+";"-";"-";"-";"<E>";"être";"à";"<E>";"ras";"-";"+";"+";"-";"+";"§être§à ras "
"780";"-";"+";"-";"-";"-";"<E>";"être";"à";"le";"ras";"-";"+";"+";"-";"+";"§être§au ras "
"781";"+";"+";"-";"-";"-";"<E>";"être";"à";"le";"rayon";"-";"+";"-";"-";"+";"§être§au rayon "
"782";"-";"+";"+";"-";"-";"<E>";"être";"de";"le";"rayon";"+";"-";"-";"+";"-";"§être§du rayon "
"783";"-";"+";"-";"-";"-";"<E>";"être";"sur";"les";"rayons";"-";"+";"-";"+";"+";"§être§sur les rayons "
"784";"+";"+";"-";"-";"-";"<E>";"être";"à";"le";"rebord";"-";"+";"+";"+";"+";"§être§au rebord "
"785";"+";"+";"-";"-";"-";"<E>";"être";"sur";"le";"rebord";"-";"+";"+";"+";"+";"§être§sur le rebord "
"786";"-";"+";"+";"-";"-";"<E>";"être";"à";"<E>";"rebours";"-";"+";"-";"-";"-";"§être§à rebours "
"787";"+";"-";"-";"-";"-";"<E>";"être";"à";"la";"recherche";"+";"+";"-";"+";"-";"§être§à la recherche "
"788";"+";"-";"-";"-";"-";"<E>";"être";"en";"pleine";"recherche";"-";"+";"-";"-";"-";"§être§en pleine recherche "
"789";"+";"+";"-";"-";"-";"<E>";"être";"en";"<E>";"recommencement";"-";"+";"-";"-";"-";"§être§en recommencement "
"790";"+";"+";"-";"-";"-";"<E>";"être";"à";"le";"recommencement";"-";"+";"+";"+";"-";"§être§au recommencement "
"791";"-";"+";"+";"-";"-";"<E>";"être";"en";"<E>";"récompense";"-";"+";"-";"-";"-";"§être§en récompense "
"792";"-";"+";"+";"-";"-";"<E>";"être";"à";"le";"recto";"-";"+";"+";"+";"+";"§être§au recto "
"793";"-";"+";"-";"-";"-";"<E>";"être";"en";"<E>";"recul";"-";"+";"-";"-";"-";"§être§en recul "
"794";"-";"+";"-";"-";"-";"<E>";"être";"en";"<E>";"regard";"+";"+";"-";"-";"+";"§être§en regard "
"795";"+";"+";"-";"-";"-";"<E>";"être";"sur";"les";"registres";"+";"+";"-";"+";"-";"§être§sur les registres "
"796";"-";"+";"-";"-";"-";"<E>";"être";"en";"<E>";"règlement";"-";"+";"-";"-";"-";"§être§en règlement "
"797";"-";"+";"+";"-";"-";"<E>";"être";"contre";"la";"religion";"+";"-";"-";"+";"-";"§être§contre la religion "
"798";"+";"+";"-";"-";"-";"<E>";"être";"en";"<E>";"remorque";"-";"+";"+";"-";"-";"§être§en remorque "
"799";"+";"+";"-";"-";"-";"<E>";"être";"à";"la";"remorque";"+";"+";"+";"+";"-";"§être§à la remorque "
"800";"+";"+";"-";"-";"-";"<E>";"être";"à";"la";"remorque";"+";"+";"-";"+";"-";"§être§à la remorque "
"801";"-";"+";"-";"-";"-";"<E>";"être";"en";"<E>";"rémunération";"-";"+";"-";"-";"-";"§être§en rémunération "
"802";"+";"+";"-";"-";"-";"<E>";"être";"sans";"<E>";"réponse";"+";"-";"+";"-";"-";"§être§sans réponse "
"803";"+";"+";"-";"-";"-";"<E>";"être";"en";"pleine";"représentation";"-";"+";"+";"-";"-";"§être§en pleine représentation "
"804";"-";"+";"+";"-";"-";"<E>";"être";"à";"la";"requête";"+";"-";"-";"+";"-";"§être§à la requête "
"805";"-";"+";"+";"-";"-";"<E>";"être";"de";"la";"responsabilité";"+";"-";"-";"+";"-";"§être§de la responsabilité "
"806";"+";"+";"-";"-";"-";"<E>";"être";"sous";"la";"responsabilité";"+";"-";"-";"+";"-";"§être§sous la responsabilité "
"807";"-";"+";"+";"-";"-";"<E>";"être";"de";"le";"ressort";"+";"-";"-";"+";"-";"§être§du ressort "
"808";"+";"-";"-";"-";"+";"n'";"être";"en";"<E>";"reste";"-";"+";"-";"-";"-";"§n'est§en reste "
"809";"+";"-";"-";"-";"-";"<E>";"être";"de";"<E>";"retour";"-";"+";"+";"-";"-";"§être§de retour "
"810";"-";"+";"-";"-";"-";"<E>";"être";"en";"<E>";"retour";"-";"+";"-";"-";"-";"§être§en retour "
"811";"+";"+";"-";"-";"-";"<E>";"être";"en";"<E>";"retrait";"+";"+";"+";"-";"+";"§être§en retrait "
"812";"-";"+";"+";"-";"-";"<E>";"être";"en";"<E>";"retrait";"-";"+";"-";"-";"-";"§être§en retrait "
"813";"-";"+";"+";"-";"-";"<E>";"être";"à";"le";"revers";"-";"+";"+";"+";"+";"§être§au revers "
"814";"+";"+";"-";"-";"-";"<E>";"être";"à";"le";"rez-de-chaussée";"-";"+";"+";"-";"+";"§être§au rez-de-chaussée "
"815";"+";"+";"-";"-";"-";"<E>";"être";"sur";"les";"rîles";"+";"+";"-";"+";"-";"§être§sur les rîles "
"816";"+";"+";"-";"-";"-";"<E>";"être";"sur";"le";"rivage";"-";"+";"+";"+";"+";"§être§sur le rivage "
"817";"+";"+";"-";"-";"-";"<E>";"être";"sur";"la";"rive";"-";"+";"+";"+";"+";"§être§sur la rive "
"818";"+";"+";"-";"-";"-";"<E>";"être";"à";"le";"robinet";"-";"+";"-";"+";"-";"§être§au robinet "
"819";"+";"+";"-";"-";"-";"<E>";"être";"dans";"la";"roue";"+";"+";"-";"+";"+";"§être§dans la roue "
"820";"+";"+";"-";"-";"-";"<E>";"être";"sur";"la";"route";"-";"+";"+";"+";"+";"§être§sur la route "
"821";"+";"+";"-";"-";"-";"<E>";"être";"à";"le";"rythme";"+";"+";"-";"+";"-";"§être§au rythme "
"822";"+";"+";"-";"-";"-";"<E>";"être";"en";"pleine";"saison";"-";"+";"-";"-";"-";"§être§en pleine saison "
"823";"-";"+";"-";"-";"-";"<E>";"être";"à";"la";"santé";"+";"-";"-";"+";"-";"§être§à la santé "
"824";"+";"-";"-";"-";"-";"<E>";"être";"à";"le";"sein";"+";"-";"-";"-";"-";"§être§au sein "
"825";"-";"+";"-";"-";"-";"<E>";"être";"en";"<E>";"sens contraire";"-";"+";"+";"-";"-";"§être§en sens contraire "
"826";"-";"+";"-";"-";"-";"<E>";"être";"en";"<E>";"sens inverse";"-";"+";"+";"-";"-";"§être§en sens inverse "
"827";"-";"+";"-";"-";"-";"<E>";"être";"à";"la";"séparation";"-";"+";"-";"+";"+";"§être§à la séparation "
"828";"+";"+";"-";"-";"-";"<E>";"être";"dans";"les";"serres";"+";"-";"-";"+";"-";"§être§dans les serres "
"829";"+";"-";"-";"-";"-";"<E>";"être";"à";"le";"service";"+";"-";"-";"+";"-";"§être§au service "
"830";"+";"-";"-";"-";"-";"<E>";"être";"à";"le";"service";"+";"-";"-";"+";"-";"§être§au service "
"831";"+";"+";"-";"-";"-";"<E>";"être";"à";"le";"seuil";"-";"+";"-";"-";"-";"§être§au seuil "
"832";"+";"+";"-";"-";"-";"<E>";"être";"sur";"le";"seuil";"-";"+";"-";"+";"+";"§être§sur le seuil "
"833";"+";"-";"-";"-";"-";"<E>";"être";"à";"le";"siècle";"-";"+";"-";"-";"-";"§être§au siècle "
"834";"-";"+";"+";"-";"-";"<E>";"être";"sous";"le";"signe";"-";"+";"-";"-";"-";"§être§sous le signe "
"835";"+";"-";"-";"-";"-";"<E>";"être";"à";"la";"solde";"+";"-";"-";"+";"-";"§être§à la solde "
"836";"+";"+";"-";"-";"-";"<E>";"être";"à";"le";"sommet";"-";"+";"+";"+";"+";"§être§au sommet "
"837";"+";"-";"-";"-";"-";"<E>";"être";"à";"le";"sommet";"-";"+";"+";"+";"-";"§être§au sommet "
"838";"+";"+";"-";"-";"-";"<E>";"être";"à";"la";"sortie";"-";"+";"+";"-";"+";"§être§à la sortie "
"839";"-";"+";"+";"-";"-";"<E>";"être";"à";"le";"sortir";"-";"+";"-";"-";"-";"§être§au sortir "
"840";"+";"+";"-";"-";"-";"<E>";"être";"à";"la";"source";"-";"+";"-";"+";"-";"§être§à la source "
"841";"+";"-";"-";"-";"-";"<E>";"être";"à";"la";"source";"-";"+";"+";"+";"-";"§être§à la source "
"842";"+";"-";"-";"-";"-";"<E>";"être";"à";"les";"sources";"-";"+";"+";"+";"-";"§être§aux sources "
"843";"-";"+";"+";"-";"-";"<E>";"être";"dans";"le";"souvenir";"+";"-";"-";"+";"-";"§être§dans le souvenir "
"844";"+";"+";"-";"-";"-";"<E>";"être";"en";"plein";"spectacle";"-";"+";"+";"-";"-";"§être§en plein spectacle "
"845";"+";"+";"-";"-";"-";"<E>";"être";"dans";"la";"sphère d'influence";"-";"+";"-";"-";"-";"§être§dans la sphère d'influence "
"846";"+";"+";"-";"-";"-";"<E>";"être";"à";"le dernier";"stade";"-";"+";"+";"-";"-";"§être§au dernier stade "
"847";"+";"+";"-";"-";"-";"<E>";"être";"à";"un certain";"stade";"-";"+";"+";"-";"-";"§être§à un certain stade "
"848";"+";"+";"-";"-";"-";"<E>";"être";"sous";"la";"subordination";"+";"+";"-";"+";"-";"§être§sous la subordination "
"849";"+";"+";"-";"-";"-";"<E>";"être";"à";"le";"sud";"-";"+";"+";"-";"+";"§être§au sud "
"850";"+";"+";"-";"-";"-";"<E>";"être";"dans";"le";"sud";"-";"+";"+";"-";"+";"§être§dans le sud "
"851";"+";"+";"-";"-";"-";"<E>";"être";"à";"le";"sud-est";"-";"+";"+";"-";"+";"§être§au sud-est "
"852";"+";"+";"-";"-";"-";"<E>";"être";"dans";"le";"sud-est";"-";"+";"+";"-";"+";"§être§dans le sud-est "
"853";"+";"+";"-";"-";"-";"<E>";"être";"à";"le";"sud-ouest";"-";"+";"+";"-";"+";"§être§au sud-ouest "
"854";"+";"+";"-";"-";"-";"<E>";"être";"dans";"le";"sud-ouest";"-";"+";"+";"-";"+";"§être§dans le sud-ouest "
"855";"-";"+";"-";"-";"-";"<E>";"être";"à";"la";"suite";"-";"+";"+";"+";"+";"§être§à la suite "
"856";"-";"+";"+";"-";"-";"<E>";"être";"dans";"la";"suite logique";"-";"+";"-";"+";"-";"§être§dans la suite logique "
"857";"-";"+";"-";"-";"-";"<E>";"être";"à";"le";"sujet";"+";"+";"-";"+";"-";"§être§au sujet "
"858";"+";"+";"-";"-";"-";"<E>";"être";"dans";"la";"sujétion";"+";"+";"-";"+";"-";"§être§dans la sujétion "
"859";"+";"+";"-";"-";"-";"<E>";"être";"sous";"la";"sujétion";"+";"+";"-";"+";"-";"§être§sous la sujétion "
"860";"+";"-";"-";"-";"-";"<E>";"être";"à";"le";"summum";"-";"+";"+";"+";"-";"§être§au summum "
"861";"+";"+";"-";"-";"-";"<E>";"être";"à";"la";"superficie";"-";"+";"+";"+";"+";"§être§à la superficie "
"862";"+";"+";"-";"-";"-";"<E>";"être";"sous";"la";"supervision";"+";"-";"-";"+";"-";"§être§sous la supervision "
"863";"-";"+";"+";"-";"-";"<E>";"être";"en";"<E>";"supplément";"-";"+";"+";"-";"-";"§être§en supplément "
"864";"-";"+";"+";"-";"-";"<E>";"être";"en";"<E>";"surcharge";"-";"+";"+";"-";"-";"§être§en surcharge "
"865";"-";"+";"-";"-";"-";"<E>";"être";"en";"<E>";"surcroît";"-";"+";"-";"-";"-";"§être§en surcroît "
"866";"+";"+";"-";"-";"-";"<E>";"être";"à";"la";"surface";"-";"+";"+";"+";"+";"§être§à la surface "
"867";"-";"+";"+";"-";"-";"<E>";"être";"pour";"le";"surlendemain";"-";"+";"+";"-";"-";"§être§pour le surlendemain "
"868";"-";"+";"-";"-";"-";"<E>";"être";"en";"<E>";"surplomb";"-";"+";"-";"-";"+";"§être§en surplomb "
"869";"-";"+";"-";"-";"-";"<E>";"être";"en";"<E>";"surplus";"-";"+";"-";"-";"-";"§être§en surplus "
"870";"+";"+";"-";"-";"-";"<E>";"être";"sous";"la";"surveillance";"+";"-";"-";"+";"-";"§être§sous la surveillance "
"871";"+";"+";"+";"-";"-";"<E>";"être";"en";"<E>";"sus";"+";"+";"+";"-";"-";"§être§en sus "
"872";"+";"+";"-";"-";"-";"<E>";"être";"à";"le";"tableau d'honneur";"-";"+";"+";"+";"-";"§être§au tableau d'honneur "
"873";"+";"+";"-";"-";"-";"<E>";"être";"sur";"les";"tablettes";"+";"-";"-";"+";"-";"§être§sur les tablettes "
"874";"-";"+";"+";"-";"-";"<E>";"être";"à";"la";"taille";"+";"-";"-";"+";"-";"§être§à la taille "
"875";"-";"+";"-";"-";"-";"<E>";"être";"à";"la";"taille";"+";"-";"-";"+";"-";"§être§à la taille "
"876";"-";"+";"-";"-";"-";"<E>";"être";"autour de";"la";"taille";"+";"-";"-";"+";"+";"§être§autour de la taille "
"877";"+";"-";"-";"-";"-";"<E>";"être";"sur";"les";"talons";"+";"-";"-";"+";"-";"§être§sur les talons "
"878";"+";"-";"-";"-";"-";"<E>";"être";"sous";"la";"tentation";"-";"+";"-";"-";"-";"§être§sous la tentation "
"879";"+";"-";"-";"-";"-";"<E>";"être";"en";"<E>";"tenue";"+";"+";"+";"-";"-";"§être§en tenue "
"880";"+";"-";"-";"-";"-";"<E>";"être";"à";"le";"terme";"-";"+";"-";"+";"-";"§être§au terme "
"881";"+";"-";"-";"-";"-";"<E>";"être";"sur";"le";"terrain";"+";"-";"-";"+";"+";"§être§sur le terrain "
"882";"+";"+";"-";"-";"-";"<E>";"être";"sur";"les";"terres";"+";"+";"-";"+";"+";"§être§sur les terres "
"883";"+";"-";"-";"-";"-";"<E>";"être";"sur";"le";"territoire";"+";"-";"-";"+";"+";"§être§sur le territoire "
"884";"+";"+";"-";"-";"-";"<E>";"être";"sur";"le";"testament";"+";"-";"-";"+";"-";"§être§sur le testament "
"885";"+";"+";"-";"-";"-";"<E>";"être";"en";"<E>";"tête";"-";"+";"+";"-";"+";"§être§en tête "
"886";"+";"-";"-";"-";"-";"<E>";"être";"à";"la";"tête";"-";"+";"-";"+";"-";"§être§à la tête "
"887";"-";"+";"-";"-";"-";"<E>";"être";"autour de";"la";"tête";"+";"-";"-";"+";"+";"§être§autour de la tête "
"888";"-";"+";"-";"-";"-";"<E>";"être";"dans";"la";"tête";"+";"-";"-";"+";"-";"§être§dans la tête "
"889";"-";"+";"-";"-";"-";"<E>";"être";"sous";"la";"tête";"+";"-";"-";"+";"+";"§être§sous la tête "
"890";"-";"+";"-";"-";"-";"<E>";"être";"sur";"la";"tête";"+";"-";"-";"+";"+";"§être§sur la tête "
"891";"-";"+";"-";"-";"-";"<E>";"être";"sous";"le";"timbre";"+";"+";"-";"+";"-";"§être§sous le timbre "
"892";"+";"+";"-";"-";"-";"<E>";"être";"sous";"le";"tir";"+";"+";"+";"+";"-";"§être§sous le tir "
"893";"+";"+";"-";"-";"-";"<E>";"être";"sous";"les";"tirs";"+";"+";"+";"+";"-";"§être§sous les tirs "
"894";"-";"+";"-";"-";"-";"<E>";"être";"sur";"<E>";"toile de fond";"-";"+";"-";"-";"-";"§être§sur toile de fond "
"895";"+";"+";"-";"-";"-";"<E>";"être";"sous";"les";"toits";"-";"+";"-";"+";"+";"§être§sous les toits "
"896";"+";"+";"-";"-";"-";"<E>";"être";"à";"le";"top niveau";"-";"+";"+";"+";"-";"§être§au top niveau "
"897";"+";"-";"-";"-";"-";"<E>";"être";"sur";"la";"trace";"+";"+";"+";"+";"-";"§être§sur la trace "
"898";"+";"-";"-";"-";"-";"<E>";"être";"sur";"les";"traces";"+";"+";"-";"+";"-";"§être§sur les traces "
"899";"+";"+";"-";"-";"-";"<E>";"être";"à";"la";"traîne";"+";"+";"+";"+";"-";"§être§à la traîne "
"900";"+";"+";"-";"-";"-";"<E>";"être";"sur";"la";"trajectoire";"-";"+";"-";"+";"+";"§être§sur la trajectoire "
"901";"+";"+";"-";"-";"-";"<E>";"être";"sur";"le";"trajet";"-";"+";"+";"+";"+";"§être§sur le trajet "
"902";"+";"+";"-";"-";"-";"<E>";"être";"en";"<E>";"travers";"-";"+";"+";"-";"+";"§être§en travers "
"903";"+";"+";"-";"-";"-";"<E>";"être";"en";"<E>";"travers des projets";"+";"+";"+";"-";"-";"§être§en travers des projets "
"904";"+";"+";"-";"-";"-";"<E>";"être";"en";"<E>";"travers du chemin";"+";"+";"+";"-";"-";"§être§en travers du chemin "
"905";"+";"-";"-";"-";"-";"<E>";"être";"de";"la";"trempe";"+";"-";"-";"+";"-";"§être§de la trempe "
"906";"+";"-";"-";"-";"-";"<E>";"être";"sur";"le";"trîne";"+";"+";"+";"+";"+";"§être§sur le trîne "
"907";"+";"-";"-";"-";"-";"<E>";"être";"à";"les";"trousses";"+";"-";"-";"+";"-";"§être§aux trousses "
"908";"+";"+";"-";"-";"-";"<E>";"être";"sous";"la";"tutelle";"+";"-";"-";"+";"-";"§être§sous la tutelle "
"909";"-";"+";"-";"-";"-";"<E>";"être";"de";"le";"type";"-";"+";"-";"+";"-";"§être§du type "
"910";"+";"+";"-";"-";"-";"<E>";"être";"à";"la";"une";"-";"+";"+";"-";"-";"§être§à l'une "
"911";"+";"-";"-";"-";"-";"<E>";"être";"en";"<E>";"uniforme";"+";"-";"+";"-";"-";"§être§en uniforme "
"912";"-";"+";"-";"-";"-";"<E>";"être";"à";"le";"usage";"+";"-";"-";"+";"-";"§être§à l'usage "
"913";"-";"+";"+";"-";"-";"<E>";"être";"pour";"la";"veille";"-";"+";"+";"-";"-";"§être§pour la veille "
"914";"+";"-";"-";"-";"-";"<E>";"être";"en";"<E>";"veine";"-";"+";"-";"-";"-";"§être§en veine "
"915";"+";"+";"-";"-";"-";"<E>";"être";"sur";"un";"versant";"-";"+";"-";"+";"+";"§être§sur un versant "
"916";"-";"+";"+";"-";"-";"<E>";"être";"à";"le";"verso";"-";"+";"+";"+";"+";"§être§au verso "
"917";"+";"+";"-";"-";"-";"<E>";"être";"à";"la";"verticale";"-";"+";"-";"+";"+";"§être§à la verticale "
"918";"+";"+";"-";"-";"-";"<E>";"être";"sous";"la";"vigilance";"+";"-";"-";"+";"-";"§être§sous la vigilance "
"919";"-";"+";"+";"-";"-";"<E>";"être";"en";"<E>";"violation";"-";"+";"-";"-";"-";"§être§en violation "
"920";"+";"+";"-";"-";"-";"<E>";"être";"à";"la";"vitesse";"+";"+";"-";"+";"-";"§être§à la vitesse "
"921";"-";"+";"-";"-";"-";"<E>";"être";"en";"<E>";"vitrine";"-";"+";"-";"-";"+";"§être§en vitrine "
"922";"+";"+";"-";"-";"-";"<E>";"être";"sur";"la";"voie";"-";"+";"-";"-";"-";"§être§sur la voie "
"923";"+";"+";"-";"-";"-";"<E>";"être";"à";"le";"voisinage";"-";"+";"+";"+";"+";"§être§au voisinage "
"924";"+";"+";"-";"-";"-";"<E>";"être";"dans";"le";"voisinage";"-";"+";"+";"+";"+";"§être§dans le voisinage "
"925";"+";"-";"-";"-";"-";"<E>";"être";"à";"le";"volant";"-";"+";"+";"+";"-";"§être§au volant "
"926";"+";"+";"-";"-";"-";"<E>";"être";"à";"six";"volts";"-";"+";"+";"-";"-";"§être§à six volts "
"927";"+";"+";"-";"-";"-";"<E>";"être";"en";"<E>";"vue";"+";"+";"-";"-";"-";"§être§en vue "
"928";"+";"+";"-";"-";"-";"<E>";"être";"en";"<E>";"vue";"+";"-";"+";"-";"-";"§être§en vue "
"929";"+";"+";"-";"-";"-";"<E>";"être";"à";"la";"vue";"+";"+";"-";"-";"-";"§être§à la vue "
"930";"+";"+";"-";"-";"-";"<E>";"être";"hors de";"la";"vue";"+";"+";"-";"-";"-";"§être§hors de la vue "
"931";"-";"+";"-";"-";"-";"<E>";"être";"sous";"les";"yeux";"+";"-";"-";"+";"+";"§être§sous les yeux "
"932";"-";"+";"-";"-";"+";"n'";"être pas";"pour";"les beaux";"yeux";"+";"-";"-";"+";"-";"§n'est pas§pour les beaux yeux "
"933";"-";"+";"-";"-";"-";"<E>";"être";"à";"le";"zénith";"-";"+";"+";"+";"+";"§être§au zénith "
