"<ID>";"<ENT>Il";"Ppv =: en figé";"Ppv =: Neg";"<ENT>Ppv";"<ENT><avoir>";"<ENT>Prép1";"<ENT>Det1";"<ENT>C1";"il y avoir = <E>";"N2 =: Qu Pind";"N2 =: Qu Psubj";"N2 =: V0-inf W";"<ENT>Prép2";"<ENT>Det2";"<ENT>C2";"<ENT>Prép3";"N3 =: Nhum";"N3 =: N-hum";"N3 =: ce Qu Pind";"N3 =: ce Qu Psubj";"N3 =: (E+de) V-inf W";"Exemple"
"1";"il";"-";"-";"y";"avoir";"<E>";"<E>";"<E>";"-";"+";"-";"-";"<E>";"<E>";"<E>";"<E>";"-";"-";"-";"-";"-";"Il y a que Paul est malade"
"2";"il";"-";"-";"y";"avoir";"à";"<E>";"<E>";"-";"-";"+";"-";"<E>";"<E>";"avantage";"pour";"+";"-";"-";"-";"-";"Il y a avantage pour Paul à rester là"
"3";"il";"-";"-";"y";"avoir";"<E>";"de le";"abus";"-";"-";"-";"-";"<E>";"<E>";"<E>";"<E>";"-";"-";"-";"-";"-";"il§y avoir§de l'abus "
"4";"il";"-";"-";"y";"avoir";"<E>";"plus";"Adj";"-";"-";"-";"-";"à";"<E>";"faire";"que";"-";"-";"-";"-";"+";"il§y avoir§plus Adj à fait que "
"5";"il";"-";"-";"y";"avoir";"<E>";"plus";"Adj encore ";"-";"-";"-";"-";"<E>";"<E>";"P";"<E>";"-";"-";"-";"-";"-";"il§y avoir§plus Adj encore P "
"6";"il";"-";"-";"y";"avoir";"<E>";"de la";"ambiance";"-";"-";"-";"-";"<E>";"<E>";"<E>";"Loc";"+";"+";"-";"-";"-";"il§y avoir§de l'ambiance Loc "
"7";"il";"-";"+";"n'y";"avoir pas";"<E>";"<E>";"âme";"-";"-";"-";"-";"<E>";"qui";"vive";"Loc";"+";"+";"-";"-";"-";"il§n'y avoir pas§âme qui vive Loc "
"8";"il";"-";"-";"y";"avoir";"<E>";"<E>";"anguille";"-";"-";"-";"-";"sous";"<E>";"roche";"<E>";"-";"-";"-";"-";"-";"il§y avoir§anguille sous roche "
"9";"il";"-";"+";"n'y";"avoir pas";"<E>";"de";"anicroche";"-";"-";"-";"-";"<E>";"<E>";"<E>";"Loc";"+";"+";"-";"-";"-";"il§n'y avoir pas§d'anicroche Loc "
"10";"il";"-";"-";"y";"avoir";"<E>";"beaucoup de";"appelés";"-";"-";"-";"-";"et";"peu de";"élus";"Loc";"-";"+";"-";"-";"-";"il§y avoir§beaucoup d'appelés et peu de élus Loc "
"11";"il";"-";"+";"n'y";"avoir";"<E>";"rien à";"attendre";"-";"-";"-";"-";"de";"le";"cîté";"de";"+";"+";"-";"-";"-";"il§n'y avoir§rien à attendre du cîté de "
"12";"il";"-";"+";"n'y";"avoir";"<E>";"rien de";"autre";"-";"-";"-";"-";"à";"<E>";"dire";"qu'à";"-";"-";"-";"-";"+";"il§n'y avoir§rien d'autre à dire qu'à "
"13";"il";"-";"+";"n'y";"avoir";"<E>";"rien de";"autre";"-";"-";"-";"-";"à";"<E>";"dire";"que";"-";"-";"-";"-";"+";"il§n'y avoir§rien d'autre à dire que "
"14";"il";"-";"+";"n'y";"avoir";"<E>";"rien de";"autre";"-";"-";"-";"-";"à";"<E>";"faire";"qu'à";"-";"-";"-";"-";"+";"il§n'y avoir§rien d'autre à fait qu'à "
"15";"il";"-";"+";"n'y";"avoir";"<E>";"rien de";"autre";"-";"-";"-";"-";"à";"<E>";"faire";"que";"-";"-";"-";"-";"+";"il§n'y avoir§rien d'autre à fait que "
"16";"il";"-";"-";"y";"avoir";"<E>";"un";"bail";"-";"-";"-";"-";"de";"<E>";"cela";"<E>";"-";"-";"+";"-";"-";"il§y avoir§un bail de cela "
"17";"il";"-";"-";"y";"avoir";"<E>";"<E>";"beaucoup";"-";"-";"-";"-";"à";"<E>";"dire";"sur";"+";"+";"-";"-";"-";"il§y avoir§beaucoup à dire sur "
"18";"il";"-";"-";"y";"avoir";"<E>";"encore";"beaucoup";"-";"-";"-";"-";"à";"<E>";"dire";"sur";"+";"+";"-";"-";"-";"il§y avoir§encore beaucoup à dire sur "
"19";"il";"-";"-";"y";"avoir";"<E>";"<E>";"beaucoup";"-";"-";"-";"-";"à";"<E>";"faire";"Loc";"+";"+";"-";"-";"-";"il§y avoir§beaucoup à fait Loc "
"20";"il";"-";"-";"y";"avoir";"<E>";"encore";"beaucoup";"-";"-";"-";"-";"à";"<E>";"faire";"Loc";"+";"+";"-";"-";"-";"il§y avoir§encore beaucoup à fait Loc "
"21";"il";"-";"+";"n'y";"avoir pas";"<E>";"<E>";"besoin";"-";"-";"-";"-";"de";"être";"sorcier";"pour";"-";"-";"-";"+";"+";"il§n'y avoir pas§besoin d'est sorcier pour "
"22";"il";"-";"+";"n'y";"avoir pas";"<E>";"plus de";"beurre";"-";"-";"-";"-";"en";"<E>";"broche";"que de";"+";"+";"-";"-";"-";"il§n'y avoir pas§plus de beurre en broche que de "
"23";"il";"-";"+";"n'y";"avoir pas";"<E>";"plus que de";"beurre";"-";"-";"-";"-";"à";"le";"cul";"de";"+";"+";"-";"-";"-";"il§n'y avoir pas§plus que de beurre au cul de "
"24";"il";"-";"-";"y";"avoir";"<E>";"un";"blanc";"-";"-";"-";"-";"dans";"la";"conversation";"<E>";"-";"-";"-";"-";"-";"il§y avoir§un blanc dans la conversation "
"25";"il";"-";"-";"y";"avoir";"à";"<E>";"boire";"-";"-";"-";"-";"et  à";"<E>";"manger";"Loc";"+";"+";"-";"-";"-";"il§y avoir§à boire et à manger Loc "
"26";"il";"-";"-";"y";"avoir";"<E>";"un";"brouillard";"-";"-";"-";"-";"à";"<E>";"couper au couteau";"<E>";"-";"-";"-";"-";"-";"il§y avoir§un brouillard à couper au couteau "
"27";"il";"-";"+";"n'y";"avoir que";"<E>";"<E>";"ça";"-";"-";"-";"-";"de";"<E>";"vrai !";"<E>";"-";"-";"-";"-";"-";"il§n'y avoir que§ça de vrai! "
"28";"il";"-";"-";"y";"avoir";"<E>";"un";"cadavre";"-";"-";"-";"-";"<E>";"<E>";"<E>";"entre";"+";"-";"-";"-";"-";"il§y avoir§un cadavre entre "
"29";"il";"-";"-";"y";"avoir";"<E>";"un";"cadavre";"-";"-";"-";"-";"dans";"le";"placard";"de";"+";"-";"-";"-";"-";"il§y avoir§un cadavre dans le placard de "
"30";"il";"-";"-";"y";"avoir";"<E>";"un";"cadavre caché";"-";"-";"-";"-";"dans";"le";"placard";"de";"+";"-";"-";"-";"-";"il§y avoir§un cadavre caché dans le placard de "
"31";"il";"-";"-";"y";"avoir";"<E>";"beaucoup de";"cela";"-";"-";"-";"-";"<E>";"<E>";"<E>";"Loc";"+";"+";"-";"-";"-";"il§y avoir§beaucoup de cela Loc "
"32";"il";"-";"-";"y";"avoir";"<E>";"Det";"chance";"+";"-";"+";"+";"<E>";"<E>";"<E>";"pour";"+";"-";"-";"-";"-";"il§y avoir§un chance pour "
"33";"il";"-";"-";"y";"avoir";"<E>";"de bonnes";"chances";"-";"-";"+";"+";"<E>";"<E>";"<E>";"pour";"+";"-";"-";"-";"-";"il§y avoir§de bonnes chances pour "
"34";"il";"-";"-";"y";"avoir";"<E>";"de fortes";"chances";"-";"-";"-";"-";"<E>";"<E>";"<E>";"pour";"-";"-";"-";"+";"-";"il§y avoir§de fortes chances pour "
"35";"il";"-";"-";"y";"avoir";"<E>";"de grandes";"chances";"-";"-";"-";"-";"<E>";"<E>";"<E>";"pour";"-";"-";"-";"+";"-";"il§y avoir§de grandes chances pour "
"36";"il";"-";"+";"n'y";"avoir pas";"<E>";"un";"chat";"-";"-";"-";"-";"<E>";"<E>";"<E>";"Loc";"+";"+";"-";"-";"-";"il§n'y avoir pas§un chat Loc "
"37";"il";"-";"+";"n'y";"avoir pas";"<E>";"un";"chef";"-";"-";"-";"-";"pour";"<E>";"racheter l'autre";"<E>";"-";"-";"-";"-";"-";"il§n'y avoir pas§un chef pour racheter l'autre "
"38";"il";"-";"+";"n'y";"avoir pas";"<E>";"beaucoup de";"chefs";"-";"-";"-";"-";"<E>";"<E>";"<E>";"comme";"+";"+";"-";"-";"-";"il§n'y avoir pas§beaucoup de chefs comme "
"39";"il";"-";"+";"n'y";"avoir pas";"<E>";"deux";"chefs";"-";"-";"-";"-";"<E>";"<E>";"<E>";"comme";"+";"+";"-";"-";"-";"il§n'y avoir pas§deux chefs comme "
"40";"il";"-";"-";"y";"avoir";"beaucoup";"de";"chemin";"-";"-";"-";"-";"à";"<E>";"faire";"pour";"-";"-";"-";"+";"+";"il§y avoir§beaucoup de chemin à fait pour "
"41";"il";"-";"-";"y";"avoir";"<E>";"un";"cheveu";"-";"-";"-";"-";"<E>";"<E>";"<E>";"<E>";"-";"-";"-";"-";"-";"il§y avoir§un cheveu "
"42";"il";"-";"+";"n'y";"avoir";"à";"<E>";"chier";"-";"-";"-";"-";"<E>";"<E>";"<E>";"<E>";"-";"-";"-";"-";"-";"il§n'y avoir§à chier "
"43";"il";"-";"+";"n'y";"avoir";"à";"<E>";"chiquer";"-";"-";"-";"-";"<E>";"<E>";"<E>";"<E>";"-";"-";"-";"-";"-";"il§n'y avoir§à chiquer "
"44";"il";"-";"+";"n'y";"avoir";"à";"<E>";"chiquer";"-";"-";"-";"-";"<E>";"<E>";"<E>";"pour";"+";"+";"+";"+";"-";"il§n'y avoir§à chiquer pour "
"45";"il";"-";"-";"y";"avoir";"<E>";"un";"choc";"-";"-";"-";"-";"en";"<E>";"retour";"<E>";"-";"-";"-";"-";"-";"il§y avoir§un choc en retour "
"46";"il";"-";"+";"n'y";"avoir";"<E>";"grand";"chose";"-";"-";"-";"-";"à";"<E>";"dire";"Loc";"+";"+";"-";"-";"-";"il§n'y avoir§grand chose à dire Loc "
"47";"il";"-";"+";"n'y";"avoir";"<E>";"grand";"chose";"-";"-";"-";"-";"à";"<E>";"faire";"Loc";"+";"+";"-";"-";"-";"il§n'y avoir§grand chose à fait Loc "
"48";"il";"-";"+";"n'y";"avoir pas";"<E>";"Dind";"chose";"-";"-";"-";"-";"qui";"<E>";"ressembler";"à";"-";"+";"-";"-";"-";"il§n'y avoir pas§Dind chose qui ressembler à "
"49";"il";"-";"-";"y";"avoir";"à";"la";"clé";"-";"-";"-";"-";"<E>";"<E>";"<E>";"<E>";"-";"+";"-";"-";"-";"il§y avoir§à la clé "
"50";"il";"-";"-";"y";"avoir";"à";"la";"clef";"-";"-";"-";"-";"<E>";"<E>";"<E>";"<E>";"-";"+";"-";"-";"-";"il§y avoir§à la clef "
"51";"il";"-";"-";"y";"avoir";"<E>";"un";"commencement";"-";"-";"-";"-";"à";"<E>";"tout";"<E>";"-";"-";"-";"-";"-";"il§y avoir§un commencement à tout "
"52";"il";"-";"+";"n'y";"avoir pas";"<E>";"de";"comparaison";"-";"-";"-";"-";"<E>";"<E>";"<E>";"entre";"+";"+";"-";"-";"-";"il§n'y avoir pas§de comparaison entre "
"53";"il";"-";"+";"n'y";"avoir";"<E>";"de";"contestation";"-";"-";"-";"-";"<E>";"<E>";"possible";"Loc";"+";"+";"-";"-";"-";"il§n'y avoir§de contestation possible Loc "
"54";"il";"-";"-";"y";"avoir";"<E>";"du";"contre";"-";"-";"-";"-";"<E>";"<E>";"<E>";"Loc";"+";"+";"-";"-";"-";"il§y avoir§du contre Loc "
"55";"il";"-";"-";"<E>";"avoir";"<E>";"des";"contreparties";"-";"-";"-";"-";"<E>";"<E>";"agréables";"à";"-";"+";"-";"+";"+";"il§avoir§des contreparties agréables à "
"56";"il";"-";"-";"y";"avoir";"<E>";"des";"coups de pied au cul";"-";"-";"-";"-";"<E>";"qui";"se perdent";"<E>";"-";"-";"-";"-";"-";"il§y avoir§des coups de pied au cul qui se perdent "
"57";"il";"-";"+";"n'y";"avoir";"<E>";"rien à";"craindre";"-";"-";"-";"-";"de";"le";"cîté";"de";"+";"+";"-";"-";"-";"il§n'y avoir§rien à craindre du cîté de "
"58";"il";"-";"-";"y";"avoir";"<E>";"un";"créneau";"-";"-";"-";"-";"à";"<E>";"prendre";"Loc";"+";"+";"-";"-";"-";"il§y avoir§un créneau à prendre Loc "
"59";"il";"-";"+";"n'y";"avoir pas";"<E>";"de";"danger";"+";"-";"+";"-";"<E>";"<E>";"<E>";"<E>";"-";"-";"-";"-";"-";"il§n'y avoir pas§de danger "
"60";"il";"-";"+";"n'y";"avoir pas";"<E>";"grand";"danger";"-";"-";"-";"-";"<E>";"<E>";"<E>";"à";"-";"-";"-";"+";"+";"il§n'y avoir pas§grand danger à "
"61";"il";"-";"-";"y";"avoir";"<E>";"un";"début";"-";"-";"-";"-";"à";"<E>";"tout";"<E>";"-";"-";"-";"-";"-";"il§y avoir§un début à tout "
"62";"il";"-";"-";"y";"avoir";"comme";"un";"défaut";"-";"-";"-";"-";"<E>";"<E>";"<E>";"Loc";"+";"+";"-";"-";"-";"il§y avoir§comme un défaut Loc "
"63";"il";"-";"+";"n'y";"avoir pas";"<E>";"de";"dégâts";"-";"-";"-";"-";"<E>";"<E>";"<E>";"Loc";"+";"+";"-";"-";"-";"il§n'y avoir pas§de dégâts Loc "
"64";"il";"-";"-";"y";"avoir";"<E>";"un";"dieu";"-";"-";"-";"-";"pour";"les";"ivrognes";"<E>";"-";"-";"-";"-";"-";"il§y avoir§un dieu pour les ivrognes "
"65";"il";"-";"-";"y";"avoir";"<E>";"un bon";"dieu";"-";"-";"-";"-";"pour";"les";"ivrognes";"<E>";"-";"-";"-";"-";"-";"il§y avoir§un bon dieu pour les ivrognes "
"66";"il";"-";"-";"y";"avoir";"<E>";"un";"dieu";"-";"-";"-";"-";"pour";"les";"Nhum";"<E>";"-";"-";"-";"-";"-";"il§y avoir§un dieu pour les Nhum "
"67";"il";"-";"-";"y";"avoir";"<E>";"un bon";"dieu";"-";"-";"-";"-";"pour";"les";"Nhum";"<E>";"-";"-";"-";"-";"-";"il§y avoir§un bon dieu pour les Nhum "
"68";"il";"-";"-";"<E>";"avoir";"<E>";"une grosse";"différence";"-";"-";"-";"-";"<E>";"<E>";"<E>";"entre";"+";"+";"-";"-";"+";"il§avoir§une grosse différence entre "
"69";"il";"-";"-";"y";"avoir";"<E>";"de la";"difficulté";"-";"-";"+";"+";"à";"<E>";"<E>";"pour";"+";"-";"-";"-";"-";"il§y avoir§de la difficulté à pour "
"70";"il";"-";"-";"<E>";"avoir";"<E>";"des";"difficultés";"-";"-";"-";"-";"<E>";"<E>";"<E>";"entre";"+";"-";"-";"-";"-";"il§avoir§des difficultés entre "
"71";"il";"-";"+";"n'y";"avoir pas";"à";"<E>";"dire";"-";"-";"-";"-";"<E>";"<E>";"<E>";"<E>";"-";"-";"-";"-";"-";"il§n'y avoir pas§à dire "
"72";"il";"-";"-";"y";"avoir";"<E>";"beaucoup à";"dire";"-";"-";"-";"-";"<E>";"<E>";"<E>";"sur";"+";"+";"-";"-";"-";"il§y avoir§beaucoup à dire sur "
"73";"il";"-";"+";"n'y";"avoir";"<E>";"rien à";"dire";"-";"-";"-";"-";"<E>";"<E>";"<E>";"<E>";"-";"-";"-";"-";"-";"il§n'y avoir§rien à dire "
"74";"il";"-";"+";"n'y";"avoir";"<E>";"rien à";"dire";"-";"-";"-";"-";"<E>";"<E>";"<E>";"Loc";"+";"+";"-";"-";"-";"il§n'y avoir§rien à dire Loc "
"75";"il";"-";"-";"y";"avoir";"<E>";"beaucoup à";"dire";"-";"-";"-";"-";"<E>";"<E>";"là-dessus";"<E>";"-";"-";"-";"-";"-";"il§y avoir§beaucoup à dire là-dessus "
"76";"il";"-";"+";"n'y";"avoir pas";"à";"<E>";"dire ";"-";"-";"-";"-";"<E>";"<E>";"P";"<E>";"-";"-";"-";"-";"-";"il§n'y avoir pas§à dire P "
"77";"il";"-";"+";"n'y";"avoir";"<E>";"rien à";"dire ";"-";"-";"-";"-";"<E>";"<E>";"P";"<E>";"+";"+";"-";"-";"-";"il§n'y avoir§rien à dire P "
"78";"il";"-";"+";"n'y";"avoir pas";"à";"<E>";"discuter";"-";"-";"-";"-";"<E>";"<E>";"<E>";"<E>";"-";"-";"-";"-";"-";"il§n'y avoir pas§à discuter "
"79";"il";"-";"+";"n'y";"avoir pas";"<E>";"de";"dommage";"-";"-";"-";"-";"<E>";"<E>";"<E>";"pour";"-";"+";"-";"+";"+";"il§n'y avoir pas§de dommage pour "
"80";"il";"-";"+";"n'y";"avoir pas";"<E>";"de";"dommages";"-";"-";"-";"-";"<E>";"<E>";"<E>";"pour";"-";"+";"-";"+";"+";"il§n'y avoir pas§de dommages pour "
"81";"il";"-";"+";"n'y";"avoir";"<E>";"aucun";"doute";"-";"+";"-";"-";"<E>";"<E>";"<E>";"pour";"+";"-";"-";"-";"-";"il§n'y avoir§aucun doute pour "
"82";"il";"-";"+";"n'y";"avoir";"<E>";"aucun";"doute";"-";"-";"-";"-";"<E>";"<E>";"<E>";"sur";"+";"+";"-";"-";"-";"il§n'y avoir§aucun doute sur "
"83";"il";"-";"+";"n'y";"avoir pas";"<E>";"de";"doute";"-";"+";"-";"-";"<E>";"<E>";"<E>";"pour";"+";"-";"-";"-";"-";"il§n'y avoir pas§de doute pour "
"84";"il";"-";"+";"n'y";"avoir pas";"<E>";"de";"doute";"-";"-";"-";"-";"<E>";"<E>";"<E>";"sur";"+";"+";"-";"-";"-";"il§n'y avoir pas§de doute sur "
"85";"il";"-";"+";"n'y";"avoir pas";"<E>";"grand";"doute";"-";"+";"-";"-";"<E>";"<E>";"<E>";"pour";"+";"-";"-";"-";"-";"il§n'y avoir pas§grand doute pour "
"86";"il";"-";"+";"n'y";"avoir pas";"<E>";"grand";"doute";"-";"-";"-";"-";"<E>";"<E>";"<E>";"sur";"+";"+";"-";"-";"-";"il§n'y avoir pas§grand doute sur "
"87";"il";"-";"+";"n'y";"avoir pas";"<E>";"le moindre";"doute";"-";"+";"-";"-";"<E>";"<E>";"<E>";"pour";"+";"-";"-";"-";"-";"il§n'y avoir pas§le moindre doute pour "
"88";"il";"-";"+";"n'y";"avoir pas";"<E>";"le moindre";"doute";"-";"-";"-";"-";"<E>";"<E>";"<E>";"sur";"+";"+";"-";"-";"-";"il§n'y avoir pas§le moindre doute sur "
"89";"il";"-";"+";"n'y";"avoir";"<E>";"aucun";"doute";"-";"-";"-";"-";"<E>";"<E>";"là-dessus";"<E>";"-";"-";"-";"-";"-";"il§n'y avoir§aucun doute là-dessus "
"90";"il";"-";"+";"n'y";"avoir pas";"<E>";"de";"doute";"-";"-";"-";"-";"<E>";"<E>";"là-dessus";"<E>";"-";"-";"-";"-";"-";"il§n'y avoir pas§de doute là-dessus "
"91";"il";"-";"+";"n'y";"avoir pas";"<E>";"grand";"doute";"-";"-";"-";"-";"<E>";"<E>";"là-dessus";"<E>";"-";"-";"-";"-";"-";"il§n'y avoir pas§grand doute là-dessus "
"92";"il";"-";"+";"n'y";"avoir pas";"<E>";"le moindre";"doute";"-";"-";"-";"-";"<E>";"<E>";"là-dessus";"<E>";"-";"-";"-";"-";"-";"il§n'y avoir pas§le moindre doute là-dessus "
"93";"il";"-";"+";"n'y";"avoir";"<E>";"de";"doute";"-";"-";"-";"-";"<E>";"<E>";"possible";"Loc";"+";"+";"-";"-";"-";"il§n'y avoir§de doute possible Loc "
"94";"il";"-";"-";"y";"avoir";"<E>";"de la";"eau";"-";"-";"-";"-";"dans";"le";"gaz";"<E>";"-";"-";"-";"-";"-";"il§y avoir§de l'eau dans le gaz "
"95";"il";"-";"+";"n'y";"avoir pas";"<E>";"de petites";"économies";"-";"-";"-";"-";"<E>";"<E>";"<E>";"<E>";"-";"-";"-";"-";"-";"il§n'y avoir pas§de petites économies "
"96";"il";"-";"-";"y";"avoir";"<E>";"de la";"électricité";"-";"-";"-";"-";"dans";"le";"air";"<E>";"-";"-";"-";"-";"-";"il§y avoir§de l'électricité dans l'air "
"97";"il";"-";"+";"n'y";"avoir pas";"de";"quoi";"en faire";"-";"-";"-";"-";"<E>";"un";"drame";"<E>";"-";"-";"-";"-";"-";"il§n'y avoir pas§de quoi en fait un drame "
"98";"il";"-";"+";"n'y";"avoir pas";"de";"quoi";"en faire";"-";"-";"-";"-";"<E>";"une";"maladie";"<E>";"-";"-";"-";"-";"-";"il§n'y avoir pas§de quoi en fait une maladie "
"99";"il";"-";"+";"n'y";"avoir pas";"de";"quoi";"en faire";"-";"-";"-";"-";"<E>";"un";"plat";"<E>";"-";"-";"-";"-";"-";"il§n'y avoir pas§de quoi en fait un plat "
"100";"il";"-";"+";"n'y";"avoir pas";"de";"quoi";"en faire";"-";"-";"-";"-";"<E>";"une";"tinette";"<E>";"-";"-";"-";"-";"-";"il§n'y avoir pas§de quoi en fait une tinette "
"101";"il";"-";"-";"y";"avoir";"<E>";"quoi";"encore ?";"-";"-";"-";"-";"<E>";"<E>";"<E>";"<E>";"-";"-";"-";"-";"-";"il§y avoir§quoi encore ? "
"102";"il";"-";"+";"n'y";"avoir plus";"<E>";"de";"enfants";"-";"-";"-";"-";"<E>";"<E>";"<E>";"<E>";"-";"-";"-";"-";"-";"il§n'y avoir plus§d'enfants "
"103";"il";"-";"+";"n'y";"avoir";"<E>";"de";"erreur";"-";"-";"-";"-";"<E>";"<E>";"<E>";"Loc";"+";"+";"-";"-";"-";"il§n'y avoir§d'erreur Loc "
"104";"il";"-";"-";"y";"avoir";"<E>";"<E>";"erreur";"-";"-";"-";"-";"sur";"la";"personne";"<E>";"-";"-";"-";"-";"-";"il§y avoir§erreur sur la personne "
"105";"il";"-";"-";"y";"avoir";"<E>";"<E>";"erreur";"-";"-";"-";"-";"sur";"la";"personne de Nhum";"<E>";"-";"-";"-";"-";"-";"il§y avoir§erreur sur la personne de Nhum "
"106";"il";"-";"+";"n'y";"avoir";"<E>";"de";"erreur";"-";"-";"-";"-";"<E>";"<E>";"possible";"Loc";"+";"+";"-";"-";"-";"il§n'y avoir§d'erreur possible Loc "
"107";"il";"-";"+";"n'y";"avoir";"<E>";"rien à";"espérer";"-";"-";"-";"-";"de";"le";"cîté";"de";"+";"+";"-";"-";"-";"il§n'y avoir§rien à espérer du cîté de "
"108";"il";"-";"-";"y";"avoir";"<E>";"peu de";"espoir";"-";"-";"+";"-";"<E>";"<E>";"<E>";"pour";"+";"-";"-";"-";"-";"il§y avoir§peu d'espoir pour "
"109";"il";"-";"-";"y";"avoir";"<E>";"peu de";"espoir";"-";"-";"-";"-";"<E>";"<E>";"<E>";"pour";"-";"-";"-";"+";"-";"il§y avoir§peu d'espoir pour "
"110";"il";"-";"-";"y";"avoir";"<E>";"Det";"exception";"-";"-";"-";"-";"à";"Det";"règle";"<E>";"-";"-";"-";"-";"-";"il§y avoir§un exception à un règle "
"111";"il";"-";"-";"y";"avoir";"<E>";"une";"explication";"-";"-";"-";"-";"à";"<E>";"tout";"<E>";"-";"-";"-";"-";"-";"il§y avoir§une explication à tout "
"112";"il";"-";"-";"y";"avoir";"<E>";"la";"façon !";"-";"-";"-";"-";"<E>";"<E>";"<E>";"<E>";"-";"-";"-";"-";"-";"il§y avoir§la façon! "
"113";"il";"-";"+";"n'y";"avoir pas";"<E>";"trente six";"façons";"-";"-";"-";"+";"<E>";"<E>";"<E>";"<E>";"-";"-";"-";"-";"-";"il§n'y avoir pas§trente six façons "
"114";"il";"-";"-";"y";"avoir";"à";"<E>";"faire";"-";"-";"-";"-";"<E>";"<E>";"<E>";"Loc";"+";"+";"-";"-";"-";"il§y avoir§à fait Loc "
"115";"il";"-";"-";"y";"avoir";"à";"<E>";"faire";"-";"-";"-";"-";"<E>";"<E>";"beaucoup";"Loc";"+";"+";"-";"-";"-";"il§y avoir§à fait beaucoup Loc "
"116";"il";"-";"-";"y";"avoir";"à";"<E>";"faire";"-";"-";"-";"-";"<E>";"encore";"beaucoup";"Loc";"+";"+";"-";"-";"-";"il§y avoir§à fait encore beaucoup Loc "
"117";"il";"-";"-";"y";"avoir";"de";"quoi";"faire !";"-";"-";"-";"-";"<E>";"<E>";"<E>";"<E>";"-";"-";"-";"-";"-";"il§y avoir§de quoi fait! "
"118";"il";"-";"-";"y";"avoir";"<E>";"une";"femme";"-";"-";"-";"-";"dans";"la";"vie";"de";"+";"-";"-";"-";"-";"il§y avoir§une femme dans la vie de "
"119";"il";"-";"+";"n'y";"avoir pas";"<E>";"le";"feu";"-";"-";"-";"-";"<E>";"<E>";"<E>";"Loc";"+";"+";"-";"-";"-";"il§n'y avoir pas§le feu Loc "
"120";"il";"-";"-";"y";"avoir";"<E>";"le";"feu";"-";"-";"-";"-";"<E>";"<E>";"<E>";"Loc";"+";"+";"-";"-";"-";"il§y avoir§le feu Loc "
"121";"il";"-";"-";"y";"avoir";"<E>";"une";"fin";"-";"-";"-";"-";"à";"<E>";"tout";"<E>";"-";"-";"-";"-";"-";"il§y avoir§une fin à tout "
"122";"il";"-";"+";"n'y";"avoir ni";"<E>";"<E>";"fleurs";"-";"-";"-";"-";"ni";"<E>";"couronnes";"<E>";"-";"-";"-";"-";"-";"il§n'y avoir ni§fleurs ni couronnes "
"123";"il";"-";"-";"y";"avoir";"<E>";"des";"fois";"-";"+";"-";"-";"<E>";"<E>";"<E>";"<E>";"-";"-";"-";"-";"-";"il§y avoir§des fois "
"124";"il";"-";"-";"y";"avait";"<E>";"une";"fois";"-";"-";"-";"-";"<E>";"un";"N qui V-ait W";"<E>";"-";"-";"-";"-";"-";"il§y avait§une fois un N qui V-ait W "
"125";"il";"-";"-";"y";"avait";"<E>";"une";"fois";"-";"-";"-";"-";"<E>";"un";"prince qui était laid";"<E>";"-";"-";"-";"-";"-";"il§y avait§une fois un prince qui était laid "
"126";"il";"-";"-";"y";"avoir";"<E>";"des";"fois où";"-";"+";"-";"-";"<E>";"<E>";"<E>";"<E>";"-";"-";"-";"-";"-";"il§y avoir§des fois où "
"127";"il";"-";"-";"y";"avoir";"<E>";"plus";"fort";"-";"-";"-";"-";"<E>";"<E>";"<E>";"<E>";"-";"-";"-";"-";"-";"il§y avoir§plus fort "
"128";"il";"-";"+";"n'y";"avoir pas";"de";"quoi";"fouetter";"-";"-";"-";"-";"<E>";"un";"chat";"<E>";"-";"-";"-";"-";"-";"il§n'y avoir pas§de quoi fouetter un chat "
"129";"il";"-";"-";"y";"avoir";"<E>";"<E>";"foule";"-";"-";"-";"-";"<E>";"<E>";"<E>";"Loc";"+";"+";"-";"-";"-";"il§y avoir§foule Loc "
"130";"il";"-";"-";"<E>";"avoir";"<E>";"des";"frictions";"-";"-";"-";"-";"<E>";"<E>";"<E>";"entre";"+";"-";"-";"-";"-";"il§avoir§des frictions entre "
"131";"il";"-";"+";"n'y";"avoir pas";"<E>";"de";"fumée";"-";"-";"-";"-";"sans";"<E>";"feu";"<E>";"-";"-";"-";"-";"-";"il§n'y avoir pas§de fumée sans feu "
"132";"il";"-";"-";"y";"avoir";"<E>";"des";"gifles";"-";"-";"-";"-";"<E>";"qui";"se perdent";"<E>";"-";"-";"-";"-";"-";"il§y avoir§des gifles qui se perdent "
"133";"il";"-";"-";"y";"avoir";"<E>";"du";"grabuge";"-";"-";"-";"-";"dans";"le";"air";"<E>";"-";"-";"-";"-";"-";"il§y avoir§du grabuge dans l'air "
"134";"il";"-";"-";"y";"avoir";"<E>";"de la";"grogne";"-";"-";"-";"-";"<E>";"<E>";"<E>";"Loc";"+";"-";"-";"-";"-";"il§y avoir§de la grogne Loc "
"135";"il";"-";"-";"y";"avoir";"<E>";"<E>";"gros";"-";"-";"-";"-";"à";"<E>";"parier";"<E>";"-";"-";"+";"-";"-";"il§y avoir§gros à parier "
"136";"il";"-";"-";"<E>";"avoir";"<E>";"de la";"haine";"-";"-";"-";"-";"<E>";"<E>";"<E>";"entre";"+";"-";"-";"-";"-";"il§avoir§de l'haine entre "
"137";"il";"-";"+";"n'y";"avoir pas";"<E>";"de";"heure";"-";"-";"-";"-";"pour";"les";"braves";"<E>";"-";"-";"-";"-";"-";"il§n'y avoir pas§d'heure pour les braves "
"138";"il";"-";"-";"y";"avoir";"<E>";"Dnum";"heures";"-";"-";"-";"-";"de";"<E>";"route";"pour";"-";"+";"-";"+";"+";"il§y avoir§Dnum heures de route pour "
"139";"il";"-";"-";"y";"avoir";"<E>";"un";"homme";"-";"-";"-";"-";"dans";"la";"vie";"de";"+";"-";"-";"-";"-";"il§y avoir§un homme dans la vie de "
"140";"il";"-";"-";"y";"avoir";"<E>";"une";"inconnue";"-";"-";"-";"-";"<E>";"<E>";"<E>";"Loc";"+";"+";"-";"-";"-";"il§y avoir§une inconnue Loc "
"141";"il";"-";"-";"y";"avoir";"<E>";"de la";"joie";"-";"-";"-";"-";"<E>";"<E>";"<E>";"<E>";"-";"-";"-";"-";"-";"il§y avoir§de la joie "
"142";"il";"-";"+";"n'y";"avoir pas";"<E>";"de";"jour";"-";"-";"+";"-";"<E>";"<E>";"<E>";"<E>";"-";"-";"-";"-";"-";"il§n'y avoir pas§de jour "
"143";"il";"-";"+";"n'y";"avoir pas";"<E>";"de";"justice";"-";"-";"-";"-";"<E>";"<E>";"<E>";"<E>";"-";"-";"-";"-";"-";"il§n'y avoir pas§de justice "
"144";"il";"+";"-";"y en";"avoir";"<E>";"<E>";"là-dedans";"-";"-";"-";"-";"<E>";"<E>";"<E>";"<E>";"-";"-";"-";"-";"-";"il§y en avoir§là-dedans "
"145";"il";"-";"-";"y";"avoir";"<E>";"<E>";"lieu";"-";"-";"+";"+";"<E>";"<E>";"<E>";"pour";"+";"-";"-";"-";"-";"Il y a lieu pour Max de faire attention"
"146";"il";"-";"-";"y";"avoir";"<E>";"tout";"lieu";"-";"-";"-";"+";"<E>";"<E>";"<E>";"<E>";"-";"-";"-";"-";"-";"il§y avoir§tout lieu "
"147";"il";"-";"+";"n'y";"avoir";"<E>";"une";"ligne";"-";"-";"-";"-";"à";"<E>";"changer";"Loc";"-";"+";"-";"-";"-";"il§n'y avoir§une ligne à changer Loc "
"148";"il";"-";"-";"y";"avoir";"<E>";"une";"limite";"-";"-";"-";"-";"à";"<E>";"tout";"<E>";"-";"-";"-";"-";"-";"il§y avoir§une limite à tout "
"149";"il";"-";"+";"n'y";"avoir pas";"<E>";"si";"longtemps";"-";"+";"-";"-";"<E>";"<E>";"<E>";"<E>";"-";"-";"-";"-";"-";"il§n'y avoir pas§si longtemps "
"150";"il";"-";"-";"y";"avoir";"<E>";"<E>";"longtemps";"-";"-";"-";"-";"de";"<E>";"cela";"<E>";"-";"-";"+";"-";"-";"il§y avoir§longtemps de cela "
"151";"il";"-";"-";"y";"avoir";"<E>";"une";"lune";"-";"-";"-";"-";"de";"<E>";"miel";"entre";"-";"+";"-";"-";"-";"il§y avoir§une lune de miel entre "
"152";"il";"-";"-";"y";"avoir";"<E>";"des";"lunes";"-";"-";"-";"-";"de";"<E>";"cela";"<E>";"-";"-";"+";"-";"-";"il§y avoir§des lunes de cela "
"153";"il";"-";"-";"y";"avoir";"<E>";"belle";"lurette";"-";"-";"-";"-";"de";"<E>";"cela";"<E>";"-";"-";"+";"-";"-";"il§y avoir§belle lurette de cela "
"154";"il";"-";"-";"y";"avoir";"<E>";"des";"lustres";"-";"-";"-";"-";"de";"<E>";"cela";"<E>";"-";"-";"+";"-";"-";"il§y avoir§des lustres de cela "
"155";"il";"-";"-";"y";"avoir";"<E>";"un";"mais !";"-";"-";"-";"-";"<E>";"<E>";"<E>";"<E>";"-";"-";"-";"-";"-";"il§y avoir§un mais! "
"156";"il";"-";"+";"n'y";"avoir pas";"<E>";"de";"mal";"-";"-";"-";"-";"<E>";"<E>";"<E>";"à";"-";"-";"-";"+";"+";"il§n'y avoir pas§de mal à "
"157";"il";"-";"+";"n'y";"avoir pas";"<E>";"de";"mal";"-";"-";"-";"-";"<E>";"<E>";"<E>";"à";"-";"-";"-";"+";"+";"il§n'y avoir pas§de mal à "
"158";"il";"-";"+";"n'y";"avoir pas";"<E>";"grand";"mal !";"-";"-";"-";"-";"<E>";"<E>";"<E>";"<E>";"-";"-";"-";"-";"-";"il§n'y avoir pas§grand mal! "
"159";"il";"-";"-";"y";"avoir";"<E>";"quel";"mal ?";"-";"-";"-";"-";"<E>";"<E>";"<E>";"à";"-";"-";"-";"+";"+";"il§y avoir§quel mal ? à "
"160";"il";"-";"-";"y";"avoir";"<E>";"<E>";"maldonne !";"-";"-";"-";"-";"<E>";"<E>";"<E>";"<E>";"-";"-";"-";"-";"-";"il§y avoir§maldonne! "
"161";"il";"-";"-";"y";"avoir";"<E>";"la";"manière !";"-";"-";"-";"-";"<E>";"<E>";"<E>";"<E>";"-";"-";"-";"-";"-";"il§y avoir§la manière! "
"162";"il";"-";"+";"n'y";"avoir pas";"<E>";"trente six";"manières";"-";"-";"-";"+";"<E>";"<E>";"<E>";"<E>";"-";"-";"-";"-";"-";"il§n'y avoir pas§trente six manières "
"163";"il";"+";"-";"y en";"avoir";"<E>";"<E>";"marre";"-";"-";"-";"-";"<E>";"<E>";"<E>";"de";"-";"-";"-";"+";"+";"il§y en avoir§marre de "
"164";"il";"-";"-";"y";"avoir";"<E>";"<E>";"matière";"-";"-";"-";"-";"à";"<E>";"conflit";"Loc";"+";"+";"-";"-";"-";"il§y avoir§matière à conflit Loc "
"165";"il";"-";"-";"y";"avoir";"<E>";"<E>";"matière";"-";"-";"-";"-";"à";"<E>";"confrontation";"Loc";"+";"+";"-";"-";"-";"il§y avoir§matière à confrontation Loc "
"166";"il";"-";"-";"y";"avoir";"<E>";"<E>";"matière";"-";"-";"-";"-";"à";"<E>";"contestation";"Loc";"+";"+";"-";"-";"-";"il§y avoir§matière à contestation Loc "
"167";"il";"-";"-";"y";"avoir";"<E>";"<E>";"matière";"-";"-";"-";"-";"à";"<E>";"discussion";"Loc";"+";"+";"-";"-";"-";"il§y avoir§matière à discussion Loc "
"168";"il";"-";"-";"y";"avoir";"<E>";"<E>";"matière";"-";"-";"-";"-";"à";"<E>";"réflexion";"Loc";"+";"+";"-";"-";"-";"il§y avoir§matière à réflexion Loc "
"169";"il";"-";"-";"y";"avoir";"<E>";"<E>";"matière à";"-";"-";"+";"+";"<E>";"<E>";"<E>";"Loc";"+";"+";"-";"-";"-";"il§y avoir§matière à Loc "
"170";"il";"-";"+";"n'y";"avoir pas que";"<E>";"<E>";"Max";"-";"-";"-";"-";"<E>";"qui";"dort";"<E>";"-";"-";"-";"-";"-";"il§n'y avoir pas que§Max qui dort "
"171";"il";"-";"+";"n'y";"avoir pas";"jusqu'à";"<E>";"Max";"-";"-";"-";"-";"<E>";"qui";"ne dorme";"<E>";"-";"-";"-";"-";"-";"il§n'y avoir pas§jusqu'à Max qui ne dorme "
"172";"il";"-";"+";"n'y";"avoir pas";"<E>";"<E>";"mèche";"-";"-";"+";"-";"<E>";"<E>";"<E>";"<E>";"-";"-";"-";"-";"-";"il§n'y avoir pas§mèche "
"173";"il";"-";"-";"<E>";"avoir";"<E>";"de la";"méfiance";"-";"-";"-";"-";"<E>";"<E>";"<E>";"entre";"+";"-";"-";"-";"-";"il§avoir§de la méfiance entre "
"174";"il";"-";"-";"y";"avoir";"<E>";"de la";"mer";"-";"-";"-";"-";"<E>";"<E>";"<E>";"<E>";"-";"-";"-";"-";"-";"il§y avoir§de la mer "
"175";"il";"-";"+";"n'y";"avoir pas";"<E>";"de";"merci";"-";"-";"-";"-";"<E>";"qui";"tienne";"<E>";"-";"-";"-";"-";"-";"il§n'y avoir pas§de merci qui tienne "
"176";"il";"-";"-";"y";"avoir";"<E>";"la";"merde !";"-";"-";"-";"-";"<E>";"<E>";"<E>";"Loc";"+";"+";"-";"-";"-";"il§y avoir§la merde! Loc "
"177";"il";"-";"+";"n'y";"avoir pas";"<E>";"de";"messes basses";"-";"-";"-";"-";"sans";"<E>";"curé";"<E>";"-";"-";"-";"-";"-";"il§n'y avoir pas§de messes basses sans curé "
"178";"il";"-";"-";"y";"avoir";"<E>";"<E>";"mieux";"-";"-";"-";"-";"<E>";"<E>";"<E>";"<E>";"-";"-";"-";"-";"-";"il§y avoir§mieux "
"179";"il";"-";"-";"y";"avoir";"<E>";"<E>";"mieux";"-";"-";"-";"-";"<E>";"<E>";"<E>";"que";"+";"+";"-";"-";"-";"il§y avoir§mieux que "
"180";"il";"-";"-";"y";"avoir";"<E>";"du";"mieux";"-";"-";"-";"-";"<E>";"<E>";"<E>";"Loc";"+";"+";"-";"-";"-";"il§y avoir§du mieux Loc "
"181";"il";"-";"-";"y";"avoir";"<E>";"un";"mieux";"-";"-";"-";"-";"<E>";"<E>";"<E>";"Loc";"+";"+";"-";"-";"-";"il§y avoir§un mieux Loc "
"182";"il";"-";"-";"y";"avoir";"<E>";"<E>";"mieux";"-";"-";"-";"-";"à";"<E>";"faire";"que";"-";"-";"-";"-";"+";"il§y avoir§mieux à fait que "
"183";"il";"-";"+";"n'y";"avoir pas";"<E>";"de";"milieu";"-";"-";"-";"-";"<E>";"<E>";"<E>";"entre";"+";"+";"-";"-";"-";"il§n'y avoir pas§de milieu entre "
"184";"il";"-";"+";"n'y";"avoir pas";"<E>";"de";"miracle";"-";"-";"-";"-";"<E>";"<E>";"<E>";"<E>";"-";"-";"-";"-";"-";"il§n'y avoir pas§de miracle "
"185";"il";"+";"-";"y en";"avoir";"pour";"six";"mois";"-";"-";"-";"-";"<E>";"<E>";"<E>";"à";"-";"-";"-";"+";"+";"il§y en avoir§pour six mois à "
"186";"il";"-";"-";"y";"avoir";"<E>";"six";"mois";"-";"-";"-";"-";"de";"<E>";"cela";"<E>";"-";"-";"+";"-";"-";"il§y avoir§six mois de cela "
"187";"il";"-";"-";"y";"aura";"<E>";"six";"mois";"-";"-";"-";"-";"de";"<E>";"cela Advfut";"<E>";"-";"-";"+";"-";"-";"il§y auravoir§six mois de cela Advfut "
"188";"il";"-";"-";"y";"aura";"<E>";"six";"mois";"-";"-";"-";"-";"de";"<E>";"cela demain";"<E>";"-";"-";"+";"-";"-";"il§y auravoir§six mois de cela demain "
"189";"il";"-";"-";"y";"avoir eu";"<E>";"six";"mois";"-";"-";"-";"-";"de";"<E>";"cela hier";"<E>";"-";"-";"+";"-";"-";"il§y avoir eu§six mois de cela hier "
"190";"il";"-";"-";"y";"avoir";"<E>";"des";"mois et desmois";"-";"-";"-";"-";"de";"<E>";"cela";"<E>";"-";"-";"+";"-";"-";"il§y avoir§des mois et desmois de cela "
"191";"il";"-";"+";"n'y";"avoir pas";"<E>";"grand";"monde";"-";"-";"-";"-";"<E>";"<E>";"<E>";"Loc";"+";"+";"-";"-";"-";"il§n'y avoir pas§grand monde Loc "
"192";"il";"-";"-";"y";"avoir";"<E>";"un";"monde";"-";"-";"-";"-";"<E>";"<E>";"<E>";"entre";"+";"+";"-";"-";"-";"il§y avoir§un monde entre "
"193";"il";"-";"-";"y";"avoir";"<E>";"du";"monde";"-";"-";"-";"-";"à";"le";"balcon";"<E>";"-";"-";"-";"-";"-";"il§y avoir§du monde au balcon "
"194";"il";"-";"-";"y";"avoir";"<E>";"du";"monde";"-";"-";"-";"-";"sur";"le";"coup";"<E>";"-";"-";"-";"-";"-";"il§y avoir§du monde sur le coup "
"195";"il";"-";"-";"y";"avoir";"<E>";"du";"monde";"-";"-";"-";"-";"à";"la";"messe";"<E>";"-";"-";"-";"-";"-";"il§y avoir§du monde à la messe "
"196";"il";"-";"-";"y";"avoir";"<E>";"un";"mort";"-";"-";"-";"-";"<E>";"<E>";"<E>";"entre";"+";"-";"-";"-";"-";"il§y avoir§un mort entre "
"197";"il";"-";"-";"y";"avoir";"<E>";"<E>";"mort";"-";"-";"-";"-";"de";"<E>";"homme";"<E>";"+";"-";"-";"-";"-";"il§y avoir§mort d'homme "
"198";"il";"-";"+";"n'y";"avoir pas";"<E>";"un";"mot plus haut";"-";"-";"-";"-";"que";"le";"autre";"Loc";"+";"+";"-";"-";"-";"il§n'y avoir pas§un mot plus haut que l'autre Loc "
"199";"il";"-";"-";"y";"avoir";"<E>";"<E>";"moyen";"-";"-";"+";"-";"<E>";"<E>";"<E>";"<E>";"-";"-";"-";"-";"-";"il§y avoir§moyen "
"200";"il";"-";"-";"y";"avoir";"<E>";"<E>";"moyen";"-";"-";"-";"-";"de";"se";"arranger";"<E>";"-";"-";"-";"-";"-";"il§y avoir§moyen de se arranger "
"201";"il";"-";"-";"y";"avoir";"<E>";"<E>";"moyen";"-";"-";"-";"-";"de";"<E>";"moyenner";"<E>";"-";"-";"-";"-";"-";"il§y avoir§moyen de moyenner "
"202";"il";"-";"-";"y";"avoir";"<E>";"du";"N";"-";"-";"-";"-";"dans";"le";"air";"<E>";"-";"-";"-";"-";"-";"il§y avoir§du N dans l'air "
"203";"il";"-";"-";"y";"avoir";"<E>";"Dind";"N";"-";"-";"-";"-";"pour";"tous les";"goûts";"<E>";"-";"-";"-";"-";"-";"il§y avoir§Dind N pour tous les goûts "
"204";"il";"-";"-";"y";"avoir";"<E>";"Dind";"N";"-";"-";"-";"-";"pour";"tout le";"monde";"<E>";"-";"-";"-";"-";"-";"il§y avoir§Dind N pour tout le monde "
"205";"il";"-";"-";"y";"avoir";"<E>";"Dind";"N";"-";"-";"-";"-";"dans";"le";"monde";"<E>";"-";"-";"-";"-";"-";"il§y avoir§Dind N dans le monde "
"206";"il";"-";"-";"y";"avoir";"<E>";"<E>";"N";"-";"-";"-";"-";"et";"<E>";"N";"<E>";"-";"-";"-";"-";"-";"il§y avoir§N et N "
"207";"il";"-";"+";"n'y";"avoir pas";"<E>";"un";"N";"-";"-";"-";"-";"pour";"<E>";"racheter l'autre";"<E>";"-";"-";"-";"-";"-";"il§n'y avoir pas§un N pour racheter l'autre "
"208";"il";"-";"+";"n'y";"avoir pas";"<E>";"de";"N";"-";"-";"-";"-";"<E>";"qui";"tienne";"<E>";"-";"-";"-";"-";"-";"il§n'y avoir pas§de N qui tienne "
"209";"il";"-";"+";"n'y";"avoir pas que";"<E>";"le";"N";"-";"-";"-";"-";"dans";"la";"vie";"<E>";"-";"-";"-";"-";"-";"il§n'y avoir pas que§le N dans la vie "
"210";"il";"-";"-";"y";"avoir";"<E>";"Dind";"N un petit peu";"-";"-";"-";"-";"pour";"tous les";"goûts";"<E>";"-";"-";"-";"-";"-";"il§y avoir§Dind N un petit peu pour tous les goûts "
"211";"il";"-";"-";"y";"avoir";"<E>";"Dind";"N un petit peu";"-";"-";"-";"-";"pour";"tout le";"monde";"<E>";"-";"-";"-";"-";"-";"il§y avoir§Dind N un petit peu pour tout le monde "
"212";"il";"-";"-";"y";"avoir";"<E>";"Dind";"N un peu";"-";"-";"-";"-";"pour";"tous les";"goûts";"<E>";"-";"-";"-";"-";"-";"il§y avoir§Dind N un peu pour tous les goûts "
"213";"il";"-";"-";"y";"avoir";"<E>";"Dind";"N un peu";"-";"-";"-";"-";"pour";"tout le";"monde";"<E>";"-";"-";"-";"-";"-";"il§y avoir§Dind N un peu pour tout le monde "
"214";"il";"-";"+";"n'y";"avoir pas";"jusqu'à";"<E>";"N0";"-";"-";"-";"-";"<E>";"qui";"ne V-subj-0 W";"<E>";"-";"-";"-";"-";"-";"il§n'y avoir pas§jusqu'à N0 qui ne V-subj-0 W "
"215";"il";"-";"+";"n'y";"avoir pas que";"<E>";"<E>";"N0";"-";"-";"-";"-";"<E>";"qui";"V-pn-0 W";"<E>";"-";"-";"-";"-";"-";"il§n'y avoir pas que§N0 qui V-pn-0 W "
"216";"il";"-";"-";"y";"avoir";"<E>";"du";"neuf";"-";"-";"-";"-";"<E>";"<E>";"<E>";"Loc";"+";"+";"-";"-";"-";"il§y avoir§du neuf Loc "
"217";"il";"-";"-";"y";"avoir";"<E>";"<E>";"Nhum";"-";"-";"-";"-";"sur";"le";"coup";"<E>";"-";"-";"-";"-";"-";"il§y avoir§Nhum sur le coup "
"218";"il";"-";"+";"n'y";"avoir plus";"<E>";"de";"Nhum";"-";"-";"-";"-";"comme";"<E>";"Lui-1";"<E>";"-";"-";"-";"-";"-";"il§n'y avoir plus§de Nhum comme lui "
"219";"il";"-";"+";"n'y";"avoir plus";"<E>";"de";"N-hum";"-";"-";"-";"-";"comme";"<E>";"ça";"<E>";"-";"-";"-";"-";"-";"il§n'y avoir plus§de N-hum comme ça "
"220";"il";"-";"-";"y";"avoir";"<E>";"du";"nouveau";"-";"-";"-";"-";"<E>";"<E>";"<E>";"Loc";"+";"+";"-";"-";"-";"il§y avoir§du nouveau Loc "
"221";"il";"+";"-";"y en";"avoir";"pour";"Dnum";"Ntps";"-";"-";"-";"-";"<E>";"<E>";"<E>";"à";"-";"-";"-";"+";"+";"il§y en avoir§pour Dnum Ntps à "
"222";"il";"-";"-";"y";"avoir";"<E>";"Dnum";"Ntps";"-";"-";"-";"-";"<E>";"<E>";"aujourd'hui";"<E>";"-";"-";"+";"-";"-";"il§y avoir§Dnum Ntps aujourd'hui "
"223";"il";"-";"-";"y";"avoir";"<E>";"Dnum";"Ntps";"-";"-";"-";"-";"de";"<E>";"cela";"<E>";"-";"-";"+";"-";"-";"il§y avoir§Dnum Ntps de cela "
"224";"il";"-";"-";"y";"avoir eu";"<E>";"Dnum";"Ntps";"-";"-";"-";"-";"de";"<E>";"cela Advpas";"<E>";"-";"-";"+";"-";"-";"il§y avoir eu§Dnum Ntps de cela Advpas "
"225";"il";"-";"-";"y";"avoir";"<E>";"Dnum";"Ntps";"-";"-";"-";"-";"<E>";"<E>";"demain";"<E>";"-";"-";"+";"-";"-";"il§y avoir§Dnum Ntps demain "
"226";"il";"-";"-";"y";"avoir";"<E>";"Dnum";"Ntps";"-";"-";"-";"-";"de";"<E>";"route";"pour";"-";"+";"-";"+";"+";"il§y avoir§Dnum Ntps de route pour "
"227";"il";"-";"-";"y";"avoir";"<E>";"des";"Ntps et desNtps";"-";"-";"-";"-";"de";"<E>";"cela";"<E>";"-";"-";"+";"-";"-";"il§y avoir§des Ntps et desNtps de cela "
"228";"il";"-";"-";"y";"avoir";"<E>";"des";"nuages noirs";"-";"-";"-";"-";"à";"le";"horizon";"<E>";"-";"-";"-";"-";"-";"il§y avoir§des nuages noirs à l'horizon "
"229";"il";"-";"-";"y";"avoir";"<E>";"des";"ombres";"-";"-";"-";"-";"et";"des";"lumières";"Loc";"+";"+";"-";"-";"-";"il§y avoir§des ombres et des lumières Loc "
"230";"il";"-";"-";"y";"avoir";"<E>";"de le";"orage";"-";"-";"-";"-";"dans";"le";"air";"<E>";"-";"-";"-";"-";"-";"il§y avoir§de l'orage dans le air "
"231";"il";"-";"-";"y";"avoir";"<E>";"un";"os";"-";"-";"-";"-";"<E>";"<E>";"<E>";"Loc";"+";"+";"-";"-";"-";"il§y avoir§un os Loc "
"232";"il";"-";"-";"y";"avoir";"<E>";"une";"paille";"-";"-";"-";"-";"de";"<E>";"cela";"<E>";"-";"-";"+";"-";"-";"il§y avoir§une paille de cela "
"233";"il";"+";"+";"n'y en";"avoir pas";"<E>";"deux";"pareils";"-";"-";"-";"-";"<E>";"<E>";"<E>";"<E>";"-";"-";"-";"-";"-";"il§n'y en a pas§deux pareils "
"234";"il";"-";"+";"n'y";"avoir que";"<E>";"un";"pas";"-";"-";"-";"-";"à";"<E>";"franchir";"entre";"-";"+";"-";"-";"-";"il§n'y avoir que§un pas à franchir entre "
"235";"il";"-";"+";"n'y";"avoir que";"<E>";"un";"pas";"-";"-";"-";"-";"à";"<E>";"franchir";"pour";"-";"-";"-";"+";"-";"il§n'y avoir que§un pas à franchir pour "
"236";"il";"-";"+";"n'y";"avoir pas";"à";"<E>";"pavoiser";"-";"-";"-";"-";"<E>";"<E>";"<E>";"pour";"+";"+";"+";"+";"-";"il§n'y avoir pas§à pavoiser pour "
"237";"il";"-";"+";"n'y";"avoir pas";"de";"quoi";"pavoiser";"-";"-";"-";"-";"<E>";"<E>";"<E>";"<E>";"-";"-";"-";"-";"-";"il§n'y avoir pas§de quoi pavoiser "
"238";"il";"-";"-";"y";"avoir";"<E>";"une";"paye";"-";"-";"-";"-";"de";"<E>";"cela";"<E>";"-";"-";"+";"-";"-";"il§y avoir§une paye de cela "
"239";"il";"-";"-";"y";"avoir";"<E>";"quatre";"pelés";"-";"-";"-";"-";"et";"un";"tondu";"Loc";"+";"+";"-";"-";"-";"il§y avoir§quatre pelés et un tondu Loc "
"240";"il";"-";"+";"n'y";"avoir";"<E>";"<E>";"péril";"-";"-";"-";"-";"en";"la";"demeure";"<E>";"-";"-";"-";"-";"-";"il§n'y avoir§péril en la demeure "
"241";"il";"-";"+";"n'y";"avoir plus";"<E>";"<E>";"personne";"-";"-";"-";"-";"quand";"on a";"besoin";"de";"-";"-";"-";"-";"+";"il§n'y avoir plus§personne quand on a besoin de "
"242";"il";"-";"+";"n'y";"avoir plus";"<E>";"<E>";"personne";"-";"-";"-";"-";"quand";"<E>";"P";"<E>";"-";"-";"-";"-";"+";"il§n'y avoir plus§personne quand P "
"243";"il";"-";"+";"n'y";"avoir";"<E>";"Dind";"personne";"-";"-";"-";"-";"<E>";"qui";"ressembler";"à";"+";"-";"-";"-";"-";"il§n'y avoir§Dind personne qui ressembler à "
"244";"il";"-";"-";"y";"avoir";"<E>";"du";"pétard";"-";"-";"-";"-";"<E>";"<E>";"<E>";"Loc";"+";"+";"-";"-";"-";"il§y avoir§du pétard Loc "
"245";"il";"-";"-";"y";"avoir";"<E>";"de la";"peur";"-";"-";"-";"-";"dans";"les";"yeux";"de";"+";"-";"-";"-";"-";"il§y avoir§de la peur dans les yeux de "
"246";"il";"-";"-";"y";"avoir";"<E>";"<E>";"pire";"-";"-";"-";"-";"<E>";"<E>";"<E>";"que";"+";"+";"-";"-";"-";"il§y avoir§pire que "
"247";"il";"-";"+";"n'y";"avoir pas";"<E>";"de";"pitié";"-";"-";"-";"-";"<E>";"<E>";"<E>";"pour";"+";"+";"-";"-";"-";"il§n'y avoir pas§de pitié pour "
"248";"il";"-";"+";"n'y";"avoir pas";"<E>";"de";"pitié";"-";"-";"-";"-";"pour";"les";"canards boiteux";"<E>";"-";"-";"-";"-";"-";"il§n'y avoir pas§de pitié pour les canards boiteux "
"249";"il";"-";"+";"n'y";"avoir pas";"<E>";"de";"place";"-";"-";"-";"-";"pour";"<E>";"deux";"Loc";"+";"+";"-";"-";"-";"il§n'y avoir pas§de place pour deux Loc "
"250";"il";"-";"-";"y";"avoir";"<E>";"deux";"poids";"-";"-";"-";"-";"<E>";"deux";"mesures";"Loc";"+";"+";"-";"-";"-";"il§y avoir§deux poids deux mesures Loc "
"251";"il";"-";"-";"y";"avoir";"<E>";"du";"pour";"-";"-";"-";"-";"<E>";"<E>";"<E>";"Loc";"-";"+";"-";"-";"-";"il§y avoir§du pour Loc "
"252";"il";"-";"-";"y";"avoir";"<E>";"du";"pour";"-";"-";"-";"-";"et";"du";"contre";"Loc";"-";"+";"-";"-";"-";"il§y avoir§du pour et du contre Loc "
"253";"il";"-";"-";"y";"avoir";"à";"<E>";"prendre";"-";"-";"-";"-";"et  à";"<E>";"laisser";"Loc";"+";"+";"-";"-";"-";"il§y avoir§à prendre et à laisser Loc "
"254";"il";"-";"-";"y";"avoir";"<E>";"un";"prix";"-";"-";"-";"-";"à";"<E>";"payer";"pour";"-";"+";"-";"+";"+";"il§y avoir§un prix à payer pour "
"255";"il";"-";"+";"n'y";"avoir";"<E>";"aucun";"problème";"-";"-";"-";"-";"<E>";"<E>";"<E>";"pour";"+";"+";"-";"+";"+";"il§n'y avoir§aucun problème pour "
"256";"il";"-";"+";"n'y";"avoir pas";"<E>";"de";"problème";"-";"-";"-";"-";"<E>";"<E>";"<E>";"pour";"+";"+";"-";"+";"+";"il§n'y avoir pas§de problème pour "
"257";"il";"-";"+";"n'y";"avoir pas";"<E>";"de petits";"profits";"-";"-";"-";"-";"<E>";"<E>";"<E>";"<E>";"-";"-";"-";"-";"-";"il§n'y avoir pas§de petits profits "
"258";"il";"-";"+";"n'y";"avoir pas";"<E>";"de";"proportion";"-";"-";"-";"-";"<E>";"<E>";"<E>";"entre";"+";"+";"-";"-";"-";"il§n'y avoir pas§de proportion entre "
"259";"il";"-";"+";"n'y";"avoir pas";"<E>";"de";"quartier";"-";"-";"-";"-";"<E>";"<E>";"<E>";"pour";"+";"+";"-";"-";"-";"il§n'y avoir pas§de quartier pour "
"260";"il";"-";"-";"y";"avoir";"<E>";"<E>";"quelque chose";"-";"-";"-";"-";"que";"l'on";" puisse faire pour N";"<E>";"-";"-";"-";"-";"-";"il§y avoir§quelque chose que l'on puisse fait pour N "
"261";"il";"-";"-";"y";"avoir";"<E>";"<E>";"quelque chose";"-";"-";"-";"-";"à";"<E>";"dire";"<E>";"-";"-";"-";"-";"-";"il§y avoir§quelque chose à dire "
"262";"il";"-";"-";"y";"avoir";"<E>";"<E>";"quelque chose";"-";"-";"-";"-";"à";"<E>";"faire";"<E>";"-";"-";"-";"-";"-";"il§y avoir§quelque chose à fait "
"263";"il";"-";"-";"y";"avoir";"<E>";"<E>";"quelque chose";"-";"-";"-";"-";"<E>";"<E>";"là-dessous !";"<E>";"-";"-";"-";"-";"-";"il§y avoir§quelque chose là-dessous! "
"264";"il";"-";"-";"y";"avoir";"<E>";"<E>";"quelque chose ?";"-";"-";"-";"-";"de";"<E>";"neuf";"Loc";"+";"+";"-";"-";"-";"il§y avoir§quelque chose ? de neuf Loc "
"265";"il";"-";"-";"y";"avoir";"<E>";"<E>";"quelque chose ?";"-";"-";"-";"-";"pour";"le";"service";"de";"+";"+";"-";"-";"-";"il§y avoir§quelque chose ? pour le service de "
"266";"il";"-";"+";"n'y";"avoir";"<E>";"<E>";"question";"+";"-";"+";"+";"<E>";"<E>";"<E>";"pour";"+";"+";"-";"-";"-";"il§n'y avoir§question pour "
"267";"il";"-";"+";"n'y";"avoir pas";"<E>";"la";"queue";"-";"-";"-";"-";"de";"un";"N";"Loc";"+";"+";"-";"-";"-";"il§n'y avoir pas§la queue d'un N Loc "
"268";"il";"-";"+";"n'y";"avoir pas";"<E>";"de";"quoi";"-";"-";"-";"-";"<E>";"<E>";"faire un drame";"<E>";"-";"-";"-";"-";"-";"il§n'y avoir pas§de quoi fait un drame "
"269";"il";"-";"+";"n'y";"avoir pas";"<E>";"de";"quoi";"-";"-";"-";"-";"<E>";"<E>";"rire";"<E>";"-";"-";"-";"-";"-";"il§n'y avoir pas§de quoi rire "
"270";"il";"-";"-";"y";"avoir";"<E>";"<E>";"quoi ";"-";"-";"-";"-";"pour";"votre";"service ?";"<E>";"-";"-";"-";"-";"-";"il§y avoir§quoi pour votre service ? "
"271";"il";"-";"+";"n'y";"avoir pas";"<E>";"de";"quoi !";"-";"-";"-";"-";"<E>";"<E>";"<E>";"<E>";"-";"-";"-";"-";"-";"il§n'y avoir pas§de quoi! "
"272";"il";"-";"+";"n'y";"avoir";"<E>";"de";"raison";"+";"-";"-";"-";"<E>";"<E>";"<E>";"pour";"-";"-";"-";"+";"+";"il§n'y avoir§de raison pour "
"273";"il";"-";"+";"n'y";"avoir";"<E>";"de";"raison";"+";"-";"-";"-";"<E>";"<E>";"<E>";"<E>";"-";"-";"-";"+";"+";"il§n'y avoir§de raison "
"274";"il";"-";"+";"n'y";"avoir";"<E>";"de";"raison";"-";"-";"+";"-";"<E>";"<E>";"<E>";"pour";"+";"-";"-";"-";"-";"il§n'y avoir§de raison pour "
"275";"il";"-";"-";"<E>";"avoir";"<E>";"un certain";"rapport";"-";"-";"-";"-";"de";"<E>";"forces";"entre";"+";"+";"-";"-";"-";"il§avoir§un certain rapport de forces entre "
"276";"il";"-";"-";"y";"avoir";"<E>";"<E>";"ras";"-";"-";"-";"-";"<E>";"le";"bol";"<E>";"+";"+";"-";"+";"+";"il§y avoir§ras le bol "
"277";"il";"+";"-";"y en";"avoir";"<E>";"<E>";"ras";"-";"-";"-";"-";"<E>";"le";"bol";"<E>";"+";"+";"-";"+";"+";"il§y en avoir§ras le bol "
"278";"il";"-";"-";"y";"avoir";"<E>";"<E>";"ras";"-";"-";"-";"-";"<E>";"le";"cul";"<E>";"+";"+";"-";"+";"+";"il§y avoir§ras le cul "
"279";"il";"+";"-";"y en";"avoir";"<E>";"<E>";"ras";"-";"-";"-";"-";"<E>";"le";"cul";"<E>";"+";"+";"-";"+";"+";"il§y en avoir§ras le cul "
"280";"il";"-";"-";"y";"avoir";"<E>";"un";"rayon";"-";"-";"-";"-";"de";"<E>";"soleil";"Loc";"+";"+";"-";"-";"-";"il§y avoir§un rayon de soleil Loc "
"281";"il";"-";"+";"n'y";"avoir pas";"<E>";"de";"recette";"-";"-";"-";"-";"<E>";"<E>";"miracle";"pour";"+";"+";"-";"+";"+";"il§n'y avoir pas§de recette miracle pour "
"282";"il";"-";"-";"y";"avoir";"<E>";"une";"relation";"-";"-";"-";"-";"de";"<E>";"cause à effet";"entre";"-";"+";"-";"-";"-";"il§y avoir§une relation de cause à effet entre "
"283";"il";"-";"+";"n'y";"avoir que";"<E>";"le";"résultat";"-";"-";"-";"-";"<E>";"qui";"compte";"pour";"+";"-";"-";"-";"-";"il§n'y avoir que§le résultat qui compte pour "
"284";"il";"-";"-";"y";"avoir";"<E>";"des";"retours";"-";"-";"-";"-";"de";"<E>";"bâton";"pour";"+";"-";"-";"-";"-";"il§y avoir§des retours de bâton pour "
"285";"il";"-";"+";"n'y";"avoir";"<E>";"<E>";"rien";"-";"-";"-";"-";"de";"plus";"Adj";"que";"-";"+";"-";"-";"+";"il§n'y avoir§rien de plus Adj que "
"286";"il";"-";"+";"n'y";"avoir";"<E>";"<E>";"rien";"-";"-";"-";"-";"<E>";"qui";"arrêter";"<E>";"-";"-";"-";"-";"-";"il§n'y avoir§rien qui arrêter "
"287";"il";"-";"+";"n'y";"avoir";"<E>";"<E>";"rien";"-";"-";"-";"-";"de";"<E>";"définitif";"Loc";"+";"+";"-";"-";"+";"il§n'y avoir§rien de définitif Loc "
"288";"il";"-";"+";"n'y";"avoir";"<E>";"<E>";"rien";"-";"-";"-";"-";"à";"<E>";"faire";"<E>";"-";"-";"-";"-";"-";"il§n'y avoir§rien à fait "
"289";"il";"-";"+";"n'y";"avoir";"<E>";"<E>";"rien";"-";"-";"-";"-";"à";"<E>";"faire";"Loc";"+";"+";"-";"-";"-";"il§n'y avoir§rien à fait Loc "
"290";"il";"-";"+";"n'y";"avoir";"<E>";"<E>";"rien";"-";"-";"-";"-";"à";"<E>";"fiche";"<E>";"-";"-";"-";"-";"-";"il§n'y avoir§rien à fiche "
"291";"il";"-";"+";"n'y";"avoir";"<E>";"<E>";"rien";"-";"-";"-";"-";"à";"<E>";"foutre";"<E>";"-";"-";"-";"-";"-";"il§n'y avoir§rien à foutre "
"292";"il";"-";"+";"n'y";"avoir";"<E>";"<E>";"rien";"-";"-";"-";"-";"de";"plus";"idiot";"que";"-";"+";"-";"-";"+";"il§n'y avoir§rien de plus idiot que "
"293";"il";"-";"+";"n'y";"avoir";"<E>";"<E>";"rien";"-";"-";"-";"-";"de";"<E>";"meilleur";"que";"-";"+";"-";"-";"+";"il§n'y avoir§rien de meilleur que "
"294";"il";"-";"+";"n'y";"avoir";"<E>";"<E>";"rien";"-";"-";"+";"-";"à";"<E>";"signaler";"<E>";"-";"-";"-";"-";"-";"il§n'y avoir§rien à signaler "
"295";"il";"-";"+";"n'y";"avoir";"<E>";"<E>";"rien";"-";"-";"-";"-";"de";"la";"sorte";"Loc";"+";"+";"-";"-";"+";"il§n'y avoir§rien de la sorte Loc "
"296";"il";"-";"+";"n'y";"avoir";"<E>";"<E>";"rien";"-";"-";"-";"-";"de";"moins";"sûr";"<E>";"-";"-";"-";"-";"-";"il§n'y avoir§rien de moins sûr "
"297";"il";"-";"+";"n'y";"avoir";"<E>";"<E>";"rien que";"-";"-";"-";"-";"de";"très";"Adj";"Loc";"+";"+";"-";"-";"+";"il§n'y avoir§rien que de très Adj Loc "
"298";"il";"-";"-";"y";"avoir";"de";"quoi";"rigoler !";"-";"-";"-";"-";"<E>";"<E>";"<E>";"<E>";"-";"-";"-";"-";"-";"il§y avoir§de quoi rigoler! "
"299";"il";"-";"-";"y";"avoir";"de";"quoi";"rire !";"-";"-";"-";"-";"<E>";"<E>";"<E>";"<E>";"-";"-";"-";"-";"-";"il§y avoir§de quoi rire! "
"300";"il";"-";"+";"n'y";"avoir pas";"<E>";"de";"risque";"-";"-";"+";"-";"<E>";"<E>";"<E>";"<E>";"-";"-";"-";"-";"-";"il§n'y avoir pas§de risque "
"301";"il";"-";"+";"n'y";"avoir pas";"<E>";"de";"salut";"-";"-";"-";"-";"<E>";"<E>";"<E>";"hors de";"+";"+";"-";"-";"+";"il§n'y avoir pas§de salut hors de "
"302";"il";"-";"+";"n'y";"avoir";"<E>";"de";"salut";"-";"-";"-";"-";"que  dans";"la";"fuite";"<E>";"-";"-";"-";"-";"-";"il§n'y avoir§de salut que dans la fuite "
"303";"il";"-";"-";"y";"avoir";"<E>";"du";"sang";"-";"-";"-";"-";"à";"la";"une";"<E>";"-";"-";"-";"-";"-";"il§y avoir§du sang à l'une "
"304";"il";"-";"-";"y";"avoir";"de";"quoi";"se flinguer !";"-";"-";"-";"-";"<E>";"<E>";"<E>";"<E>";"-";"-";"-";"-";"-";"il§y avoir§de quoi se flinguer! "
"305";"il";"-";"-";"y";"avoir";"de";"quoi";"se les mordre !";"-";"-";"-";"-";"<E>";"<E>";"<E>";"<E>";"-";"-";"-";"-";"-";"il§y avoir§de quoi se les mordre! "
"306";"il";"-";"+";"n'y";"avoir pas";"à";"<E>";"se tromper";"-";"-";"-";"-";"<E>";"<E>";"<E>";"<E>";"-";"-";"-";"-";"-";"il§n'y avoir pas§à se tromper "
"307";"il";"-";"-";"y";"avoir";"<E>";"des";"siècles";"-";"-";"-";"-";"de";"<E>";"cela";"<E>";"-";"-";"+";"-";"-";"il§y avoir§des siècles de cela "
"308";"il";"-";"-";"y";"avoir";"<E>";"un";"sort";"-";"-";"-";"-";"<E>";"<E>";"<E>";"sur";"+";"+";"-";"-";"-";"il§y avoir§un sort sur "
"309";"il";"-";"-";"y";"avoir";"<E>";"un mauvais";"sort";"-";"-";"-";"-";"<E>";"<E>";"<E>";"sur";"+";"+";"-";"-";"-";"il§y avoir§un mauvais sort sur "
"310";"il";"-";"+";"n'y";"avoir pas";"à";"<E>";"sortir";"-";"-";"-";"-";"de";"<E>";"là";"<E>";"-";"-";"-";"-";"-";"il§n'y avoir pas§à sortir de là "
"311";"il";"-";"+";"n'y";"avoir";"<E>";"un";"souffle";"-";"-";"-";"-";"de";"<E>";"air";"Loc";"+";"+";"-";"-";"-";"il§n'y avoir§un souffle d'air Loc "
"312";"il";"-";"+";"n'y";"avoir";"<E>";"un";"souffle";"-";"-";"-";"-";"de";"<E>";"vent";"Loc";"+";"+";"-";"-";"-";"il§n'y avoir§un souffle de vent Loc "
"313";"il";"-";"-";"y";"avoir";"<E>";"du";"sport";"-";"-";"-";"-";"<E>";"<E>";"<E>";"Loc";"+";"+";"-";"-";"-";"il§y avoir§du sport Loc "
"314";"il";"-";"-";"y";"avoir";"<E>";"<E>";"tant";"-";"-";"-";"-";"à";"<E>";"dire";"Loc";"+";"+";"-";"-";"-";"il§y avoir§tant à dire Loc "
"315";"il";"-";"-";"y";"avoir";"<E>";"<E>";"tant";"-";"-";"-";"-";"à";"<E>";"faire";"Loc";"+";"+";"-";"-";"-";"il§y avoir§tant à fait Loc "
"316";"il";"-";"+";"n'y";"avoir rien";"<E>";"de";"tel";"-";"-";"-";"-";"que";"Det";"N";"pour";"-";"-";"-";"+";"+";"il§n'y avoir rien§de tel qu'un N pour "
"317";"il";"-";"-";"y";"avoir";"<E>";"<E>";"tellement";"-";"-";"-";"-";"à";"<E>";"dire";"Loc";"+";"+";"-";"-";"-";"il§y avoir§tellement à dire Loc "
"318";"il";"-";"-";"y";"avoir";"<E>";"<E>";"tellement";"-";"-";"-";"-";"à";"<E>";"faire";"Loc";"+";"+";"-";"-";"-";"il§y avoir§tellement à fait Loc "
"319";"il";"-";"-";"y";"avoir";"<E>";"une";"tempête";"-";"-";"-";"-";"sous";"le";"crâne";"de";"+";"-";"-";"-";"-";"il§y avoir§une tempête sous le crâne de "
"320";"il";"-";"-";"y";"avoir";"<E>";"Det";"temps";"-";"-";"-";"-";"de";"<E>";"ça";"<E>";"-";"-";"+";"-";"-";"il§y avoir§un temps de ça "
"321";"il";"-";"-";"y";"avoir";"<E>";"Det";"temps";"-";"-";"-";"-";"de";"<E>";"cela";"<E>";"-";"-";"+";"-";"-";"il§y avoir§un temps de cela "
"322";"il";"-";"-";"y";"avoir";"<E>";"pas mal de";"temps";"-";"-";"-";"-";"de";"<E>";"cela";"<E>";"-";"-";"+";"-";"-";"il§y avoir§pas mal de temps de cela "
"323";"il";"-";"-";"y";"avoir";"<E>";"peu de";"temps";"-";"-";"-";"-";"de";"<E>";"cela";"<E>";"-";"-";"+";"-";"-";"il§y avoir§peu de temps de cela "
"324";"il";"-";"-";"y";"avoir";"<E>";"quelque";"temps";"-";"-";"-";"-";"de";"<E>";"cela";"<E>";"-";"-";"+";"-";"-";"il§y avoir§quelque temps de cela "
"325";"il";"-";"-";"y";"avoir";"<E>";"un bout de";"temps";"-";"-";"-";"-";"de";"<E>";"cela";"<E>";"-";"-";"+";"-";"-";"il§y avoir§un bout de temps de cela "
"326";"il";"-";"-";"y";"avoir";"<E>";"un certain";"temps déjà";"-";"-";"-";"-";"de";"<E>";"cela";"<E>";"-";"-";"+";"-";"-";"il§y avoir§un certain temps déjà de cela "
"327";"il";"-";"-";"y";"avoir";"<E>";"un";"temps dingue";"-";"-";"-";"-";"de";"<E>";"cela";"<E>";"-";"-";"+";"-";"-";"il§y avoir§un temps dingue de cela "
"328";"il";"-";"-";"y";"avoir";"<E>";"un";"temps fou";"-";"-";"-";"-";"de";"<E>";"cela";"<E>";"-";"-";"+";"-";"-";"il§y avoir§un temps fou de cela "
"329";"il";"-";"-";"y";"avoir";"<E>";"un";"temps mort";"-";"-";"-";"-";"<E>";"<E>";"<E>";"Loc";"+";"+";"-";"-";"-";"il§y avoir§un temps mort Loc "
"330";"il";"-";"-";"y";"avoir";"<E>";"de la";"tension";"-";"-";"-";"-";"<E>";"<E>";"<E>";"entre";"+";"-";"-";"-";"-";"il§y avoir§de la tension entre "
"331";"il";"-";"-";"y";"avoir";"<E>";"de la";"tension";"-";"-";"-";"-";"dans";"le";"air";"<E>";"-";"-";"-";"-";"-";"il§y avoir§de la tension dans l'air "
"332";"il";"-";"-";"y";"avoir";"<E>";"du";"tirage";"-";"-";"-";"-";"<E>";"<E>";"<E>";"entre";"+";"-";"-";"-";"-";"il§y avoir§du tirage entre "
"333";"il";"-";"+";"n'y";"avoir pas";"à";"<E>";"tortiller";"-";"-";"-";"-";"<E>";"<E>";"<E>";"pour";"+";"+";"+";"+";"-";"il§n'y avoir pas§à tortiller pour "
"334";"il";"-";"+";"n'y";"avoir pas";"à";"<E>";"tortiller du cul";"-";"-";"-";"-";"pour";"<E>";"chier droit";"<E>";"-";"-";"-";"-";"-";"il§n'y avoir pas§à tortiller du cul pour chier droit "
"335";"il";"-";"-";"y";"avoir";"<E>";"<E>";"tout";"-";"-";"-";"-";"à";"<E>";"faire";"Loc";"+";"+";"-";"-";"-";"il§y avoir§tout à fait Loc "
"336";"il";"-";"+";"n'y";"avoir";"<E>";"<E>";"trace de N";"-";"-";"-";"-";"<E>";"<E>";"<E>";"Loc";"+";"+";"-";"-";"-";"il§n'y avoir§trace de N Loc "
"337";"il";"-";"-";"y";"avoir";"<E>";"<E>";"travail";"-";"-";"-";"-";"et";"<E>";"travail";"<E>";"-";"-";"-";"-";"-";"il§y avoir§travail et travail "
"338";"il";"-";"+";"n'y";"avoir pas";"<E>";"<E>";"trop";"-";"-";"-";"-";"de";"Dnum";"N";"pour";"-";"-";"-";"+";"+";"il§n'y avoir pas§trop de Dnum N pour "
"339";"il";"-";"-";"y";"avoir";"<E>";"un";"trou";"-";"-";"-";"-";"dans";"la";"caisse";"<E>";"-";"-";"-";"-";"-";"il§y avoir§un trou dans la caisse "
"340";"il";"-";"-";"y";"avoir";"<E>";"un";"trou";"-";"-";"-";"-";"dans";"la";"conversation";"<E>";"-";"-";"-";"-";"-";"il§y avoir§un trou dans la conversation "
"341";"il";"-";"-";"y";"avoir";"<E>";"une part de";"vérité";"-";"-";"-";"-";"<E>";"<E>";"<E>";"Loc";"+";"+";"-";"-";"-";"il§y avoir§une part de vérité Loc "
"342";"il";"-";"-";"y";"avoir";"<E>";"du";"vilain";"-";"-";"-";"-";"<E>";"<E>";"<E>";"Loc";"+";"+";"-";"-";"-";"il§y avoir§du vilain Loc "
"343";"il";"-";"-";"y";"avoir";"<E>";"du";"vin";"-";"-";"-";"-";"pour";"tout le";"monde";"<E>";"-";"-";"-";"-";"-";"il§y avoir§du vin pour tout le monde "
"344";"il";"-";"+";"n'y";"avoir pas que";"<E>";"le";"vin";"-";"-";"-";"-";"dans";"la";"vie";"<E>";"-";"-";"-";"-";"-";"il§n'y avoir pas que§le vin dans la vie "
"345";"il";"-";"-";"y";"avoir";"<E>";"des";"vins";"-";"-";"-";"-";"pour";"tous les";"goûts";"<E>";"-";"-";"-";"-";"-";"il§y avoir§des vins pour tous les goûts "
"346";"il";"-";"+";"n'y";"avoir";"<E>";"une";"virgule";"-";"-";"-";"-";"à";"<E>";"changer";"Loc";"-";"+";"-";"-";"-";"il§n'y avoir§une virgule à changer Loc "
"347";"il";"-";"+";"n'y";"avoir que";"à";"<E>";"voir";"-";"-";"-";"-";"comme";"<E>";"P";"<E>";"-";"-";"-";"-";"-";"il§n'y avoir que§à voir comme P "
"348";"il";"-";"+";"n'y";"avoir que";"à";"<E>";"voir";"-";"-";"-";"-";"comment";"<E>";"P";"<E>";"-";"-";"-";"-";"-";"il§n'y avoir que§à voir comment P "
"349";"il";"-";"+";"n'y";"avoir que";"à";"<E>";"voir";"-";"-";"-";"-";"comme";"il";"pleut";"<E>";"-";"-";"-";"-";"-";"il§n'y avoir que§à voir comme il pleut "
"350";"il";"-";"+";"n'y";"avoir que";"à";"<E>";"voir";"-";"-";"-";"-";"comment";"il";"pleut";"<E>";"-";"-";"-";"-";"-";"il§n'y avoir que§à voir comment il pleut "
"351";"il";"-";"-";"y";"avoir";"<E>";"du";"vrai";"-";"-";"-";"-";"<E>";"<E>";"<E>";"Loc";"-";"+";"-";"-";"-";"il§y avoir§du vrai Loc "
