"<ID>";"N0 =: Nhum";"N0 =: N-hum";"N0 être Det1 C1 Prépc Detc Cc";"Ppv =: en figé";"Ppv =: le figé";"Ppv =: me figé";"Ppv =: nous figé";"Ppv =: Neg";"<ENT>Ppv";"<ENT><avoir>";"<ENT>Det1";"<ENT>C1";"<ENT>Prépc";"<ENT>Detc";"<ENT>Cc";"C1 = C1 Adj1";"C1 = Adj1 C1";"Vsup = perdre";"Vsup = prendre";"Vsup = garder";"Vop = N-hum donner";"Vop = recevoir";"Exemple"
"1";"+";"+";"-";"-";"-";"-";"-";"-";"<E>";" avoir";"un";"accent";"de";"<E>";"sincérité";"-";"-";"+";"+";"+";"+";"-";"§a§un accent de sincérité "
"2";"+";"+";"-";"-";"-";"-";"-";"-";"<E>";" avoir";"un";"accent";"de";"<E>";"vérité";"-";"-";"+";"+";"+";"+";"-";"§a§un accent de vérité "
"3";"+";"-";"-";"-";"-";"-";"-";"-";"<E>";" avoir";"Poss0";"affaires";"<E>";"<E>";"<E>";"-";"-";"-";"-";"-";"-";"-";"§a§ses affaits "
"4";"+";"-";"-";"-";"-";"-";"-";"-";"<E>";" avoir";"un certain";"âge";"<E>";"<E>";"<E>";"-";"-";"-";"-";"-";"-";"-";"§a§un certain âge "
"5";"+";"-";"-";"-";"-";"-";"-";"+";"n'";" avoir";"de";"âge";"<E>";"<E>";"<E>";"-";"-";"-";"-";"-";"+";"-";"§n'a§d'âge "
"6";"+";"-";"-";"-";"-";"-";"-";"+";"n'";" avoir";"Poss0";"âge";"<E>";"<E>";"<E>";"-";"-";"-";"-";"-";"+";"-";"§n'a§son âge "
"7";"+";"-";"-";"-";"-";"-";"-";"-";"<E>";" avoir";"le";"âge";"de";"Poss0";"artères";"-";"-";"-";"-";"+";"+";"-";"§a§l'âge de ses artères "
"8";"+";"-";"-";"-";"-";"-";"-";"-";"<E>";" avoir";"un";"âge";"<E>";"<E>";"certain";"+";"-";"-";"-";"-";"-";"-";"§a§un âge certain "
"9";"+";"-";"-";"-";"-";"-";"-";"-";"<E>";" avoir";"le";"âge";"de";"<E>";"raison";"-";"-";"-";"-";"+";"+";"-";"§a§l'âge de raison "
"10";"+";"-";"-";"-";"-";"-";"-";"-";"<E>";" avoir";"quel";"âge ?";"<E>";"<E>";"<E>";"-";"-";"-";"-";"-";"-";"-";"§a§quel âge ? "
"11";"+";"+";"-";"-";"-";"-";"-";"-";"<E>";" avoir";"grand";"air";"<E>";"<E>";"<E>";"-";"-";"+";"-";"+";"-";"-";"§a§grand air "
"12";"+";"-";"-";"-";"-";"-";"-";"-";"<E>";" avoir";"le";"air";"de";"un";"con";"-";"-";"-";"+";"+";"+";"-";"§a§l'air d'un con "
"13";"+";"-";"-";"-";"-";"-";"-";"-";"<E>";" avoir";"un";"air";"de";"<E>";"en avoir deux";"-";"-";"-";"-";"-";"+";"-";"§a§un air d'en a deux "
"14";"+";"-";"-";"-";"-";"-";"-";"-";"<E>";" avoir";"un";"air";"<E>";"<E>";"fin";"-";"-";"-";"+";"+";"+";"-";"§a§un air fin "
"15";"+";"-";"-";"-";"-";"-";"-";"-";"<E>";" avoir";"Poss0";"air";"de";"les mauvais";"jours";"-";"-";"+";"+";"+";"+";"-";"§a§son air des mauvais jours "
"16";"+";"-";"-";"-";"-";"-";"-";"-";"<E>";" avoir";"le";"air";"de";"un";"oiseau ébouriffé";"-";"-";"-";"+";"+";"+";"-";"§a§l'air d'un oiseau ébouriffé "
"17";"+";"-";"-";"-";"-";"-";"-";"-";"<E>";" avoir";"le";"air";"de";"<E>";"quoi ?";"-";"-";"-";"-";"-";"+";"-";"§a§l'air de quoi ? "
"18";"+";"+";"-";"-";"-";"-";"-";"+";"n'";" avoir";"le";"air";"de";"<E>";"rien";"-";"-";"-";"-";"-";"+";"-";"§n'a§l'air de rien "
"19";"-";"+";"-";"-";"-";"-";"-";"-";"<E>";" avoir";"un";"air";"de";"déjà";"vu";"-";"-";"-";"-";"+";"+";"-";"§a§un air de déjà vu "
"20";"-";"+";"-";"-";"-";"-";"-";"-";"<E>";" avoir";"un petit";"air";"de";"déjà";"vu";"-";"-";"-";"-";"+";"+";"-";"§a§un petit air de déjà vu "
"21";"+";"-";"-";"-";"-";"-";"-";"-";"<E>";" avoir";"des";"airs";"de";"<E>";"duchesse";"-";"-";"+";"+";"+";"+";"-";"§a§des airs de duchesse "
"22";"+";"-";"-";"-";"-";"-";"-";"-";"<E>";" avoir";"Poss0";"aises";"<E>";"<E>";"<E>";"-";"-";"-";"+";"+";"-";"-";"§a§ses aises "
"23";"+";"+";"-";"-";"-";"-";"-";"-";"<E>";" avoir";"belle";"allure";"<E>";"<E>";"<E>";"-";"-";"-";"+";"+";"+";"-";"§a§belle allure "
"24";"+";"+";"-";"-";"-";"-";"-";"-";"<E>";" avoir";"fière";"allure";"<E>";"<E>";"<E>";"-";"-";"-";"+";"+";"+";"-";"§a§fière allure "
"25";"+";"+";"-";"-";"-";"-";"-";"-";"<E>";" avoir";"grande";"allure";"<E>";"<E>";"<E>";"-";"-";"-";"+";"+";"+";"-";"§a§grande allure "
"26";"+";"+";"-";"-";"-";"-";"-";"-";"<E>";" avoir";"piètre";"allure";"<E>";"<E>";"<E>";"-";"-";"-";"+";"+";"+";"-";"§a§piètre allure "
"27";"+";"-";"-";"-";"-";"-";"-";"+";"n'";" avoir pas";"Dnum";"an";"<E>";"<E>";"<E>";"-";"-";"-";"-";"-";"-";"-";"§n'a pas§Dnum an "
"28";"+";"-";"-";"-";"-";"-";"-";"+";"n'";" avoir plus";"Dnum";"an";"<E>";"<E>";"<E>";"-";"-";"-";"-";"-";"-";"-";"§n'a plus§Dnum an "
"29";"+";"-";"-";"-";"-";"-";"-";"-";"<E>";" avoir";"la";"angoisse";"de";"la";"mort";"-";"-";"-";"-";"+";"+";"-";"§a§l'angoisse de la mort "
"30";"+";"-";"-";"-";"-";"-";"-";"-";"<E>";" avoir";"des";"antennes";"<E>";"<E>";"<E>";"-";"-";"-";"-";"-";"+";"-";"§a§des antennes "
"31";"+";"-";"-";"-";"-";"-";"-";"-";"<E>";" avoir";"de le";"argent";"<E>";"<E>";"<E>";"-";"-";"+";"-";"+";"-";"-";"§a§de l'argent "
"32";"+";"-";"-";"-";"-";"-";"-";"-";"<E>";" avoir";"le";"art";"de";"<E>";"accommoder les restes";"-";"-";"+";"-";"+";"-";"-";"§a§l'art d'accommoder les restes "
"33";"+";"-";"-";"-";"-";"-";"-";"-";"<E>";" avoir";"le";"art";"de";"<E>";"manier les contraires";"-";"-";"+";"-";"+";"-";"-";"§a§l'art de manier les contraires "
"34";"+";"-";"-";"-";"-";"-";"-";"+";"n'";" avoir pas";"un";"atome";"de";"bon";"sens";"-";"-";"-";"-";"-";"-";"-";"§n'a pas§un atome de bon sens "
"35";"+";"+";"-";"-";"-";"-";"-";"-";"<E>";" avoir";"de sérieux";"atouts";"<E>";"<E>";"<E>";"-";"-";"+";"-";"+";"+";"-";"§a§de sérieux atouts "
"36";"+";"-";"-";"-";"-";"-";"-";"-";"<E>";" avoir";"le";"ballon";"<E>";"<E>";"<E>";"-";"-";"-";"-";"-";"-";"-";"§a§le ballon "
"37";"+";"-";"-";"-";"-";"-";"-";"-";"<E>";" avoir";"Poss0";"bâton";"de";"<E>";"maréchal";"-";"-";"-";"+";"+";"+";"+";"§a§son bâton de maréchal "
"38";"+";"-";"-";"-";"-";"-";"-";"-";"<E>";" avoir";"un";"bébé";"<E>";"<E>";"<E>";"-";"-";"-";"-";"-";"-";"-";"§a§un bébé "
"39";"+";"-";"-";"-";"-";"-";"-";"-";"<E>";" avoir";"Poss0";"bébé";"<E>";"<E>";"<E>";"-";"+";"-";"+";"-";"-";"-";"§a§son bébé "
"40";"+";"-";"-";"-";"-";"-";"-";"-";"<E>";" avoir";"le";"bénéfice";"de";"le";"doute";"-";"-";"-";"+";"+";"+";"+";"§a§le bénéfice du doute "
"41";"+";"-";"-";"-";"-";"-";"-";"-";"<E>";" avoir";"la";"berlue";"<E>";"<E>";"<E>";"-";"-";"-";"-";"-";"-";"-";"§a§la berlue "
"42";"+";"-";"-";"-";"-";"-";"-";"+";"n'";" avoir";"aucun";"besoin";"<E>";"<E>";"<E>";"-";"-";"-";"-";"-";"-";"-";"§n'a§aucun besoin "
"43";"+";"+";"-";"-";"-";"-";"-";"-";"<E>";" avoir";"<E>";"besoin";"de";"<E>";"aide";"-";"-";"-";"-";"-";"-";"-";"§a§besoin d'aide "
"44";"+";"+";"-";"-";"-";"-";"-";"-";"<E>";" avoir";"<E>";"besoin";"de";"<E>";"bras";"-";"-";"-";"-";"-";"-";"-";"§a§besoin de bras "
"45";"+";"-";"-";"-";"-";"-";"-";"-";"<E>";" avoir";"<E>";"besoin";"de";"se";"reposer";"-";"-";"+";"-";"-";"+";"-";"§a§besoin de se reposer "
"46";"+";"-";"-";"-";"-";"-";"-";"+";"n'";" avoir";"<E>";"besoin";"de";"<E>";"rien";"-";"-";"-";"-";"-";"-";"-";"§n'a§besoin de rien "
"47";"+";"-";"-";"-";"-";"-";"-";"-";"<E>";" avoir";"<E>";"besoin";"de";"<E>";"tout";"-";"-";"-";"-";"-";"-";"-";"§a§besoin de tout "
"48";"+";"-";"-";"-";"-";"-";"-";"-";"<E>";" avoir";"de gros";"besoins";"<E>";"<E>";"<E>";"-";"-";"-";"-";"+";"+";"-";"§a§de gros besoins "
"49";"+";"-";"-";"-";"-";"-";"-";"-";"<E>";" avoir";"des";"besoins";"<E>";"<E>";"<E>";"-";"-";"-";"-";"+";"+";"-";"§a§des besoins "
"50";"+";"-";"-";"-";"-";"-";"-";"-";"<E>";" avoir";"de gros";"besoins";"de";"<E>";"argent";"-";"-";"-";"-";"+";"+";"-";"§a§de gros besoins d'argent "
"51";"+";"-";"-";"-";"-";"-";"-";"-";"<E>";" avoir";"du";"bien";"<E>";"<E>";"<E>";"-";"-";"-";"-";"+";"-";"-";"§a§du bien "
"52";"-";"+";"-";"-";"-";"-";"-";"-";"<E>";" avoir";"un certain";"bien-";"<E>";"fondé";"<E>";"-";"-";"-";"-";"+";"-";"-";"§a§un certain bien-fondé "
"53";"+";"-";"-";"-";"-";"-";"-";"-";"<E>";" avoir";"une bonne";"bille";"<E>";"<E>";"<E>";"-";"-";"-";"-";"+";"+";"-";"§a§une bonne bille "
"54";"+";"-";"-";"-";"-";"-";"-";"-";"<E>";" avoir";"une";"bille";"<E>";"<E>";"ronde";"-";"-";"-";"-";"+";"+";"-";"§a§une bille ronde "
"55";"+";"-";"-";"-";"-";"-";"-";"-";"<E>";" avoir";"le";"blues";"<E>";"<E>";"<E>";"-";"-";"-";"-";"+";"+";"-";"§a§le blues "
"56";"+";"+";"-";"-";"-";"-";"-";"-";"<E>";" avoir";"du";"bon";"<E>";"<E>";"<E>";"-";"-";"-";"+";"+";"+";"-";"§a§du bon "
"57";"-";"+";"-";"-";"-";"-";"-";"-";"<E>";" avoir";"du";"bon";"<E>";"<E>";"<E>";"-";"-";"-";"-";"-";"-";"-";"§a§du bon "
"58";"+";"-";"-";"+";"-";"-";"-";"-";"en";" avoir";"de";"bonnes";"<E>";"<E>";"<E>";"-";"-";"-";"-";"-";"-";"-";"§en a§de bonnes "
"59";"-";"+";"-";"-";"-";"-";"-";"+";"n'";" avoir";"de";"bornes";"<E>";"<E>";"<E>";"-";"-";"-";"-";"-";"-";"-";"§n'a§de bornes "
"60";"+";"+";"-";"-";"-";"-";"-";"-";"<E>";" avoir";"la";"bosse";"de";"les";"maths";"-";"-";"+";"-";"+";"+";"-";"§a§la bosse des maths "
"61";"+";"-";"-";"-";"-";"-";"-";"-";"<E>";" avoir";"une bonne";"bouille";"<E>";"<E>";"<E>";"-";"-";"-";"-";"+";"+";"-";"§a§une bonne bouille "
"62";"+";"-";"-";"-";"-";"-";"-";"-";"<E>";" avoir";"les";"boules";"<E>";"<E>";"<E>";"-";"-";"-";"-";"+";"+";"-";"§a§les boules "
"63";"+";"-";"-";"-";"-";"-";"-";"-";"<E>";" avoir";"le";"bourdon";"<E>";"<E>";"<E>";"-";"-";"-";"-";"+";"+";"-";"§a§le bourdon "
"64";"+";"-";"-";"-";"-";"-";"-";"-";"<E>";" avoir";"une";"bourse";"de";"<E>";"étude";"-";"-";"-";"-";"-";"-";"-";"§a§une bourse d'étude "
"65";"+";"-";"-";"-";"-";"-";"-";"-";"<E>";" avoir";"une";"bourse";"de";"<E>";"études";"-";"-";"-";"-";"-";"-";"-";"§a§une bourse d'études "
"66";"+";"-";"-";"-";"-";"-";"-";"-";"<E>";" avoir";"une";"bourse";"de";"<E>";"recherche";"-";"-";"-";"-";"-";"-";"-";"§a§une bourse de recherche "
"67";"+";"-";"-";"-";"-";"-";"-";"-";"<E>";" avoir";"une";"bourse";"de";"<E>";"recherches";"-";"-";"-";"-";"-";"-";"-";"§a§une bourse de recherches "
"68";"+";"+";"-";"-";"-";"-";"-";"-";"<E>";" avoir";"de la";"bouteille";"<E>";"<E>";"<E>";"-";"-";"+";"-";"-";"+";"-";"§a§de la bouteille "
"69";"+";"-";"-";"-";"-";"-";"-";"-";"<E>";" avoir";"de la";"branche";"<E>";"<E>";"<E>";"-";"-";"+";"+";"+";"+";"-";"§a§de la branche "
"70";"+";"-";"-";"-";"-";"-";"-";"-";"<E>";" avoir";"de bons";"bras";"<E>";"<E>";"<E>";"-";"-";"-";"-";"+";"+";"-";"§a§de bons bras "
"71";"+";"-";"-";"-";"-";"-";"-";"+";"n'";" avoir pas";"quatre";"bras";"<E>";"<E>";"<E>";"-";"-";"-";"-";"-";"-";"-";"§n'a pas§quatre bras "
"72";"+";"-";"-";"-";"-";"-";"-";"-";"<E>";" avoir";"des";"bricoles";"<E>";"<E>";"<E>";"-";"-";"-";"-";"-";"-";"-";"§a§des bricoles "
"73";"+";"-";"-";"-";"-";"-";"-";"-";"<E>";" avoir";"Poss0";"bricoles";"<E>";"<E>";"<E>";"-";"-";"-";"-";"-";"-";"-";"§a§ses bricoles "
"74";"+";"-";"-";"-";"-";"-";"-";"-";"<E>";" avoir";"<E>";"campon";"<E>";"<E>";"<E>";"-";"-";"-";"-";"-";"+";"-";"§a§campon "
"75";"+";"-";"-";"-";"-";"-";"-";"-";"<E>";" avoir";"bon";"caractère";"<E>";"<E>";"<E>";"-";"-";"-";"-";"-";"-";"-";"§a§bon caractère "
"76";"+";"-";"-";"-";"-";"-";"-";"-";"<E>";" avoir";"mauvais";"caractère";"<E>";"<E>";"<E>";"-";"-";"-";"-";"-";"-";"-";"§a§mauvais caractère "
"77";"+";"-";"-";"-";"-";"-";"-";"-";"<E>";" avoir";"un drôle de";"caractère";"<E>";"<E>";"<E>";"-";"-";"-";"+";"+";"+";"-";"§a§un drôle de caractère "
"78";"+";"-";"-";"-";"-";"-";"-";"-";"<E>";" avoir";"un fichu";"caractère";"<E>";"<E>";"<E>";"-";"-";"-";"+";"+";"+";"-";"§a§un fichu caractère "
"79";"+";"-";"-";"-";"-";"-";"-";"-";"<E>";" avoir";"un foutu";"caractère";"<E>";"<E>";"<E>";"-";"-";"-";"+";"+";"+";"-";"§a§un foutu caractère "
"80";"+";"-";"-";"-";"-";"-";"-";"-";"<E>";" avoir";"un sacré";"caractère";"<E>";"<E>";"<E>";"-";"-";"-";"+";"+";"+";"-";"§a§un sacré caractère "
"81";"+";"-";"-";"-";"-";"-";"-";"-";"<E>";" avoir";"un sale";"caractère";"<E>";"<E>";"<E>";"-";"-";"-";"+";"+";"+";"-";"§a§un sale caractère "
"82";"+";"-";"-";"-";"-";"-";"-";"-";"<E>";" avoir";"un";"caractère";"<E>";"<E>";"Adj";"-";"-";"-";"-";"-";"-";"-";"§a§un caractère Adj "
"83";"-";"+";"-";"-";"-";"-";"-";"-";"<E>";" avoir";"un";"caractère";"<E>";"<E>";"Adj";"-";"-";"-";"-";"-";"-";"-";"§a§un caractère Adj "
"84";"+";"-";"-";"-";"-";"-";"-";"-";"<E>";" avoir";"un";"caractère";"de";"<E>";"cochon";"-";"-";"-";"-";"-";"-";"-";"§a§un caractère de cochon "
"85";"+";"-";"-";"-";"-";"-";"-";"-";"<E>";" avoir";"un";"caractère";"<E>";"<E>";"enjoué";"-";"-";"-";"-";"-";"-";"-";"§a§un caractère enjoué "
"86";"-";"+";"-";"-";"-";"-";"-";"-";"<E>";" avoir";"un";"caractère";"<E>";"<E>";"scandaleux";"-";"-";"-";"-";"-";"-";"-";"§a§un caractère scandaleux "
"87";"-";"+";"-";"-";"-";"-";"-";"-";"<E>";" avoir";"un";"caractère";"<E>";"<E>";"technique";"-";"-";"-";"-";"-";"-";"-";"§a§un caractère technique "
"88";"-";"+";"-";"-";"-";"-";"-";"-";"<E>";" avoir";"libre";"carrière";"<E>";"<E>";"<E>";"-";"-";"-";"-";"+";"+";"+";"§a§libre carrière "
"89";"+";"-";"-";"-";"-";"-";"-";"-";"<E>";" avoir";"Dnum";"casquettes";"<E>";"<E>";"<E>";"-";"-";"+";"+";"+";"+";"+";"§a§Dnum casquettes "
"90";"+";"-";"-";"-";"-";"-";"-";"-";"<E>";" avoir";"plusieurs";"casquettes";"<E>";"<E>";"<E>";"-";"-";"+";"+";"+";"+";"+";"§a§plusieurs casquettes "
"91";"+";"-";"-";"-";"-";"-";"-";"-";"<E>";" avoir";"la";"ceinture";"<E>";"<E>";"<E>";"-";"-";"-";"-";"-";"-";"-";"§a§la ceinture "
"92";"+";"-";"-";"-";"-";"-";"-";"+";"n'";" avoir";"de";"cervelle";"<E>";"<E>";"<E>";"-";"-";"-";"-";"-";"-";"-";"§n'a§de cervelle "
"93";"+";"-";"-";"-";"-";"-";"-";"-";"<E>";" avoir";"la";"chair";"de";"<E>";"poule";"-";"-";"-";"-";"-";"+";"-";"§a§la chair de poule "
"94";"+";"-";"-";"-";"-";"-";"-";"-";"<E>";" avoir";"des";"chances";"de";"<E>";"réussite";"-";"-";"-";"-";"+";"+";"-";"§a§des chances de réussite "
"95";"+";"-";"-";"-";"-";"-";"-";"-";"<E>";" avoir";"des";"chances";"de";"<E>";"succès";"-";"-";"-";"-";"+";"+";"-";"§a§des chances de succès "
"96";"+";"-";"-";"-";"-";"-";"-";"-";"<E>";" avoir";"<E>";"charge";"de";"<E>";"âme";"-";"-";"-";"-";"-";"+";"-";"§a§charge d'âme "
"97";"+";"-";"-";"-";"-";"-";"-";"-";"<E>";" avoir";"la";"charge";"de";"Dnum";"enfant";"-";"-";"-";"-";"+";"+";"-";"§a§la charge de Dnum enfant "
"98";"+";"-";"-";"-";"-";"-";"-";"-";"<E>";" avoir";"la";"charge";"de";"Poss0";"mère";"-";"-";"-";"-";"+";"+";"-";"§a§la charge de sa mère "
"99";"+";"-";"-";"-";"-";"-";"-";"-";"<E>";" avoir";"la";"charge";"de";"Poss0 vieille";"mère";"-";"-";"-";"-";"+";"+";"-";"§a§la charge de sa vieille mère "
"100";"+";"-";"-";"-";"-";"-";"-";"-";"<E>";" avoir";"la";"charge";"de";"Poss0";"parents";"-";"-";"-";"-";"+";"+";"-";"§a§la charge de ses parents "
"101";"+";"-";"-";"-";"-";"-";"-";"-";"<E>";" avoir";"la";"charge";"de";"Poss0 vieux";"parents";"-";"-";"-";"-";"+";"+";"-";"§a§la charge de ses vieux parents "
"102";"+";"-";"-";"-";"-";"-";"-";"-";"<E>";" avoir";"la";"charge";"de";"Poss0 vieux";"père";"-";"-";"-";"-";"+";"+";"-";"§a§la charge de son vieux père "
"103";"+";"-";"-";"-";"-";"-";"-";"-";"<E>";" avoir";"la";"charge";"de";"Poss0";"père";"-";"-";"-";"-";"+";"+";"-";"§a§la charge de son père "
"104";"+";"+";"-";"-";"-";"-";"-";"-";"<E>";" avoir";"Poss0";"charme";"<E>";"<E>";"<E>";"-";"-";"+";"-";"+";"+";"-";"§a§son charme "
"105";"+";"-";"-";"-";"-";"-";"-";"-";"<E>";" avoir";"<E>";"chaud";"<E>";"<E>";"<E>";"-";"-";"-";"-";"-";"+";"-";"§a§chaud "
"106";"+";"-";"-";"-";"+";"-";"-";"-";"l'";" avoir";"<E>";"cherché";"<E>";"<E>";"<E>";"-";"-";"-";"-";"-";"-";"-";"§l'a§cherché "
"107";"+";"-";"-";"-";"-";"-";"-";"-";"<E>";" avoir";"du";"chien";"<E>";"<E>";"<E>";"-";"-";"+";"-";"+";"+";"-";"§a§du chien "
"108";"+";"-";"-";"-";"-";"-";"-";"-";"<E>";" avoir";"les";"chocotes";"<E>";"<E>";"<E>";"-";"-";"-";"-";"+";"+";"-";"§a§les chocotes "
"109";"+";"-";"-";"-";"-";"-";"-";"+";"n'";" avoir";"le";"choix";"<E>";"<E>";"<E>";"-";"-";"-";"-";"-";"+";"-";"§n'a§le choix "
"110";"+";"-";"-";"-";"-";"-";"-";"-";"<E>";" avoir";"le";"choix";"de";"les";"armes";"-";"-";"-";"-";"+";"+";"-";"§a§le choix des armes "
"111";"+";"-";"-";"-";"-";"-";"-";"-";"<E>";" avoir";"bon";"coeur";"<E>";"<E>";"<E>";"-";"-";"-";"-";"-";"-";"-";"§a§bon coeur "
"112";"+";"-";"-";"-";"-";"-";"-";"-";"<E>";" avoir";"du";"coeur";"<E>";"<E>";"<E>";"-";"-";"-";"-";"+";"-";"-";"§a§du coeur "
"113";"+";"-";"-";"-";"-";"-";"-";"-";"<E>";" avoir";"un";"coeur";"de";"<E>";"artichaud";"-";"-";"-";"-";"+";"+";"-";"§a§un coeur d'artichaud "
"114";"+";"-";"-";"-";"-";"-";"-";"-";"<E>";" avoir";"un";"coeur";"de";"<E>";"marbre";"-";"-";"-";"-";"+";"+";"-";"§a§un coeur de marbre "
"115";"+";"-";"-";"-";"-";"-";"-";"-";"<E>";" avoir";"un";"coeur";"de";"<E>";"or";"-";"-";"-";"-";"+";"+";"-";"§a§un coeur d'or "
"116";"+";"-";"-";"-";"-";"-";"-";"-";"<E>";" avoir";"un";"coeur";"de";"<E>";"pierre";"-";"-";"-";"-";"+";"+";"-";"§a§un coeur de pierre "
"117";"+";"-";"-";"-";"-";"-";"-";"-";"<E>";" avoir";"un";"coeur";"de";"<E>";"vipère";"-";"-";"-";"-";"+";"+";"-";"§a§un coeur de vipère "
"118";"+";"-";"-";"-";"-";"-";"-";"-";"<E>";" avoir";"du";"coffre";"<E>";"<E>";"<E>";"-";"-";"+";"-";"+";"+";"-";"§a§du coffre "
"119";"+";"-";"-";"-";"-";"-";"-";"-";"<E>";" avoir";"la";"communication";"<E>";"<E>";"<E>";"-";"-";"-";"-";"-";"-";"-";"§a§la communication "
"120";"+";"-";"-";"-";"-";"-";"-";"-";"<E>";" avoir";"Poss0";"compte";"<E>";"<E>";"<E>";"-";"-";"+";"-";"-";"+";"+";"§a§son compte "
"121";"+";"-";"-";"-";"-";"-";"-";"-";"<E>";" avoir";"un";"compte";"en";"<E>";"Suisse";"-";"-";"-";"-";"-";"-";"-";"§a§un compte en Suisse "
"122";"+";"-";"-";"-";"-";"-";"-";"-";"<E>";" avoir";"<E>";"congé";"<E>";"<E>";"<E>";"-";"-";"-";"-";"-";"+";"-";"§a§congé "
"123";"+";"-";"-";"-";"-";"-";"-";"-";"<E>";" avoir";"toute Poss0";"connaissance";"<E>";"<E>";"<E>";"-";"-";"-";"-";"+";"-";"-";"§a§toute soa connaissance "
"124";"+";"-";"-";"-";"-";"-";"-";"-";"<E>";" avoir";"bonne";"conscience";"<E>";"<E>";"<E>";"-";"-";"-";"+";"+";"+";"-";"§a§bonne conscience "
"125";"+";"-";"-";"-";"-";"-";"-";"-";"<E>";" avoir";"mauvaise";"conscience";"<E>";"<E>";"<E>";"-";"-";"-";"+";"+";"+";"-";"§a§mauvaise conscience "
"126";"+";"-";"-";"-";"-";"-";"-";"-";"<E>";" avoir";"toute Poss0";"conscience";"<E>";"<E>";"<E>";"-";"-";"-";"-";"+";"-";"-";"§a§toute sa conscience "
"127";"+";"+";"-";"-";"-";"-";"-";"-";"<E>";" avoir";"un";"contretemps";"<E>";"<E>";"<E>";"-";"-";"-";"-";"-";"-";"-";"§a§un contretemps "
"128";"+";"-";"-";"-";"-";"-";"-";"-";"<E>";" avoir";"de la";"conversation";"<E>";"<E>";"<E>";"-";"-";"-";"-";"-";"+";"-";"§a§de la conversation "
"129";"+";"-";"-";"+";"-";"-";"-";"-";"en";" avoir";"une";"couche";"<E>";"<E>";"<E>";"-";"-";"-";"-";"+";"-";"-";"§en a§une couche "
"130";"+";"-";"-";"-";"-";"-";"-";"-";"<E>";" avoir";"des";"couilles";"<E>";"<E>";"<E>";"-";"-";"-";"-";"-";"+";"-";"§a§des couilles "
"131";"+";"-";"-";"-";"-";"-";"-";"-";"<E>";" avoir";"de belles";"couleurs";"<E>";"<E>";"<E>";"-";"-";"-";"+";"+";"+";"-";"§a§de belles couleurs "
"132";"+";"-";"-";"-";"-";"-";"-";"-";"<E>";" avoir";"de bonnes";"couleurs";"<E>";"<E>";"<E>";"-";"-";"-";"+";"+";"+";"-";"§a§de bonnes couleurs "
"133";"+";"-";"-";"-";"-";"-";"-";"-";"<E>";" avoir";"un bon";"coup";"de";"<E>";"fourchette";"-";"-";"-";"-";"+";"+";"-";"§a§un bon coup de fourchette "
"134";"+";"-";"-";"-";"-";"-";"-";"-";"<E>";" avoir";"un sacré";"coup";"de";"<E>";"fourchette";"-";"-";"-";"-";"+";"+";"-";"§a§un sacré coup de fourchette "
"135";"+";"-";"-";"-";"-";"-";"-";"-";"<E>";" avoir";"un solide";"coup";"de";"<E>";"fourchette";"-";"-";"-";"-";"+";"+";"-";"§a§un solide coup de fourchette "
"136";"+";"+";"+";"-";"-";"-";"-";"-";"<E>";" avoir";"le";"coup";"de";"<E>";"grâce";"-";"-";"-";"-";"-";"+";"+";"§a§le coup de grâce "
"137";"+";"-";"-";"-";"-";"-";"-";"-";"<E>";" avoir";"un";"coup";"de";"<E>";"sang";"-";"-";"-";"-";"-";"+";"-";"§a§un coup de sang "
"138";"+";"-";"-";"-";"-";"-";"-";"-";"<E>";" avoir";"le";"courage";"de";"Poss0";"opinions";"-";"-";"-";"+";"+";"+";"+";"§a§le courage de sesz opinions "
"139";"-";"+";"-";"-";"-";"-";"-";"-";"<E>";" avoir";"<E>";"cours";"<E>";"<E>";"<E>";"-";"-";"-";"-";"+";"+";"-";"§a§cours "
"140";"-";"+";"-";"-";"-";"-";"-";"-";"<E>";" avoir";"libre";"cours";"<E>";"<E>";"<E>";"-";"-";"-";"-";"-";"+";"+";"§a§libre cours "
"141";"+";"-";"+";"-";"-";"-";"-";"-";"<E>";" avoir";"la";"crainte";"de";"le";"gendarme";"+";"-";"-";"-";"-";"+";"-";"§a§la crainte du gendarme "
"142";"+";"-";"+";"-";"-";"-";"-";"-";"<E>";" avoir";"la";"crainte";"de";"le";"lendemain";"+";"-";"-";"-";"-";"+";"-";"§a§la crainte du lendemain "
"143";"+";"-";"-";"-";"-";"-";"-";"-";"<E>";" avoir";"de fausses";"craintes";"<E>";"<E>";"<E>";"+";"-";"+";"-";"+";"+";"-";"§a§de fausses craintes "
"144";"+";"-";"-";"-";"-";"-";"-";"-";"<E>";" avoir";"un";"creux";"<E>";"<E>";"<E>";"-";"-";"-";"-";"+";"+";"-";"§a§un creux "
"145";"+";"-";"-";"-";"-";"-";"-";"-";"<E>";" avoir";"les";"crocs";"<E>";"<E>";"<E>";"-";"-";"-";"-";"+";"+";"-";"§a§les crocs "
"146";"+";"-";"-";"-";"-";"-";"-";"-";"<E>";" avoir";"la";"dalle";"<E>";"<E>";"<E>";"-";"-";"-";"-";"+";"+";"-";"§a§la dalle "
"147";"+";"-";"-";"-";"-";"-";"-";"-";"<E>";" avoir";"que";"dalle";"<E>";"<E>";"<E>";"-";"-";"+";"+";"+";"+";"+";"§a§que dalle "
"148";"+";"-";"-";"-";"-";"-";"-";"-";"<E>";" avoir";"la";"danse";"de";"Saint";"Guy";"-";"-";"-";"-";"-";"+";"-";"§a§la danse de Saint Guy "
"149";"+";"-";"-";"-";"-";"-";"-";"-";"<E>";" avoir";"de la";"défense";"<E>";"<E>";"<E>";"-";"-";"-";"+";"+";"+";"-";"§a§de la défense "
"150";"+";"-";"-";"-";"-";"-";"-";"-";"<E>";" avoir";"une";"délégation";"de";"<E>";"signature";"-";"-";"+";"-";"+";"+";"+";"§a§une délégation de signature "
"151";"+";"-";"-";"-";"-";"-";"-";"-";"<E>";" avoir";"de bonnes";"dents";"<E>";"<E>";"<E>";"-";"-";"-";"-";"+";"+";"-";"§a§de bonnes dents "
"152";"+";"-";"-";"-";"-";"-";"-";"-";"<E>";" avoir";"une bonne";"descente";"<E>";"<E>";"<E>";"-";"-";"-";"-";"+";"-";"-";"§a§une bonne descente "
"153";"+";"-";"-";"-";"-";"-";"-";"-";"<E>";" avoir";"une drôle de";"descente";"<E>";"<E>";"<E>";"-";"-";"-";"-";"+";"-";"-";"§a§une drôle de descente "
"154";"+";"-";"-";"-";"-";"-";"-";"-";"<E>";" avoir";"une sacrée";"descente";"<E>";"<E>";"<E>";"-";"-";"-";"-";"+";"-";"-";"§a§une sacrée descente "
"155";"+";"-";"-";"-";"-";"-";"-";"-";"<E>";" avoir";"des";"desiderata";"<E>";"<E>";"<E>";"-";"-";"-";"-";"+";"+";"-";"§a§des desiderata "
"156";"+";"-";"-";"-";"-";"-";"-";"+";"n'";" avoir que";"un";"désir ";"<E>";"<E>";"P";"-";"-";"-";"-";"-";"-";"-";"§n'a que§un désir P "
"157";"+";"-";"-";"-";"-";"-";"-";"-";"<E>";" avoir";"<E>";"Dnum";"de";"<E>";"fièvre";"-";"-";"-";"-";"+";"+";"-";"§a§Dnum de fièvre "
"158";"+";"-";"-";"-";"-";"-";"-";"-";"<E>";" avoir";"<E>";"Dnum";"de";"<E>";"température";"-";"-";"-";"-";"+";"+";"-";"§a§Dnum de température "
"159";"+";"-";"-";"-";"-";"-";"-";"-";"<E>";" avoir";"bon";"dos";"<E>";"<E>";"<E>";"-";"-";"-";"-";"-";"-";"-";"§a§bon dos "
"160";"+";"-";"-";"+";"-";"-";"-";"-";"en";" avoir";"une";"dose";"<E>";"<E>";"<E>";"-";"-";"-";"-";"+";"-";"-";"§en a§une dose "
"161";"+";"-";"-";"-";"-";"-";"-";"-";"<E>";" avoir";"une bonne";"dose";"de";"<E>";"humour";"-";"-";"-";"-";"+";"-";"-";"§a§une bonne dose d'humour "
"162";"+";"-";"-";"-";"-";"-";"-";"-";"<E>";" avoir";"une bonne";"dose";"de";"<E>";"inconscience";"-";"-";"-";"-";"+";"-";"-";"§a§une bonne dose d'inconscience "
"163";"+";"-";"-";"-";"-";"-";"-";"-";"<E>";" avoir";"plus que";"doublé";"<E>";"ses";"gains";"-";"-";"-";"-";"-";"-";"-";"§a§plus que doublé ses gains "
"164";"+";"-";"-";"-";"-";"-";"-";"-";"<E>";" avoir";"tous les";"droits";"<E>";"<E>";"<E>";"-";"-";"-";"-";"-";"-";"-";"§a§tous les droits "
"165";"+";"-";"-";"-";"-";"-";"-";"-";"<E>";" avoir";"la";"eau";"<E>";"<E>";"<E>";"-";"-";"-";"-";"-";"-";"-";"§a§l'eau "
"166";"+";"+";"-";"-";"-";"-";"-";"-";"<E>";" avoir";"une certaine";"écoute";"<E>";"<E>";"<E>";"-";"-";"-";"+";"+";"+";"-";"§a§une certaine écoute "
"167";"+";"+";"-";"-";"-";"-";"-";"+";"n'";" avoir";"de";"égal";"<E>";"<E>";"<E>";"-";"-";"-";"-";"-";"-";"-";"§n'a§d'égal "
"168";"+";"+";"-";"-";"-";"-";"-";"+";"n'";" avoir";"Poss0";"égal";"<E>";"<E>";"<E>";"-";"-";"-";"-";"+";"+";"-";"§n'a§son égal "
"169";"+";"-";"-";"-";"-";"-";"-";"-";"<E>";" avoir";"la";"électricité";"<E>";"<E>";"<E>";"-";"-";"-";"-";"-";"-";"-";"§a§l'électricité "
"170";"+";"-";"-";"-";"-";"-";"-";"-";"<E>";" avoir";"le";"embarras";"de";"le";"choix";"-";"-";"-";"-";"-";"+";"-";"§a§l'embarras du choix "
"171";"+";"-";"-";"-";"-";"-";"-";"-";"<E>";" avoir";"une";"enfance";"<E>";"<E>";"protégée";"-";"+";"-";"-";"-";"-";"-";"§a§une enfance protégée "
"172";"+";"-";"-";"-";"-";"-";"-";"-";"<E>";" avoir";"Dnum";"enfant";"<E>";"<E>";"<E>";"-";"-";"-";"-";"-";"-";"-";"§a§Dnum enfant "
"173";"+";"-";"-";"-";"-";"-";"-";"-";"<E>";" avoir";"<E>";"envie";"de";"<E>";"changer les choses";"-";"-";"-";"-";"-";"+";"-";"§a§envie de changer les choses "
"174";"+";"-";"-";"-";"-";"-";"-";"-";"<E>";" avoir";"<E>";"envie";"de";"bien";"faire";"-";"-";"-";"-";"-";"+";"-";"§a§envie de bien fait "
"175";"+";"-";"-";"-";"-";"-";"-";"-";"<E>";" avoir";"<E>";"envie";"de";"<E>";"faire du mal";"-";"-";"-";"-";"-";"+";"-";"§a§envie de fait du mal "
"176";"+";"-";"-";"-";"-";"-";"-";"+";"n'";" avoir que";"une";"envie ";"<E>";"<E>";"P";"-";"-";"-";"-";"-";"-";"-";"§n'a que§une envie P "
"177";"+";"-";"-";"-";"-";"-";"-";"-";"<E>";" avoir";"des";"envies";"<E>";"<E>";"<E>";"-";"-";"-";"-";"-";"+";"-";"§a§des envies "
"178";"+";"-";"-";"-";"-";"-";"-";"-";"<E>";" avoir";"des";"envies";"de";"<E>";"meurtre";"-";"-";"-";"-";"-";"+";"-";"§a§des envies de meurtre "
"179";"-";"+";"-";"-";"-";"-";"-";"+";"n'";" avoir";"aucune";"espèce";"de";"<E>";"importance";"-";"-";"-";"-";"+";"+";"-";"§n'a§aucune espèce d'importance "
"180";"+";"-";"-";"-";"-";"-";"-";"-";"<E>";" avoir";"de le";"esprit";"<E>";"<E>";"<E>";"-";"-";"-";"-";"-";"+";"-";"§a§de l'esprit "
"181";"+";"-";"-";"-";"-";"-";"-";"-";"<E>";" avoir";"bon";"esprit";"<E>";"<E>";"<E>";"-";"-";"-";"-";"-";"+";"-";"§a§bon esprit "
"182";"+";"-";"-";"-";"-";"-";"-";"-";"<E>";" avoir";"mauvais";"esprit";"<E>";"<E>";"<E>";"-";"-";"-";"-";"-";"+";"-";"§a§mauvais esprit "
"183";"+";"-";"-";"-";"-";"-";"-";"-";"<E>";" avoir";"le";"esprit";"de";"le";"escalier";"-";"-";"+";"-";"+";"+";"-";"§a§l'esprit de l'escalier "
"184";"+";"-";"-";"-";"-";"-";"-";"-";"<E>";" avoir";"tous Poss0";"esprits";"<E>";"<E>";"<E>";"-";"-";"+";"-";"+";"-";"-";"§a§tous ses esprits "
"185";"+";"-";"-";"-";"-";"-";"-";"-";"<E>";" avoir";"de le";"estomac";"<E>";"<E>";"<E>";"-";"-";"-";"-";"-";"-";"-";"§a§de l'estomac "
"186";"+";"-";"-";"-";"-";"-";"-";"-";"<E>";" avoir";"une";"face";"de";"<E>";"rat";"-";"-";"+";"+";"+";"+";"-";"§a§une face de rat "
"187";"+";"-";"-";"-";"-";"-";"-";"-";"<E>";" avoir";"une certaine";"façon";"de";"<E>";"prendre les choses";"-";"-";"-";"-";"+";"+";"-";"§a§une certaine façon de prendre les choses "
"188";"+";"-";"-";"-";"-";"-";"-";"-";"<E>";" avoir";"une certaine";"façon";"de";"<E>";"voir les choses";"-";"-";"-";"-";"+";"+";"-";"§a§une certaine façon de voir les choses "
"189";"+";"-";"-";"-";"-";"-";"-";"-";"<E>";" avoir";"<E>";"faim";"<E>";"<E>";"<E>";"-";"-";"-";"-";"-";"+";"-";"§a§faim "
"190";"+";"-";"-";"-";"-";"-";"-";"-";"<E>";" avoir";"grand";"faim";"<E>";"<E>";"<E>";"-";"-";"-";"-";"-";"+";"-";"§a§grand faim "
"191";"+";"-";"-";"-";"-";"-";"-";"-";"<E>";" avoir";"très";"faim";"<E>";"<E>";"<E>";"-";"-";"-";"-";"-";"+";"-";"§a§très faim "
"192";"+";"+";"-";"-";"-";"-";"-";"-";"<E>";" avoir";"la";"faveur";"de";"le";"public";"-";"-";"+";"-";"+";"-";"-";"§a§la faveur du public "
"193";"+";"-";"-";"-";"-";"-";"-";"-";"<E>";" avoir";"du";"feu";"<E>";"<E>";"<E>";"-";"-";"-";"-";"-";"+";"-";"§a§du feu "
"194";"+";"-";"-";"-";"-";"-";"-";"-";"<E>";" avoir";"le";"feu";"<E>";"<E>";"sacré";"-";"+";"+";"-";"-";"+";"-";"§a§le feu sacré "
"195";"+";"-";"-";"-";"-";"-";"-";"-";"<E>";" avoir";"de la";"fièvre";"<E>";"<E>";"<E>";"-";"-";"-";"-";"+";"+";"-";"§a§de la fièvre "
"196";"+";"-";"-";"-";"-";"-";"-";"+";"n'";" avoir";"un";"fifrelin";"<E>";"<E>";"<E>";"-";"-";"-";"-";"-";"+";"+";"§n'a§un fifrelin "
"197";"+";"-";"-";"-";"-";"-";"-";"-";"<E>";" avoir";"pauvre";"figure";"<E>";"<E>";"<E>";"-";"-";"-";"+";"+";"+";"-";"§a§pauvre figure "
"198";"+";"-";"-";"-";"-";"-";"-";"-";"<E>";" avoir";"piètre";"figure";"<E>";"<E>";"<E>";"-";"-";"-";"+";"+";"+";"-";"§a§piètre figure "
"199";"+";"-";"-";"-";"-";"-";"-";"-";"<E>";" avoir";"triste";"figure";"<E>";"<E>";"<E>";"-";"-";"-";"+";"+";"+";"-";"§a§triste figure "
"200";"+";"-";"-";"-";"-";"-";"-";"-";"<E>";" avoir";"la";"figure";"de";"le";"emploi";"-";"-";"+";"+";"+";"+";"-";"§a§la figure de l'emploi "
"201";"+";"-";"-";"-";"-";"-";"-";"-";"<E>";" avoir";"<E>";"figure";"<E>";"<E>";"humaine";"-";"-";"+";"+";"+";"+";"-";"§a§figure humaine "
"202";"+";"-";"-";"-";"-";"-";"-";"+";"n'";" avoir plus que";"un";"filet";"de";"<E>";"voix";"-";"-";"-";"-";"+";"-";"-";"§n'a plus que§un filet de voix "
"203";"+";"-";"-";"-";"-";"-";"-";"-";"<E>";" avoir";"Dnum";"fille";"<E>";"<E>";"<E>";"-";"-";"-";"-";"-";"-";"-";"§a§Dnum fille "
"204";"+";"-";"-";"-";"-";"-";"-";"-";"<E>";" avoir";"un";"flash";"<E>";"<E>";"back";"-";"-";"-";"-";"-";"-";"-";"§a§un flash back "
"205";"-";"+";"-";"-";"-";"-";"-";"-";"<E>";" avoir";"la";"foi";"<E>";"<E>";"<E>";"-";"-";"+";"-";"+";"+";"-";"§a§la foi "
"206";"-";"+";"-";"-";"-";"-";"-";"-";"<E>";" avoir";"la";"foi";"de";"le";"charbonnier";"-";"-";"-";"-";"+";"-";"-";"§a§la foi du charbonnier "
"207";"+";"-";"-";"-";"-";"-";"-";"-";"<E>";" avoir";"un bon";"fond";"<E>";"<E>";"<E>";"-";"-";"-";"+";"+";"+";"+";"§a§un bon fond "
"208";"+";"-";"-";"-";"-";"-";"-";"-";"<E>";" avoir";"un mauvais";"fond";"<E>";"<E>";"<E>";"-";"-";"-";"+";"+";"+";"+";"§a§un mauvais fond "
"209";"-";"+";"-";"-";"-";"-";"-";"-";"<E>";" avoir";"du bien";"fondé";"<E>";"<E>";"<E>";"-";"-";"+";"-";"+";"+";"-";"§a§du bien fondé "
"210";"-";"+";"-";"-";"-";"-";"-";"-";"<E>";" avoir";"<E>";"force";"<E>";"<E>";"exécutoire";"-";"-";"+";"+";"+";"+";"+";"§a§force exécutoire "
"211";"+";"-";"-";"-";"-";"-";"-";"+";"n'";" avoir";"la";"force";"de";"<E>";"lever le petit doigt";"-";"-";"-";"+";"+";"+";"-";"§n'a§la force de lever le petit doigt "
"212";"-";"+";"-";"-";"-";"-";"-";"-";"<E>";" avoir";"<E>";"force";"de";"<E>";"loi";"-";"-";"+";"+";"+";"+";"+";"§a§force de loi "
"213";"+";"-";"-";"-";"-";"-";"-";"-";"<E>";" avoir";"la grande";"forme";"<E>";"<E>";"<E>";"-";"-";"+";"-";"+";"+";"-";"§a§la grande forme "
"214";"+";"+";"-";"-";"-";"-";"-";"-";"<E>";" avoir";"des";"fortunes";"<E>";"<E>";"diverses";"-";"-";"-";"-";"-";"-";"-";"§a§des fortunes diverses "
"215";"+";"-";"-";"-";"-";"-";"-";"-";"<E>";" avoir";"le";"frisson";"<E>";"<E>";"<E>";"-";"-";"-";"-";"-";"+";"-";"§a§le frisson "
"216";"+";"-";"-";"-";"-";"-";"-";"-";"<E>";" avoir";"le grand";"frisson";"<E>";"<E>";"<E>";"-";"-";"-";"-";"-";"+";"-";"§a§le grand frisson "
"217";"+";"-";"-";"-";"-";"-";"-";"-";"<E>";" avoir";"un";"frisson";"de";"<E>";"joie";"-";"-";"-";"-";"-";"+";"-";"§a§un frisson de joie "
"218";"+";"-";"-";"-";"-";"-";"-";"-";"<E>";" avoir";"un";"frisson";"de";"<E>";"Nsent";"-";"-";"-";"-";"-";"+";"-";"§a§un frisson de Nsent "
"219";"+";"-";"-";"-";"-";"-";"-";"-";"<E>";" avoir";"un";"frisson";"de";"<E>";"rage";"-";"-";"-";"-";"-";"+";"-";"§a§un frisson de rage "
"220";"+";"-";"-";"-";"-";"-";"-";"-";"<E>";" avoir";"la";"frite";"<E>";"<E>";"<E>";"-";"-";"-";"+";"+";"+";"-";"§a§la frite "
"221";"+";"-";"-";"-";"-";"-";"-";"-";"<E>";" avoir";"<E>";"froid";"<E>";"<E>";"<E>";"-";"-";"-";"-";"-";"+";"-";"§a§froid "
"222";"+";"-";"-";"-";"-";"-";"-";"-";"<E>";" avoir";"très";"froid";"<E>";"<E>";"<E>";"-";"-";"-";"-";"-";"+";"-";"§a§très froid "
"223";"-";"+";"-";"-";"-";"-";"-";"+";"n'";" avoir";"de";"frontière";"<E>";"<E>";"<E>";"-";"-";"-";"-";"-";"-";"-";"§n'a§de frontière "
"224";"+";"-";"-";"-";"-";"-";"-";"+";"n'";" avoir pas";"la";"gale";"<E>";"<E>";"<E>";"-";"-";"-";"-";"-";"-";"-";"§n'a pas§la gale "
"225";"+";"-";"-";"-";"-";"-";"-";"-";"<E>";" avoir";"Dnum";"garçon";"<E>";"<E>";"<E>";"-";"-";"-";"-";"-";"-";"-";"§a§Dnum garçon "
"226";"+";"-";"-";"-";"-";"-";"-";"-";"<E>";" avoir";"la";"garde";"de";"les";"enfants";"-";"-";"+";"+";"+";"+";"+";"§a§la garde des enfants "
"227";"+";"-";"-";"-";"-";"-";"-";"-";"<E>";" avoir";"le";"gaz";"<E>";"<E>";"<E>";"-";"-";"-";"-";"-";"-";"-";"§a§le gaz "
"228";"+";"+";"-";"-";"-";"-";"-";"-";"<E>";" avoir";"bon";"genre";"<E>";"<E>";"<E>";"-";"-";"-";"-";"+";"+";"-";"§a§bon genre "
"229";"+";"+";"-";"-";"-";"-";"-";"-";"<E>";" avoir";"mauvais";"genre";"<E>";"<E>";"<E>";"-";"-";"-";"-";"+";"+";"-";"§a§mauvais genre "
"230";"+";"+";"-";"-";"-";"-";"-";"-";"<E>";" avoir";"un";"genre";"<E>";"<E>";"<E>";"-";"-";"+";"-";"+";"+";"-";"§a§un genre "
"231";"+";"+";"-";"-";"-";"-";"-";"-";"<E>";" avoir";"du";"genre";"<E>";"<E>";"<E>";"-";"-";"+";"-";"+";"+";"-";"§a§du genre "
"232";"-";"+";"-";"-";"-";"-";"-";"+";"n'";" avoir";"de";"goût";"<E>";"<E>";"<E>";"-";"-";"-";"-";"-";"-";"-";"§n'a§de goût "
"233";"+";"-";"-";"-";"-";"-";"-";"-";"<E>";" avoir";"le";"goût";"de";"les belles";"choses";"-";"-";"+";"+";"+";"+";"-";"§a§le goût des belles choses "
"234";"-";"+";"-";"-";"-";"-";"-";"-";"<E>";" avoir";"un";"goût";"de";"<E>";"revenez-y";"-";"-";"+";"+";"+";"+";"-";"§a§un goût de revenez-y "
"235";"-";"+";"-";"-";"-";"-";"-";"-";"<E>";" avoir";"un";"goût";"de";"<E>";"reviens-y";"-";"-";"+";"+";"+";"+";"-";"§a§un goût de reviens-y "
"236";"+";"-";"-";"-";"-";"-";"-";"-";"<E>";" avoir";"le";"goût";"de";"le";"travail bien fait";"-";"-";"+";"+";"+";"+";"-";"§a§le goût du travail bien fait "
"237";"+";"-";"-";"-";"-";"-";"-";"-";"<E>";" avoir";"<E>";"goût";"à";"la";"vie";"-";"-";"+";"+";"+";"+";"-";"§a§goût à la vie "
"238";"+";"-";"-";"-";"-";"-";"-";"-";"<E>";" avoir";"le";"goût";"de";"<E>";"vivre";"-";"-";"+";"+";"+";"+";"-";"§a§le goût de vivre "
"239";"+";"-";"-";"-";"-";"-";"-";"-";"<E>";" avoir";"un";"grain";"<E>";"<E>";"<E>";"-";"-";"+";"-";"+";"+";"-";"§a§un grain "
"240";"+";"-";"-";"+";"-";"-";"-";"-";"en";" avoir";"un";"grain";"<E>";"<E>";"<E>";"-";"-";"+";"-";"+";"+";"-";"§en a§un grain "
"241";"+";"-";"-";"-";"-";"-";"-";"+";"n'";" avoir pas";"un";"grain";"de";"bon";"sens";"-";"-";"-";"-";"-";"-";"-";"§n'a pas§un grain de bon sens "
"242";"+";"+";"-";"-";"-";"-";"-";"-";"<E>";" avoir";"une sale";"gueule";"<E>";"<E>";"<E>";"-";"-";"+";"+";"+";"+";"-";"§a§une sale gueule "
"243";"+";"-";"-";"-";"-";"-";"-";"-";"<E>";" avoir";"une sale";"gueule";"<E>";"<E>";"<E>";"-";"-";"+";"+";"+";"+";"-";"§a§une sale gueule "
"244";"+";"-";"-";"-";"-";"-";"-";"-";"<E>";" avoir";"une belle";"gueule";"<E>";"<E>";"<E>";"-";"-";"+";"+";"+";"+";"-";"§a§une belle gueule "
"245";"+";"+";"-";"-";"-";"-";"-";"-";"<E>";" avoir";"une drôle de";"gueule";"<E>";"<E>";"<E>";"-";"-";"+";"+";"+";"+";"-";"§a§une drôle de gueule "
"246";"+";"+";"-";"-";"-";"-";"-";"-";"<E>";" avoir";"de la";"gueule";"<E>";"<E>";"<E>";"-";"-";"+";"+";"+";"+";"-";"§a§de la gueule "
"247";"+";"-";"-";"-";"-";"-";"-";"-";"<E>";" avoir";"une";"gueule";"de";"<E>";"con";"-";"-";"+";"+";"+";"+";"-";"§a§une gueule de con "
"248";"+";"-";"-";"-";"-";"-";"-";"-";"<E>";" avoir";"la";"gueule";"de";"le";"emploi";"-";"-";"+";"+";"+";"+";"-";"§a§la gueule de l'emploi "
"249";"+";"-";"-";"-";"-";"-";"-";"-";"<E>";" avoir";"une";"gueule";"de";"<E>";"enfoiré";"-";"-";"+";"+";"+";"+";"-";"§a§une gueule d'enfoiré "
"250";"+";"-";"-";"-";"-";"-";"-";"-";"<E>";" avoir";"Poss0";"gueule";"de";"les mauvais";"jours";"-";"-";"+";"+";"+";"+";"-";"§a§sa gueule des mauvais jours "
"251";"+";"-";"-";"-";"-";"-";"-";"-";"<E>";" avoir";"Poss0";"gueule";"de";"les grands";"jours";"-";"-";"+";"+";"+";"+";"-";"§a§sa gueule des grands jours "
"252";"+";"-";"-";"-";"-";"-";"-";"-";"<E>";" avoir";"une";"gueule";"de";"<E>";"rat";"-";"-";"+";"+";"+";"+";"-";"§a§une gueule de rat "
"253";"+";"-";"-";"-";"-";"-";"-";"-";"<E>";" avoir";"la";"habitude de voir Dét choses";"<E>";"<E>";"<E>";"-";"-";"+";"+";"+";"+";"-";"§a§l'habitude de voir Dét choses "
"254";"+";"-";"-";"-";"-";"-";"-";"-";"<E>";" avoir";"la";"habitude d'entendre Dét choses";"<E>";"<E>";"<E>";"-";"-";"+";"+";"+";"+";"-";"§a§l'habitude d'entendre Dét choses "
"255";"+";"-";"+";"-";"-";"-";"-";"-";"<E>";" avoir";"la";"heure";"<E>";"<E>";"<E>";"-";"-";"-";"-";"+";"+";"-";"§a§l'heure "
"256";"+";"+";"-";"-";"-";"-";"-";"-";"<E>";" avoir";"Poss0";"heure";"<E>";"<E>";"<E>";"-";"-";"-";"-";"-";"-";"-";"§a§son heure "
"257";"+";"+";"-";"-";"-";"-";"-";"+";"n'";" avoir pas";"de";"heure";"<E>";"<E>";"<E>";"-";"-";"-";"-";"-";"-";"-";"§n'a pas§d'heure "
"258";"+";"+";"-";"-";"-";"-";"-";"-";"<E>";" avoir";"Poss0";"heure";"de";"<E>";"célébrité";"-";"-";"-";"-";"-";"-";"-";"§a§son heure de célébrité "
"259";"+";"-";"+";"-";"-";"-";"-";"-";"<E>";" avoir";"la";"heure";"<E>";"<E>";"exacte";"-";"-";"-";"-";"+";"+";"-";"§a§l'heure exacte "
"260";"+";"+";"-";"-";"-";"-";"-";"-";"<E>";" avoir";"Poss0";"heure";"de";"<E>";"gloire";"-";"-";"-";"-";"-";"-";"-";"§a§son heure de gloire "
"261";"+";"-";"+";"-";"-";"-";"-";"-";"<E>";" avoir";"la";"heure";"<E>";"<E>";"juste";"-";"-";"-";"-";"+";"+";"-";"§a§l'heure juste "
"262";"+";"-";"-";"-";"-";"-";"-";"-";"<E>";" avoir";"des";"heures";"de";"<E>";"réception";"-";"-";"-";"-";"-";"-";"-";"§a§des heures de réception "
"263";"+";"+";"-";"-";"-";"-";"-";"-";"<E>";" avoir";"Dnum";"heures";"de";"<E>";"vol";"-";"-";"-";"-";"+";"+";"-";"§a§Dnum heures de vol "
"264";"+";"+";"-";"-";"-";"-";"-";"-";"<E>";" avoir";"de la";"idée";"<E>";"<E>";"<E>";"-";"-";"-";"-";"-";"-";"-";"§a§de l'idée "
"265";"+";"-";"-";"-";"-";"-";"-";"-";"<E>";" avoir";"des";"idées";"<E>";"<E>";"<E>";"-";"-";"-";"-";"+";"+";"-";"§a§des idées "
"266";"+";"-";"-";"-";"-";"-";"-";"-";"<E>";" avoir";"Poss0";"idées";"<E>";"<E>";"<E>";"-";"-";"-";"+";"+";"+";"+";"§a§son idées "
"267";"+";"-";"-";"-";"-";"-";"-";"-";"<E>";" avoir";"des";"idées";"<E>";"<E>";"folles";"-";"-";"-";"-";"+";"+";"-";"§a§des idées folles "
"268";"+";"-";"-";"-";"-";"-";"-";"-";"<E>";" avoir";"une belle";"inconscience";"<E>";"<E>";"<E>";"-";"-";"-";"-";"+";"-";"-";"§a§une belle inconscience "
"269";"+";"-";"-";"-";"-";"-";"-";"-";"<E>";" avoir";"le";"indispensable";"<E>";"<E>";"<E>";"-";"-";"-";"-";"-";"-";"+";"§a§l'indispensable "
"270";"+";"-";"+";"-";"-";"-";"-";"-";"<E>";" avoir";"de la";"initiative";"<E>";"<E>";"<E>";"-";"-";"-";"-";"-";"+";"-";"§a§de l'initiative "
"271";"-";"+";"-";"-";"-";"-";"-";"-";"<E>";" avoir";"un grand";"intérêt";"<E>";"<E>";"<E>";"-";"-";"-";"+";"+";"+";"-";"§a§un grand intérêt "
"272";"-";"+";"-";"-";"-";"-";"-";"-";"<E>";" avoir";"un gros";"intérêt";"<E>";"<E>";"<E>";"-";"-";"-";"+";"+";"+";"-";"§a§un gros intérêt "
"273";"-";"+";"-";"-";"-";"-";"-";"+";"n'";" avoir pas";"grand";"intérêt";"<E>";"<E>";"<E>";"-";"-";"-";"+";"+";"+";"-";"§n'a pas§grand intérêt "
"274";"-";"+";"-";"-";"-";"-";"-";"+";"n'";" avoir pas";"gros";"intérêt";"<E>";"<E>";"<E>";"-";"-";"-";"+";"+";"+";"-";"§n'a pas§gros intérêt "
"275";"+";"+";"-";"-";"-";"-";"-";"+";"n'";" avoir que";"une";"issue";"<E>";"<E>";"<E>";"-";"-";"-";"-";"+";"+";"-";"§n'a que§une issue "
"276";"+";"-";"-";"-";"-";"-";"-";"-";"<E>";" avoir";"de bonnes";"jambes";"<E>";"<E>";"<E>";"-";"-";"-";"-";"+";"+";"-";"§a§de bonnes jambes "
"277";"+";"-";"-";"-";"-";"-";"-";"+";"n'";" avoir plus";"de";"jambes";"<E>";"<E>";"<E>";"-";"-";"-";"-";"-";"-";"-";"§n'a plus§de jambes "
"278";"+";"-";"-";"-";"-";"-";"-";"-";"<E>";" avoir";"Poss0";"jambes";"de";"vingt";"ans";"-";"-";"-";"-";"+";"+";"-";"§a§ses jambes de vingt ans "
"279";"+";"-";"-";"-";"-";"-";"-";"-";"<E>";" avoir";"des";"joies";"et";"des";"peines";"-";"-";"-";"-";"+";"+";"-";"§a§des joies et des peines "
"280";"+";"-";"-";"-";"-";"-";"-";"-";"<E>";" avoir";"un";"jour";"<E>";"<E>";"<E>";"-";"-";"-";"-";"-";"-";"-";"§a§un jour "
"281";"+";"-";"-";"-";"-";"-";"-";"-";"<E>";" avoir";"un";"jour";"de";"<E>";"réception";"-";"-";"-";"-";"-";"-";"-";"§a§un jour de réception "
"282";"+";"+";"-";"-";"-";"-";"-";"-";"<E>";" avoir";"Poss0";"jours";"de";"<E>";"gloire";"-";"-";"-";"-";"-";"-";"-";"§a§ses jours de gloire "
"283";"+";"-";"-";"-";"-";"-";"-";"+";"n'";" avoir";"un";"kopeck";"<E>";"<E>";"<E>";"-";"-";"-";"-";"-";"+";"+";"§n'a§un kopeck "
"284";"+";"-";"-";"-";"-";"-";"-";"-";"<E>";" avoir";"une";"langue";"<E>";"<E>";"<E>";"-";"-";"-";"+";"-";"-";"-";"§a§une langue "
"285";"+";"-";"-";"-";"-";"-";"-";"-";"<E>";" avoir";"un";"lapin";"<E>";"<E>";"<E>";"-";"-";"-";"-";"-";"+";"-";"§a§un lapin "
"286";"+";"-";"-";"-";"-";"-";"-";"-";"<E>";" avoir";"de la";"lecture";"<E>";"<E>";"<E>";"-";"-";"-";"-";"-";"+";"+";"§a§de la lecture "
"287";"+";"-";"-";"-";"-";"-";"-";"-";"<E>";" avoir";"de la bonne";"lecture";"<E>";"<E>";"<E>";"-";"-";"-";"-";"-";"+";"+";"§a§de la bonne lecture "
"288";"+";"-";"-";"-";"-";"-";"-";"-";"<E>";" avoir";"de bonnes";"lectures";"<E>";"<E>";"<E>";"-";"-";"-";"-";"-";"-";"-";"§a§de bonnes lectures "
"289";"+";"-";"-";"-";"-";"-";"-";"-";"<E>";" avoir";"de mauvaises";"lectures";"<E>";"<E>";"<E>";"-";"-";"-";"-";"-";"-";"-";"§a§de mauvaises lectures "
"290";"+";"-";"-";"-";"-";"-";"-";"-";"<E>";" avoir";"de saines";"lectures";"<E>";"<E>";"<E>";"-";"-";"-";"-";"-";"-";"-";"§a§de saines lectures "
"291";"+";"-";"-";"-";"-";"-";"-";"-";"<E>";" avoir";"des";"lectures";"<E>";"<E>";"bizarres";"+";"+";"-";"-";"+";"-";"-";"§a§des lectures bizarres "
"292";"+";"-";"-";"-";"-";"-";"-";"-";"<E>";" avoir";"des";"lectures";"<E>";"<E>";"Modif";"+";"-";"-";"-";"+";"-";"-";"§a§des lectures Modif "
"293";"-";"+";"-";"-";"-";"-";"-";"+";"n'";" avoir pas";"de";"lendemain";"<E>";"<E>";"<E>";"-";"-";"-";"-";"-";"-";"-";"§n'a pas§de lendemain "
"294";"+";"-";"-";"-";"-";"-";"-";"-";"<E>";" avoir";"des";"lendemains";"<E>";"qui";"chantent";"-";"-";"-";"-";"-";"+";"-";"§a§des lendemains qui chantent "
"295";"+";"-";"-";"-";"-";"-";"-";"-";"<E>";" avoir";"des";"lettres";"<E>";"<E>";"<E>";"-";"-";"-";"-";"-";"-";"-";"§a§des lettres "
"296";"-";"+";"-";"-";"-";"-";"-";"+";"n'";" avoir";"de";"limite";"<E>";"<E>";"<E>";"-";"-";"-";"-";"-";"-";"-";"§n'a§de limite "
"297";"-";"+";"-";"-";"-";"-";"-";"-";"<E>";" avoir";"des";"limites";"<E>";"<E>";"<E>";"-";"-";"-";"-";"+";"+";"-";"§a§des limites "
"298";"+";"-";"-";"-";"-";"-";"-";"-";"<E>";" avoir";"des";"loisirs";"<E>";"<E>";"<E>";"-";"-";"-";"-";"+";"-";"-";"§a§des loisirs "
"299";"+";"-";"-";"-";"-";"-";"-";"-";"<E>";" avoir";"des";"lunettes";"<E>";"<E>";"<E>";"-";"-";"-";"-";"-";"-";"-";"§a§des lunettes "
"300";"+";"-";"-";"-";"-";"-";"-";"-";"<E>";" avoir";"la";"main";"<E>";"<E>";"<E>";"-";"-";"+";"+";"+";"+";"+";"§a§la main "
"301";"+";"-";"-";"-";"-";"-";"-";"-";"<E>";" avoir";"la";"main";"<E>";"<E>";"<E>";"-";"-";"+";"+";"+";"-";"-";"§a§la main "
"302";"+";"-";"-";"-";"-";"-";"-";"+";"n'";" avoir pas";"quatre";"mains";"<E>";"<E>";"<E>";"-";"-";"-";"-";"-";"-";"-";"§n'a pas§quatre mains "
"303";"+";"+";"-";"-";"-";"-";"-";"-";"<E>";" avoir";"la";"majorité";"<E>";"<E>";"<E>";"-";"-";"-";"+";"+";"+";"-";"§a§la majorité "
"304";"+";"+";"-";"-";"-";"-";"-";"-";"<E>";" avoir";"la";"majorité";"de";"les";"voix";"-";"-";"-";"+";"+";"+";"-";"§a§la majorité des voix "
"305";"+";"-";"+";"-";"-";"-";"-";"-";"<E>";" avoir";"le";"mal";"de";"le";"pays";"-";"-";"-";"-";"+";"+";"-";"§a§le mal du pays "
"306";"+";"-";"-";"-";"-";"-";"-";"-";"<E>";" avoir";"la";"manière";"<E>";"<E>";"<E>";"-";"-";"+";"+";"+";"-";"-";"§a§la manière "
"307";"+";"-";"-";"-";"-";"-";"-";"-";"<E>";" avoir";"une certaine";"manière";"de";"<E>";"prendre les choses";"-";"-";"-";"-";"+";"+";"-";"§a§une certaine manière de prendre les choses "
"308";"+";"-";"-";"-";"-";"-";"-";"-";"<E>";" avoir";"une certaine";"manière";"de";"<E>";"voir les choses";"-";"-";"-";"-";"+";"+";"-";"§a§une certaine manière de voir les choses "
"309";"+";"-";"-";"-";"-";"-";"-";"-";"<E>";" avoir";"des";"manières";"<E>";"<E>";"<E>";"-";"-";"-";"-";"+";"+";"-";"§a§des manières "
"310";"+";"+";"-";"-";"-";"-";"-";"+";"n'";" avoir pas";"de";"manières";"<E>";"<E>";"<E>";"-";"-";"+";"-";"-";"+";"-";"§n'a pas§de manières "
"311";"+";"-";"-";"-";"-";"-";"-";"+";"n'";" avoir";"un";"maravédis";"<E>";"<E>";"<E>";"-";"-";"-";"-";"-";"+";"+";"§n'a§un maravédis "
"312";"+";"-";"-";"-";"-";"-";"-";"-";"<E>";" avoir";"bonne";"mémoire";"<E>";"<E>";"<E>";"-";"-";"-";"-";"+";"-";"-";"§a§bonne mémoire "
"313";"+";"-";"-";"-";"-";"-";"-";"-";"<E>";" avoir";"ce que Il-0";"mériter";"<E>";"<E>";"<E>";"-";"-";"-";"-";"-";"-";"+";"§a§ce qu'il mériter "
"314";"+";"+";"+";"-";"-";"-";"-";"-";"<E>";" avoir";"une mauvaise";"météo";"<E>";"<E>";"<E>";"-";"-";"-";"-";"-";"-";"-";"§a§une mauvaise météo "
"315";"+";"-";"+";"-";"-";"-";"-";"-";"<E>";" avoir";"une bonne";"météo";"<E>";"<E>";"<E>";"+";"-";"+";"-";"-";"+";"-";"§a§une bonne météo "
"316";"+";"-";"-";"-";"-";"-";"-";"-";"<E>";" avoir";"bonne";"mine";"<E>";"<E>";"<E>";"-";"-";"-";"-";"-";"-";"-";"§a§bonne mine "
"317";"+";"+";"-";"-";"-";"-";"-";"-";"<E>";" avoir";"bonne";"mine";"<E>";"<E>";"<E>";"-";"-";"-";"-";"+";"+";"-";"§a§bonne mine "
"318";"+";"-";"-";"-";"-";"-";"-";"-";"<E>";" avoir";"mauvaise";"mine";"<E>";"<E>";"<E>";"-";"-";"-";"-";"-";"-";"-";"§a§mauvaise mine "
"319";"+";"+";"-";"-";"-";"-";"-";"-";"<E>";" avoir";"triste";"mine";"<E>";"<E>";"<E>";"-";"-";"-";"-";"+";"+";"-";"§a§triste mine "
"320";"+";"-";"-";"-";"-";"-";"-";"-";"<E>";" avoir";"une mauvaise";"mine";"<E>";"<E>";"<E>";"-";"-";"-";"-";"-";"-";"-";"§a§une mauvaise mine "
"321";"+";"-";"-";"-";"-";"-";"-";"-";"<E>";" avoir";"une sale";"mine";"<E>";"<E>";"<E>";"-";"-";"-";"-";"-";"-";"-";"§a§une sale mine "
"322";"+";"-";"-";"-";"-";"-";"-";"-";"<E>";" avoir";"Poss0";"mine";"de";"les grands";"jours";"-";"-";"+";"+";"+";"+";"-";"§a§sa mine des grands jours "
"323";"+";"-";"-";"-";"-";"-";"-";"-";"<E>";" avoir";"Poss0";"mine";"de";"les mauvais";"jours";"-";"-";"+";"+";"+";"+";"-";"§a§sa mine des mauvais jours "
"324";"+";"-";"-";"-";"-";"-";"-";"-";"<E>";" avoir";"le";"minimum";"<E>";"<E>";"<E>";"-";"-";"-";"-";"-";"-";"+";"§a§le minimum "
"325";"+";"-";"+";"-";"-";"-";"-";"-";"<E>";" avoir";"des";"moeurs";"<E>";"<E>";"particulières";"-";"-";"-";"-";"+";"-";"-";"§a§des moeurs particulières "
"326";"+";"-";"-";"-";"-";"-";"-";"-";"<E>";" avoir";"bon";"moral";"<E>";"<E>";"<E>";"-";"-";"-";"-";"+";"+";"-";"§a§bon moral "
"327";"+";"-";"-";"-";"-";"-";"-";"-";"<E>";" avoir";"excellent";"moral";"<E>";"<E>";"<E>";"-";"-";"-";"-";"+";"+";"-";"§a§excellent moral "
"328";"+";"-";"-";"-";"-";"-";"-";"-";"<E>";" avoir";"le";"moral";"<E>";"<E>";"<E>";"-";"-";"-";"+";"+";"+";"-";"§a§le moral "
"329";"+";"-";"-";"-";"-";"-";"-";"-";"<E>";" avoir";"mauvais";"moral";"<E>";"<E>";"<E>";"-";"-";"-";"-";"+";"+";"-";"§a§mauvais moral "
"330";"+";"-";"-";"-";"-";"-";"-";"-";"<E>";" avoir";"meileur";"moral";"<E>";"<E>";"<E>";"-";"-";"-";"-";"+";"+";"-";"§a§meileur moral "
"331";"+";"-";"-";"-";"-";"-";"-";"-";"<E>";" avoir";"le dernier";"mot";"<E>";"<E>";"<E>";"+";"-";"-";"-";"+";"+";"-";"§a§le dernier mot "
"332";"+";"-";"+";"-";"-";"-";"-";"-";"<E>";" avoir";"le";"mot";"de";"la";"fin";"-";"-";"-";"-";"-";"+";"-";"§a§le mot de la fin "
"333";"+";"-";"-";"-";"-";"-";"-";"-";"<E>";" avoir";"le";"moyen";"de";"<E>";"moyenner";"-";"-";"-";"-";"+";"+";"-";"§a§le moyen de moyenner "
"334";"+";"-";"-";"-";"-";"-";"-";"-";"<E>";" avoir";"les";"moyens";"<E>";"<E>";"<E>";"-";"-";"-";"-";"+";"+";"-";"§a§les moyens "
"335";"+";"-";"-";"-";"-";"-";"-";"-";"<E>";" avoir";"le";"nécessaire";"<E>";"<E>";"<E>";"-";"-";"-";"-";"-";"-";"+";"§a§le nécessaire "
"336";"+";"+";"-";"-";"-";"-";"-";"-";"<E>";" avoir";"du";"nerf";"<E>";"<E>";"<E>";"-";"-";"+";"+";"+";"+";"-";"§a§du nerf "
"337";"+";"-";"-";"-";"-";"-";"-";"-";"<E>";" avoir";"Poss0";"nerfs";"<E>";"<E>";"<E>";"-";"-";"-";"+";"+";"+";"-";"§a§ses nerfs "
"338";"+";"-";"-";"-";"-";"-";"-";"-";"<E>";" avoir";"du";"nez";"<E>";"<E>";"<E>";"-";"-";"-";"-";"-";"-";"-";"§a§du nez "
"339";"-";"+";"-";"-";"-";"-";"-";"+";"n'";" avoir pas";"d'autre";"nom";"<E>";"<E>";"<E>";"-";"-";"-";"-";"-";"-";"-";"§n'a pas§d'autre nom "
"340";"-";"+";"-";"-";"-";"-";"-";"+";"n'";" avoir pas";"de";"nom";"<E>";"<E>";"<E>";"-";"-";"-";"-";"-";"-";"-";"§n'a pas§de nom "
"341";"+";"-";"-";"-";"-";"-";"-";"-";"<E>";" avoir";"une";"occasion";"de";"<E>";"se taire";"-";"-";"-";"+";"-";"+";"-";"§a§une occasion de se taire "
"342";"+";"-";"-";"-";"-";"-";"-";"-";"<E>";" avoir";"le mauvais";"oeil";"<E>";"<E>";"<E>";"+";"-";"-";"-";"-";"-";"-";"§a§le mauvais oeil "
"343";"+";"-";"-";"-";"-";"-";"-";"-";"<E>";" avoir";"le";"oeil";"de";"le";"maître";"-";"-";"-";"+";"+";"+";"-";"§a§l'oeil du maître "
"344";"+";"-";"-";"-";"-";"-";"-";"-";"<E>";" avoir";"des";"oeillères";"<E>";"<E>";"<E>";"-";"-";"-";"+";"+";"+";"-";"§a§des oeillères "
"345";"+";"-";"-";"-";"-";"-";"-";"+";"n'";" avoir pas";"la";"ombre";"de";"un";"doute";"-";"-";"-";"-";"-";"-";"-";"§n'a pas§l'ombre d'un doute "
"346";"+";"-";"-";"-";"-";"-";"-";"-";"<E>";" avoir";"la";"onglée";"<E>";"<E>";"<E>";"-";"-";"-";"-";"-";"+";"-";"§a§l'onglée "
"347";"+";"-";"-";"-";"-";"-";"-";"-";"<E>";" avoir";"Poss0";"ourses";"<E>";"<E>";"<E>";"-";"-";"-";"-";"-";"-";"-";"§a§ses ourses "
"348";"+";"-";"-";"-";"-";"-";"-";"-";"<E>";" avoir";"une belle";"paire";"de";"<E>";"fesses";"-";"-";"-";"-";"+";"+";"-";"§a§une belle paire de fesses "
"349";"+";"-";"-";"-";"-";"-";"-";"-";"<E>";" avoir";"une bonne";"paire";"de";"<E>";"fesses";"-";"-";"-";"-";"+";"+";"-";"§a§une bonne paire de fesses "
"350";"+";"-";"-";"-";"-";"-";"-";"-";"<E>";" avoir";"une belle";"paire";"de";"<E>";"joues";"-";"-";"-";"-";"+";"+";"-";"§a§une belle paire de joues "
"351";"+";"-";"-";"-";"-";"-";"-";"-";"<E>";" avoir";"une bonne";"paire";"de";"<E>";"joues";"-";"-";"-";"-";"+";"+";"-";"§a§une bonne paire de joues "
"352";"+";"-";"-";"-";"-";"-";"-";"-";"<E>";" avoir";"une belle";"paire";"de";"<E>";"nichons";"-";"-";"-";"-";"+";"+";"-";"§a§une belle paire de nichons "
"353";"+";"-";"-";"-";"-";"-";"-";"-";"<E>";" avoir";"une bonne";"paire";"de";"<E>";"nichons";"-";"-";"-";"-";"+";"+";"-";"§a§une bonne paire de nichons "
"354";"+";"-";"-";"-";"-";"-";"-";"-";"<E>";" avoir";"la";"paix";"<E>";"<E>";"<E>";"-";"-";"-";"-";"-";"-";"-";"§a§la paix "
"355";"+";"-";"-";"-";"-";"-";"-";"-";"<E>";" avoir";"une";"paix";"<E>";"<E>";"royale";"-";"+";"-";"-";"-";"-";"-";"§a§une paix royale "
"356";"+";"+";"+";"-";"-";"-";"-";"-";"<E>";" avoir";"la";"palme";"<E>";"<E>";"<E>";"-";"-";"-";"+";"+";"+";"+";"§a§la palme "
"357";"+";"-";"-";"-";"-";"-";"-";"-";"<E>";" avoir";"des";"papillons";"<E>";"<E>";"noirs";"-";"-";"-";"-";"-";"+";"-";"§a§des papillons noirs "
"358";"+";"+";"-";"-";"-";"-";"-";"+";"n'";" avoir";"Poss0";"pareil";"<E>";"<E>";"<E>";"-";"-";"-";"-";"+";"+";"-";"§n'a§son pareil "
"359";"+";"-";"-";"-";"-";"-";"-";"+";"n'";" avoir que";"une";"parole";"<E>";"<E>";"<E>";"-";"-";"-";"-";"-";"-";"-";"§n'a que§une parole "
"360";"+";"-";"-";"-";"-";"-";"-";"+";"n'";" avoir pas";"deux";"paroles";"<E>";"<E>";"<E>";"-";"-";"-";"-";"-";"-";"-";"§n'a pas§deux paroles "
"361";"+";"-";"+";"-";"-";"-";"-";"-";"<E>";" avoir";"Poss0";"part";"de";"le";"gâteau";"-";"-";"-";"+";"+";"+";"+";"§a§sa part du gâteau "
"362";"+";"-";"+";"-";"-";"-";"-";"-";"<E>";" avoir";"la";"part";"de";"le";"lion";"-";"-";"-";"-";"+";"+";"+";"§a§la part du lion "
"363";"-";"+";"-";"-";"-";"-";"-";"-";"<E>";" avoir";"une";"partie";"<E>";"<E>";"basse";"-";"-";"-";"-";"-";"-";"-";"§a§une partie basse "
"364";"-";"+";"-";"-";"-";"-";"-";"-";"<E>";" avoir";"une";"partie";"<E>";"<E>";"haute";"-";"-";"-";"-";"-";"-";"-";"§a§une partie haute "
"365";"+";"-";"-";"-";"-";"-";"-";"-";"<E>";" avoir";"un";"passé";"<E>";"<E>";"psychiatrique";"-";"-";"-";"-";"-";"-";"-";"§a§un passé psychiatrique "
"366";"+";"-";"-";"-";"-";"-";"-";"-";"<E>";" avoir";"la";"peau";"<E>";"<E>";"<E>";"-";"-";"-";"-";"-";"+";"+";"§a§la peau "
"367";"+";"-";"-";"-";"-";"-";"-";"-";"<E>";" avoir";"<E>";"peau";"de";"<E>";"balle";"-";"-";"-";"-";"-";"+";"+";"§a§peau de balle "
"368";"+";"-";"-";"-";"-";"-";"-";"-";"<E>";" avoir";"la";"pêche";"<E>";"<E>";"<E>";"-";"-";"-";"+";"+";"+";"-";"§a§la pêche "
"369";"+";"-";"-";"-";"-";"-";"-";"-";"<E>";" avoir";"de mauvaises";"pensées";"<E>";"<E>";"<E>";"-";"-";"-";"-";"+";"+";"-";"§a§de mauvaises pensées "
"370";"+";"-";"-";"-";"-";"-";"-";"-";"<E>";" avoir";"un";"pépin";"<E>";"<E>";"<E>";"-";"-";"-";"-";"-";"-";"-";"§a§un pépin "
"371";"+";"-";"-";"-";"-";"-";"-";"-";"<E>";" avoir";"Dnum";"petit";"<E>";"<E>";"<E>";"-";"-";"-";"-";"-";"-";"-";"§a§Dnum petit "
"372";"+";"-";"+";"-";"-";"-";"-";"-";"<E>";" avoir";"une belle";"peur";"<E>";"<E>";"<E>";"+";"-";"-";"-";"-";"+";"-";"§a§une belle peur "
"373";"+";"-";"+";"-";"-";"-";"-";"-";"<E>";" avoir";"très";"peur";"<E>";"<E>";"<E>";"+";"-";"-";"-";"-";"+";"-";"§a§très peur "
"374";"-";"+";"-";"-";"-";"-";"-";"-";"<E>";" avoir";"<E>";"peur";"de";"<E>";"dire Poss0 nom";"-";"-";"-";"-";"-";"-";"-";"§a§peur de dire son nom "
"375";"+";"-";"+";"-";"-";"-";"-";"-";"<E>";" avoir";"la";"peur";"de";"le";"gendarme";"+";"-";"-";"-";"-";"+";"-";"§a§la peur du gendarme "
"376";"+";"-";"+";"-";"-";"-";"-";"-";"<E>";" avoir";"la";"peur";"de";"le";"lendemain";"+";"-";"-";"-";"-";"+";"-";"§a§la peur du lendemain "
"377";"+";"-";"-";"-";"-";"-";"-";"-";"<E>";" avoir";"<E>";"peur";"de";"Poss0";"ombre";"-";"-";"-";"-";"-";"-";"-";"§a§peur de son ombre "
"378";"+";"-";"-";"-";"-";"-";"-";"+";"n'";" avoir";"<E>";"peur";"de";"<E>";"personne";"-";"-";"-";"-";"-";"-";"-";"§n'a§peur de personne "
"379";"+";"-";"-";"-";"-";"-";"-";"+";"n'";" avoir";"<E>";"peur";"de";"<E>";"rien";"-";"-";"-";"-";"-";"-";"-";"§n'a§peur de rien "
"380";"+";"-";"-";"-";"-";"-";"-";"-";"<E>";" avoir";"le";"physique";"de";"le";"emploi";"-";"-";"+";"+";"+";"+";"+";"§a§le physique de l'emploi "
"381";"+";"-";"-";"-";"-";"-";"-";"-";"<E>";" avoir";"<E>";"pied";"<E>";"<E>";"<E>";"-";"-";"-";"-";"-";"-";"-";"§a§pied "
"382";"-";"+";"-";"-";"-";"-";"-";"-";"<E>";" avoir";"du";"piquant";"<E>";"<E>";"<E>";"-";"-";"+";"-";"+";"+";"-";"§a§du piquant "
"383";"+";"-";"-";"-";"-";"-";"-";"-";"<E>";" avoir";"un";"poids";"en";"<E>";"charge";"-";"-";"-";"-";"-";"-";"-";"§a§un poids en charge "
"384";"+";"-";"-";"-";"-";"-";"-";"-";"<E>";" avoir";"un";"poids";"à";"<E>";"vide";"-";"-";"-";"-";"-";"-";"-";"§a§un poids à vide "
"385";"+";"-";"-";"-";"-";"-";"-";"-";"<E>";" avoir";"un";"point";"<E>";"<E>";"faible";"-";"-";"-";"-";"+";"+";"-";"§a§un point faible "
"386";"+";"-";"-";"-";"-";"-";"-";"-";"<E>";" avoir";"la";"poisse";"<E>";"<E>";"<E>";"-";"-";"-";"-";"-";"+";"-";"§a§la poisse "
"387";"+";"+";"+";"-";"-";"-";"-";"-";"<E>";" avoir";"le";"pompon";"<E>";"<E>";"<E>";"-";"-";"+";"+";"+";"+";"+";"§a§le pompon "
"388";"+";"-";"+";"-";"-";"-";"-";"-";"<E>";" avoir";"un";"pont";"de";"<E>";"or";"-";"-";"-";"-";"-";"-";"+";"§a§un pont d'or "
"389";"+";"-";"+";"-";"-";"-";"-";"-";"<E>";" avoir";"une";"porte";"de";"<E>";"sortie";"-";"-";"-";"+";"+";"+";"-";"§a§une porte de sortie "
"390";"+";"-";"-";"-";"-";"-";"-";"-";"<E>";" avoir";"une";"poussée";"de";"<E>";"adrénaline";"-";"-";"-";"-";"-";"+";"-";"§a§une poussée d'adrénaline "
"391";"+";"+";"+";"-";"-";"-";"-";"-";"<E>";" avoir";"un";"préjugé";"<E>";"<E>";"favorable";"-";"-";"+";"+";"+";"+";"+";"§a§un préjugé favorable "
"392";"+";"-";"-";"-";"-";"-";"-";"-";"<E>";" avoir";"de la";"présence";"<E>";"<E>";"<E>";"-";"-";"-";"-";"+";"+";"-";"§a§de la présence "
"393";"+";"-";"-";"-";"-";"-";"-";"-";"<E>";" avoir";"le";"prestige";"de";"le";"uniforme";"-";"-";"-";"+";"+";"+";"-";"§a§le prestige de l'uniforme "
"394";"+";"+";"-";"-";"-";"-";"-";"-";"<E>";" avoir";"la";"priorité";"<E>";"<E>";"<E>";"-";"-";"-";"-";"-";"-";"-";"§a§la priorité "
"395";"-";"+";"-";"-";"-";"-";"-";"+";"n'";" avoir pas";"de";"prix";"<E>";"<E>";"<E>";"-";"-";"-";"-";"-";"-";"-";"§n'a pas§de prix "
"396";"+";"-";"-";"-";"-";"-";"-";"-";"<E>";" avoir";"de fausses";"pudeurs";"<E>";"<E>";"<E>";"+";"-";"+";"-";"+";"+";"-";"§a§de fausses pudeurs "
"397";"+";"-";"-";"-";"-";"-";"-";"-";"<E>";" avoir";"des";"pudeurs";"de";"<E>";"langage";"-";"-";"+";"-";"+";"-";"-";"§a§des pudeurs de langage "
"398";"+";"+";"-";"-";"-";"-";"-";"-";"<E>";" avoir";"du";"punch";"<E>";"<E>";"<E>";"-";"-";"+";"+";"+";"+";"-";"§a§du punch "
"399";"+";"-";"-";"-";"-";"-";"-";"-";"<E>";" avoir";"du";"quant";"à";"<E>";"soi";"-";"-";"-";"-";"+";"+";"-";"§a§du quant à soi "
"400";"+";"-";"-";"-";"-";"-";"-";"-";"<E>";" avoir";"<E>";"quarante";"de";"<E>";"fièvre";"-";"-";"-";"-";"+";"+";"-";"§a§quarante de fièvre "
"401";"+";"-";"-";"-";"-";"-";"-";"-";"<E>";" avoir";"<E>";"quarante";"de";"<E>";"température";"-";"-";"-";"-";"+";"+";"-";"§a§quarante de température "
"402";"+";"-";"-";"-";"-";"-";"-";"-";"<E>";" avoir";"<E>";"quartier";"<E>";"<E>";"libre";"-";"+";"+";"-";"-";"+";"+";"§a§quartier libre "
"403";"+";"-";"-";"-";"-";"-";"-";"-";"<E>";" avoir";"<E>";"quelque chose";"<E>";"<E>";"<E>";"-";"-";"-";"-";"-";"+";"-";"§a§quelque chose "
"404";"+";"+";"-";"-";"-";"-";"-";"-";"<E>";" avoir";"<E>";"quelque chose";"de";"<E>";"Adj";"-";"-";"-";"+";"+";"+";"-";"§a§quelque chose de Adj "
"405";"+";"+";"-";"-";"-";"-";"-";"-";"<E>";" avoir";"<E>";"quelque chose";"de";"<E>";"enjoué";"-";"-";"-";"+";"+";"+";"-";"§a§quelque chose d'enjoué "
"406";"-";"+";"-";"-";"-";"-";"-";"-";"<E>";" avoir";"<E>";"quelque chose";"de";"<E>";"scandaleux";"-";"-";"-";"+";"+";"+";"-";"§a§quelque chose de scandaleux "
"407";"-";"+";"-";"-";"-";"-";"-";"-";"<E>";" avoir";"<E>";"quelque chose";"de";"<E>";"technique";"-";"-";"-";"+";"+";"+";"-";"§a§quelque chose de technique "
"408";"+";"-";"-";"-";"-";"-";"-";"-";"<E>";" avoir";"une";"question ";"<E>";"<E>";"P";"-";"-";"-";"-";"-";"-";"-";"§a§une question P "
"409";"+";"-";"-";"-";"-";"-";"-";"-";"<E>";" avoir";"une simple";"question ";"<E>";"<E>";"P";"-";"-";"-";"-";"-";"-";"-";"§a§une simple question P "
"410";"+";"-";"-";"-";"-";"-";"-";"-";"<E>";" avoir";"de";"qui";"<E>";"<E>";"tenir";"-";"-";"-";"-";"-";"+";"-";"§a§de qui tenir "
"411";"+";"-";"-";"-";"-";"-";"-";"-";"<E>";" avoir";"la";"quille";"<E>";"<E>";"<E>";"-";"-";"-";"-";"-";"+";"-";"§a§la quille "
"412";"+";"-";"-";"-";"-";"-";"-";"-";"<E>";" avoir";"de";"quoi";"<E>";"<E>";"<E>";"-";"-";"-";"-";"-";"+";"+";"§a§de quoi "
"413";"+";"+";"-";"-";"-";"-";"-";"-";"<E>";" avoir";"un je ne sais";"quoi";"de";"<E>";"Adj";"-";"-";"-";"-";"+";"+";"-";"§a§un je ne sais quoi de Adj "
"414";"+";"-";"-";"-";"-";"-";"-";"-";"<E>";" avoir";"de";"quoi";"<E>";"<E>";"faire";"-";"-";"-";"-";"-";"+";"-";"§a§de quoi fait "
"415";"+";"-";"-";"-";"-";"-";"-";"-";"<E>";" avoir";"un je ne sais";"quoi";"de";"<E>";"fier";"-";"-";"-";"-";"+";"+";"-";"§a§un je ne sais quoi de fier "
"416";"+";"+";"-";"-";"-";"-";"-";"-";"<E>";" avoir";"de";"quoi";"<E>";"<E>";"V-0-inf";"-";"-";"-";"-";"+";"+";"+";"§a§de quoi V-0-inf "
"417";"+";"+";"-";"-";"-";"-";"-";"-";"<E>";" avoir";"de";"quoi";"<E>";"<E>";"V-0-inf W";"-";"-";"-";"-";"+";"+";"+";"§a§de quoi V-0-inf W "
"418";"-";"+";"-";"-";"-";"-";"-";"-";"<E>";" avoir";"un je ne sais";"quoi";"de";"<E>";"vrai";"-";"-";"-";"-";"+";"+";"-";"§a§un je ne sais quoi de vrai "
"419";"+";"-";"-";"-";"-";"-";"-";"-";"<E>";" avoir";"la";"radio";"<E>";"<E>";"<E>";"-";"-";"-";"-";"-";"-";"-";"§a§la radio "
"420";"+";"-";"-";"-";"-";"-";"-";"+";"n'";" avoir";"un";"radis";"<E>";"<E>";"<E>";"-";"-";"-";"-";"-";"+";"+";"§n'a§un radis "
"421";"+";"-";"-";"-";"-";"-";"-";"-";"<E>";" avoir";"toute Poss0";"raison";"<E>";"<E>";"<E>";"-";"-";"-";"-";"+";"-";"-";"§a§toute sa raison "
"422";"+";"+";"-";"-";"-";"-";"-";"-";"<E>";" avoir";"une";"raison";"de";"<E>";"être";"-";"-";"+";"-";"+";"+";"-";"§a§une raison d'est "
"423";"+";"-";"-";"-";"-";"-";"-";"-";"<E>";" avoir";"une";"raison";"de";"<E>";"exister";"-";"-";"+";"-";"+";"+";"-";"§a§une raison d'exister "
"424";"+";"-";"-";"-";"-";"-";"-";"-";"<E>";" avoir";"une";"raison";"de";"<E>";"vivre";"-";"-";"+";"-";"+";"+";"-";"§a§une raison de vivre "
"425";"+";"+";"-";"-";"-";"-";"-";"-";"<E>";" avoir";"des";"raisons";"que";"la";"raison ne connaît pas";"-";"-";"-";"-";"+";"+";"-";"§a§des raisons que la raison ne connaît pas "
"426";"+";"+";"-";"-";"-";"-";"-";"-";"<E>";" avoir";"de la";"recherche";"<E>";"<E>";"<E>";"-";"-";"+";"-";"+";"+";"-";"§a§de la recherche "
"427";"+";"-";"-";"-";"-";"-";"-";"-";"<E>";" avoir";"la";"reconnaissance";"de";"le";"ventre";"-";"-";"-";"+";"+";"+";"-";"§a§la reconnaissance du ventre "
"428";"+";"-";"-";"-";"-";"+";"-";"+";"ne m'";" avoir pas";"<E>";"regardé";"<E>";"<E>";"<E>";"-";"-";"-";"-";"-";"-";"-";"§ne m'a pas§regardé "
"429";"+";"-";"-";"-";"-";"-";"+";"+";"ne nous";" avoir pas";"<E>";"regardé";"<E>";"<E>";"<E>";"-";"-";"-";"-";"-";"-";"-";"§ne nous a pas§regardé "
"430";"-";"+";"-";"-";"-";"-";"-";"-";"<E>";" avoir";"un";"règlement";"<E>";"<E>";"pacifique";"-";"-";"-";"-";"-";"-";"-";"§a§un règlement pacifique "
"431";"+";"-";"-";"-";"-";"-";"-";"-";"<E>";" avoir";"des";"relations";"<E>";"<E>";"<E>";"-";"-";"-";"-";"+";"-";"-";"§a§des relations "
"432";"-";"+";"-";"-";"-";"-";"-";"-";"<E>";" avoir";"du";"relief";"<E>";"<E>";"<E>";"-";"-";"+";"+";"+";"+";"-";"§a§du relief "
"433";"-";"+";"-";"-";"-";"-";"-";"-";"<E>";" avoir";"un";"relief";"<E>";"<E>";"particulier";"-";"-";"+";"+";"+";"+";"-";"§a§un relief particulier "
"434";"-";"+";"-";"-";"-";"-";"-";"-";"<E>";" avoir";"un";"relief";"<E>";"tout";"particulier";"-";"-";"+";"+";"+";"+";"-";"§a§un relief tout particulier "
"435";"+";"-";"-";"-";"-";"-";"-";"-";"<E>";" avoir";"Poss0";"religion";"<E>";"<E>";"<E>";"-";"-";"-";"-";"+";"-";"-";"§a§sa religion "
"436";"+";"-";"-";"-";"-";"-";"-";"-";"<E>";" avoir";"de la";"répartie";"<E>";"<E>";"<E>";"-";"-";"+";"-";"+";"+";"-";"§a§de la répartie "
"437";"+";"-";"-";"-";"-";"-";"-";"-";"<E>";" avoir";"bonne";"réputation";"<E>";"<E>";"<E>";"-";"-";"-";"-";"+";"+";"-";"§a§bonne réputation "
"438";"+";"-";"-";"-";"-";"-";"-";"-";"<E>";" avoir";"excellente";"réputation";"<E>";"<E>";"<E>";"-";"-";"-";"-";"+";"+";"-";"§a§excellente réputation "
"439";"+";"-";"-";"-";"-";"-";"-";"-";"<E>";" avoir";"mauvaise";"réputation";"<E>";"<E>";"<E>";"-";"-";"-";"-";"+";"+";"-";"§a§mauvaise réputation "
"440";"+";"-";"-";"-";"-";"-";"-";"-";"<E>";" avoir";"de nouvelles";"responsabilités";"<E>";"<E>";"<E>";"-";"-";"-";"+";"-";"+";"-";"§a§de nouvelles responsabilités "
"441";"+";"-";"-";"-";"-";"-";"-";"-";"<E>";" avoir";"de la";"ressource";"<E>";"<E>";"<E>";"-";"-";"-";"-";"+";"+";"-";"§a§de la ressource "
"442";"+";"-";"-";"-";"-";"-";"-";"-";"<E>";" avoir";"de beaux";"restes";"<E>";"<E>";"<E>";"-";"-";"-";"-";"+";"-";"-";"§a§de beaux restes "
"443";"-";"+";"-";"-";"-";"-";"-";"+";"n'";" avoir pas";"une";"ride";"<E>";"<E>";"<E>";"-";"-";"-";"-";"-";"-";"-";"§n'a pas§une ride "
"444";"+";"-";"-";"-";"-";"-";"-";"-";"<E>";" avoir";"le fou";"rire";"<E>";"<E>";"<E>";"-";"-";"+";"-";"+";"+";"-";"§a§le fou rire "
"445";"+";"-";"-";"-";"-";"-";"-";"-";"<E>";" avoir";"le beau";"rôle";"<E>";"<E>";"<E>";"-";"-";"-";"+";"+";"+";"-";"§a§le beau rôle "
"446";"+";"-";"-";"-";"-";"-";"-";"+";"n'";" avoir";"le";"rond";"<E>";"<E>";"<E>";"-";"-";"-";"-";"-";"-";"-";"§n'a§le rond "
"447";"+";"-";"-";"-";"-";"-";"-";"+";"n'";" avoir";"un";"rond";"<E>";"<E>";"<E>";"-";"-";"-";"-";"-";"+";"+";"§n'a§un rond "
"448";"+";"-";"-";"-";"-";"-";"-";"+";"n'";" avoir";"un";"rotin";"<E>";"<E>";"<E>";"-";"-";"-";"-";"-";"+";"+";"§n'a§un rotin "
"449";"+";"-";"-";"-";"-";"-";"-";"-";"<E>";" avoir";"<E>";"satisfaction";"<E>";"<E>";"<E>";"-";"-";"-";"-";"-";"+";"+";"§a§satisfaction "
"450";"+";"-";"-";"-";"-";"-";"-";"-";"<E>";" avoir";"des";"satisfactions";"<E>";"<E>";"<E>";"-";"-";"-";"-";"-";"+";"-";"§a§des satisfactions "
"451";"+";"-";"-";"-";"-";"-";"-";"-";"<E>";" avoir";"de grosses";"satisfactions";"<E>";"<E>";"<E>";"-";"-";"-";"-";"-";"+";"-";"§a§de grosses satisfactions "
"452";"-";"+";"-";"-";"-";"-";"-";"-";"<E>";" avoir";"du";"sel";"<E>";"<E>";"<E>";"-";"-";"+";"-";"+";"+";"-";"§a§du sel "
"453";"+";"+";"-";"-";"-";"-";"-";"-";"<E>";" avoir";"du bon";"sens";"<E>";"<E>";"<E>";"-";"-";"-";"+";"+";"+";"-";"§a§du bon sens "
"454";"-";"+";"-";"-";"-";"-";"-";"+";"n'";" avoir";"aucun";"sens";"<E>";"<E>";"<E>";"-";"-";"+";"+";"+";"+";"-";"§n'a§aucun sens "
"455";"-";"+";"-";"-";"-";"-";"-";"+";"n'";" avoir pas";"grand";"sens";"<E>";"<E>";"<E>";"-";"-";"+";"+";"+";"+";"-";"§n'a pas§grand sens "
"456";"-";"+";"-";"-";"-";"-";"-";"-";"<E>";" avoir";"un";"sens";"<E>";"<E>";"profond";"-";"-";"-";"+";"+";"+";"-";"§a§un sens profond "
"457";"+";"-";"-";"-";"-";"-";"-";"-";"<E>";" avoir";"le";"sens";"de";"la";"répartie";"-";"-";"+";"-";"+";"+";"-";"§a§le sens de la répartie "
"458";"+";"-";"-";"-";"-";"-";"-";"-";"<E>";" avoir";"la";"signature";"<E>";"<E>";"<E>";"-";"-";"-";"+";"+";"+";"+";"§a§la signature "
"459";"+";"-";"-";"-";"-";"-";"-";"-";"<E>";" avoir";"<E>";"signe";"de";"<E>";"vie";"-";"-";"-";"-";"-";"+";"+";"§a§signe de vie "
"460";"-";"+";"-";"-";"-";"-";"-";"+";"n'";" avoir pas";"grande";"signification";"<E>";"<E>";"<E>";"-";"-";"+";"+";"+";"+";"-";"§n'a pas§grande signification "
"461";"+";"-";"-";"-";"-";"-";"-";"-";"<E>";" avoir";"<E>";"soif";"<E>";"<E>";"<E>";"-";"-";"-";"-";"-";"+";"-";"§a§soif "
"462";"+";"-";"-";"-";"-";"-";"-";"-";"<E>";" avoir";"grand";"soif";"<E>";"<E>";"<E>";"-";"-";"-";"-";"-";"+";"-";"§a§grand soif "
"463";"+";"-";"-";"-";"-";"-";"-";"-";"<E>";" avoir";"très";"soif";"<E>";"<E>";"<E>";"-";"-";"-";"-";"-";"+";"-";"§a§très soif "
"464";"+";"-";"-";"-";"-";"-";"-";"-";"<E>";" avoir";"<E>";"sommeil";"<E>";"<E>";"<E>";"-";"-";"-";"+";"-";"+";"-";"§a§sommeil "
"465";"+";"-";"-";"-";"-";"-";"-";"-";"<E>";" avoir";"très";"sommeil";"<E>";"<E>";"<E>";"-";"-";"-";"+";"-";"+";"-";"§a§très sommeil "
"466";"+";"-";"-";"-";"-";"-";"-";"+";"n'";" avoir que";"un";"son";"de";"<E>";"cloche";"-";"-";"-";"-";"-";"+";"+";"§n'a que§un son de cloche "
"467";"+";"-";"-";"-";"-";"-";"-";"+";"n'";" avoir";"le";"sou";"<E>";"<E>";"<E>";"-";"-";"-";"-";"-";"-";"-";"§n'a§le sou "
"468";"+";"-";"-";"-";"-";"-";"-";"+";"n'";" avoir";"le moindre";"sou";"<E>";"<E>";"<E>";"-";"-";"-";"-";"-";"-";"-";"§n'a§le moindre sou "
"469";"+";"-";"-";"-";"-";"-";"-";"+";"n'";" avoir";"le premier";"sou";"<E>";"<E>";"<E>";"-";"-";"-";"-";"-";"-";"-";"§n'a§le premier sou "
"470";"+";"-";"-";"-";"-";"-";"-";"+";"n'";" avoir";"un";"sou";"<E>";"<E>";"<E>";"-";"-";"-";"-";"-";"+";"+";"§n'a§un sou "
"471";"+";"-";"-";"-";"-";"-";"-";"+";"n'";" avoir";"un";"sou";"<E>";"<E>";"vaillant";"-";"-";"-";"-";"-";"+";"-";"§n'a§un sou vaillant "
"472";"+";"-";"-";"-";"-";"-";"-";"-";"<E>";" avoir";"un";"souci";"de";"<E>";"correction";"-";"-";"-";"-";"+";"-";"-";"§a§un souci de correction "
"473";"+";"-";"-";"-";"-";"-";"-";"-";"<E>";" avoir";"un";"souci";"de";"<E>";"vérité";"-";"-";"-";"-";"+";"-";"-";"§a§un souci de vérité "
"474";"+";"-";"-";"-";"-";"-";"-";"-";"<E>";" avoir";"du";"souffle";"<E>";"<E>";"<E>";"-";"-";"+";"-";"+";"+";"-";"§a§du souffle "
"475";"+";"-";"-";"-";"-";"-";"-";"+";"n'";" avoir plus que";"un";"souffle";"<E>";"<E>";"<E>";"-";"-";"-";"-";"-";"-";"-";"§n'a plus que§un souffle "
"476";"+";"-";"-";"-";"-";"-";"-";"+";"n'";" avoir que";"un";"souhait ";"<E>";"<E>";"P";"-";"-";"-";"-";"-";"-";"-";"§n'a que§un souhait P "
"477";"+";"-";"-";"-";"-";"-";"-";"-";"<E>";" avoir";"le";"sourire";"<E>";"<E>";"<E>";"-";"-";"+";"-";"+";"+";"-";"§a§le sourire "
"478";"+";"-";"-";"-";"-";"-";"-";"-";"<E>";" avoir";"quelques beaux";"succès";"<E>";"<E>";"<E>";"-";"-";"-";"-";"-";"-";"-";"§a§quelques beaux succès "
"479";"-";"+";"-";"-";"-";"-";"-";"+";"n'";" avoir pas";"de";"suite";"<E>";"<E>";"<E>";"-";"-";"-";"-";"-";"-";"-";"§n'a pas§de suite "
"480";"+";"-";"-";"-";"-";"-";"-";"-";"<E>";" avoir";"de la";"superbe";"<E>";"<E>";"<E>";"-";"-";"+";"+";"+";"+";"-";"§a§de la superbe "
"481";"+";"-";"-";"-";"-";"-";"-";"-";"<E>";" avoir";"le";"superflu";"<E>";"<E>";"<E>";"-";"-";"-";"-";"-";"-";"+";"§a§le superflu "
"482";"+";"-";"-";"-";"-";"-";"-";"-";"<E>";" avoir";"la";"télé";"<E>";"<E>";"<E>";"-";"-";"-";"-";"-";"-";"-";"§a§la télé "
"483";"+";"-";"-";"-";"-";"-";"-";"-";"<E>";" avoir";"le";"téléphone";"<E>";"<E>";"<E>";"-";"-";"-";"-";"-";"-";"-";"§a§le téléphone "
"484";"+";"-";"-";"-";"-";"-";"-";"-";"<E>";" avoir";"la";"télévision";"<E>";"<E>";"<E>";"-";"-";"-";"-";"-";"-";"-";"§a§la télévision "
"485";"+";"-";"-";"-";"-";"-";"-";"-";"<E>";" avoir";"la";"téloche";"<E>";"<E>";"<E>";"-";"-";"-";"-";"-";"-";"-";"§a§la téloche "
"486";"+";"-";"-";"-";"-";"-";"-";"-";"<E>";" avoir";"du";"tempérament";"<E>";"<E>";"<E>";"-";"-";"+";"-";"+";"+";"-";"§a§du tempérament "
"487";"+";"-";"-";"-";"-";"-";"-";"-";"<E>";" avoir";"un sacré";"tempérament";"<E>";"<E>";"<E>";"-";"-";"+";"-";"+";"+";"-";"§a§un sacré tempérament "
"488";"+";"-";"-";"-";"-";"-";"-";"-";"<E>";" avoir";"un drôle de";"tempérament";"<E>";"<E>";"<E>";"-";"-";"+";"-";"+";"+";"-";"§a§un drôle de tempérament "
"489";"+";"-";"-";"-";"-";"-";"-";"-";"<E>";" avoir";"de la";"température";"<E>";"<E>";"<E>";"-";"-";"-";"-";"+";"+";"-";"§a§de la température "
"490";"+";"+";"+";"-";"-";"-";"-";"-";"<E>";" avoir";"du beau";"temps";"<E>";"<E>";"<E>";"-";"-";"-";"-";"-";"-";"-";"§a§du beau temps "
"491";"+";"+";"+";"-";"-";"-";"-";"-";"<E>";" avoir";"du gros";"temps";"<E>";"<E>";"<E>";"-";"-";"-";"-";"-";"-";"-";"§a§du gros temps "
"492";"+";"+";"+";"-";"-";"-";"-";"-";"<E>";" avoir";"gros";"temps";"<E>";"<E>";"<E>";"-";"-";"-";"-";"-";"-";"-";"§a§gros temps "
"493";"+";"+";"+";"-";"-";"-";"-";"-";"<E>";" avoir";"du mauvais";"temps";"<E>";"<E>";"<E>";"-";"-";"-";"-";"-";"-";"-";"§a§du mauvais temps "
"494";"+";"-";"+";"-";"-";"-";"-";"-";"<E>";" avoir";"du bon";"temps";"<E>";"<E>";"<E>";"+";"-";"+";"-";"-";"+";"-";"§a§du bon temps "
"495";"+";"-";"-";"-";"-";"-";"-";"-";"<E>";" avoir";"tout Poss0";"temps";"<E>";"<E>";"<E>";"-";"-";"+";"-";"-";"-";"-";"§a§tout son temps "
"496";"-";"+";"-";"-";"-";"-";"-";"-";"<E>";" avoir";"un";"temps";"<E>";"<E>";"<E>";"-";"-";"-";"-";"-";"-";"-";"§a§un temps "
"497";"-";"+";"-";"-";"-";"-";"-";"+";"n'";" avoir que";"un";"temps";"<E>";"<E>";"<E>";"-";"-";"-";"-";"-";"-";"-";"§n'a que§un temps "
"498";"+";"+";"+";"-";"-";"-";"-";"-";"<E>";" avoir";"un";"temps";"de";"<E>";"cochon";"-";"-";"-";"-";"-";"-";"-";"§a§un temps de cochon "
"499";"+";"-";"-";"-";"-";"-";"-";"+";"n'";" avoir";"le";"temps";"de";"<E>";"dire ouf";"-";"-";"+";"-";"-";"+";"-";"§n'a§le temps de dire ouf "
"500";"+";"-";"+";"-";"-";"-";"-";"-";"<E>";" avoir";"du";"temps";"de";"<E>";"libre";"-";"-";"-";"-";"-";"+";"-";"§a§du temps de libre "
"501";"+";"-";"-";"-";"-";"-";"-";"+";"n'";" avoir pas";"le";"temps";"de";"se";"reposer";"-";"-";"+";"-";"-";"+";"-";"§n'a pas§le temps de se reposer "
"502";"+";"-";"-";"-";"-";"-";"-";"+";"n'";" avoir";"le";"temps";"de";"<E>";"respirer";"-";"-";"+";"-";"-";"+";"-";"§n'a§le temps de respirer "
"503";"+";"-";"+";"-";"-";"-";"-";"-";"<E>";" avoir";"du";"temps";"de";"<E>";"reste";"-";"-";"-";"-";"-";"+";"-";"§a§du temps de reste "
"504";"+";"-";"-";"-";"-";"-";"-";"-";"<E>";" avoir";"le";"temps";"de";"se";"retourner";"-";"-";"+";"-";"-";"+";"-";"§a§le temps de se retourner "
"505";"+";"-";"-";"-";"-";"-";"-";"+";"n'";" avoir";"le";"temps";"de";"<E>";"souffler";"-";"-";"+";"-";"-";"+";"-";"§n'a§le temps de souffler "
"506";"+";"-";"-";"-";"-";"-";"-";"-";"<E>";" avoir";"le";"temps";"de";"<E>";"voir venir";"-";"-";"+";"-";"-";"+";"-";"§a§le temps de voir venir "
"507";"-";"+";"-";"-";"-";"-";"-";"-";"<E>";" avoir";"une bonne";"tenue";"<E>";"<E>";"<E>";"-";"-";"-";"-";"-";"-";"-";"§a§une bonne tenue "
"508";"-";"+";"-";"-";"-";"-";"-";"-";"<E>";" avoir";"une excellente";"tenue";"<E>";"<E>";"<E>";"-";"-";"-";"-";"-";"-";"-";"§a§une excellente tenue "
"509";"-";"+";"-";"-";"-";"-";"-";"-";"<E>";" avoir";"une mauvaise";"tenue";"<E>";"<E>";"<E>";"-";"-";"-";"-";"-";"-";"-";"§a§une mauvaise tenue "
"510";"+";"-";"-";"-";"-";"-";"-";"-";"<E>";" avoir";"toute Poss0";"tête";"<E>";"<E>";"<E>";"-";"-";"-";"-";"+";"-";"-";"§a§toute sa tête "
"511";"+";"-";"+";"-";"-";"-";"-";"-";"<E>";" avoir";"la grosse";"tête";"<E>";"<E>";"<E>";"-";"-";"-";"-";"-";"-";"-";"§a§la grosse tête "
"512";"+";"-";"+";"-";"-";"-";"-";"-";"<E>";" avoir";"une grosse";"tête";"<E>";"<E>";"<E>";"-";"-";"-";"-";"-";"-";"-";"§a§une grosse tête "
"513";"+";"-";"-";"-";"-";"-";"-";"-";"<E>";" avoir";"une bonne";"tête";"<E>";"<E>";"<E>";"-";"-";"-";"-";"+";"+";"-";"§a§une bonne tête "
"514";"-";"+";"-";"-";"-";"-";"-";"-";"<E>";" avoir";"une bonne";"tête";"<E>";"<E>";"<E>";"-";"-";"-";"-";"+";"+";"-";"§a§une bonne tête "
"515";"+";"-";"-";"-";"-";"-";"-";"-";"<E>";" avoir";"une sale";"tête";"<E>";"<E>";"<E>";"-";"-";"-";"-";"+";"+";"-";"§a§une sale tête "
"516";"-";"+";"-";"-";"-";"-";"-";"-";"<E>";" avoir";"une sale";"tête";"<E>";"<E>";"<E>";"-";"-";"-";"-";"+";"+";"-";"§a§une sale tête "
"517";"+";"-";"+";"-";"-";"-";"-";"-";"<E>";" avoir";"une";"tête";"sans";"<E>";"cervelle";"-";"-";"-";"-";"+";"+";"-";"§a§une tête sans cervelle "
"518";"+";"-";"+";"-";"-";"-";"-";"-";"<E>";" avoir";"une";"tête";"de";"<E>";"cochon";"-";"-";"-";"-";"-";"+";"-";"§a§une tête de cochon "
"519";"+";"-";"+";"-";"-";"-";"-";"-";"<E>";" avoir";"une";"tête";"de";"<E>";"con";"-";"-";"-";"-";"-";"+";"-";"§a§une tête de con "
"520";"+";"-";"-";"-";"-";"-";"-";"-";"<E>";" avoir";"une";"tête";"de";"<E>";"croque-mort";"-";"-";"-";"-";"+";"+";"-";"§a§une tête de croque-mort "
"521";"+";"-";"-";"-";"-";"-";"-";"-";"<E>";" avoir";"la";"tête";"de";"le";"emploi";"-";"-";"+";"+";"+";"+";"-";"§a§la tête de l'emploi "
"522";"+";"-";"-";"-";"-";"-";"-";"-";"<E>";" avoir";"une";"tête";"de";"<E>";"enterrement";"-";"-";"-";"-";"+";"+";"-";"§a§une tête d'enterrement "
"523";"+";"-";"-";"-";"-";"-";"-";"-";"<E>";" avoir";"Poss0";"tête";"de";"les grands";"jours";"-";"-";"+";"+";"+";"+";"-";"§a§sa tête des grands jours "
"524";"+";"-";"-";"-";"-";"-";"-";"-";"<E>";" avoir";"Poss0";"tête";"de";"les mauvais";"jours";"-";"-";"+";"+";"+";"+";"-";"§a§sa tête des mauvais jours "
"525";"+";"-";"+";"-";"-";"-";"-";"-";"<E>";" avoir";"une";"tête";"de";"<E>";"lard";"-";"-";"-";"-";"-";"+";"-";"§a§une tête de lard "
"526";"+";"-";"+";"-";"-";"-";"-";"-";"<E>";" avoir";"une";"tête";"de";"<E>";"linotte";"-";"-";"-";"-";"-";"+";"-";"§a§une tête de linotte "
"527";"+";"-";"-";"-";"-";"-";"-";"-";"<E>";" avoir";"une";"tête";"de";"<E>";"mort";"-";"-";"-";"-";"+";"+";"-";"§a§une tête de mort "
"528";"+";"-";"+";"-";"-";"-";"-";"-";"<E>";" avoir";"une";"tête";"de";"<E>";"mule";"-";"-";"-";"-";"-";"+";"-";"§a§une tête de mule "
"529";"+";"-";"-";"-";"-";"-";"-";"-";"<E>";" avoir";"une";"tête";"<E>";"<E>";"penchée";"-";"-";"-";"-";"-";"+";"-";"§a§une tête penchée "
"530";"+";"-";"-";"-";"-";"-";"-";"-";"<E>";" avoir";"Poss0";"têtes";"<E>";"<E>";"<E>";"-";"-";"-";"-";"+";"-";"-";"§a§ses têtes "
"531";"+";"-";"-";"-";"-";"-";"-";"-";"<E>";" avoir";"de la";"thune";"<E>";"<E>";"<E>";"-";"-";"-";"-";"-";"+";"+";"§a§de la thune "
"532";"+";"-";"-";"-";"-";"-";"-";"+";"n'";" avoir";"une";"thune";"<E>";"<E>";"<E>";"-";"-";"-";"-";"-";"+";"+";"§n'a§une thune "
"533";"-";"+";"-";"-";"-";"-";"-";"-";"<E>";" avoir";"du";"tonneau";"<E>";"<E>";"<E>";"-";"-";"+";"-";"-";"+";"-";"§a§du tonneau "
"534";"+";"+";"-";"-";"-";"-";"-";"-";"<E>";" avoir";"du";"tonus";"<E>";"<E>";"<E>";"-";"-";"+";"+";"+";"+";"-";"§a§du tonus "
"535";"+";"-";"-";"-";"-";"-";"-";"-";"<E>";" avoir";"un";"tort ";"<E>";"<E>";"P";"-";"-";"-";"-";"+";"+";"-";"§a§un tort P "
"536";"+";"-";"-";"-";"-";"-";"-";"-";"<E>";" avoir";"tous les";"torts";"<E>";"<E>";"<E>";"-";"-";"-";"-";"+";"+";"+";"§a§tous les torts "
"537";"+";"-";"-";"-";"-";"-";"-";"-";"<E>";" avoir";"Dnum de";"tour";"de";"<E>";"poitrine";"-";"-";"-";"-";"+";"+";"-";"§a§Dnum de tour de poitrine "
"538";"+";"-";"-";"-";"-";"-";"-";"-";"<E>";" avoir";"le";"tournis";"<E>";"<E>";"<E>";"-";"-";"-";"-";"+";"+";"-";"§a§le tournis "
"539";"+";"-";"-";"-";"-";"-";"-";"-";"<E>";" avoir";"<E>";"tout";"de";"la";"mégère";"-";"-";"-";"-";"-";"-";"-";"§a§tout de la mégère "
"540";"+";"-";"-";"-";"-";"-";"-";"-";"<E>";" avoir";"<E>";"tout";"de";"le";"N";"-";"-";"-";"-";"-";"-";"-";"§a§tout du N "
"541";"-";"+";"-";"-";"-";"-";"-";"-";"<E>";" avoir";"<E>";"tout";"de";"le";"N";"-";"-";"-";"-";"-";"-";"-";"§a§tout du N "
"542";"-";"+";"-";"-";"-";"-";"-";"-";"<E>";" avoir";"<E>";"tout";"de";"le";"taudis";"-";"-";"-";"-";"-";"-";"-";"§a§tout du taudis "
"543";"+";"-";"-";"-";"-";"-";"-";"-";"<E>";" avoir";"le";"trait";"<E>";"<E>";"<E>";"-";"-";"+";"+";"+";"+";"+";"§a§le trait "
"544";"+";"-";"-";"-";"-";"-";"-";"-";"<E>";" avoir";"des";"tripes";"<E>";"<E>";"<E>";"-";"-";"-";"-";"-";"+";"-";"§a§des tripes "
"545";"+";"-";"-";"-";"-";"-";"-";"-";"<E>";" avoir";"la";"trique";"<E>";"<E>";"<E>";"-";"-";"-";"-";"-";"+";"-";"§a§la trique "
"546";"+";"-";"-";"-";"-";"-";"-";"-";"<E>";" avoir";"un";"trou";"<E>";"<E>";"<E>";"-";"-";"-";"-";"-";"-";"-";"§a§un trou "
"547";"+";"-";"-";"-";"-";"-";"-";"-";"<E>";" avoir";"un";"trou";"de";"<E>";"mémoire";"-";"-";"-";"-";"-";"-";"-";"§a§un trou de mémoire "
"548";"+";"-";"+";"-";"-";"-";"-";"-";"<E>";" avoir";"une";"tuile";"<E>";"<E>";"<E>";"-";"-";"-";"-";"-";"-";"+";"§a§une tuile "
"549";"+";"-";"-";"-";"-";"-";"-";"-";"<E>";" avoir";"<E>";"valeur";"de";"<E>";"exemple";"-";"-";"+";"+";"+";"+";"+";"§a§valeur d'exemple "
"550";"+";"-";"-";"-";"-";"-";"-";"-";"<E>";" avoir";"<E>";"valeur";"de";"<E>";"preuve";"-";"-";"+";"+";"+";"+";"+";"§a§valeur de preuve "
"551";"+";"-";"-";"-";"-";"-";"-";"-";"<E>";" avoir";"<E>";"valeur";"de";"<E>";"symbole";"-";"-";"+";"+";"+";"+";"+";"§a§valeur de symbole "
"552";"+";"-";"-";"-";"-";"-";"-";"-";"<E>";" avoir";"la";"vedette";"<E>";"<E>";"<E>";"-";"-";"+";"+";"+";"+";"-";"§a§la vedette "
"553";"+";"-";"-";"-";"-";"-";"-";"-";"<E>";" avoir";"le";"ver";"<E>";"<E>";"solitaire";"-";"-";"-";"+";"+";"+";"-";"§a§le ver solitaire "
"554";"+";"-";"-";"-";"-";"-";"-";"-";"<E>";" avoir";"des";"verres";"de";"<E>";"contact";"-";"-";"-";"-";"-";"-";"-";"§a§des verres de contact "
"555";"+";"-";"+";"-";"-";"-";"-";"-";"<E>";" avoir";"la belle";"vie";"<E>";"<E>";"<E>";"+";"-";"-";"-";"+";"+";"-";"§a§la belle vie "
"556";"+";"-";"-";"-";"-";"-";"-";"-";"<E>";" avoir";"un";"visage";"de";"<E>";"ange";"-";"-";"-";"+";"+";"+";"-";"§a§un visage d'ange "
"557";"+";"-";"-";"-";"-";"-";"-";"-";"<E>";" avoir";"un";"visage";"<E>";"<E>";"angélique";"-";"-";"-";"+";"+";"+";"-";"§a§un visage angélique "
"558";"+";"-";"-";"-";"-";"-";"-";"-";"<E>";" avoir";"un";"visage";"de";"<E>";"enfant";"-";"-";"-";"+";"+";"+";"-";"§a§un visage d'enfant "
"559";"+";"-";"-";"-";"-";"-";"-";"-";"<E>";" avoir";"un";"visage";"<E>";"<E>";"enfantin";"-";"-";"-";"+";"+";"+";"-";"§a§un visage enfantin "
"560";"+";"-";"-";"-";"-";"-";"-";"-";"<E>";" avoir";"un";"visage";"de";"<E>";"fille";"-";"-";"-";"+";"+";"+";"-";"§a§un visage de fille "
"561";"-";"+";"-";"-";"-";"-";"-";"-";"<E>";" avoir";"un";"visage";"<E>";"<E>";"humain";"-";"-";"-";"+";"+";"+";"-";"§a§un visage humain "
"562";"+";"-";"-";"-";"-";"-";"-";"-";"<E>";" avoir";"un";"visage";"<E>";"<E>";"humain";"-";"-";"-";"+";"+";"+";"-";"§a§un visage humain "
"563";"+";"-";"+";"-";"-";"-";"-";"-";"<E>";" avoir";"une";"vision";"<E>";"<E>";"<E>";"-";"-";"-";"-";"-";"+";"-";"§a§une vision "
"564";"+";"-";"-";"-";"-";"-";"-";"-";"<E>";" avoir";"des";"visions";"<E>";"<E>";"<E>";"-";"-";"-";"-";"-";"+";"-";"§a§des visions "
"565";"+";"-";"-";"-";"-";"-";"-";"-";"<E>";" avoir";"de la";"visite";"<E>";"<E>";"<E>";"-";"-";"-";"-";"-";"-";"+";"§a§de la visite "
"566";"+";"-";"-";"-";"-";"-";"-";"-";"<E>";" avoir";"la";"vocation";"<E>";"<E>";"<E>";"-";"-";"-";"+";"+";"+";"-";"§a§la vocation "
"567";"+";"-";"-";"-";"-";"-";"-";"-";"<E>";" avoir";"de la";"voix";"<E>";"<E>";"<E>";"-";"-";"+";"+";"+";"-";"-";"§a§de la voix "
"568";"+";"-";"-";"-";"-";"-";"-";"+";"n'";" avoir plus";"de";"voix";"<E>";"<E>";"<E>";"-";"-";"-";"-";"+";"-";"-";"§n'a plus§de voix "
"569";"+";"-";"-";"-";"-";"-";"-";"-";"<E>";" avoir";"Dnum";"volet";"<E>";"<E>";"<E>";"-";"-";"-";"-";"-";"-";"-";"§a§Dnum volet "
"570";"+";"-";"-";"-";"-";"-";"-";"-";"<E>";" avoir";"un";"volet";"<E>";"<E>";"social";"-";"-";"-";"-";"-";"-";"-";"§a§un volet social "
"571";"+";"-";"-";"-";"-";"-";"-";"-";"<E>";" avoir";"la";"volonté";"de";"<E>";"aller de l'avant";"-";"-";"+";"+";"+";"+";"-";"§a§la volonté d'aller de l'avant "
"572";"+";"-";"-";"-";"-";"-";"-";"-";"<E>";" avoir";"un certain bon";"vouloir";"<E>";"<E>";"<E>";"-";"-";"-";"-";"+";"-";"-";"§a§un certain bon vouloir "
"573";"+";"-";"-";"-";"+";"-";"-";"-";"l'";" avoir";"<E>";"voulu";"<E>";"<E>";"<E>";"-";"-";"-";"-";"-";"-";"-";"§l'a§voulu "
"574";"+";"-";"-";"-";"-";"-";"-";"-";"<E>";" avoir";"plus que";"Vpp";"<E>";"<E>";"W";"-";"-";"-";"-";"-";"-";"-";"§a§plus que Vpp W "
"575";"+";"-";"-";"-";"-";"-";"-";"-";"<E>";" aura";"tout";"vu";"<E>";"<E>";"<E>";"-";"-";"-";"-";"-";"-";"-";"§aura§tout vu "
"576";"+";"-";"-";"-";"-";"-";"-";"-";"<E>";" avoir";"de bons";"yeux";"<E>";"<E>";"<E>";"+";"-";"-";"-";"+";"+";"+";"§a§de bons yeux "
"577";"+";"-";"-";"-";"-";"-";"-";"-";"<E>";" avoir";"d'excellents";"yeux";"<E>";"<E>";"<E>";"+";"-";"-";"-";"+";"+";"+";"§a§d'excellents yeux "
"578";"+";"-";"-";"-";"-";"-";"-";"-";"<E>";" avoir";"de grands";"yeux";"<E>";"<E>";"<E>";"+";"-";"-";"-";"+";"+";"+";"§a§de grands yeux "
"579";"+";"-";"-";"-";"-";"-";"-";"-";"<E>";" avoir";"de mauvais";"yeux";"<E>";"<E>";"<E>";"+";"-";"-";"-";"+";"+";"+";"§a§de mauvais yeux "
"580";"+";"-";"-";"-";"-";"-";"-";"-";"<E>";" avoir";"des petits";"yeux";"<E>";"<E>";"<E>";"+";"-";"-";"-";"+";"+";"-";"§a§des petits yeux "
"581";"+";"-";"-";"-";"-";"-";"-";"-";"<E>";" avoir";"quatre";"yeux";"<E>";"<E>";"<E>";"-";"-";"-";"-";"-";"-";"-";"§a§quatre yeux "
"582";"+";"-";"-";"-";"-";"-";"-";"-";"<E>";" avoir";"des";"yeux";"de";"<E>";"biche";"-";"-";"-";"-";"-";"+";"-";"§a§des yeux de biche "
"583";"+";"-";"-";"-";"-";"-";"-";"-";"<E>";" avoir";"des";"yeux";"de";"<E>";"braise";"-";"-";"-";"-";"-";"+";"-";"§a§des yeux de braise "
"584";"+";"-";"-";"-";"-";"-";"-";"-";"<E>";" avoir";"des";"yeux";"de";"<E>";"feu";"-";"-";"-";"-";"-";"+";"-";"§a§des yeux de feu "
"585";"+";"-";"-";"-";"-";"-";"-";"-";"<E>";" avoir";"des";"yeux";"de";"<E>";"lynx";"-";"-";"-";"-";"-";"+";"-";"§a§des yeux de lynx "
"586";"+";"-";"-";"-";"-";"-";"-";"-";"<E>";" avoir";"des";"yeux";"de";"<E>";"merlan frit";"-";"-";"-";"-";"-";"+";"-";"§a§des yeux de merlan frit "
