"<ID>";"N0 =: Nhum";"N0 =: N-hum";"Ppv =: en figé";"Ppv =: Neg";"<ENT>Ppv";"<ENT><avoir>";"Vsup = il y avoir";"Vop = mettre";"Vop = N-hum donner";"<ENT>Det1";"C1 =: Npc";"Det1 pluriel";"<ENT>C1";"<ENT>Prép2";"<ENT>Det2";"C2 =: Npc";"<ENT>C2";"Exemple"
"1";"+";"-";"-";"-";"<E>";"avoir";"-";"-";"-";"<E>";"-";"-";"  affaire";"à";"la";"-";"  justice";"§a§affaire à la justice "
"2";"+";"-";"-";"-";"<E>";"avoir";"-";"-";"-";"<E>";"-";"-";"  affaire";"à";"forte";"-";"  partie";"§a§affaire à forte partie "
"3";"+";"-";"-";"-";"<E>";"avoir";"-";"-";"-";"<E>";"-";"-";"  affaire";"à";"la";"-";"  police";"§a§affaire à la police "
"4";"+";"-";"-";"-";"<E>";"avoir";"-";"-";"-";"<E>";"-";"-";"  affaire";"à";"les";"-";"  tribunaux";"§a§affaire aux tribunaux "
"5";"+";"-";"+";"-";"en";"avoir";"-";"-";"+";"le";"-";"-";"  air";"mais";"pas la";"-";"  chanson";"§en a§l'air mais pas la chanson "
"6";"+";"-";"-";"-";"<E>";"avoir";"-";"-";"+";"la";"-";"-";"  âme";"en";"<E>";"-";"  peine";"§a§l'âme en peine "
"7";"+";"-";"-";"-";"<E>";"avoir";"+";"-";"+";"une";"+";"+";"  ampoule";"à";"la";"+";"  main";"§a§une ampoule à la main "
"8";"+";"-";"-";"-";"<E>";"avoir";"+";"-";"+";"une";"+";"+";"  ampoule";"à";"le";"+";"  pied";"§a§une ampoule au pied "
"9";"+";"-";"-";"-";"<E>";"avoir";"+";"-";"+";"une";"+";"+";"  ampoule";"à";"le";"+";"  talon";"§a§une ampoule au talon "
"10";"+";"-";"-";"-";"<E>";"avoir";"-";"-";"-";"un";"+";"-";"  an de plus";"que";"la";"-";"  année dernière";"§a§un an de plus que l'année dernière "
"11";"+";"+";"-";"-";"<E>";"avoir";"+";"-";"+";"de belles";"-";"-";"  années";"devant";"<E>";"-";"  Lui-0";"§a§de belles années devant lui "
"12";"+";"+";"-";"-";"<E>";"avoir encore";"+";"-";"+";"de belles";"-";"-";"  années";"devant";"<E>";"-";"  Lui-0";"§a encore§de belles années devant lui "
"13";"+";"+";"-";"-";"<E>";"avoir";"+";"-";"+";"des";"-";"-";"  années de labeur";"derrière";"<E>";"-";"  Lui-0";"§a§des années de labeur derrière lui "
"14";"+";"+";"-";"-";"<E>";"avoir";"+";"-";"+";"des";"-";"-";"  années de N-hum";"derrière";"<E>";"-";"  Lui-0";"§a§des années de N-hum derrière lui "
"15";"+";"+";"-";"-";"<E>";"avoir";"+";"-";"+";"des";"-";"-";"  années de N-hum";"devant";"<E>";"-";"  Lui-0";"§a§des années de N-hum devant lui "
"16";"+";"+";"-";"-";"<E>";"avoir";"+";"-";"+";"des";"-";"-";"  années de travail";"devant";"<E>";"-";"  Lui-0";"§a§des années de travail devant lui "
"17";"+";"-";"-";"-";"<E>";"avoir";"-";"-";"-";"Dnum";"-";"-";"  ans";"et";"toutes Poss0";"+";"  dents";"§a§Dnum ans et toutes ses dents "
"18";"+";"-";"-";"-";"<E>";"avoir";"+";"-";"-";"le";"-";"-";"  appartement";"à";"<E>";"-";"  payer";"§a§l'appartement à payer "
"19";"+";"-";"-";"-";"<E>";"avoir";"+";"+";"-";"une";"-";"-";"  araignée";"dans";"le";"+";"  plafond";"§a§une araignée dans le plafond "
"20";"+";"-";"-";"-";"<E>";"avoir";"+";"+";"-";"de le";"-";"-";"  argent";"en";"<E>";"-";"  caisse";"§a§de l'argent en caisse "
"21";"+";"-";"-";"-";"<E>";"avoir";"-";"+";"-";"de le";"-";"-";"  argent";"de";"<E>";"-";"  côté";"§a§de l'argent de côté "
"22";"+";"-";"-";"-";"<E>";"avoir";"-";"-";"-";"de le";"-";"-";"  argent";"devant";"<E>";"-";"  Lui-0";"§a§de l'argent devant lui "
"23";"+";"-";"-";"-";"<E>";"avoir";"-";"-";"-";"de le";"-";"-";"  argent";"sur";"<E>";"-";"  Lui-0";"§a§de l'argent sur lui "
"24";"+";"-";"-";"-";"<E>";"avoir";"-";"+";"-";"de le";"-";"-";"  argent";"plein";"les";"-";"  poches";"§a§de l'argent plein les poches "
"25";"+";"-";"-";"-";"<E>";"avoir";"+";"+";"-";"du vif-";"-";"-";"  argent";"dans";"les";"+";"  veines";"§a§du vif-argent dans les veines "
"26";"+";"-";"-";"-";"<E>";"avoir";"+";"+";"+";"un";"-";"+";"  atout";"dans";"Poss0";"-";"  jeu";"§a§un atout dans son jeu "
"27";"+";"-";"-";"-";"<E>";"avoir";"+";"+";"+";"un";"-";"+";"  atout";"dans";"Poss0";"-";"  manche";"§a§un atout dans sa manche "
"28";"+";"-";"-";"-";"<E>";"avoir";"-";"+";"+";"tous les";"-";"-";"  atouts";"en";"<E>";"+";"  main";"§a§tous les atouts en main "
"29";"+";"-";"+";"-";"en";"avoir";"+";"-";"-";"<E>";"-";"-";"  autant";"à";"la";"-";"  adresse de Nhum";"§en a§autant à l'adresse de Nhum "
"30";"+";"-";"+";"-";"en";"avoir";"+";"-";"-";"<E>";"-";"-";"  autant";"à";"Poss";"-";"  service";"§en a§autant à Poss service "
"31";"-";"+";"-";"-";"<E>";"avoir";"+";"+";"+";"de la";"-";"-";"  avance";"à";"le";"-";"  allumage";"§a§de l'avance à l'allumage "
"32";"+";"-";"-";"-";"<E>";"avoir";"-";"+";"-";"la";"+";"-";"  bague";"à";"le";"+";"  doigt";"§a§la bague au doigt "
"33";"+";"-";"-";"-";"<E>";"avoir";"-";"+";"-";"douze";"-";"-";"  balles";"dans";"la";"+";"  peau";"§a§douze balles dans la peau "
"34";"+";"-";"-";"-";"<E>";"avoir";"+";"+";"-";"un";"-";"-";"  bandeau";"sur";"les";"+";"  yeux";"§a§un bandeau sur les yeux "
"35";"+";"-";"-";"-";"<E>";"avoir";"-";"+";"+";"de la";"+";"-";"  barbe";"à";"le";"+";"  menton";"§a§de la barbe au menton "
"36";"+";"-";"-";"-";"<E>";"avoir";"-";"+";"+";"une";"-";"-";"  barre";"à";"le";"+";"  creux de l'estomac";"§a§une barre au creux de l'estomac "
"37";"+";"-";"-";"-";"<E>";"avoir";"-";"+";"+";"une";"-";"-";"  barre";"dans";"la";"+";"  tête";"§a§une barre dans la tête "
"38";"-";"-";"-";"-";"<E>";"avoir";"-";"+";"-";"des";"-";"-";"  bâtons";"dans";"les";"-";"  roues";"§a§des bâtons dans les roues "
"39";"+";"-";"-";"-";"<E>";"avoir";"+";"+";"+";"du";"-";"-";"  baume";"à";"le";"+";"  coeur";"§a§du baume au coeur "
"40";"+";"-";"-";"-";"<E>";"avoir";"+";"-";"+";"<E>";"-";"-";"  beaucoup";"à";"<E>";"-";"  faire";"§a§beaucoup à fait "
"41";"+";"-";"-";"-";"<E>";"avoir";"-";"+";"-";"le";"+";"-";"  bec";"dans";"la";"-";"  eau";"§a§le bec dans l'eau "
"42";"+";"-";"-";"-";"<E>";"avoir";"-";"-";"-";"le";"-";"-";"  bérêt";"sur";"la";"+";"  oreille";"§a§le bérêt sur l'oreille "
"43";"+";"-";"-";"-";"<E>";"avoir";"-";"-";"+";"le";"-";"-";"  beurre";"et";"le";"-";"  argent du beurre";"§a§le beurre et l'argent du beurre "
"44";"+";"-";"-";"-";"<E>";"avoir";"+";"+";"-";"du";"-";"-";"  beurre";"dans";"les";"-";"  épinards";"§a§du beurre dans les épinards "
"45";"+";"-";"-";"-";"<E>";"avoir";"-";"+";"+";"du";"-";"-";"  bien";"à";"le";"-";"  soleil";"§a§du bien au soleil "
"46";"+";"-";"-";"-";"<E>";"avoir";"-";"-";"-";"six";"-";"-";"  bières";"pour";"le";"-";"  prix d'une";"§a§six bières pour le prix d'une "
"47";"+";"-";"-";"-";"<E>";"avoir";"-";"-";"+";"<E>";"-";"-";"  bobo";"à";"le";"+";"  Npc";"§a§bobo au Npc "
"48";"+";"-";"-";"-";"<E>";"avoir";"+";"+";"-";"un";"-";"-";"  bobo";"à";"le";"+";"  Npc";"§a§un bobo au Npc "
"49";"+";"-";"-";"-";"<E>";"avoir";"-";"-";"+";"<E>";"-";"-";"  bobo";"à";"la";"+";"  oreille";"§a§bobo à l'oreille "
"50";"+";"-";"-";"-";"<E>";"avoir";"+";"+";"-";"un";"-";"-";"  bobo";"à";"la";"+";"  oreille";"§a§un bobo à l'oreille "
"51";"+";"-";"-";"-";"<E>";"avoir";"+";"+";"-";"un";"-";"-";"  boeuf";"sur";"la";"+";"  langue";"§a§un boeuf sur la langue "
"52";"+";"-";"-";"-";"<E>";"avoir";"-";"+";"-";"la";"+";"-";"  bouche";"en";"<E>";"-";"  coeur";"§a§la bouche en coeur "
"53";"+";"-";"-";"-";"<E>";"avoir";"+";"+";"+";"une";"-";"-";"  boule";"à";"le";"+";"  creux de l'estomac";"§a§une boule au creux de l'estomac "
"54";"+";"-";"-";"-";"<E>";"avoir";"-";"+";"-";"une";"-";"-";"  boule";"dans";"la";"+";"  gorge";"§a§une boule dans la gorge "
"55";"+";"-";"-";"-";"<E>";"avoir";"+";"+";"-";"un";"-";"-";"  boulet";"à";"le";"+";"  pied";"§a§un boulet au pied "
"56";"+";"-";"-";"-";"<E>";"avoir";"+";"-";"+";"du";"-";"-";"  boulot";"par dessus";"la";"+";"  tête";"§a§du boulot par dessus la tête "
"57";"+";"-";"-";"-";"<E>";"avoir";"+";"-";"+";"des";"-";"-";"  bourdonnements";"dans";"les";"+";"  oreilles";"§a§des bourdonnements dans les oreilles "
"58";"+";"-";"-";"-";"<E>";"avoir";"-";"-";"-";"les";"+";"-";"  bras";"<E>";"le";"-";"  long du corps";"§a§les bras le long du corps "
"59";"+";"-";"-";"-";"<E>";"avoir";"-";"-";"-";"les";"+";"-";"  bras";"à";"la";"-";"  retourne";"§a§les bras à la retourne "
"60";"+";"-";"-";"-";"<E>";"avoir";"-";"-";"-";"la";"-";"-";"  bride";"sur";"le";"+";"  cou";"§a§la bride sur le cou "
"61";"+";"-";"-";"-";"<E>";"avoir";"-";"-";"+";"un";"-";"-";"  but";"dans";"la";"-";"  vie";"§a§un but dans la vie "
"62";"+";"-";"-";"+";"n'";"avoir que";"+";"-";"-";"<E>";"-";"-";"  ça";"à";"la";"+";"  bouche";"§n'a que§ça à la bouche "
"63";"+";"-";"-";"+";"n'";"avoir pas que";"+";"-";"+";"<E>";"-";"-";"  ça";"à";"<E>";"-";"  faire";"§n'a pas que§ça à fait "
"64";"+";"-";"-";"-";"<E>";"avoir";"+";"-";"+";"une";"-";"-";"  carte";"à";"<E>";"-";"  jouer";"§a§une carte à jouer "
"65";"+";"-";"-";"-";"<E>";"avoir";"+";"+";"-";"des";"-";"-";"  cartes";"dans";"Poss0";"-";"  jeu";"§a§des cartes dans son jeu "
"66";"+";"-";"-";"-";"<E>";"avoir";"-";"-";"-";"une";"-";"-";"  case";"en";"<E>";"-";"  moins";"§a§une case en moins "
"67";"+";"-";"-";"-";"<E>";"avoir";"-";"-";"-";"un";"-";"-";"  casque";"en";"<E>";"-";"  plomb";"§a§un casque en plomb "
"68";"+";"-";"-";"+";"n'";"avoir pas";"-";"+";"-";"un";"-";"-";"  centime";"de";"<E>";"-";"  côté";"§n'a pas§un centime de côté "
"69";"+";"-";"-";"+";"n'";"avoir pas";"-";"-";"-";"un";"-";"-";"  centime";"devant";"<E>";"-";"  Lui-0";"§n'a pas§un centime devant lui "
"70";"+";"-";"-";"+";"n'";"avoir pas";"-";"-";"-";"un";"-";"-";"  centime";"sur";"<E>";"-";"  Lui-0";"§n'a pas§un centime sur lui "
"71";"+";"-";"-";"+";"n'";"avoir pas";"-";"+";"-";"un";"-";"-";"  centime";"en";"<E>";"-";"  poche";"§n'a pas§un centime en poche "
"72";"+";"-";"-";"-";"<E>";"avoir";"-";"-";"-";"un";"+";"-";"  cerveau";"comme";"une";"-";"  passoire";"§a§un cerveau comme une passoire "
"73";"+";"-";"-";"-";"<E>";"avoir";"-";"-";"-";"une";"+";"-";"  cervelle";"comme";"une";"-";"  passoire";"§a§une cervelle comme une passoire "
"74";"+";"-";"-";"-";"<E>";"avoir";"-";"+";"+";"du";"-";"-";"  champ";"par";"<E>";"-";"  rapport à N";"§a§du champ par rapport à N "
"75";"+";"-";"-";"-";"<E>";"avoir";"-";"-";"+";"de la";"-";"-";"  chance";"en";"<E>";"-";"  amour";"§a§de la chance en amour "
"76";"+";"-";"-";"-";"<E>";"avoir";"-";"-";"+";"de la";"-";"-";"  chance";"à";"le";"-";"  jeu";"§a§de la chance au jeu "
"77";"+";"-";"-";"-";"<E>";"avoir";"-";"-";"-";"le";"-";"-";"  chapeau";"sur";"la";"+";"  oreille";"§a§le chapeau sur l'oreille "
"78";"+";"-";"-";"-";"<E>";"avoir";"+";"+";"+";"un";"-";"-";"  chat";"dans";"la";"+";"  gorge";"§a§un chat dans la gorge "
"79";"+";"-";"-";"-";"<E>";"avoir";"-";"-";"-";"d'autres";"-";"-";"  chats";"à";"<E>";"-";"  fouetter";"§a§d'autres chats à fouetter "
"80";"+";"-";"-";"-";"<E>";"avoir";"-";"-";"+";"<E>";"-";"-";"  chaud";"à";"le";"+";"  coeur";"§a§chaud au coeur "
"81";"+";"-";"-";"-";"<E>";"avoir";"-";"-";"+";"<E>";"-";"-";"  chaud";"à";"les";"+";"  fesses";"§a§chaud aux fesses "
"82";"+";"-";"-";"-";"<E>";"avoir";"-";"-";"+";"<E>";"-";"-";"  chaud";"à";"le";"+";"  Npc";"§a§chaud au Npc "
"83";"+";"-";"-";"-";"<E>";"avoir";"-";"-";"+";"<E>";"-";"-";"  chaud";"à";"les";"+";"  oreilles";"§a§chaud aux oreilles "
"84";"+";"-";"-";"+";"n'";"avoir";"+";"-";"-";"un";"+";"-";"  cheveu";"sur";"le";"+";"  caillou";"§n'a§un cheveu sur le caillou "
"85";"+";"-";"-";"-";"<E>";"avoir";"+";"+";"-";"un";"-";"-";"  cheveu";"sur";"la";"+";"  langue";"§a§un cheveu sur la langue "
"86";"+";"-";"-";"-";"<E>";"avoir";"-";"+";"+";"les";"+";"-";"  cheveux";"en";"<E>";"-";"  coup de vent";"§a§les cheveux en coup de vent "
"87";"+";"-";"-";"-";"<E>";"avoir";"-";"+";"-";"les";"+";"-";"  cheveux";"à";"le";"-";"  vent";"§a§les cheveux au vent "
"88";"+";"-";"-";"-";"<E>";"avoir";"-";"-";"-";"<E>";"-";"-";"  chevillé";"<E>";"la";"-";"  âme au corps de Nhum";"§a§chevillé l'âme au corps de Nhum "
"89";"+";"-";"-";"-";"<E>";"avoir";"-";"-";"-";"les";"+";"-";"  chevilles";"<E>";"qui";"-";"  enflent";"§a§les chevilles qui enflent "
"90";"+";"-";"-";"+";"n'";"avoir";"+";"-";"-";"grand";"-";"-";"  chose";"à";"<E>";"-";"  faire";"§n'a§grand chose à fait "
"91";"+";"-";"-";"+";"n'";"avoir";"+";"-";"-";"grand";"-";"-";"  chose";"à";"<E>";"-";"  perdre";"§n'a§grand chose à perdre "
"92";"+";"-";"-";"-";"<E>";"avoir";"-";"+";"-";"autre";"-";"-";"  chose";"en";"<E>";"+";"  tête";"§a§autre chose en tête "
"93";"+";"-";"-";"-";"<E>";"avoir";"+";"+";"-";"un";"-";"-";"  cigare";"à";"la";"+";"  bouche";"§a§un cigare à la bouche "
"94";"+";"-";"-";"-";"<E>";"avoir";"+";"+";"-";"une";"-";"-";"  cigarette";"à";"la";"+";"  bouche";"§a§une cigarette à la bouche "
"95";"+";"-";"-";"-";"<E>";"avoir";"+";"+";"-";"une";"-";"-";"  cigarette";"à";"les";"+";"  lèvres";"§a§une cigarette aux lèvres "
"96";"+";"-";"-";"-";"<E>";"avoir";"-";"+";"-";"<E>";"-";"-";"  cinq";"sur";"<E>";"-";"  cinq";"§a§cinq sur cinq "
"97";"+";"-";"-";"-";"<E>";"avoir";"+";"+";"-";"un";"-";"-";"  clope";"à";"la";"+";"  bouche";"§a§un clope à la bouche "
"98";"+";"-";"-";"-";"<E>";"avoir";"+";"+";"-";"une";"-";"-";"  clope";"à";"la";"+";"  bouche";"§a§une clope à la bouche "
"99";"+";"-";"-";"-";"<E>";"avoir";"+";"+";"-";"un";"-";"-";"  clope";"à";"les";"+";"  lèvres";"§a§un clope aux lèvres "
"100";"+";"-";"-";"-";"<E>";"avoir";"+";"+";"-";"une";"-";"-";"  clope";"à";"les";"+";"  lèvres";"§a§une clope aux lèvres "
"101";"+";"-";"-";"-";"<E>";"avoir";"+";"+";"+";"une";"-";"-";"  cochonnerie";"dans";"le";"+";"  oeil";"§a§une cochonnerie dans l'oeil "
"102";"+";"-";"-";"-";"<E>";"avoir";"-";"-";"-";"le";"+";"-";"  coeur";"sur";"la";"+";"  main";"§a§le coeur sur la main "
"103";"+";"-";"-";"-";"<E>";"avoir";"-";"+";"+";"du";"+";"-";"  coeur";"à";"le";"-";"  ouvrage";"§a§du coeur à l'ouvrage "
"104";"+";"-";"-";"-";"<E>";"avoir";"-";"+";"+";"le";"+";"-";"  coeur";"à";"le";"-";"  ouvrage";"§a§le coeur à l'ouvrage "
"105";"+";"-";"-";"+";"n'";"avoir";"-";"-";"-";"le";"+";"-";"  coeur";"à";"<E>";"-";"  rien";"§n'a§le coeur à rien "
"106";"+";"-";"-";"-";"<E>";"avoir";"-";"+";"+";"du";"+";"-";"  coeur";"à";"le";"+";"  ventre";"§a§du coeur au ventre "
"107";"+";"-";"-";"-";"<E>";"avoir";"+";"-";"-";"un";"+";"-";"  coeur d'or";"sous";"des";"-";"  dehors hautains";"§a§un coeur d'or sous des dehors hautains "
"108";"+";"-";"-";"-";"<E>";"avoir";"+";"-";"-";"un";"+";"-";"  coeur d'or";"sous";"des";"-";"  dehors Modif";"§a§un coeur d'or sous des dehors Modif "
"109";"+";"-";"-";"-";"<E>";"avoir";"+";"-";"-";"un";"+";"-";"  coeur d'or";"derrière";"une";"-";"  façade arrogante";"§a§un coeur d'or derrière une façade arrogante "
"110";"+";"-";"-";"-";"<E>";"avoir";"+";"-";"-";"un";"+";"-";"  coeur d'or";"derrière";"une";"-";"  façade Modif";"§a§un coeur d'or derrière une façade Modif "
"111";"+";"-";"-";"-";"<E>";"avoir";"+";"+";"-";"de la";"-";"-";"  colère";"dans";"le";"-";"  regard";"§a§de la colère dans le regard "
"112";"+";"-";"-";"-";"<E>";"avoir";"+";"+";"-";"de la";"-";"-";"  colère";"dans";"les";"+";"  yeux";"§a§de la colère dans les yeux "
"113";"+";"-";"-";"-";"<E>";"avoir";"-";"+";"+";"le";"-";"-";"  compas";"dans";"le";"+";"  oeil";"§a§le compas dans l'oeil "
"114";"+";"-";"-";"-";"<E>";"avoir";"-";"-";"+";"<E>";"-";"-";"  confiance";"dans";"le";"-";"  avenir";"§a§confiance dans l'avenir "
"115";"+";"-";"-";"-";"<E>";"avoir";"-";"-";"+";"<E>";"-";"-";"  confiance";"en";"le";"-";"  avenir";"§a§confiance en l'avenir "
"116";"+";"-";"-";"-";"<E>";"avoir";"-";"-";"+";"<E>";"-";"-";"  confiance";"dans";"Poss0";"-";"  étoile";"§a§confiance dans son étoile "
"117";"+";"-";"-";"-";"<E>";"avoir";"-";"-";"+";"<E>";"-";"-";"  confiance";"en";"Poss0";"-";"  étoile";"§a§confiance en son étoile "
"118";"+";"-";"-";"-";"<E>";"avoir";"-";"-";"+";"<E>";"-";"-";"  confiance";"dans";"Poss0 bonne";"-";"  étoile";"§a§confiance dans sa bonne étoile "
"119";"+";"-";"-";"-";"<E>";"avoir";"-";"-";"+";"<E>";"-";"-";"  confiance";"en";"Poss0 bonne";"-";"  étoile";"§a§confiance en sa bonne étoile "
"120";"+";"-";"-";"-";"<E>";"avoir";"-";"-";"+";"<E>";"-";"-";"  confiance";"en";"<E>";"-";"  Lui-0";"§a§confiance en lui "
"121";"+";"-";"-";"-";"<E>";"avoir";"-";"-";"+";"<E>";"-";"-";"  confiance";"dans";"le";"-";"  progrès";"§a§confiance dans le progrès "
"122";"+";"-";"-";"-";"<E>";"avoir";"+";"+";"-";"un";"-";"-";"  contrat";"en";"<E>";"-";"  poche";"§a§un contrat en poche "
"123";"+";"-";"-";"-";"<E>";"avoir";"+";"+";"-";"une";"-";"-";"  coquetterie";"dans";"le";"+";"  oeil";"§a§une coquetterie dans l'oeil "
"124";"+";"+";"-";"-";"<E>";"avoir";"-";"+";"+";"un";"-";"-";"  cor";"à";"le";"+";"  pied";"§a§un cor au pied "
"125";"+";"-";"-";"-";"<E>";"avoir";"-";"+";"-";"la";"-";"-";"  corde";"à";"le";"+";"  cou";"§a§la corde au cou "
"126";"+";"-";"-";"-";"<E>";"avoir";"+";"+";"+";"plusieurs";"-";"-";"  cordes";"à";"Poss0";"-";"  arc";"§a§plusieurs cordes à son arc "
"127";"+";"-";"-";"-";"<E>";"avoir";"-";"-";"-";"les";"+";"-";"  côtes";"en";"<E>";"-";"  long";"§a§les côtes en long "
"128";"+";"-";"-";"-";"<E>";"avoir";"+";"+";"-";"du";"-";"-";"  coton";"dans";"les";"+";"  oreilles";"§a§du coton dans les oreilles "
"129";"+";"-";"-";"-";"<E>";"avoir";"-";"-";"-";"les";"+";"-";"  coudes";"sur";"la";"-";"  table";"§a§les coudes sur la table "
"130";"+";"-";"-";"-";"<E>";"avoir";"+";"+";"+";"des";"+";"-";"  couilles";"à";"le";"+";"  cul";"§a§des couilles au cul "
"131";"+";"-";"-";"-";"<E>";"avoir";"-";"+";"-";"un";"-";"-";"  coup";"dans";"la";"+";"  aile";"§a§un coup dans l'aile "
"132";"+";"-";"-";"-";"<E>";"avoir";"-";"+";"-";"un sérieux";"-";"-";"  coup";"dans";"la";"+";"  aile";"§a§un sérieux coup dans l'aile "
"133";"+";"-";"-";"-";"<E>";"avoir";"-";"+";"-";"un";"-";"-";"  coup";"dans";"les";"-";"  carreaux";"§a§un coup dans les carreaux "
"134";"+";"-";"-";"-";"<E>";"avoir";"-";"-";"+";"un";"-";"-";"  coup";"à";"le";"+";"  coeur";"§a§un coup au coeur "
"135";"+";"-";"-";"-";"<E>";"avoir";"-";"+";"-";"un";"-";"-";"  coup";"dans";"le";"+";"  nez";"§a§un coup dans le nez "
"136";"+";"-";"-";"-";"<E>";"avoir";"-";"+";"-";"un sérieux";"-";"-";"  coup";"dans";"le";"+";"  nez";"§a§un sérieux coup dans le nez "
"137";"+";"-";"-";"-";"<E>";"avoir";"-";"+";"+";"un";"-";"-";"  coup";"sur";"la";"+";"  tête";"§a§un coup sur la tête "
"138";"+";"-";"-";"-";"<E>";"avoir";"+";"+";"-";"un";"-";"+";"  créneau";"dans";"Poss0";"-";"  emploi du temps";"§a§un créneau dans son emploi du temps "
"139";"+";"-";"-";"-";"<E>";"avoir";"-";"+";"+";"un";"-";"-";"  creux";"à";"le";"+";"  estomac";"§a§un creux à l'estomac "
"140";"+";"-";"-";"-";"<E>";"avoir";"-";"+";"-";"le";"+";"-";"  cul";"entre";"deux";"-";"  chaises";"§a§le cul entre deux chaises "
"141";"+";"-";"-";"-";"<E>";"avoir";"+";"-";"-";"un";"-";"-";"  décès";"dans";"Poss0";"-";"  famille";"§a§un décès dans sa famille "
"142";"+";"-";"-";"-";"<E>";"avoir";"+";"+";"-";"une";"-";"+";"  décoration";"à";"Poss0";"-";"  boutonnière";"§a§une décoration à sa boutonnière "
"143";"+";"-";"-";"-";"<E>";"avoir";"-";"+";"-";"un";"-";"-";"  découvert";"à";"la";"-";"  banque";"§a§un découvert à la banque "
"144";"+";"-";"-";"-";"<E>";"avoir";"-";"+";"-";"un";"-";"-";"  découvert";"en";"<E>";"-";"  banque";"§a§un découvert en banque "
"145";"+";"-";"-";"-";"<E>";"avoir";"-";"-";"-";"des";"-";"-";"  démêlés";"avec";"la";"-";"  justice";"§a§des démêlés avec la justice "
"146";"+";"-";"+";"-";"en";"avoir";"-";"-";"-";"<E>";"-";"-";"  deux";"comme";"<E>";"-";"  papa";"§en a§deux comme papa "
"147";"+";"-";"-";"-";"<E>";"avoir";"-";"+";"-";"le";"-";"-";"  diable";"à";"le";"+";"  corps";"§a§le diable au corps "
"148";"+";"-";"-";"-";"<E>";"avoir";"+";"+";"-";"le";"-";"-";"  diable";"dans";"la";"+";"  peau";"§a§le diable dans la peau "
"149";"+";"-";"-";"+";"n'";"avoir ni";"-";"-";"-";"<E>";"-";"-";"  Dieu";"ni";"<E>";"-";"  maître";"§n'a ni§Dieu ni maître "
"150";"+";"-";"-";"-";"<E>";"avoir";"+";"-";"-";"des";"-";"-";"  difficultés";"à";"<E>";"-";"  joindre les deux bouts";"§a§des difficultés à joindre les deux bouts "
"151";"+";"-";"-";"-";"<E>";"avoir";"-";"+";"-";"<E>";"-";"-";"  dix";"sur";"<E>";"-";"  dix";"§a§dix sur dix "
"152";"+";"-";"-";"-";"<E>";"avoir";"-";"-";"-";"le";"+";"-";"  doigt";"sur";"la";"-";"  détente";"§a§le doigt sur la détente "
"153";"+";"-";"-";"-";"<E>";"avoir";"-";"+";"-";"le";"+";"-";"  dos";"à";"le";"-";"  mur";"§a§le dos au mur "
"154";"+";"-";"-";"+";"n'";"avoir";"+";"-";"+";"le";"-";"-";"  droit";"à";"la";"-";"  erreur";"§n'a§le droit à l'erreur "
"155";"+";"-";"-";"+";"n'";"avoir";"+";"-";"+";"<E>";"-";"-";"  droit";"à";"la";"-";"  erreur";"§n'a§droit à l'erreur "
"156";"+";"-";"-";"-";"<E>";"avoir";"-";"-";"-";"<E>";"-";"-";"  droit";"à";"les";"-";"  honneurs de la presse";"§a§droit aux honneurs de la presse "
"157";"+";"-";"-";"-";"<E>";"avoir";"+";"-";"+";"le";"-";"-";"  droit";"pour";"<E>";"-";"  Lui-0";"§a§le droit pour lui "
"158";"+";"-";"-";"-";"<E>";"avoir";"-";"-";"-";"<E>";"-";"-";"  droit";"à";"le";"-";"  respect de Poss0 vie privée";"§a§droit au respect de sa vie privée "
"159";"+";"-";"-";"-";"<E>";"avoir";"-";"+";"+";"la";"-";"-";"  eau";"à";"la";"+";"  bouche";"§a§l'eau à la bouche "
"160";"+";"-";"-";"-";"<E>";"avoir";"+";"-";"-";"de la";"-";"-";"  eau";"jusqu'à";"la";"+";"  ceinture";"§a§de l'eau jusqu'à la ceinture "
"161";"+";"-";"-";"-";"<E>";"avoir";"+";"-";"-";"de la";"-";"-";"  eau";"jusqu'à";"mi-";"+";"  cuisse";"§a§de l'eau jusqu'à mi-cuisse "
"162";"+";"-";"-";"-";"<E>";"avoir";"+";"-";"-";"de la";"-";"-";"  eau";"jusqu'à";"le";"+";"  Npc";"§a§de l'eau jusqu'à le Npc "
"163";"+";"-";"-";"-";"<E>";"avoir";"+";"-";"-";"de la";"-";"-";"  eau";"jusqu'à";"les";"+";"  oreilles";"§a§de l'eau jusqu'à les oreilles "
"164";"+";"-";"-";"-";"<E>";"avoir";"+";"-";"-";"de la";"-";"-";"  eau";"jusqu'à";"la";"+";"  taille";"§a§de l'eau jusqu'à la taille "
"165";"+";"-";"-";"-";"<E>";"avoir";"+";"-";"+";"de la";"-";"-";"  énergie";"à";"<E>";"-";"  revendre";"§a§de l'énergie à revendre "
"166";"+";"-";"-";"-";"<E>";"avoir";"+";"+";"-";"Dnum";"-";"+";"  enfant";"à";"<E>";"-";"  charge";"§a§Dnum enfant à charge "
"167";"+";"-";"-";"-";"<E>";"avoir";"+";"+";"-";"un Dnum-ième";"-";"+";"  enfant";"en";"<E>";"-";"  route";"§a§un Dnum-ième enfant en route "
"168";"+";"-";"-";"-";"<E>";"avoir";"+";"+";"-";"une";"-";"-";"  épée";"dans";"les";"+";"  reins";"§a§une épée dans les reins "
"169";"+";"-";"-";"-";"<E>";"avoir";"+";"+";"-";"une";"-";"-";"  éponge";"dans";"le";"+";"  gosier";"§a§une éponge dans le gosier "
"170";"+";"-";"-";"-";"<E>";"avoir";"+";"+";"+";"de le";"-";"-";"  esprit";"jusqu'à";"le";"+";"  bout des ongles";"§a§de l'esprit jusqu'à le bout des ongles "
"171";"+";"-";"-";"-";"<E>";"avoir";"-";"-";"-";"la";"-";"-";"  éternité";"à";"<E>";"-";"  Lui-0";"§a§l'éternité à lui "
"172";"+";"-";"-";"-";"<E>";"avoir";"-";"-";"-";"la";"-";"-";"  éternité";"devant";"<E>";"-";"  Lui-0";"§a§l'éternité devant lui "
"173";"+";"-";"-";"-";"<E>";"avoir";"-";"-";"-";"<E>";"-";"-";"  eu";"<E>";"un sale";"-";"  coup";"§a§eu un sale coup "
"174";"+";"-";"-";"+";"n'";"avoir pas";"-";"-";"-";"<E>";"-";"-";"  eu";"<E>";"de";"-";"  enfance";"§n'a pas§eu d'enfance "
"175";"+";"-";"-";"-";"<E>";"avoir";"-";"-";"-";"<E>";"-";"-";"  eu";"<E>";"une belle";"-";"  fin";"§a§eu une belle fin "
"176";"+";"-";"-";"-";"<E>";"avoir";"-";"-";"-";"<E>";"-";"-";"  eu";"<E>";"une triste";"-";"  fin";"§a§eu une triste fin "
"177";"+";"-";"-";"-";"<E>";"avoir";"-";"-";"-";"<E>";"-";"-";"  eu";"<E>";"une belle";"-";"  mort";"§a§eu une belle mort "
"178";"+";"-";"-";"-";"<E>";"avoir encore";"-";"-";"-";"<E>";"-";"-";"  fait";"<E>";"<E>";"-";"  quoi ?";"§a encore§fait quoi ? "
"179";"+";"-";"-";"-";"<E>";"avoir";"-";"-";"-";"<E>";"-";"-";"  fait";"<E>";"Poss0";"-";"  temps";"§a§fait son temps "
"180";"+";"-";"-";"-";"<E>";"avoir";"+";"+";"-";"une";"-";"+";"  famille";"à";"<E>";"-";"  charge";"§a§une famille à charge "
"181";"+";"-";"-";"-";"<E>";"avoir";"+";"+";"-";"une";"-";"+";"  femme";"à";"<E>";"-";"  charge";"§a§une femme à charge "
"182";"+";"-";"-";"-";"<E>";"avoir";"-";"-";"-";"une";"-";"-";"  femme";"dans";"chaque";"-";"  port";"§a§une femme dans chaque port "
"183";"+";"-";"-";"-";"<E>";"avoir";"+";"-";"-";"une";"-";"-";"  femme";"dans";"Poss0";"-";"  vie";"§a§une femme dans sa vie "
"184";"+";"-";"-";"-";"<E>";"avoir";"-";"-";"+";"deux";"-";"-";"  fers";"à";"le";"-";"  feu";"§a§deux fers au feu "
"185";"+";"-";"-";"-";"<E>";"avoir";"-";"-";"+";"plusieurs";"-";"-";"  fers";"à";"le";"-";"  feu";"§a§plusieurs fers au feu "
"186";"+";"-";"-";"-";"<E>";"avoir";"-";"+";"-";"les";"-";"-";"  fers";"à";"les";"+";"  pieds";"§a§les fers aux pieds "
"187";"+";"-";"-";"-";"<E>";"avoir";"-";"+";"-";"les";"+";"-";"  fesses";"à";"le";"-";"  chaud";"§a§les fesses au chaud "
"188";"+";"-";"-";"-";"<E>";"avoir";"+";"+";"-";"le";"-";"-";"  feu";"à";"le";"+";"  cul";"§a§le feu au cul "
"189";"+";"-";"-";"-";"<E>";"avoir";"+";"+";"-";"le";"-";"-";"  feu";"à";"le";"+";"  derrière";"§a§le feu au derrière "
"190";"+";"-";"-";"-";"<E>";"avoir";"+";"+";"-";"le";"-";"-";"  feu";"à";"les";"+";"  fesses";"§a§le feu aux fesses "
"191";"+";"-";"-";"+";"n'";"avoir ni";"-";"-";"-";"<E>";"-";"-";"  feu";"ni";"<E>";"-";"  lieu";"§n'a ni§feu ni lieu "
"192";"+";"-";"-";"-";"<E>";"avoir";"+";"+";"-";"du";"-";"-";"  feu";"dans";"les";"+";"  veines";"§a§du feu dans les veines "
"193";"+";"-";"-";"-";"<E>";"avoir";"+";"+";"-";"un";"-";"-";"  fil";"à";"la";"+";"  patte";"§a§un fil à la patte "
"194";"+";"-";"-";"-";"<E>";"avoir";"-";"-";"-";"Dnum";"-";"-";"  fille";"et";"Dnum";"-";"  garçon";"§a§Dnum fille et Dnum garçon "
"195";"-";"+";"-";"+";"n'";"avoir ni";"+";"-";"-";"<E>";"-";"-";"  fin";"ni";"<E>";"-";"  trève";"§n'a ni§fin ni trève "
"196";"+";"-";"-";"-";"<E>";"avoir";"+";"+";"+";"une";"-";"-";"  flamme";"dans";"le";"-";"  regard";"§a§une flamme dans le regard "
"197";"+";"-";"-";"-";"<E>";"avoir";"+";"+";"-";"une";"-";"-";"  fleur";"à";"la";"-";"  boutonnière";"§a§une fleur à la boutonnière "
"198";"+";"-";"-";"-";"<E>";"avoir";"-";"-";"-";"la";"-";"-";"  fleur";"à";"le";"-";"  fusil";"§a§la fleur au fusil "
"199";"+";"-";"-";"-";"<E>";"avoir";"-";"-";"+";"<E>";"-";"-";"  foi";"dans";"le";"-";"  avenir";"§a§foi dans l'avenir "
"200";"+";"-";"-";"-";"<E>";"avoir";"-";"-";"+";"<E>";"-";"-";"  foi";"en";"le";"-";"  avenir";"§a§foi en l'avenir "
"201";"+";"-";"-";"-";"<E>";"avoir";"-";"-";"+";"<E>";"-";"-";"  foi";"en";"<E>";"-";"  DIEU";"§a§foi en DIEU "
"202";"+";"-";"-";"-";"<E>";"avoir";"-";"-";"+";"<E>";"-";"-";"  foi";"dans";"Poss0";"-";"  étoile";"§a§foi dans son étoile "
"203";"+";"-";"-";"-";"<E>";"avoir";"-";"-";"+";"<E>";"-";"-";"  foi";"dans";"Poss0 bonne";"-";"  étoile";"§a§foi dans sa bonne étoile "
"204";"+";"-";"-";"-";"<E>";"avoir";"-";"-";"+";"<E>";"-";"-";"  foi";"en";"Poss0";"-";"  étoile";"§a§foi en son étoile "
"205";"+";"-";"-";"-";"<E>";"avoir";"-";"-";"+";"<E>";"-";"-";"  foi";"en";"Poss0 bonne";"-";"  étoile";"§a§foi en sa bonne étoile "
"206";"+";"-";"-";"+";"n'";"avoir ni";"+";"-";"-";"<E>";"-";"-";"  foi";"ni";"<E>";"-";"  loi";"§n'a ni§foi ni loi "
"207";"+";"-";"-";"-";"<E>";"avoir";"-";"-";"+";"<E>";"-";"-";"  foi";"dans";"le";"-";"  progrès";"§a§foi dans le progrès "
"208";"+";"-";"-";"-";"<E>";"avoir";"-";"+";"+";"du";"-";"-";"  foin";"dans";"Poss0";"-";"  bottes";"§a§du foin dans ses bottes "
"209";"+";"-";"-";"-";"<E>";"avoir";"+";"+";"+";"de la";"-";"-";"  force";"dans";"les";"+";"  bras";"§a§de la force dans les bras "
"210";"+";"-";"-";"-";"<E>";"avoir";"+";"+";"+";"de la";"-";"-";"  force";"dans";"les";"+";"  doigts";"§a§de la force dans les doigts "
"211";"+";"-";"-";"-";"<E>";"avoir";"+";"+";"+";"de la";"-";"-";"  force";"dans";"les";"+";"  mains";"§a§de la force dans les mains "
"212";"+";"-";"-";"-";"<E>";"avoir";"+";"+";"+";"de la";"-";"-";"  force";"dans";"les";"+";"  poignets";"§a§de la force dans les poignets "
"213";"+";"-";"-";"-";"<E>";"avoir";"+";"+";"+";"des";"-";"-";"  fourmis";"dans";"les";"+";"  jambes";"§a§des fourmis dans les jambes "
"214";"+";"-";"-";"-";"<E>";"avoir";"-";"+";"-";"du";"-";"-";"  fric";"de";"<E>";"-";"  côté";"§a§du fric de côté "
"215";"+";"-";"-";"-";"<E>";"avoir";"-";"-";"-";"de le";"-";"-";"  fric";"devant";"<E>";"-";"  Lui-0";"§a§du fric devant lui "
"216";"+";"-";"-";"-";"<E>";"avoir";"-";"-";"-";"de le";"-";"-";"  fric";"sur";"<E>";"-";"  Lui-0";"§a§du fric sur lui "
"217";"+";"-";"-";"-";"<E>";"avoir";"-";"-";"+";"<E>";"-";"-";"  froid";"à";"les";"+";"  mains";"§a§froid aux mains "
"218";"+";"-";"-";"-";"<E>";"avoir";"-";"-";"+";"<E>";"-";"-";"  froid";"Loc";"le";"+";"  Npc";"§a§froid Loc le Npc "
"219";"+";"-";"-";"-";"<E>";"avoir";"-";"-";"+";"<E>";"-";"-";"  froid";"à";"les";"+";"  oreilles";"§a§froid aux oreilles "
"220";"+";"-";"-";"-";"<E>";"avoir";"-";"-";"+";"<E>";"-";"-";"  froid";"à";"les";"+";"  pieds";"§a§froid aux pieds "
"221";"+";"-";"-";"+";"n'";"avoir pas";"-";"-";"-";"<E>";"-";"-";"  froid";"à";"les";"+";"  yeux";"§n'a pas§froid aux yeux "
"222";"+";"-";"-";"-";"<E>";"avoir";"-";"-";"-";"Dnum";"-";"-";"  garçon";"et";"Dnum";"-";"  fille";"§a§Dnum garçon et Dnum fille "
"223";"+";"-";"-";"-";"<E>";"avoir";"-";"-";"-";"un";"+";"-";"  genou";"en";"<E>";"-";"  terre";"§a§un genou en terre "
"224";"+";"-";"-";"-";"<E>";"avoir";"-";"-";"+";"du";"-";"-";"  goût";"pour";"la";"-";"  peinture";"§a§du goût pour la peinture "
"225";"+";"-";"-";"-";"<E>";"avoir";"+";"+";"+";"un";"-";"-";"  goût amer";"dans";"la";"+";"  bouche";"§a§un goût amer dans la bouche "
"226";"+";"-";"-";"-";"<E>";"avoir";"-";"+";"+";"la";"-";"-";"  goutte";"à";"le";"+";"  nez";"§a§la goutte au nez "
"227";"+";"-";"-";"-";"<E>";"avoir";"+";"-";"-";"Dnum";"-";"+";"  gramme d'alcool";"dans";"le";"+";"  sang";"§a§Dnum gramme d'alcool dans le sang "
"228";"+";"-";"-";"-";"<E>";"avoir";"+";"-";"+";"des";"-";"-";"  grenouilles";"dans";"le";"+";"  ventre";"§a§des grenouilles dans le ventre "
"229";"+";"-";"+";"-";"en";"avoir";"+";"+";"-";"<E>";"-";"-";"  gros";"sur";"le";"+";"  coeur";"§en a§gros sur le coeur "
"230";"+";"-";"+";"-";"en";"avoir";"+";"+";"-";"<E>";"-";"-";"  gros";"sur";"la";"-";"  conscience";"§en a§gros sur la conscience "
"231";"+";"-";"+";"-";"en";"avoir";"+";"+";"-";"<E>";"-";"-";"  gros";"sur";"la";"-";"  patate";"§en a§gros sur la patate "
"232";"+";"-";"-";"-";"<E>";"avoir";"-";"-";"-";"une";"-";"-";"  guerre";"de";"<E>";"-";"  retard";"§a§une guerre de retard "
"233";"+";"-";"-";"+";"n'";"avoir pas";"-";"-";"-";"une";"+";"-";"  gueule";"à";"<E>";"-";"  sucer de la glace";"§n'a pas§une gueule à sucer de la glace "
"234";"+";"-";"-";"+";"n'";"avoir pas";"-";"-";"-";"une";"+";"-";"  gueule";"à";"<E>";"-";"  sucer des glaçons";"§n'a pas§une gueule à sucer des glaçons "
"235";"+";"-";"-";"-";"<E>";"avoir";"+";"+";"-";"de la";"-";"-";"  haine";"dans";"le";"-";"  regard";"§a§de l'haine dans le regard "
"236";"+";"-";"-";"-";"<E>";"avoir";"+";"+";"-";"de la";"-";"-";"  haine";"dans";"les";"+";"  yeux";"§a§de l'haine dans les yeux "
"237";"+";"+";"-";"-";"<E>";"avoir";"+";"-";"-";"des";"-";"-";"  hauts";"et";"des";"-";"  bas";"§a§des hauts et des bas "
"238";"+";"-";"-";"-";"<E>";"avoir";"-";"-";"-";"Dnum";"-";"-";"  heure";"à";"Poss0";"-";"  montre";"§a§Dnum heure à sa montre "
"239";"+";"-";"-";"-";"<E>";"avoir";"+";"-";"-";"un";"-";"-";"  homme";"dans";"Poss0";"-";"  vie";"§a§un homme dans sa vie "
"240";"+";"-";"-";"-";"<E>";"avoir";"-";"-";"+";"une";"-";"+";"  idée";"sur";"la";"-";"  question";"§a§une idée sur la question "
"241";"+";"-";"-";"-";"<E>";"avoir";"+";"+";"-";"une";"-";"-";"  idée";"derrière";"la";"+";"  tête";"§a§une idée derrière la tête "
"242";"+";"-";"-";"-";"<E>";"avoir";"-";"+";"-";"une";"-";"-";"  idée";"en";"<E>";"+";"  tête";"§a§une idée en tête "
"243";"+";"-";"-";"+";"n'";"avoir";"-";"-";"-";"un";"-";"-";"  instant";"à";"<E>";"-";"  Lui-0";"§n'a§un instant à lui "
"244";"+";"-";"-";"-";"<E>";"avoir";"-";"+";"-";"la";"-";"-";"  insulte";"à";"la";"+";"  bouche";"§a§l'insulte à la bouche "
"245";"+";"-";"-";"-";"<E>";"avoir";"-";"-";"-";"des";"-";"-";"  intelligences";"dans";"la";"-";"  place";"§a§des intelligences dans la place "
"246";"+";"-";"-";"-";"<E>";"avoir";"-";"+";"+";"la";"-";"-";"  joie";"à";"le";"+";"  coeur";"§a§la joie au coeur "
"247";"+";"+";"-";"-";"<E>";"avoir";"+";"-";"+";"de beaux";"-";"-";"  jours";"devant";"<E>";"-";"  Lui-0";"§a§de beaux jours devant lui "
"248";"+";"+";"-";"-";"<E>";"avoir encore";"+";"-";"+";"de beaux";"-";"-";"  jours";"devant";"<E>";"-";"  Lui-0";"§a encore§de beaux jours devant lui "
"249";"+";"-";"-";"-";"<E>";"avoir";"-";"-";"-";"Dnum";"-";"+";"  kilo";"de";"<E>";"-";"  trop";"§a§Dnum kilo de trop "
"250";"+";"-";"-";"-";"<E>";"avoir";"-";"-";"-";"Dnum";"-";"+";"  kilo";"en";"<E>";"-";"  trop";"§a§Dnum kilo en trop "
"251";"+";"-";"-";"-";"<E>";"avoir";"-";"-";"-";"Dnum";"-";"+";"  kilomètres";"dans";"les";"+";"  jambes";"§a§Dnum kilomètres dans les jambes "
"252";"+";"-";"-";"-";"<E>";"avoir";"-";"-";"-";"Dnum";"-";"+";"  kilomètres";"dans";"les";"+";"  pattes";"§a§Dnum kilomètres dans les pattes "
"253";"+";"-";"-";"-";"<E>";"avoir";"-";"-";"-";"quelques";"-";"-";"  kilos";"en";"<E>";"-";"  moins";"§a§quelques kilos en moins "
"254";"+";"-";"-";"+";"n'";"avoir pas";"-";"-";"-";"un";"-";"-";"  kopeck";"à";"<E>";"-";"  Lui-0";"§n'a pas§un kopeck à lui "
"255";"+";"-";"-";"+";"n'";"avoir pas";"-";"-";"-";"un";"-";"-";"  kopeck";"devant";"<E>";"-";"  Lui-0";"§n'a pas§un kopeck devant lui "
"256";"+";"-";"-";"+";"n'";"avoir pas";"-";"-";"-";"un";"-";"-";"  kopeck";"sur";"<E>";"-";"  Lui-0";"§n'a pas§un kopeck sur lui "
"257";"+";"-";"-";"-";"<E>";"avoir";"+";"-";"-";"du";"-";"-";"  lait";"dans";"les";"+";"  oreilles";"§a§du lait dans les oreilles "
"258";"+";"-";"-";"-";"<E>";"avoir";"-";"+";"-";"Poss0";"+";"-";"  langue";"dans";"Poss0";"-";"  poche";"§a§son langue dans sa poche "
"259";"+";"-";"-";"-";"<E>";"avoir";"-";"+";"-";"la";"-";"-";"  larme";"à";"le";"+";"  oeil";"§a§la larme à l'oeil "
"260";"+";"-";"-";"-";"<E>";"avoir";"+";"+";"+";"des";"-";"-";"  larmes";"dans";"la";"-";"  voix";"§a§des larmes dans la voix "
"261";"+";"-";"-";"-";"<E>";"avoir";"-";"+";"+";"les";"-";"-";"  larmes";"à";"les";"+";"  yeux";"§a§les larmes aux yeux "
"262";"+";"-";"-";"-";"<E>";"avoir";"+";"+";"+";"des";"-";"-";"  larmes";"dans";"les";"+";"  yeux";"§a§des larmes dans les yeux "
"263";"+";"-";"-";"+";"n'";"avoir pas";"-";"+";"-";"un";"-";"-";"  liard";"de";"<E>";"-";"  côté";"§n'a pas§un liard de côté "
"264";"+";"-";"-";"+";"n'";"avoir pas";"-";"-";"-";"un";"-";"-";"  liard";"à";"<E>";"-";"  Lui-0";"§n'a pas§un liard à lui "
"265";"+";"-";"-";"+";"n'";"avoir pas";"-";"-";"-";"un";"-";"-";"  liard";"devant";"<E>";"-";"  Lui-0";"§n'a pas§un liard devant lui "
"266";"+";"-";"-";"+";"n'";"avoir pas";"-";"-";"-";"un";"-";"-";"  liard";"sur";"<E>";"-";"  Lui-0";"§n'a pas§un liard sur lui "
"267";"+";"-";"-";"+";"n'";"avoir pas";"-";"+";"-";"un";"-";"-";"  liard";"en";"<E>";"-";"  poche";"§n'a pas§un liard en poche "
"268";"+";"-";"-";"-";"<E>";"avoir";"-";"-";"-";"Dnum";"-";"-";"  lits";"pour";"le";"-";"  prix de deux";"§a§Dnum lits pour le prix de deux "
"269";"+";"-";"-";"-";"<E>";"avoir";"+";"-";"+";"la";"-";"-";"  loi";"pour";"<E>";"-";"  Lui-0";"§a§la loi pour lui "
"270";"+";"-";"-";"+";"n'";"avoir";"-";"-";"-";"<E>";"-";"-";"  loin";"à";"<E>";"-";"  aller";"§n'a§loin à aller "
"271";"+";"-";"+";"-";"en";"avoir";"+";"+";"-";"<E>";"-";"-";"  lourd";"sur";"le";"-";"  coeur";"§en a§lourd sur le coeur "
"272";"+";"-";"+";"-";"en";"avoir";"+";"+";"-";"<E>";"-";"-";"  lourd";"sur";"la";"-";"  conscience";"§en a§lourd sur la conscience "
"273";"+";"-";"+";"-";"en";"avoir";"+";"+";"-";"<E>";"-";"-";"  lourd";"sur";"la";"-";"  patate";"§en a§lourd sur la patate "
"274";"+";"-";"-";"-";"<E>";"avoir";"-";"-";"-";"la";"+";"-";"  main";"à";"le";"-";"  bonnet";"§a§la main au bonnet "
"275";"+";"-";"-";"-";"<E>";"avoir";"-";"-";"-";"la";"+";"-";"  main";"sur";"le";"+";"  coeur";"§a§la main sur le coeur "
"276";"+";"-";"-";"-";"<E>";"avoir";"-";"+";"-";"la";"+";"-";"  main";"à";"la";"-";"  pâte";"§a§la main à la pâte "
"277";"+";"-";"-";"-";"<E>";"avoir";"-";"-";"-";"une";"-";"-";"  main de fer";"dans";"un";"-";"  gant de velours";"§a§une main de fer dans un gant de velours "
"278";"+";"-";"-";"-";"<E>";"avoir";"-";"+";"-";"les";"+";"-";"  mains";"dans";"le";"-";"  cambouis";"§a§les mains dans le cambouis "
"279";"+";"-";"-";"-";"<E>";"avoir";"-";"+";"-";"les";"+";"-";"  mains";"derrière";"le";"+";"  dos";"§a§les mains derrière le dos "
"280";"+";"-";"-";"-";"<E>";"avoir";"-";"+";"-";"les";"+";"-";"  mains";"dans";"la";"-";"  graisse";"§a§les mains dans la graisse "
"281";"+";"-";"-";"-";"<E>";"avoir";"-";"+";"-";"les";"+";"-";"  mains";"dans";"la";"-";"  merde";"§a§les mains dans la merde "
"282";"+";"-";"-";"-";"<E>";"avoir";"+";"-";"-";"la";"-";"-";"  maison";"à";"<E>";"-";"  payer";"§a§la maison à payer "
"283";"+";"-";"-";"-";"<E>";"avoir";"-";"-";"+";"<E>";"-";"-";"  mal";"à";"les";"+";"  cheveux";"§a§mal aux cheveux "
"284";"+";"-";"-";"-";"<E>";"avoir";"-";"-";"+";"<E>";"-";"-";"  mal";"à";"le";"+";"  coeur";"§a§mal au coeur "
"285";"+";"-";"-";"-";"<E>";"avoir";"-";"-";"+";"<E>";"-";"-";"  mal";"à";"les";"+";"  dents";"§a§mal aux dents "
"286";"+";"-";"-";"-";"<E>";"avoir";"-";"-";"+";"<E>";"-";"-";"  mal";"à";"le";"+";"  estomac";"§a§mal à l'estomac "
"287";"+";"-";"-";"-";"<E>";"avoir";"-";"-";"+";"<E>";"-";"-";"  mal";"à";"le";"+";"  foie";"§a§mal au foie "
"288";"+";"-";"-";"-";"<E>";"avoir";"+";"-";"-";"du";"-";"-";"  mal";"à";"<E>";"-";"  joindre les deux bouts";"§a§du mal à joindre les deux bouts "
"289";"+";"-";"-";"-";"<E>";"avoir";"+";"-";"-";"du";"-";"-";"  mal";"à";"se";"-";"  mobiliser";"§a§du mal à se mobiliser "
"290";"+";"-";"-";"-";"<E>";"avoir";"-";"-";"+";"<E>";"-";"-";"  mal";"Loc";"le";"+";"  Npc";"§a§mal Loc le Npc "
"291";"+";"-";"-";"-";"<E>";"avoir";"-";"-";"+";"<E>";"-";"-";"  mal";"à";"le";"+";"  Npc";"§a§mal au Npc "
"292";"+";"-";"-";"-";"<E>";"avoir";"-";"-";"+";"<E>";"-";"-";"  mal";"à";"les";"+";"  oreilles";"§a§mal aux oreilles "
"293";"+";"-";"-";"-";"<E>";"avoir";"-";"-";"+";"<E>";"-";"-";"  mal";"dans";"les";"+";"  oreilles";"§a§mal dans les oreilles "
"294";"+";"-";"-";"-";"<E>";"avoir";"+";"-";"-";"du";"-";"-";"  mal";"à";"<E>";"-";"  parler de N";"§a§du mal à parler de N "
"295";"-";"+";"-";"-";"<E>";"avoir";"-";"-";"-";"du";"-";"-";"  mal";"à";"<E>";"-";"  passer";"§a§du mal à passer "
"296";"+";"-";"-";"-";"<E>";"avoir";"-";"-";"+";"<E>";"-";"-";"  mal";"à";"les";"+";"  pieds";"§a§mal aux pieds "
"297";"+";"-";"-";"-";"<E>";"avoir";"-";"-";"+";"<E>";"-";"-";"  mal";"à";"les";"+";"  reins";"§a§mal aux reins "
"298";"+";"-";"-";"-";"<E>";"avoir";"-";"-";"+";"<E>";"-";"-";"  mal";"à";"la";"+";"  tête";"§a§mal à la tête "
"299";"+";"-";"-";"-";"<E>";"avoir";"-";"-";"+";"<E>";"-";"-";"  mal";"à";"les";"+";"  yeux";"§a§mal aux yeux "
"300";"+";"-";"-";"+";"n'";"avoir pas";"-";"+";"-";"un";"-";"-";"  maravédis";"de";"<E>";"-";"  côté";"§n'a pas§un maravédis de côté "
"301";"+";"-";"-";"+";"n'";"avoir pas";"-";"-";"-";"un";"-";"-";"  maravédis";"à";"<E>";"-";"  Lui-0";"§n'a pas§un maravédis à lui "
"302";"+";"-";"-";"+";"n'";"avoir pas";"-";"-";"-";"un";"-";"-";"  maravédis";"devant";"<E>";"-";"  Lui-0";"§n'a pas§un maravédis devant lui "
"303";"+";"-";"-";"+";"n'";"avoir pas";"-";"-";"-";"un";"-";"-";"  maravédis";"sur";"<E>";"-";"  Lui-0";"§n'a pas§un maravédis sur lui "
"304";"+";"-";"-";"+";"n'";"avoir pas";"-";"+";"-";"un";"-";"-";"  maravédis";"en";"<E>";"-";"  poche";"§n'a pas§un maravédis en poche "
"305";"+";"-";"-";"-";"<E>";"avoir";"-";"-";"+";"la";"-";"-";"  marche";"à";"<E>";"-";"  suivre";"§a§la marche à suivre "
"306";"+";"-";"-";"-";"<E>";"avoir";"-";"+";"-";"le";"-";"-";"  marché";"en";"<E>";"+";"  mains";"§a§le marché en mains "
"307";"+";"-";"-";"-";"<E>";"avoir";"+";"+";"-";"un";"-";"+";"  mari";"à";"<E>";"-";"  charge";"§a§un mari à charge "
"308";"+";"-";"-";"-";"<E>";"avoir";"-";"+";"+";"<E>";"-";"-";"  martel";"en";"<E>";"+";"  tête";"§a§martel en tête "
"309";"+";"-";"-";"-";"<E>";"avoir";"+";"-";"+";"une";"-";"-";"  médaille d'argent";"à";"les";"-";"  J.O.";"§a§une médaille d'argent aux J.O. "
"310";"+";"-";"-";"-";"<E>";"avoir";"+";"-";"+";"une";"-";"-";"  médaille de bronze";"à";"les";"-";"  J.O.";"§a§une médaille de bronze aux J.O. "
"311";"+";"-";"-";"-";"<E>";"avoir";"+";"-";"+";"une";"-";"-";"  médaille d'or";"à";"les";"-";"  J.O.";"§a§une médaille d'or aux J.O. "
"312";"+";"-";"-";"-";"<E>";"avoir";"+";"+";"-";"un";"-";"-";"  mégot";"à";"la";"+";"  bouche";"§a§un mégot à la bouche "
"313";"+";"-";"-";"-";"<E>";"avoir";"+";"+";"-";"un";"-";"-";"  mégot";"à";"les";"+";"  lèvres";"§a§un mégot aux lèvres "
"314";"+";"-";"-";"-";"<E>";"avoir";"-";"+";"-";"les";"-";"-";"  menottes";"à";"les";"+";"  poignets";"§a§les menottes aux poignets "
"315";"+";"-";"-";"-";"<E>";"avoir";"+";"+";"-";"de la";"-";"-";"  merde";"dans";"les";"+";"  oreilles";"§a§de la merde dans les oreilles "
"316";"+";"-";"-";"-";"<E>";"avoir";"+";"+";"-";"de la";"-";"-";"  merde";"dans";"les";"+";"  yeux";"§a§de la merde dans les yeux "
"317";"+";"-";"-";"-";"<E>";"avoir";"+";"+";"-";"Poss0 vieille";"-";"+";"  mère";"à";"<E>";"-";"  charge";"§a§sa vieille mère à charge "
"318";"+";"-";"-";"-";"<E>";"avoir";"-";"-";"-";"Dnum";"-";"+";"  mètre";"de";"<E>";"-";"  circonférence";"§a§Dnum mètre de circonférence "
"319";"+";"-";"-";"-";"<E>";"avoir";"-";"-";"-";"Dnum";"-";"+";"  mètre";"de";"<E>";"-";"  diamètre";"§a§Dnum mètre de diamètre "
"320";"+";"-";"-";"-";"<E>";"avoir";"-";"-";"-";"Dnum";"-";"+";"  mètre";"de";"<E>";"-";"  haut";"§a§Dnum mètre d'haut "
"321";"+";"-";"-";"-";"<E>";"avoir";"-";"-";"-";"Dnum";"-";"+";"  mètre";"de";"<E>";"-";"  hauteur";"§a§Dnum mètre d'hauteur "
"322";"+";"-";"-";"-";"<E>";"avoir";"-";"-";"-";"Dnum";"-";"+";"  mètre";"de";"<E>";"-";"  large";"§a§Dnum mètre de large "
"323";"+";"-";"-";"-";"<E>";"avoir";"-";"-";"-";"Dnum";"-";"+";"  mètre";"de";"<E>";"-";"  largeur";"§a§Dnum mètre de largeur "
"324";"+";"-";"-";"-";"<E>";"avoir";"-";"-";"-";"Dnum";"-";"+";"  mètre";"de";"<E>";"-";"  long";"§a§Dnum mètre de long "
"325";"+";"-";"-";"-";"<E>";"avoir";"-";"-";"-";"Dnum";"-";"+";"  mètre";"de";"<E>";"-";"  longueur";"§a§Dnum mètre de longueur "
"326";"+";"-";"-";"-";"<E>";"avoir";"-";"-";"-";"Dnum";"-";"+";"  mètre";"de";"<E>";"-";"  tour";"§a§Dnum mètre de tour "
"327";"+";"-";"-";"-";"<E>";"avoir";"-";"-";"-";"Dnum";"-";"+";"  mètre carré";"de";"<E>";"-";"  surface";"§a§Dnum mètre carré de surface "
"328";"+";"-";"-";"-";"<E>";"avoir";"-";"-";"-";"Dnum";"-";"+";"  mètre cube";"de";"<E>";"-";"  volume";"§a§Dnum mètre cube de volume "
"329";"+";"-";"-";"-";"<E>";"avoir";"-";"-";"+";"des";"-";"-";"  mille";"et";"des";"-";"  cents";"§a§des mille et des cents "
"330";"+";"-";"-";"+";"n'";"avoir";"-";"-";"-";"une";"-";"-";"  minute";"à";"<E>";"-";"  Lui-0";"§n'a§une minute à lui "
"331";"+";"-";"-";"+";"n'";"avoir";"+";"-";"-";"une";"-";"-";"  minute";"à";"<E>";"-";"  perdre";"§n'a§une minute à perdre "
"332";"+";"-";"-";"-";"<E>";"avoir";"-";"-";"+";"six";"-";"+";"  mois";"à";"<E>";"-";"  vivre";"§a§six mois à vivre "
"333";"+";"-";"-";"+";"n'";"avoir";"-";"-";"-";"un";"-";"-";"  moment";"à";"<E>";"-";"  Lui-0";"§n'a§un moment à lui "
"334";"+";"-";"-";"-";"<E>";"avoir";"+";"-";"-";"du";"-";"-";"  monde";"à";"<E>";"-";"  déjeuner";"§a§du monde à déjeuner "
"335";"+";"-";"-";"-";"<E>";"avoir";"+";"-";"-";"du";"-";"-";"  monde";"à";"<E>";"-";"  dîner";"§a§du monde à dîner "
"336";"+";"-";"-";"-";"<E>";"avoir";"+";"-";"-";"du";"-";"-";"  monde";"à";"<E>";"-";"  goûter";"§a§du monde à goûter "
"337";"+";"-";"-";"-";"<E>";"avoir";"+";"-";"-";"du";"-";"-";"  monde";"à";"<E>";"-";"  manger";"§a§du monde à manger "
"338";"+";"-";"-";"-";"<E>";"avoir";"+";"-";"-";"du";"-";"-";"  monde";"à";"<E>";"-";"  souper";"§a§du monde à souper "
"339";"+";"-";"-";"-";"<E>";"avoir";"-";"+";"+";"une";"-";"-";"  moquette";"sur";"la";"+";"  langue";"§a§une moquette sur la langue "
"340";"+";"-";"-";"-";"<E>";"avoir";"-";"-";"-";"la";"-";"-";"  mort";"dans";"la";"-";"  âme";"§a§la mort dans l'âme "
"341";"+";"-";"-";"-";"<E>";"avoir";"+";"-";"-";"un";"-";"-";"  mort";"dans";"Poss0";"-";"  famille";"§a§un mort dans sa famille "
"342";"+";"-";"-";"+";"n'";"avoir que";"+";"-";"-";"un";"-";"+";"  mot";"à";"la";"+";"  bouche";"§n'a que§un mot à la bouche "
"343";"+";"-";"-";"-";"<E>";"avoir";"-";"-";"+";"Poss0";"-";"-";"  mot";"à";"<E>";"-";"  dire";"§a§son mot à dire "
"344";"+";"-";"-";"-";"<E>";"avoir";"+";"-";"-";"le";"-";"+";"  mot";"à";"les";"+";"  lèvres";"§a§le mot aux lèvres "
"345";"+";"-";"-";"-";"<E>";"avoir";"-";"-";"-";"le";"-";"-";"  mot";"pour";"<E>";"-";"  rire";"§a§le mot pour rire "
"346";"+";"-";"-";"-";"<E>";"avoir";"-";"-";"-";"le";"+";"-";"  nez";"en";"le";"-";"  air";"§a§le nez en l'air "
"347";"+";"-";"-";"-";"<E>";"avoir";"-";"-";"-";"Dnum";"-";"+";"  N-hum";"pour";"le";"-";"  prix de Dnum";"§a§Dnum N-hum pour le prix de Dnum "
"348";"+";"-";"-";"-";"<E>";"avoir";"-";"-";"-";"Dnum";"-";"-";"  N-hum";"pour";"le";"-";"  prix d'un";"§a§Dnum N-hum pour le prix d'un "
"349";"+";"-";"-";"-";"<E>";"avoir";"-";"-";"-";"Dnum";"-";"-";"  N-hum";"pour";"le";"-";"  prix d'un seul";"§a§Dnum N-hum pour le prix d'un seul "
"350";"-";"+";"-";"-";"<E>";"avoir";"-";"-";"-";"Dnum";"-";"+";"  Nmesure";"de";"<E>";"-";"  circonférence";"§a§Dnum Nmesure de circonférence "
"351";"-";"+";"-";"-";"<E>";"avoir";"-";"-";"-";"Dnum";"-";"+";"  Nmesure";"de";"<E>";"-";"  diamètre";"§a§Dnum Nmesure de diamètre "
"352";"+";"+";"-";"-";"<E>";"avoir";"-";"-";"-";"Dnum";"-";"+";"  Nmesure";"de";"<E>";"-";"  haut";"§a§Dnum Nmesure d'haut "
"353";"-";"+";"-";"-";"<E>";"avoir";"-";"-";"-";"Dnum";"-";"+";"  Nmesure";"de";"<E>";"-";"  hauteur";"§a§Dnum Nmesure d'hauteur "
"354";"-";"+";"-";"-";"<E>";"avoir";"-";"-";"-";"Dnum";"-";"+";"  Nmesure";"de";"<E>";"-";"  large";"§a§Dnum Nmesure de large "
"355";"-";"+";"-";"-";"<E>";"avoir";"-";"-";"-";"Dnum";"-";"+";"  Nmesure";"de";"<E>";"-";"  largeur";"§a§Dnum Nmesure de largeur "
"356";"+";"-";"-";"-";"<E>";"avoir";"-";"-";"-";"Dnum";"-";"+";"  Nmesure";"de";"<E>";"-";"  long";"§a§Dnum Nmesure de long "
"357";"-";"+";"-";"-";"<E>";"avoir";"-";"-";"-";"Dnum";"-";"+";"  Nmesure";"de";"<E>";"-";"  longueur";"§a§Dnum Nmesure de longueur "
"358";"-";"+";"-";"-";"<E>";"avoir";"-";"-";"-";"Dnum";"-";"+";"  Nmesure";"de";"<E>";"-";"  surface";"§a§Dnum Nmesure de surface "
"359";"-";"+";"-";"-";"<E>";"avoir";"-";"-";"-";"Dnum";"-";"+";"  Nmesure";"de";"<E>";"-";"  tour";"§a§Dnum Nmesure de tour "
"360";"+";"-";"-";"-";"<E>";"avoir";"-";"-";"-";"Dnum";"-";"+";"  Nmesure";"de";"<E>";"-";"  tour de hanches";"§a§Dnum Nmesure de tour d'hanches "
"361";"+";"-";"-";"-";"<E>";"avoir";"-";"-";"-";"Dnum";"-";"+";"  Nmesure";"de";"<E>";"-";"  tour de poitrine";"§a§Dnum Nmesure de tour de poitrine "
"362";"+";"-";"-";"-";"<E>";"avoir";"-";"-";"-";"Dnum";"-";"+";"  Nmesure";"de";"<E>";"-";"  tour de taille";"§a§Dnum Nmesure de tour de taille "
"363";"+";"+";"-";"-";"<E>";"avoir";"-";"-";"-";"Dnum";"-";"+";"  Nmesure";"de";"<E>";"-";"  trop";"§a§Dnum Nmesure de trop "
"364";"+";"+";"-";"-";"<E>";"avoir";"-";"-";"-";"Dnum";"-";"+";"  Nmesure";"en";"<E>";"-";"  trop";"§a§Dnum Nmesure en trop "
"365";"-";"+";"-";"-";"<E>";"avoir";"-";"-";"-";"Dnum";"-";"+";"  Nmesure";"de";"<E>";"-";"  volume";"§a§Dnum Nmesure de volume "
"366";"+";"-";"-";"-";"<E>";"avoir";"+";"+";"-";"un";"-";"-";"  noeud";"dans";"la";"+";"  gorge";"§a§un noeud dans la gorge "
"367";"+";"+";"-";"-";"<E>";"avoir";"-";"-";"+";"un";"-";"+";"  nom";"à";"<E>";"-";"  particule";"§a§un nom à particule "
"368";"+";"+";"-";"-";"<E>";"avoir";"-";"-";"+";"un";"-";"+";"  nom";"à";"<E>";"-";"  rallonge";"§a§un nom à rallonge "
"369";"+";"-";"-";"-";"<E>";"avoir";"-";"-";"+";"Dnum";"-";"+";"  Ntps";"à";"<E>";"-";"  vivre";"§a§Dnum Ntps à vivre "
"370";"+";"-";"-";"-";"<E>";"avoir";"-";"-";"-";"le";"+";"-";"  oeil";"à";"<E>";"-";"  tout";"§a§l'oeil à tout "
"371";"+";"-";"-";"-";"<E>";"avoir";"-";"-";"-";"un";"+";"-";"  oeil qui joue au billard";"et";"le";"+";"  autre qui marque les points";"§a§un oeil qui joue au billard et l'autre qui marque les points "
"372";"+";"-";"-";"+";"n'";"avoir";"-";"-";"-";"de";"-";"+";"  ordres";"à";"<E>";"-";"  recevoir de Nhum";"§n'a§d'ordres à recevoir de Nhum "
"373";"+";"-";"-";"-";"<E>";"avoir";"-";"-";"+";"un";"-";"-";"  os";"à";"<E>";"-";"  ronger";"§a§un os à ronger "
"374";"+";"-";"-";"+";"n'";"avoir jamais";"-";"-";"-";"<E>";"-";"-";"  ouvert";"<E>";"un";"-";"  livre";"§n'a jamais§ouvert un livre "
"375";"+";"-";"-";"-";"<E>";"avoir";"-";"+";"+";"du";"-";"-";"  pain";"sur";"la";"-";"  planche";"§a§du pain sur la planche "
"376";"+";"-";"-";"-";"<E>";"avoir";"+";"+";"-";"Poss0 vieux";"-";"+";"  parent";"à";"<E>";"-";"  charge";"§a§son vieux parent à charge "
"377";"+";"-";"-";"+";"n'";"avoir";"+";"-";"-";"nulle";"+";"-";"  part";"où";"<E>";"+";"  aller";"§n'a§nulle part où aller "
"378";"+";"-";"-";"-";"<E>";"avoir";"+";"-";"+";"une";"-";"+";"  participation croisée";"dans";"une";"-";"  entreprise";"§a§une participation croisée dans une entreprise "
"379";"+";"-";"-";"-";"<E>";"avoir";"+";"-";"-";"un";"+";"-";"  passage";"à";"<E>";"+";"  vide";"§a§un passage à vide "
"380";"+";"-";"-";"-";"<E>";"avoir";"+";"+";"+";"un";"-";"-";"  pavé";"sur";"le";"+";"  estomac";"§a§un pavé sur l'estomac "
"381";"+";"-";"-";"+";"n'";"avoir que";"+";"-";"-";"la";"+";"-";"  peau";"et";"les";"+";"  os";"§n'a que§la peau et les os "
"382";"+";"-";"-";"-";"<E>";"avoir";"+";"-";"-";"de la";"-";"-";"  peine";"à";"<E>";"-";"  joindre les deux bouts";"§a§de la peine à joindre les deux bouts "
"383";"+";"-";"-";"+";"n'";"avoir pas";"-";"-";"-";"<E>";"-";"-";"  perdu";"<E>";"Poss0";"-";"  journée";"§n'a pas§perdu sa journée "
"384";"+";"-";"-";"+";"n'";"avoir pas";"-";"-";"-";"<E>";"-";"-";"  perdu";"<E>";"Poss0";"-";"  temps";"§n'a pas§perdu son temps "
"385";"+";"-";"-";"-";"<E>";"avoir";"+";"+";"-";"Poss0 vieux";"-";"+";"  père";"à";"<E>";"-";"  charge";"§a§son vieux père à charge "
"386";"+";"-";"-";"-";"<E>";"avoir";"+";"+";"+";"Dnum";"-";"-";"  personne";"à";"<E>";"-";"  charge";"§a§Dnum personne à charge "
"387";"+";"-";"-";"-";"<E>";"avoir";"+";"-";"+";"<E>";"-";"-";"  peu";"à";"<E>";"-";"  faire";"§a§peu à fait "
"388";"+";"-";"-";"-";"<E>";"avoir";"+";"-";"-";"plus de";"-";"-";"  peur";"que";"de";"-";"  mal";"§a§plus de peur que de mal "
"389";"+";"-";"-";"-";"<E>";"avoir";"-";"-";"-";"<E>";"-";"-";"  peur";"de";"les";"-";"  mots";"§a§peur des mots "
"390";"+";"-";"-";"-";"<E>";"avoir";"-";"-";"-";"<E>";"-";"-";"  peur";"de";"Poss0";"-";"  ombre";"§a§peur de son ombre "
"391";"+";"-";"-";"-";"<E>";"avoir";"-";"+";"-";"la";"-";"-";"  peur";"à";"le";"+";"  ventre";"§a§la peur au ventre "
"392";"+";"-";"-";"-";"<E>";"avoir";"-";"+";"-";"du";"-";"-";"  pèze";"de";"<E>";"-";"  côté";"§a§du pèze de côté "
"393";"+";"-";"-";"-";"<E>";"avoir";"-";"-";"-";"du";"-";"-";"  pèze";"devant";"<E>";"-";"  Lui-0";"§a§du pèze devant lui "
"394";"+";"-";"-";"-";"<E>";"avoir";"-";"-";"-";"du";"-";"-";"  pèze";"sur";"<E>";"-";"  Lui-0";"§a§du pèze sur lui "
"395";"+";"-";"-";"-";"<E>";"avoir";"-";"+";"-";"le";"+";"-";"  pied";"à";"le";"-";"  étrier";"§a§le pied à l'étrier "
"396";"+";"-";"-";"-";"<E>";"avoir";"-";"+";"-";"un";"+";"-";"  pied";"dans";"la";"-";"  fosse";"§a§un pied dans la fosse "
"397";"+";"-";"-";"-";"<E>";"avoir";"-";"-";"+";"bon";"+";"-";"  pied";"<E>";"bon";"+";"  oeil";"§a§bon pied bon oeil "
"398";"+";"-";"-";"-";"<E>";"avoir";"-";"+";"-";"un";"+";"-";"  pied";"dans";"la";"-";"  place";"§a§un pied dans la place "
"399";"+";"-";"-";"-";"<E>";"avoir";"-";"+";"-";"un";"+";"-";"  pied";"dans";"la";"-";"  tombe";"§a§un pied dans la tombe "
"400";"+";"-";"-";"-";"<E>";"avoir";"-";"+";"-";"les deux";"+";"-";"  pieds";"dans";"le même";"-";"  sabot";"§a§les deux pieds dans le même sabot "
"401";"+";"-";"-";"-";"<E>";"avoir";"-";"+";"-";"les deux";"+";"-";"  pieds";"dans";"le même";"-";"  soulier";"§a§les deux pieds dans le même soulier "
"402";"+";"-";"-";"-";"<E>";"avoir";"-";"-";"-";"les";"+";"-";"  pieds";"sur";"<E>";"-";"  terre";"§a§les pieds sur terre "
"403";"+";"+";"-";"-";"<E>";"avoir";"+";"-";"-";"une";"-";"-";"  pierre";"dans";"Poss0";"-";"  jardin";"§a§une pierre dans son jardin "
"404";"+";"-";"-";"-";"<E>";"avoir";"+";"+";"-";"une";"-";"-";"  pierre";"à";"la";"-";"  place du coeur";"§a§une pierre à la place du coeur "
"405";"+";"-";"-";"-";"<E>";"avoir";"-";"-";"+";"<E>";"-";"-";"  pignon";"sur";"<E>";"-";"  rue";"§a§pignon sur rue "
"406";"+";"-";"-";"-";"<E>";"avoir";"+";"-";"-";"un";"-";"-";"  pincement";"à";"le";"+";"  coeur";"§a§un pincement au coeur "
"407";"+";"-";"-";"-";"<E>";"avoir";"+";"+";"-";"la";"-";"-";"  pipe";"à";"la";"+";"  bouche";"§a§la pipe à la bouche "
"408";"+";"-";"-";"-";"<E>";"avoir";"-";"+";"-";"le";"-";"-";"  pistolet";"à";"le";"+";"  poing";"§a§le pistolet au poing "
"409";"+";"-";"-";"+";"n'";"avoir pas";"+";"-";"-";"de";"-";"-";"  pitié";"pour";"les";"-";"  canards boiteux";"§n'a pas§de pitié pour les canards boiteux "
"410";"+";"+";"-";"-";"<E>";"avoir";"+";"+";"+";"une";"-";"-";"  place";"dans";"le";"+";"  coeur de Nhum";"§a§une place dans le coeur de Nhum "
"411";"+";"-";"-";"-";"<E>";"avoir";"-";"-";"+";"une";"-";"-";"  place";"à";"le";"-";"  soleil";"§a§une place au soleil "
"412";"+";"+";"-";"-";"<E>";"avoir";"+";"-";"+";"une";"-";"-";"  place";"dans";"la";"-";"  vie de Nhum";"§a§une place dans la vie de Nhum "
"413";"+";"+";"-";"-";"<E>";"avoir";"+";"-";"+";"une grande";"-";"-";"  place";"dans";"la";"-";"  vie de Nhum";"§a§une grande place dans la vie de Nhum "
"414";"+";"+";"-";"-";"<E>";"avoir";"+";"-";"+";"une petite";"-";"-";"  place";"dans";"la";"-";"  vie de Nhum";"§a§une petite place dans la vie de Nhum "
"415";"+";"-";"-";"-";"<E>";"avoir";"-";"+";"-";"du";"-";"-";"  plomb";"dans";"la";"+";"  aile";"§a§du plomb dans l'aile "
"416";"+";"-";"-";"-";"<E>";"avoir";"+";"+";"+";"du";"-";"-";"  plomb";"dans";"la";"+";"  cervelle";"§a§du plomb dans la cervelle "
"417";"+";"-";"-";"-";"<E>";"avoir";"-";"+";"-";"du";"-";"-";"  plomb";"dans";"la";"+";"  tête";"§a§du plomb dans la tête "
"418";"+";"-";"-";"-";"<E>";"avoir";"+";"+";"+";"des";"-";"-";"  poches";"sous";"les";"+";"  yeux";"§a§des poches sous les yeux "
"419";"+";"-";"-";"-";"<E>";"avoir";"-";"+";"+";"un";"-";"-";"  poids";"sur";"le";"+";"  estomac";"§a§un poids sur l'estomac "
"420";"+";"-";"-";"-";"<E>";"avoir";"+";"+";"-";"un";"-";"-";"  poids de moins";"sur";"le";"+";"  coeur";"§a§un poids de moins sur le coeur "
"421";"+";"-";"-";"-";"<E>";"avoir";"+";"+";"-";"un";"-";"-";"  poids de moins";"sur";"la";"-";"  conscience";"§a§un poids de moins sur la conscience "
"422";"+";"-";"-";"+";"n'";"avoir";"+";"-";"-";"un";"+";"-";"  poil";"sur";"le";"+";"  caillou";"§n'a§un poil sur le caillou "
"423";"+";"-";"-";"-";"<E>";"avoir";"+";"+";"+";"un";"-";"-";"  poil";"dans";"la";"+";"  main";"§a§un poil dans la main "
"424";"+";"-";"-";"-";"<E>";"avoir";"-";"+";"-";"du";"+";"-";"  poil";"à";"le";"+";"  menton";"§a§du poil au menton "
"425";"+";"-";"-";"+";"n'";"avoir";"-";"-";"-";"un";"+";"-";"  poil";"de";"<E>";"-";"  sec";"§n'a§un poil de sec "
"426";"+";"-";"-";"-";"<E>";"avoir";"-";"+";"+";"un";"-";"-";"  point";"dans";"le";"+";"  dos";"§a§un point dans le dos "
"427";"+";"-";"-";"-";"<E>";"avoir";"-";"-";"+";"une";"-";"+";"  poire";"pour";"la";"-";"  soif";"§a§une poire pour la soif "
"428";"+";"-";"-";"-";"<E>";"avoir";"-";"-";"-";"un";"-";"-";"  polichinelle";"dans";"le";"-";"  tiroir";"§a§un polichinelle dans le tiroir "
"429";"+";"-";"-";"-";"<E>";"avoir";"+";"+";"-";"une";"-";"-";"  poussière";"dans";"le";"+";"  oeil";"§a§une poussière dans l'oeil "
"430";"-";"+";"-";"-";"<E>";"avoir";"-";"-";"+";"du";"-";"-";"  prix";"à";"les";"+";"  yeux de Nhum";"§a§du prix aux yeux de Nhum "
"431";"+";"-";"-";"-";"<E>";"avoir";"-";"+";"+";"la";"-";"-";"  puce";"à";"la";"+";"  oreille";"§a§la puce à l'oreille "
"432";"+";"-";"-";"-";"<E>";"avoir";"+";"-";"-";"<E>";"-";"-";"  quelque chose";"à";"<E>";"-";"  ajouter";"§a§quelque chose à ajouter "
"433";"+";"-";"-";"-";"<E>";"avoir";"+";"-";"-";"<E>";"-";"-";"  quelque chose";"dans";"le";"+";"  buffet";"§a§quelque chose dans le buffet "
"434";"+";"-";"-";"-";"<E>";"avoir";"+";"-";"-";"<E>";"-";"-";"  quelque chose";"dans";"le";"-";"  caleçon";"§a§quelque chose dans le caleçon "
"435";"+";"-";"-";"-";"<E>";"avoir";"+";"+";"-";"<E>";"-";"-";"  quelque chose";"dans";"le";"+";"  cerveau";"§a§quelque chose dans le cerveau "
"436";"+";"-";"-";"-";"<E>";"avoir";"+";"+";"-";"<E>";"-";"-";"  quelque chose";"dans";"la";"+";"  cervelle";"§a§quelque chose dans la cervelle "
"437";"+";"-";"-";"-";"<E>";"avoir";"+";"+";"-";"<E>";"-";"-";"  quelque chose";"dans";"le";"+";"  ciboulot";"§a§quelque chose dans le ciboulot "
"438";"+";"-";"-";"-";"<E>";"avoir";"+";"+";"-";"<E>";"-";"-";"  quelque chose";"dans";"le";"+";"  citron";"§a§quelque chose dans le citron "
"439";"+";"-";"-";"-";"<E>";"avoir";"+";"+";"-";"<E>";"-";"-";"  quelque chose";"sur";"le";"+";"  coeur";"§a§quelque chose sur le coeur "
"440";"+";"-";"-";"-";"<E>";"avoir";"-";"+";"-";"<E>";"-";"-";"  quelque chose";"dans";"le";"+";"  coffre";"§a§quelque chose dans le coffre "
"441";"+";"-";"-";"-";"<E>";"avoir";"+";"+";"-";"<E>";"-";"-";"  quelque chose";"dans";"le";"+";"  crâne";"§a§quelque chose dans le crâne "
"442";"+";"-";"-";"-";"<E>";"avoir";"+";"-";"-";"<E>";"-";"-";"  quelque chose";"dans";"la";"-";"  culotte";"§a§quelque chose dans la culotte "
"443";"+";"-";"-";"-";"<E>";"avoir";"+";"-";"-";"<E>";"-";"-";"  quelque chose";"à";"<E>";"-";"  déclarer";"§a§quelque chose à déclarer "
"444";"+";"-";"-";"-";"<E>";"avoir";"-";"-";"-";"<E>";"-";"-";"  quelque chose";"à";"<E>";"-";"  déclarer ?";"§a§quelque chose à déclarer ? "
"445";"+";"-";"-";"-";"<E>";"avoir";"+";"-";"-";"<E>";"-";"-";"  quelque chose";"à";"<E>";"-";"  dire";"§a§quelque chose à dire "
"446";"+";"-";"-";"-";"<E>";"avoir";"+";"-";"-";"<E>";"-";"-";"  quelque chose";"dans";"le";"+";"  estomac";"§a§quelque chose dans l'estomac "
"447";"+";"-";"-";"-";"<E>";"avoir";"+";"-";"-";"<E>";"-";"-";"  quelque chose";"dans";"le";"+";"  estomac";"§a§quelque chose dans l'estomac "
"448";"+";"-";"-";"-";"<E>";"avoir";"+";"-";"-";"<E>";"-";"-";"  quelque chose";"à";"<E>";"-";"  faire";"§a§quelque chose à fait "
"449";"+";"-";"-";"-";"<E>";"avoir";"+";"-";"-";"<E>";"-";"-";"  quelque chose";"à";"<E>";"-";"  gagner Loc N";"§a§quelque chose à gagner Loc N "
"450";"+";"-";"-";"-";"<E>";"avoir";"+";"-";"+";"<E>";"-";"-";"  quelque chose";"à";"<E>";"-";"  mettre";"§a§quelque chose à mettre "
"451";"+";"-";"-";"-";"<E>";"avoir";"+";"-";"+";"<E>";"-";"-";"  quelque chose";"à";"se";"-";"  mettre";"§a§quelque chose à se mettre "
"452";"+";"-";"-";"-";"<E>";"avoir";"+";"-";"+";"<E>";"-";"-";"  quelque chose";"à";"se";"-";"  mettre sous la dent";"§a§quelque chose à se mettre sous la dent "
"453";"+";"-";"-";"-";"<E>";"avoir";"+";"-";"+";"<E>";"-";"-";"  quelque chose";"contre";"le";"+";"  Nmaladie";"§a§quelque chose contre le Nmaladie "
"454";"+";"-";"-";"-";"<E>";"avoir";"+";"-";"+";"<E>";"-";"-";"  quelque chose";"pour";"le";"+";"  Nmaladie";"§a§quelque chose pour le Nmaladie "
"455";"+";"-";"-";"-";"<E>";"avoir";"+";"-";"-";"<E>";"-";"-";"  quelque chose";"à";"se";"-";"  reprocher";"§a§quelque chose à se reprocher "
"456";"+";"-";"-";"-";"<E>";"avoir";"+";"+";"-";"<E>";"-";"-";"  quelque chose";"dans";"la";"+";"  tête";"§a§quelque chose dans la tête "
"457";"+";"-";"-";"-";"<E>";"avoir";"+";"-";"+";"<E>";"-";"-";"  quelque chose";"contre";"la";"+";"  toux";"§a§quelque chose contre la toux "
"458";"+";"-";"-";"-";"<E>";"avoir";"+";"-";"+";"<E>";"-";"-";"  quelque chose";"pour";"la";"+";"  toux";"§a§quelque chose pour la toux "
"459";"+";"-";"-";"-";"<E>";"avoir";"-";"-";"-";"<E>";"-";"-";"  quelque chose";"dans";"le";"+";"  ventre";"§a§quelque chose dans le ventre "
"460";"+";"-";"-";"-";"<E>";"avoir";"-";"-";"+";"les";"-";"-";"  questions";"mais pas";"les";"-";"  réponses";"§a§les questions mais pas les réponses "
"461";"+";"-";"-";"-";"<E>";"avoir";"-";"+";"-";"la";"+";"-";"  queue";"entre";"les";"+";"  jambes";"§a§la queue entre les jambes "
"462";"-";"+";"-";"+";"n'";"avoir ni";"+";"-";"-";"<E>";"+";"-";"  queue";"ni";"<E>";"+";"  tête";"§n'a ni§queue ni tête "
"463";"+";"-";"-";"+";"n'";"avoir pas";"-";"+";"-";"un";"-";"-";"  radis";"de";"<E>";"-";"  côté";"§n'a pas§un radis de côté "
"464";"+";"-";"-";"-";"<E>";"avoir";"-";"-";"-";"pas un";"-";"-";"  radis";"à";"<E>";"-";"  Lui-0";"§a§pas un radis à lui "
"465";"+";"-";"-";"-";"<E>";"avoir";"-";"-";"-";"pas un";"-";"-";"  radis";"devant";"<E>";"-";"  Lui-0";"§a§pas un radis devant lui "
"466";"+";"-";"-";"-";"<E>";"avoir";"-";"-";"-";"pas un";"-";"-";"  radis";"sur";"<E>";"-";"  Lui-0";"§a§pas un radis sur lui "
"467";"+";"-";"-";"+";"n'";"avoir pas";"-";"+";"-";"un";"-";"-";"  radis";"en";"<E>";"-";"  poche";"§n'a pas§un radis en poche "
"468";"+";"-";"-";"-";"<E>";"avoir";"-";"+";"-";"la";"-";"-";"  rage";"à";"le";"+";"  coeur";"§a§la rage au coeur "
"469";"+";"-";"-";"-";"<E>";"avoir";"+";"+";"-";"de la";"-";"-";"  rage";"dans";"le";"-";"  regard";"§a§de la rage dans le regard "
"470";"+";"-";"-";"-";"<E>";"avoir";"+";"+";"-";"la";"-";"-";"  rage";"à";"le";"+";"  ventre";"§a§la rage au ventre "
"471";"+";"-";"-";"-";"<E>";"avoir";"+";"+";"-";"de la";"-";"-";"  rage";"dans";"les";"+";"  yeux";"§a§de la rage dans les yeux "
"472";"+";"-";"-";"-";"<E>";"avoir";"-";"-";"+";"<E>";"-";"-";"  raison";"<E>";"cent";"-";"  fois";"§a§raison cent fois "
"473";"+";"-";"-";"-";"<E>";"avoir";"-";"-";"+";"<E>";"-";"-";"  raison";"<E>";"mille";"-";"  fois";"§a§raison mille fois "
"474";"+";"-";"-";"-";"<E>";"avoir";"+";"-";"+";"un certain";"-";"-";"  rapport";"à";"le";"-";"  argent";"§a§un certain rapport à l'argent "
"475";"+";"-";"-";"-";"<E>";"avoir";"-";"-";"+";"un";"-";"-";"  regard";"en";"<E>";"-";"  coin";"§a§un regard en coin "
"476";"+";"-";"-";"-";"<E>";"avoir";"-";"-";"-";"un";"-";"+";"  regard";"en";"<E>";"-";"  coulisse";"§a§un regard en coulisse "
"477";"+";"-";"-";"-";"<E>";"avoir";"+";"-";"+";"le";"-";"+";"  règlement";"pour";"<E>";"-";"  Lui-0";"§a§le règlement pour lui "
"478";"+";"-";"-";"-";"<E>";"avoir";"-";"-";"-";"<E>";"-";"-";"  réponse";"à";"<E>";"-";"  tout";"§a§réponse à tout "
"479";"-";"+";"-";"-";"<E>";"avoir";"+";"+";"+";"du";"-";"-";"  retard";"à";"le";"-";"  allumage";"§a§du retard à l'allumage "
"480";"+";"-";"-";"-";"<E>";"avoir";"-";"+";"-";"le";"-";"-";"  revolver";"à";"le";"+";"  poing";"§a§le revolver au poing "
"481";"+";"-";"-";"+";"n'";"avoir plus";"+";"-";"-";"<E>";"-";"-";"  rien";"à";"<E>";"-";"  attendre de N";"§n'a plus§rien à attendre de N "
"482";"+";"-";"-";"+";"n'";"avoir";"+";"-";"-";"<E>";"-";"-";"  rien";"à";"<E>";"-";"  cacher";"§n'a§rien à cacher "
"483";"+";"-";"-";"+";"n'";"avoir";"+";"-";"-";"<E>";"-";"-";"  rien";"dans";"le";"+";"  cerveau";"§n'a§rien dans le cerveau "
"484";"+";"-";"-";"+";"n'";"avoir";"+";"-";"-";"<E>";"-";"-";"  rien";"dans";"la";"+";"  cervelle";"§n'a§rien dans la cervelle "
"485";"+";"-";"-";"+";"n'";"avoir";"+";"-";"-";"<E>";"-";"-";"  rien";"dans";"le";"+";"  ciboulot";"§n'a§rien dans le ciboulot "
"486";"+";"-";"-";"+";"n'";"avoir";"+";"-";"-";"<E>";"-";"-";"  rien";"dans";"le";"+";"  citron";"§n'a§rien dans le citron "
"487";"+";"-";"-";"+";"n'";"avoir";"+";"-";"-";"<E>";"-";"-";"  rien";"dans";"le";"+";"  coco";"§n'a§rien dans le coco "
"488";"+";"-";"-";"+";"n'";"avoir";"+";"-";"-";"<E>";"-";"-";"  rien";"à";"<E>";"-";"  craindre de Nhum";"§n'a§rien à craindre de Nhum "
"489";"+";"-";"-";"+";"n'";"avoir";"+";"-";"-";"<E>";"-";"-";"  rien";"dans";"le";"+";"  crâne";"§n'a§rien dans le crâne "
"490";"+";"-";"-";"+";"n'";"avoir plus";"+";"-";"-";"<E>";"-";"-";"  rien";"à";"<E>";"-";"  désirer";"§n'a plus§rien à désirer "
"491";"-";"+";"-";"+";"n'";"avoir";"+";"-";"-";"<E>";"-";"-";"  rien";"de";"<E>";"-";"  extraordinaire";"§n'a§rien d'extraordinaire "
"492";"+";"-";"-";"+";"n'";"avoir";"+";"-";"+";"<E>";"-";"-";"  rien";"à";"<E>";"-";"  faire";"§n'a§rien à fait "
"493";"-";"+";"-";"+";"n'";"avoir";"+";"-";"-";"<E>";"-";"-";"  rien";"de";"bien";"-";"  malin";"§n'a§rien de bien malin "
"494";"+";"-";"-";"+";"n'";"avoir";"+";"-";"-";"<E>";"-";"-";"  rien";"à";"<E>";"-";"  mettre";"§n'a§rien à mettre "
"495";"+";"-";"-";"+";"n'";"avoir";"+";"-";"-";"<E>";"-";"-";"  rien";"à";"se";"-";"  mettre";"§n'a§rien à se mettre "
"496";"-";"+";"-";"+";"n'";"avoir";"+";"-";"-";"<E>";"-";"-";"  rien";"de";"<E>";"-";"  mystérieux";"§n'a§rien de mystérieux "
"497";"+";"-";"-";"+";"n'";"avoir plus";"+";"-";"-";"<E>";"-";"-";"  rien";"à";"<E>";"-";"  perdre";"§n'a plus§rien à perdre "
"498";"+";"-";"-";"+";"n'";"avoir";"-";"-";"+";"<E>";"-";"-";"  rien";"pour";"<E>";"-";"  rien";"§n'a§rien pour rien "
"499";"-";"+";"-";"+";"n'";"avoir";"+";"-";"-";"<E>";"-";"-";"  rien";"de";"<E>";"-";"  sorcier";"§n'a§rien de sorcier "
"500";"+";"-";"-";"+";"n'";"avoir";"+";"-";"-";"<E>";"-";"-";"  rien";"dans";"la";"+";"  tête";"§n'a§rien dans la tête "
"501";"+";"-";"-";"+";"n'";"avoir";"+";"-";"-";"<E>";"-";"-";"  rien";"dans";"le";"+";"  ventre";"§n'a§rien dans le ventre "
"502";"+";"-";"-";"+";"n'";"avoir jamais";"-";"-";"-";"<E>";"-";"-";"  rien";"<E>";"<E>";"-";"  vu";"§n'a jamais§rien vu "
"503";"-";"+";"-";"+";"n'";"avoir ni";"+";"-";"-";"<E>";"-";"-";"  rime";"ni";"<E>";"-";"  raison";"§n'a ni§rime ni raison "
"504";"+";"+";"-";"-";"<E>";"avoir";"+";"-";"+";"un";"-";"-";"  rôle";"dans";"la";"-";"  vie de Nhum";"§a§un rôle dans la vie de Nhum "
"505";"+";"+";"-";"-";"<E>";"avoir";"+";"-";"+";"un grand";"-";"-";"  rôle";"dans";"la";"-";"  vie de Nhum";"§a§un grand rôle dans la vie de Nhum "
"506";"+";"+";"-";"-";"<E>";"avoir";"+";"-";"+";"un";"-";"-";"  rôle à jouer";"dans";"la";"-";"  vie de Nhum";"§a§un rôle à jouer dans la vie de Nhum "
"507";"+";"-";"-";"+";"n'";"avoir pas";"-";"+";"-";"un";"-";"-";"  rond";"de";"<E>";"-";"  côté";"§n'a pas§un rond de côté "
"508";"+";"-";"-";"+";"n'";"avoir pas";"-";"-";"-";"un";"-";"-";"  rond";"devant";"<E>";"-";"  Lui-0";"§n'a pas§un rond devant lui "
"509";"+";"-";"-";"+";"n'";"avoir pas";"-";"-";"-";"un";"-";"-";"  rond";"sur";"<E>";"-";"  Lui-0";"§n'a pas§un rond sur lui "
"510";"+";"-";"-";"+";"n'";"avoir pas";"-";"+";"-";"un";"-";"-";"  rond";"en";"<E>";"-";"  poche";"§n'a pas§un rond en poche "
"511";"+";"-";"-";"-";"<E>";"avoir";"-";"+";"-";"des";"-";"-";"  ronds";"de";"<E>";"-";"  côté";"§a§des ronds de côté "
"512";"+";"-";"-";"+";"n'";"avoir pas";"-";"+";"-";"un";"-";"-";"  rotin";"de";"<E>";"-";"  côté";"§n'a pas§un rotin de côté "
"513";"+";"-";"-";"+";"n'";"avoir pas";"-";"-";"-";"un";"-";"-";"  rotin";"à";"<E>";"-";"  Lui-0";"§n'a pas§un rotin à lui "
"514";"+";"-";"-";"+";"n'";"avoir pas";"-";"-";"-";"un";"-";"-";"  rotin";"devant";"<E>";"-";"  Lui-0";"§n'a pas§un rotin devant lui "
"515";"+";"-";"-";"+";"n'";"avoir pas";"-";"-";"-";"un";"-";"-";"  rotin";"sur";"<E>";"-";"  Lui-0";"§n'a pas§un rotin sur lui "
"516";"+";"-";"-";"+";"n'";"avoir pas";"-";"+";"-";"un";"-";"-";"  rotin";"en";"<E>";"-";"  poche";"§n'a pas§un rotin en poche "
"517";"+";"-";"-";"-";"<E>";"avoir";"+";"+";"-";"plus d'une";"-";"-";"  ruse";"dans";"Poss0";"-";"  sac";"§a§plus d'une ruse dans son sac "
"518";"+";"-";"-";"-";"<E>";"avoir";"+";"+";"+";"une";"-";"-";"  saleté";"dans";"le";"+";"  oeil";"§a§une saleté dans l'oeil "
"519";"+";"-";"-";"-";"<E>";"avoir";"+";"-";"-";"du";"+";"-";"  sang";"sur";"les";"+";"  mains";"§a§du sang sur les mains "
"520";"+";"-";"-";"-";"<E>";"avoir";"+";"-";"-";"du";"-";"-";"  sang bleu";"dans";"les";"+";"  veines";"§a§du sang bleu dans les veines "
"521";"+";"-";"-";"-";"<E>";"avoir";"+";"+";"-";"du";"+";"-";"  sang de navet";"dans";"les";"+";"  veines";"§a§du sang de navet dans les veines "
"522";"+";"-";"-";"-";"<E>";"avoir";"+";"+";"+";"des";"-";"-";"  sanglots";"dans";"la";"-";"  voix";"§a§des sanglots dans la voix "
"523";"+";"-";"-";"+";"n'";"avoir";"-";"-";"-";"une";"-";"-";"  seconde";"à";"<E>";"-";"  Lui-0";"§n'a§une seconde à lui "
"524";"+";"-";"-";"+";"n'";"avoir";"+";"-";"-";"une";"-";"-";"  seconde";"à";"<E>";"-";"  perdre";"§n'a§une seconde à perdre "
"525";"+";"-";"-";"+";"n'";"avoir";"+";"-";"-";"de";"-";"-";"  secret";"pour";"<E>";"-";"  personne";"§n'a§de secret pour personne "
"526";"+";"-";"-";"-";"<E>";"avoir";"-";"+";"-";"les";"+";"-";"  seins";"à";"le";"-";"  air";"§a§les seins à l'air "
"527";"+";"-";"-";"-";"<E>";"avoir";"-";"+";"-";"la";"-";"-";"  situation";"en";"<E>";"+";"  main";"§a§la situation en main "
"528";"+";"-";"-";"-";"<E>";"avoir";"-";"+";"-";"la";"-";"-";"  situation";"en";"<E>";"+";"  mains";"§a§la situation en mains "
"529";"+";"-";"-";"+";"n'";"avoir pas";"-";"+";"-";"un";"-";"-";"  sou";"de";"<E>";"-";"  côté";"§n'a pas§un sou de côté "
"530";"+";"-";"-";"+";"n'";"avoir pas";"-";"-";"-";"un";"-";"-";"  sou";"à";"<E>";"-";"  Lui-0";"§n'a pas§un sou à lui "
"531";"+";"-";"-";"+";"n'";"avoir pas";"-";"-";"-";"un";"-";"-";"  sou";"devant";"<E>";"-";"  Lui-0";"§n'a pas§un sou devant lui "
"532";"+";"-";"-";"+";"n'";"avoir pas";"-";"-";"-";"un";"-";"-";"  sou";"sur";"<E>";"-";"  Lui-0";"§n'a pas§un sou sur lui "
"533";"+";"-";"-";"+";"n'";"avoir ni";"+";"+";"+";"<E>";"-";"-";"  sou";"ni";"<E>";"-";"  maille";"§n'a ni§sou ni maille "
"534";"+";"-";"-";"+";"n'";"avoir pas";"-";"+";"-";"un";"-";"-";"  sou";"en";"<E>";"-";"  poche";"§n'a pas§un sou en poche "
"535";"+";"-";"-";"+";"n'";"avoir pas";"+";"-";"-";"de";"-";"+";"  souci";"à";"<E>";"-";"  se faire";"§n'a pas§de souci à se fait "
"536";"+";"-";"-";"-";"<E>";"avoir";"+";"+";"-";"un";"-";"+";"  souci";"en";"<E>";"+";"  tête";"§a§un souci en tête "
"537";"+";"-";"-";"-";"<E>";"avoir";"+";"-";"-";"un";"-";"+";"  souci de moins";"à";"se";"-";"  faire";"§a§un souci de moins à se fait "
"538";"+";"-";"-";"-";"<E>";"avoir";"-";"-";"+";"un";"-";"-";"  souffle";"à";"le";"+";"  coeur";"§a§un souffle au coeur "
"539";"+";"-";"-";"-";"<E>";"avoir";"-";"-";"+";"un";"-";"-";"  sourire";"en";"<E>";"-";"  coin";"§a§un sourire en coin "
"540";"+";"-";"-";"-";"<E>";"avoir";"+";"+";"+";"le";"-";"-";"  sourire";"à";"le";"+";"  coin des lèvres";"§a§le sourire au coin des lèvres "
"541";"+";"-";"-";"-";"<E>";"avoir";"+";"+";"+";"un";"-";"-";"  sourire";"à";"les";"+";"  lèvres";"§a§un sourire aux lèvres "
"542";"+";"-";"-";"-";"<E>";"avoir";"+";"+";"+";"un";"-";"-";"  sourire idiot";"à";"les";"+";"  lèvres";"§a§un sourire idiot aux lèvres "
"543";"+";"-";"-";"-";"<E>";"avoir";"+";"-";"+";"<E>";"-";"-";"  suffisamment";"à";"<E>";"-";"  faire";"§a§suffisamment à fait "
"544";"+";"-";"-";"-";"<E>";"avoir";"+";"+";"+";"de la";"-";"-";"  suite";"dans";"les";"-";"  idées";"§a§de la suite dans les idées "
"545";"+";"-";"-";"-";"<E>";"avoir";"-";"-";"-";"de le";"-";"-";"  temps";"pour";"Poss0";"-";"  amis";"§a§du temps pour ses amis "
"546";"+";"-";"-";"-";"<E>";"avoir";"-";"-";"-";"de le";"-";"-";"  temps";"devant";"<E>";"-";"  Lui-0";"§a§du temps devant lui "
"547";"+";"-";"-";"+";"n'";"avoir";"+";"-";"-";"de";"-";"-";"  temps";"à";"<E>";"-";"  perdre";"§n'a§de temps à perdre "
"548";"+";"-";"-";"-";"<E>";"avoir";"-";"-";"-";"la";"+";"-";"  tête";"en";"le";"-";"  air";"§a§la tête en l'air "
"549";"+";"+";"-";"-";"<E>";"avoir";"-";"+";"-";"la";"+";"+";"  tête";"en";"<E>";"-";"  bas";"§a§la tête en bas "
"550";"+";"-";"-";"-";"<E>";"avoir";"-";"-";"+";"une";"+";"-";"  tête";"à";"<E>";"-";"  caler les roues de corbillard";"§a§une tête à caler les roues de corbillard "
"551";"+";"-";"-";"-";"<E>";"avoir";"-";"-";"+";"une";"+";"-";"  tête";"à";"<E>";"-";"  claques";"§a§une tête à claques "
"552";"+";"-";"-";"-";"<E>";"avoir";"-";"-";"-";"la";"+";"-";"  tête";"à";"le";"+";"  creux de l'épaule de Nhum";"§a§la tête au creux de l'épaule de Nhum "
"553";"+";"-";"-";"-";"<E>";"avoir";"-";"+";"-";"la";"+";"-";"  tête";"hors de";"la";"-";"  eau";"§a§la tête hors de l'eau "
"554";"+";"-";"-";"-";"<E>";"avoir";"-";"-";"+";"une";"+";"-";"  tête";"à";"<E>";"-";"  gifles";"§a§une tête à gifles "
"555";"+";"-";"-";"+";"n'";"avoir plus";"-";"-";"-";"Poss0";"+";"-";"  tête";"à";"<E>";"-";"  Lui-0";"§n'a plus§sa tête à lui "
"556";"+";"-";"-";"-";"<E>";"avoir";"-";"-";"-";"la";"+";"-";"  tête";"comme";"une";"-";"  passoire";"§a§la tête comme une passoire "
"557";"+";"-";"-";"+";"n'";"avoir pas";"-";"-";"-";"une";"+";"-";"  tête";"à";"<E>";"-";"  sucer de la glace";"§n'a pas§une tête à sucer de la glace "
"558";"+";"-";"-";"+";"n'";"avoir pas";"-";"-";"-";"une";"+";"-";"  tête";"à";"<E>";"-";"  sucer des glaçons";"§n'a pas§une tête à sucer des glaçons "
"559";"+";"-";"-";"+";"n'";"avoir pas";"-";"+";"-";"une";"-";"-";"  thune";"de";"<E>";"-";"  côté";"§n'a pas§une thune de côté "
"560";"+";"-";"-";"+";"n'";"avoir pas";"-";"-";"-";"une";"-";"-";"  thune";"à";"<E>";"-";"  Lui-0";"§n'a pas§une thune à lui "
"561";"+";"-";"-";"+";"n'";"avoir pas";"-";"-";"-";"une";"-";"-";"  thune";"devant";"<E>";"-";"  Lui-0";"§n'a pas§une thune devant lui "
"562";"+";"-";"-";"+";"n'";"avoir pas";"-";"-";"-";"une";"-";"-";"  thune";"sur";"<E>";"-";"  Lui-0";"§n'a pas§une thune sur lui "
"563";"+";"-";"-";"+";"n'";"avoir pas";"-";"+";"-";"une";"-";"-";"  thune";"en";"<E>";"-";"  poche";"§n'a pas§une thune en poche "
"564";"+";"-";"-";"-";"<E>";"avoir";"+";"+";"-";"un";"-";"-";"  tigre";"dans";"Poss0";"-";"  moteur";"§a§un tigre dans son moteur "
"565";"+";"-";"-";"-";"<E>";"avoir";"+";"+";"-";"plus d'un";"-";"-";"  tour";"dans";"Poss0";"-";"  sac";"§a§plus d'un tour dans son sac "
"566";"+";"-";"-";"-";"<E>";"avoir";"+";"-";"-";"un";"-";"-";"  tournant";"dans";"Poss0";"-";"  vie";"§a§un tournant dans sa vie "
"567";"+";"-";"-";"-";"<E>";"avoir";"-";"-";"-";"<E>";"-";"-";"  tout";"pour";"<E>";"-";"  Lui-0";"§a§tout pour lui "
"568";"+";"-";"-";"-";"<E>";"avoir";"+";"-";"+";"<E>";"-";"-";"  tout";"de";"le";"-";"  N";"§a§tout du N "
"569";"+";"+";"-";"-";"<E>";"avoir";"-";"-";"-";"<E>";"-";"-";"  tout";"pour";"<E>";"-";"  plaire";"§a§tout pour plaire "
"570";"+";"-";"-";"-";"<E>";"avoir";"-";"-";"-";"un";"-";"-";"  train";"de";"<E>";"-";"  retard";"§a§un train de retard "
"571";"+";"-";"-";"-";"<E>";"avoir";"-";"-";"+";"un";"-";"+";"  transport";"à";"le";"+";"  cerveau";"§a§un transport au cerveau "
"572";"+";"-";"-";"-";"<E>";"avoir";"+";"-";"+";"du";"-";"-";"  travail";"par dessus";"la";"+";"  tête";"§a§du travail par dessus la tête "
"573";"+";"-";"-";"-";"<E>";"avoir";"+";"+";"+";"des";"-";"-";"  trémolos";"dans";"la";"-";"  voix";"§a§des trémolos dans la voix "
"574";"+";"-";"-";"-";"<E>";"avoir";"-";"+";"-";"les";"+";"-";"  tripes";"à";"le";"-";"  air";"§a§les tripes à l'air "
"575";"+";"-";"-";"-";"<E>";"avoir";"-";"+";"-";"les";"+";"-";"  tripes";"à";"le";"-";"  soleil";"§a§les tripes au soleil "
"576";"+";"-";"-";"+";"n'";"avoir pas";"-";"-";"-";"une";"+";"-";"  tronche";"à";"<E>";"-";"  sucer de la glace";"§n'a pas§une tronche à sucer de la glace "
"577";"+";"-";"-";"+";"n'";"avoir pas";"-";"-";"-";"une";"+";"-";"  tronche";"à";"<E>";"-";"  sucer des glaçons";"§n'a pas§une tronche à sucer des glaçons "
"578";"+";"-";"-";"-";"<E>";"avoir";"+";"-";"+";"<E>";"-";"-";"  trop";"à";"<E>";"-";"  faire";"§a§trop à fait "
"579";"+";"-";"-";"-";"<E>";"avoir";"+";"+";"-";"un";"-";"+";"  trou";"dans";"Poss0";"-";"  emploi du temps";"§a§un trou dans son emploi du temps "
"580";"+";"-";"-";"-";"<E>";"avoir";"-";"-";"-";"un";"-";"-";"  trou";"dans";"le";"+";"  talon";"§a§un trou dans le talon "
"581";"+";"-";"-";"-";"<E>";"avoir";"+";"-";"-";"un";"-";"-";"  trou de Nsomme";"dans";"Poss0";"-";"  caisse";"§a§un trou de Nsomme dans sa caisse "
"582";"+";"-";"-";"-";"<E>";"avoir";"+";"-";"-";"un";"-";"-";"  trou de Nsomme";"dans";"Poss0";"-";"  comptabilité";"§a§un trou de Nsomme dans sa comptabilité "
"583";"+";"-";"-";"-";"<E>";"avoir";"+";"-";"-";"un";"-";"-";"  trou de Nsomme";"dans";"Poss0";"-";"  comptes";"§a§un trou de Nsomme dans ses comptes "
"584";"+";"-";"-";"-";"<E>";"avoir";"+";"-";"-";"un";"-";"-";"  trou de yens";"dans";"Poss0";"-";"  caisse";"§a§un trou d'yens dans sa caisse "
"585";"+";"-";"-";"-";"<E>";"avoir";"+";"-";"-";"un";"-";"-";"  trou de yens";"dans";"Poss0";"-";"  comptabilité";"§a§un trou d'yens dans sa comptabilité "
"586";"+";"-";"-";"-";"<E>";"avoir";"+";"-";"-";"un";"-";"-";"  trou de yens";"dans";"Poss0";"-";"  comptes";"§a§un trou d'yens dans ses comptes "
"587";"+";"-";"-";"-";"<E>";"avoir";"+";"+";"+";"du";"-";"-";"  vague";"à";"la";"-";"  âme";"§a§du vague à l'âme "
"588";"+";"-";"-";"-";"<E>";"avoir";"+";"+";"+";"des";"-";"-";"  valises";"sous";"les";"+";"  yeux";"§a§des valises sous les yeux "
"589";"+";"-";"-";"-";"<E>";"avoir";"-";"-";"+";"de la";"-";"-";"  veine";"à";"le";"-";"  jeu";"§a§de la veine au jeu "
"590";"+";"+";"-";"-";"<E>";"avoir";"-";"+";"-";"le";"-";"-";"  vent";"en";"<E>";"-";"  poupe";"§a§le vent en poupe "
"591";"+";"-";"-";"-";"<E>";"avoir";"+";"+";"-";"du";"-";"-";"  vent";"dans";"les";"-";"  voiles";"§a§du vent dans les voiles "
"592";"+";"-";"-";"-";"<E>";"avoir";"-";"+";"-";"un";"-";"+";"  verre";"dans";"le";"+";"  nez";"§a§un verre dans le nez "
"593";"+";"-";"-";"-";"<E>";"avoir";"+";"+";"+";"un";"-";"-";"  vide";"à";"le";"+";"  coeur";"§a§un vide au coeur "
"594";"+";"-";"-";"-";"<E>";"avoir";"-";"+";"-";"<E>";"-";"-";"  vingt";"sur";"<E>";"-";"  vingt";"§a§vingt sur vingt "
"595";"-";"-";"-";"-";"<E>";"avoir";"+";"+";"-";"un";"-";"-";"  voile";"devant";"les";"+";"  yeux";"§a§un voile devant les yeux "
"596";"+";"-";"-";"-";"<E>";"avoir";"+";"-";"-";"la";"-";"-";"  voiture";"à";"<E>";"-";"  payer";"§a§la voiture à payer "
"597";"+";"-";"-";"-";"<E>";"avoir";"-";"-";"+";"<E>";"-";"-";"  voix";"à";"le";"-";"  chapitre";"§a§voix au chapitre "
"598";"+";"-";"+";"-";"en";"avoir";"-";"-";"-";"<E>";"-";"-";"  vu";"<E>";"<E>";"-";"  assez";"§en a§vu assez "
"599";"+";"-";"-";"-";"<E>";"avoir";"-";"-";"-";"<E>";"-";"-";"  vu";"<E>";"le";"-";"  loup";"§a§vu le loup "
"600";"+";"-";"+";"-";"en";"avoir";"-";"-";"-";"<E>";"-";"-";"  vu";"<E>";"<E>";"-";"  trop";"§en a§vu trop "
"601";"+";"-";"-";"+";"n'";"avoir plus que";"-";"-";"-";"les";"+";"-";"  yeux";"pour";"<E>";"-";"  pleurer";"§n'a plus que§les yeux pour pleurer "
"602";"+";"-";"-";"+";"n'";"avoir";"-";"-";"-";"les";"+";"-";"  yeux";"dans";"Poss0";"-";"  poche";"§n'a§les yeux dans sa poche "
"603";"-";"-";"-";"-";"<E>";"avoir";"-";"-";"+";"des";"+";"-";"  yeux";"pour";"<E>";"-";"  voir";"§a§des yeux pour voir "
