"<ID>";"<ENT>Det0";"<ENT>C0";"Ppv =: se figé";"Ppv =: en figé";"Ppv =: y figé";"Ppv =: me figé";"Ppv =: te figé";"Ppv =: vous figé";"Ppv =: Neg";"<ENT>Ppv";"<ENT>V";"<ENT>Prép1";"<ENT>Det1";"<ENT>C1";"N1 =: Nhum";"N1 =: N-hum";"<ENT>Prép2";"N2 =: Nhum";"N2 =: N-hum";"N2 =: ce Qu Pind";"N2 =: ce Qu Psubj";"N2 =: V1-inf W";"N2 =: si P";"Exemple"
"1";"<E>";"il";"+";"-";"-";"-";"-";"-";"-";"s'";"agir";"pour";"<E>";"<E>";"+";"-";"de";"+";"+";"-";"+";"+";"-";"Il s'agit pour Max qu'on le laisse parler"
"2";"<E>";"je";"-";"-";"-";"-";"-";"-";"-";"<E>";"ai fait quoi ?";"à";"le bon";"Dieu";"-";"-";"pour";"-";"-";"-";"+";"+";"-";"j'§ai fait quoi§?au bon Dieu pour "
"3";"<E>";"je";"-";"-";"-";"-";"-";"-";"-";"<E>";"aime";"<E>";"autant te";"dire";"-";"-";"<E>";"-";"-";"+";"-";"-";"-";"j'§aime§autant te dire "
"4";"<E>";"je";"-";"-";"-";"-";"-";"-";"-";"<E>";"aime";"<E>";"autant vous";"dire";"-";"-";"<E>";"-";"-";"+";"-";"-";"-";"j'§aime§autant vous dire "
"5";"<E>";"cela";"-";"-";"-";"-";"-";"-";"-";"<E>";"aller";"jusqu'à";"<E>";"<E>";"-";"-";"<E>";"-";"-";"-";"-";"+";"-";"cela§aller§jusqu'à "
"6";"<E>";"il";"-";"-";"+";"-";"-";"-";"-";"y";"aller";"de";"le";"honneur de Nhum";"-";"-";"<E>";"-";"-";"-";"+";"-";"-";"il§y aller§de l'honneur de Nhum "
"7";"<E>";"il";"-";"-";"+";"-";"-";"-";"-";"y";"aller";"de";"la";"réputation de Nhum";"-";"-";"<E>";"-";"-";"-";"+";"-";"-";"il§y aller§de la réputation de Nhum "
"8";"<E>";"il";"-";"-";"-";"-";"-";"-";"-";"<E>";"apparaître";"à";"<E>";"<E>";"+";"-";"<E>";"-";"+";"+";"-";"-";"-";"Il apparaît à Paul que Marie s'est trompée"
"9";"<E>";"ça";"+";"-";"-";"-";"-";"-";"-";"s'";"appeler";"<E>";"<E>";"<E>";"-";"-";"<E>";"+";"+";"-";"-";"+";"-";"ça§s'appeler§"
"10";"<E>";"il";"-";"-";"-";"-";"-";"-";"-";"<E>";"appert";"<E>";"<E>";"<E>";"-";"-";"<E>";"-";"-";"+";"-";"-";"-";"il§appert§"
"11";"<E>";"ça";"-";"-";"-";"-";"-";"-";"-";"<E>";"apprendre";"à";"<E>";"<E>";"+";"-";"à";"-";"-";"-";"-";"+";"-";"ça§apprendre§à à "
"12";"la";"heure";"-";"-";"-";"-";"-";"-";"-";"<E>";"arriver";"pour";"<E>";"<E>";"+";"-";"<E>";"-";"-";"-";"+";"+";"-";"l'heure§arriver§pour "
"13";"le";"moment";"-";"-";"-";"-";"-";"-";"-";"<E>";"arriver";"pour";"<E>";"<E>";"+";"-";"<E>";"-";"-";"-";"+";"+";"-";"le moment§arriver§pour "
"14";"le";"temps";"-";"-";"-";"-";"-";"-";"-";"<E>";"arriver";"pour";"<E>";"<E>";"+";"-";"<E>";"-";"-";"-";"+";"+";"-";"le temps§arriver§pour "
"15";"le";"tour";"-";"-";"-";"-";"-";"-";"-";"<E>";"arriver";"pour";"<E>";"<E>";"+";"-";"<E>";"-";"-";"-";"+";"+";"-";"le tour§arriver§pour "
"16";"<E>";"qui";"-";"-";"-";"-";"-";"-";"-";"<E>";"aurait";"<E>";"<E>";"dit ?";"-";"-";"<E>";"-";"+";"+";"-";"-";"-";"qui§aurait§dit ? "
"17";"<E>";"il";"+";"-";"-";"-";"-";"-";"-";"s'";"avérer";"à";"<E>";"<E>";"+";"-";"<E>";"-";"+";"+";"-";"-";"-";"Il s'est avéré (E+à Luc) que Max s'était trompé"
"18";"<E>";"mieux";"-";"-";"-";"-";"-";"-";"-";"<E>";"avoir paru";"à";"<E>";"<E>";"+";"-";"<E>";"-";"-";"-";"+";"+";"-";"mieux§a paru§à "
"19";"<E>";"on";"-";"-";"-";"-";"-";"-";"+";"n'";"avoir pas";"<E>";"<E>";"idée";"-";"-";"<E>";"-";"-";"-";"-";"+";"-";"on§n'a pas§idée"
"20";"<E>";"mieux";"-";"-";"-";"-";"-";"-";"-";"<E>";"avoir semblé";"à";"<E>";"<E>";"+";"-";"<E>";"-";"-";"-";"+";"+";"-";"mieux§a semblé§à "
"21";"<E>";"je";"-";"-";"-";"-";"+";"-";"-";"t'";"avoue";"<E>";"<E>";"<E>";"-";"-";"<E>";"-";"+";"+";"-";"+";"-";"je§t'avoue§"
"22";"<E>";"je";"-";"-";"-";"-";"-";"+";"-";"vous";"avoue";"<E>";"<E>";"<E>";"-";"-";"<E>";"-";"+";"+";"-";"+";"-";"je§vous avoue§"
"23";"le";"ciel";"-";"-";"-";"-";"-";"-";"-";"<E>";"bénisse";"<E>";"<E>";"<E>";"+";"-";"de";"-";"+";"-";"+";"+";"-";"le ciel§bénisse§de "
"24";"le bon";"Dieu";"-";"-";"-";"-";"-";"-";"-";"<E>";"bénisse";"<E>";"<E>";"<E>";"+";"-";"de";"-";"+";"-";"+";"+";"-";"le bon Dieu§bénisse§de "
"25";"<E>";"Dieu";"-";"-";"-";"-";"-";"-";"-";"<E>";"bénisse";"<E>";"<E>";"<E>";"+";"-";"de";"-";"+";"-";"+";"+";"-";"Dieu§bénisse§de "
"26";"le";"Seigneur";"-";"-";"-";"-";"-";"-";"-";"<E>";"bénisse";"<E>";"<E>";"<E>";"+";"-";"de";"-";"+";"-";"+";"+";"-";"le Seigneur§bénisse§de "
"27";"les";"oreilles de Nhum";"-";"-";"-";"-";"-";"-";"-";"<E>";"bourdonner";"<E>";"<E>";"<E>";"-";"-";"de";"-";"+";"+";"-";"+";"-";"les oreilles de Nhum§bourdonner§de "
"28";"les";"tympans de Nhum";"-";"-";"-";"-";"-";"-";"-";"<E>";"bourdonner";"<E>";"<E>";"<E>";"-";"-";"de";"-";"+";"+";"-";"+";"-";"les tympans de Nhum§bourdonner§de "
"29";"les";"oreilles de Nhum";"-";"-";"-";"-";"-";"-";"-";"<E>";"bruisser";"<E>";"<E>";"<E>";"-";"-";"de";"-";"+";"+";"-";"+";"-";"les oreilles de Nhum§bruisser§de "
"30";"les";"tympans de Nhum";"-";"-";"-";"-";"-";"-";"-";"<E>";"bruisser";"<E>";"<E>";"<E>";"-";"-";"de";"-";"+";"+";"-";"+";"-";"les tympans de Nhum§bruisser§de "
"31";"les";"doigts";"-";"-";"-";"-";"-";"-";"-";"<E>";"brûler";"à";"<E>";"<E>";"+";"-";"de";"-";"-";"+";"+";"+";"-";"les doigts§brûler§à de "
"32";"la";"langue";"-";"-";"-";"-";"-";"-";"-";"<E>";"brûler";"à";"<E>";"<E>";"+";"-";"de";"-";"-";"-";"+";"+";"-";"la langue§brûler§à de "
"33";"les";"mains";"-";"-";"-";"-";"-";"-";"-";"<E>";"brûler";"à";"<E>";"<E>";"+";"-";"de";"-";"-";"+";"+";"+";"-";"les mains§brûler§à de "
"34";"<E>";"je";"-";"-";"-";"-";"-";"-";"+";"ne";"cacher pas";"à";"<E>";"<E>";"-";"+";"<E>";"+";"-";"-";"-";"-";"-";"je§ne cacher pas§à "
"35";"<E>";"peu";"-";"-";"-";"-";"-";"-";"-";"<E>";"chaud";"à";"<E>";"<E>";"+";"-";"<E>";"-";"-";"-";"+";"+";"+";"peu§chaud§à "
"36";"la";"prudence";"-";"-";"-";"-";"-";"-";"-";"<E>";"commander";"à";"<E>";"<E>";"+";"-";"<E>";"-";"-";"-";"+";"+";"-";"la prudence§commander§à "
"37";"le";"usage";"-";"-";"-";"-";"-";"-";"-";"<E>";"consacrer";"<E>";"<E>";"<E>";"-";"-";"<E>";"-";"+";"+";"-";"-";"-";"l'usage§consacrer§"
"38";"les";"oreilles";"-";"-";"-";"-";"-";"-";"-";"<E>";"corner";"à";"<E>";"<E>";"+";"-";"de";"-";"-";"-";"-";"+";"-";"les oreilles§corner§à de "
"39";"<E>";"il";"-";"+";"-";"-";"-";"-";"-";"en";"coûter à N1";"<E>";"<E>";"cher";"-";"-";"pour";"-";"-";"-";"+";"+";"-";"il§en coûter à N1§cher pour "
"40";"<E>";"il";"-";"+";"-";"-";"-";"-";"-";"en";"coûter à N1";"<E>";"une";"fortune";"-";"-";"pour";"-";"-";"-";"+";"+";"-";"il§en coûter à N1§une fortune pour "
"41";"<E>";"il";"-";"+";"-";"-";"-";"-";"-";"en";"cuire";"à";"<E>";"<E>";"+";"-";"<E>";"-";"-";"-";"+";"+";"-";"il§en cuire§à "
"42";"<E>";"Dieu";"-";"-";"-";"-";"-";"-";"-";"<E>";"damne";"<E>";"<E>";"<E>";"+";"-";"<E>";"-";"-";"-";"-";"-";"+";"Dieu§damne§"
"43";"la";"tradition";"-";"-";"-";"-";"-";"-";"-";"<E>";"demander";"<E>";"<E>";"<E>";"-";"-";"à";"-";"+";"-";"+";"-";"-";"la tradition§demander§à "
"44";"la";"tradition";"-";"-";"-";"-";"-";"-";"-";"<E>";"demander";"pour";"<E>";"<E>";"+";"-";"<E>";"-";"+";"-";"+";"+";"-";"la tradition§demander§pour "
"45";"les";"doigts";"-";"-";"-";"-";"-";"-";"-";"<E>";"démanger";"à";"<E>";"<E>";"+";"-";"de";"-";"-";"+";"+";"+";"-";"les doigts§démanger§à de "
"46";"la";"langue";"-";"-";"-";"-";"-";"-";"-";"<E>";"démanger";"à";"<E>";"<E>";"+";"-";"de";"-";"-";"-";"+";"+";"-";"la langue§démanger§à de "
"47";"les";"mains";"-";"-";"-";"-";"-";"-";"-";"<E>";"démanger";"à";"<E>";"<E>";"+";"-";"de";"-";"-";"+";"+";"+";"-";"les mains§démanger§à de "
"48";"les";"poings";"-";"-";"-";"-";"-";"-";"-";"<E>";"démanger";"à";"<E>";"<E>";"+";"-";"de";"-";"-";"+";"+";"+";"-";"les poings§démanger§à de "
"49";"les";"faits";"-";"-";"-";"-";"-";"-";"-";"<E>";"démentir";"<E>";"<E>";"<E>";"-";"-";"<E>";"-";"-";"+";"-";"-";"-";"les faits§démentir§"
"50";"<E>";"cela";"-";"-";"-";"-";"-";"-";"-";"<E>";"déranger ?";"<E>";"<E>";"<E>";"+";"-";"<E>";"-";"-";"-";"+";"+";"+";"cela§déranger§?"
"51";"<E>";"cela";"-";"-";"-";"-";"-";"-";"+";"ne";"déranger pas ?";"<E>";"<E>";"<E>";"+";"-";"<E>";"-";"-";"-";"+";"+";"+";"cela§ne déranger pas§?"
"52";"la";"enquête";"-";"-";"-";"-";"-";"-";"-";"<E>";"déterminer";"<E>";"<E>";"<E>";"-";"-";"<E>";"-";"-";"-";"+";"-";"+";"l'enquête§déterminer§"
"53";"la";"conscience de N1";"-";"-";"-";"-";"-";"-";"-";"<E>";"dicter";"à";"<E>";"<E>";"+";"-";"<E>";"-";"-";"-";"+";"+";"-";"la conscience de N1§dicter§à "
"54";"la";"expérience";"-";"-";"-";"-";"-";"-";"-";"<E>";"dicter";"à";"<E>";"<E>";"+";"-";"<E>";"-";"-";"-";"+";"+";"-";"l'expérience§dicter§à "
"55";"le bon";"sens  de N1";"-";"-";"-";"-";"-";"-";"-";"<E>";"dicter";"à";"<E>";"<E>";"+";"-";"<E>";"-";"-";"-";"+";"+";"-";"le bon sens de N1§dicter§à "
"56";"le";"avenir";"-";"-";"-";"-";"-";"-";"-";"<E>";"dira";"à";"<E>";"<E>";"+";"-";"<E>";"-";"-";"-";"-";"-";"+";"l'avenir§dira§à "
"57";"le";"temps";"-";"-";"-";"-";"-";"-";"-";"<E>";"dira";"à";"<E>";"<E>";"+";"-";"<E>";"-";"-";"-";"-";"-";"+";"le temps§dira§à "
"58";"<E>";"on";"-";"-";"-";"-";"-";"-";"-";"<E>";"dirait";"<E>";"<E>";"<E>";"-";"-";"<E>";"-";"-";"+";"-";"-";"-";"on§dirait§"
"59";"comme";"qui";"-";"-";"-";"-";"-";"-";"-";"<E>";"dirait";"<E>";"<E>";"<E>";"-";"-";"<E>";"-";"-";"+";"-";"-";"-";"comme qui§dirait§"
"60";"<E>";"qui";"-";"-";"-";"-";"-";"-";"-";"<E>";"dirait ?";"<E>";"<E>";"<E>";"-";"-";"<E>";"-";"-";"+";"-";"-";"-";"qui§dirait§?"
"61";"<E>";"on";"-";"-";"-";"-";"-";"-";"+";"ne";"dirait pas";"<E>";"<E>";"<E>";"-";"-";"<E>";"-";"-";"+";"-";"-";"-";"on§ne dirait pas§"
"62";"le";"coeur";"-";"-";"-";"-";"-";"-";"-";"<E>";"dire";"à";"<E>";"<E>";"+";"-";"<E>";"-";"-";"-";"-";"+";"-";"le coeur§dire§à "
"63";"<E>";"quelque chose";"-";"-";"-";"-";"-";"-";"-";"<E>";"dire";"à";"<E>";"<E>";"+";"-";"<E>";"-";"-";"+";"-";"-";"-";"quelque chose§dire§à "
"64";"<E>";"rien";"-";"-";"-";"-";"-";"-";"+";"ne";"dire";"à";"<E>";"<E>";"+";"-";"<E>";"-";"-";"+";"-";"-";"-";"rien§ne dire§à "
"65";"la";"histoire";"-";"-";"-";"-";"-";"-";"+";"ne";"dire pas";"<E>";"<E>";"<E>";"-";"-";"<E>";"-";"-";"+";"-";"-";"+";"l'histoire§ne dire pas§"
"66";"<E>";"qui";"-";"-";"-";"-";"-";"-";"-";"<E>";"dit";"à";"<E>";"<E>";"+";"-";"<E>";"-";"-";"+";"-";"-";"-";"qui§dit§à "
"67";"<E>";"je";"-";"-";"-";"-";"-";"-";"-";"<E>";"dois";"<E>";"<E>";"dire";"-";"-";"<E>";"-";"-";"+";"-";"-";"-";"je§dois§dire "
"68";"<E>";"tout";"-";"-";"-";"-";"-";"-";"-";"<E>";"donner";"à";"<E>";"croire";"-";"-";"<E>";"-";"+";"+";"-";"-";"-";"tout§donner§à croire "
"69";"<E>";"tout";"-";"-";"-";"-";"-";"-";"-";"<E>";"donner";"à";"<E>";"indiquer";"-";"-";"<E>";"-";"+";"+";"-";"-";"-";"tout§donner§à indiquer "
"70";"<E>";"tout";"-";"-";"-";"-";"-";"-";"-";"<E>";"donner";"à";"<E>";"penser";"-";"-";"<E>";"-";"+";"+";"-";"-";"-";"tout§donner§à penser "
"71";"Det";"idée";"-";"-";"-";"-";"-";"-";"-";"<E>";"effleurer";"<E>";"<E>";"<E>";"+";"-";"<E>";"-";"-";"+";"-";"+";"-";"un idée§effleurer§"
"72";"le";"ciel";"+";"-";"-";"-";"-";"-";"-";"s'";"effondrerait";"sur";"<E>";"<E>";"+";"-";"<E>";"-";"-";"+";"-";"-";"-";"le ciel§s'effondrerait§sur "
"73";"Det";"voix";"+";"-";"-";"-";"-";"-";"-";"s'";"élever";"Loc";"<E>";"<E>";"+";"+";"pour";"-";"-";"-";"-";"+";"-";"un voix§s'élever§Loc pour "
"74";"<E>";"il";"-";"-";"-";"-";"-";"-";"+";"n'";"empêcher";"<E>";"<E>";"<E>";"-";"-";"<E>";"-";"-";"+";"-";"-";"-";"(E+Il) n'empêche que Max est un con"
"75";"<E>";"rien";"-";"-";"-";"-";"-";"-";"+";"n'";"empêcher";"<E>";"<E>";"<E>";"-";"-";"<E>";"-";"-";"+";"-";"-";"-";"rien§n'empêcher§"
"76";"le";"Diable";"-";"-";"-";"-";"-";"-";"-";"<E>";"emporte";"<E>";"<E>";"<E>";"+";"-";"<E>";"-";"-";"-";"-";"-";"+";"le Diable§emporte§"
"77";"<E>";"il";"-";"-";"-";"-";"-";"-";"-";"<E>";"est";"<E>";"<E>";"dit";"-";"-";"<E>";"-";"-";"+";"-";"-";"-";"il§est§dit "
"78";"si";"ce";"-";"-";"-";"-";"-";"-";"+";"n'";"est pas";"<E>";"<E>";"malheureux !";"-";"-";"<E>";"-";"-";"-";"+";"+";"-";"si ce§n'est pas§malheureux! "
"79";"<E>";"il";"-";"-";"-";"-";"-";"-";"+";"n'";"est pas";"<E>";"<E>";"dit";"-";"-";"<E>";"-";"-";"+";"-";"-";"-";"il§n'est pas§dit "
"80";"<E>";"toujours";"-";"-";"-";"-";"-";"-";"-";"<E>";"est-il";"<E>";"<E>";"<E>";"-";"-";"<E>";"-";"-";"+";"-";"-";"-";"toujours§est-il§"
"81";"<E>";"il";"-";"-";"-";"-";"-";"-";"-";"<E>";"était";"<E>";"<E>";"temps";"-";"-";"<E>";"-";"-";"-";"+";"-";"-";"il§était§temps "
"82";"<E>";"il";"-";"-";"-";"-";"-";"-";"-";"<E>";"était";"<E>";"moins";"une";"-";"-";"<E>";"-";"-";"-";"+";"-";"-";"il§était§moins une "
"83";"le";"ciel";"-";"-";"-";"-";"-";"-";"-";"<E>";"être";"<E>";"<E>";"témoin à Nhum";"-";"-";"de";"-";"+";"+";"-";"-";"-";"le ciel§est§témoin à Nhum de "
"84";"le bon";"Dieu";"-";"-";"-";"-";"-";"-";"-";"<E>";"être";"<E>";"<E>";"témoin à Nhum";"-";"-";"de";"-";"+";"+";"-";"-";"-";"le bon Dieu§est§témoin à Nhum de "
"85";"<E>";"Dieu";"-";"-";"-";"-";"-";"-";"-";"<E>";"être";"<E>";"<E>";"témoin à Nhum";"-";"-";"de";"-";"+";"+";"-";"-";"-";"Dieu§est§témoin à Nhum de "
"86";"le";"Seigneur";"-";"-";"-";"-";"-";"-";"-";"<E>";"être";"<E>";"<E>";"témoin à Nhum";"-";"-";"de";"-";"+";"+";"-";"-";"-";"le Seigneur§est§témoin à Nhum de "
"87";"<E>";"ce";"-";"+";"-";"-";"-";"-";"-";"en";"être";"<E>";"<E>";"assez";"-";"-";"de";"-";"+";"-";"+";"+";"-";"c'§en est§assez de "
"88";"<E>";"ce";"-";"-";"-";"-";"-";"-";"-";"<E>";"être";"<E>";"tout";"comme";"-";"-";"<E>";"-";"-";"-";"-";"-";"+";"c'§est§tout comme "
"89";"<E>";"ce";"-";"-";"-";"-";"-";"-";"-";"<E>";"être";"<E>";"<E>";"dire";"-";"-";"<E>";"-";"-";"-";"-";"-";"+";"c'§est§dire "
"90";"<E>";"ce";"-";"-";"-";"-";"-";"-";"-";"<E>";"être";"<E>";"tant";"mieux";"-";"-";"<E>";"-";"-";"-";"-";"-";"+";"c'§est§tant mieux "
"91";"<E>";"ce";"-";"-";"-";"-";"-";"-";"-";"<E>";"être";"à";"<E>";"peine";"-";"-";"<E>";"-";"-";"-";"-";"-";"+";"c'§est§à peine "
"92";"<E>";"ce";"-";"-";"-";"-";"-";"-";"-";"<E>";"être";"<E>";"tant";"pis";"-";"-";"<E>";"-";"-";"-";"-";"-";"+";"c'§est§tant pis "
"93";"<E>";"ce";"-";"+";"-";"-";"-";"-";"-";"en";"être";"<E>";"<E>";"trop";"-";"-";"de";"-";"+";"-";"+";"+";"-";"c'§en est§trop de "
"94";"la";"chose";"-";"-";"-";"-";"-";"-";"-";"<E>";"être";"<E>";"<E>";"<E>";"-";"-";"<E>";"-";"-";"+";"-";"-";"-";"la chose§est§"
"95";"le";"fait";"-";"-";"-";"-";"-";"-";"-";"<E>";"être";"<E>";"<E>";"<E>";"-";"-";"<E>";"-";"-";"+";"-";"-";"-";"le fait§est§"
"96";"<E>";"force";"-";"-";"-";"-";"-";"-";"-";"<E>";"être";"à";"<E>";"<E>";"+";"-";"de";"-";"-";"-";"-";"+";"-";"force§est§à de "
"97";"le plus";"fort";"-";"-";"-";"-";"-";"-";"-";"<E>";"être";"<E>";"<E>";"<E>";"-";"-";"<E>";"-";"-";"+";"-";"-";"-";"le plus fort§est§"
"98";"la";"heure";"-";"-";"-";"-";"-";"-";"-";"<E>";"être";"pour";"<E>";"<E>";"+";"-";"à";"-";"-";"-";"-";"+";"-";"l'heure§est§pour à "
"99";"<E>";"il";"-";"-";"-";"-";"-";"-";"+";"n'";"être";"de";"<E>";"Ntps";"-";"-";"<E>";"-";"-";"-";"+";"-";"-";"il§n'est§de Ntps "
"100";"<E>";"il";"-";"-";"-";"-";"-";"-";"-";"<E>";"être";"jusqu'à";"<E>";"<E>";"+";"+";"qui";"-";"-";"-";"-";"+";"-";"il§est§jusqu'à qui "
"101";"<E>";"il";"-";"-";"-";"-";"-";"-";"-";"<E>";"être";"<E>";"<E>";"besoin pour Nhum";"-";"-";"de";"-";"-";"-";"+";"+";"-";"il§est§besoin pour Nhum de "
"102";"<E>";"il";"-";"-";"-";"-";"-";"-";"+";"n'";"être";"<E>";"<E>";"besoin pour Nhum";"-";"-";"de";"-";"+";"-";"+";"+";"-";"il§n'est§besoin pour Nhum de "
"103";"<E>";"il";"-";"-";"-";"-";"-";"-";"-";"<E>";"être";"<E>";"<E>";"bruit";"-";"-";"<E>";"-";"-";"-";"+";"-";"-";"il§est§bruit "
"104";"<E>";"il";"-";"-";"-";"-";"-";"-";"-";"<E>";"être";"<E>";"<E>";"dit";"-";"-";"<E>";"-";"-";"+";"-";"-";"-";"il§est§dit "
"105";"<E>";"il";"-";"-";"-";"-";"-";"-";"-";"<E>";"être";"de";"<E>";"fait";"-";"-";"<E>";"-";"-";"+";"-";"-";"-";"il§est§de fait "
"106";"<E>";"il";"-";"-";"-";"-";"-";"-";"-";"<E>";"être";"<E>";"la";"heure";"-";"-";"<E>";"-";"-";"-";"+";"+";"-";"il§est§l'heure "
"107";"<E>";"il";"-";"-";"-";"-";"-";"-";"-";"<E>";"être";"<E>";"la";"heure pour Nhum";"-";"-";"<E>";"-";"-";"-";"+";"+";"-";"il§est§l'heure pour Nhum "
"108";"<E>";"il";"-";"-";"-";"-";"-";"-";"+";"n'";"être";"de";"<E>";"jour";"-";"-";"<E>";"-";"-";"-";"+";"-";"-";"il§n'est§de jour "
"109";"<E>";"il";"-";"-";"-";"-";"-";"-";"-";"<E>";"être";"<E>";"<E>";"question";"-";"-";"de";"+";"+";"-";"+";"+";"-";"il§est§question de "
"110";"<E>";"il";"-";"-";"-";"-";"-";"-";"-";"<E>";"être";"<E>";"grand";"temps";"-";"-";"<E>";"-";"-";"-";"+";"+";"-";"il§est§grand temps "
"111";"<E>";"il";"-";"-";"-";"-";"-";"-";"-";"<E>";"être";"plus";"que";"temps";"-";"-";"<E>";"-";"-";"-";"+";"+";"-";"il§est§plus que temps "
"112";"<E>";"il";"-";"-";"-";"-";"-";"-";"-";"<E>";"être";"<E>";"<E>";"temps pour Nhum";"-";"-";"<E>";"-";"-";"-";"+";"+";"-";"il§est§temps pour Nhum "
"113";"<E>";"il";"-";"-";"-";"-";"-";"-";"-";"<E>";"être";"<E>";"grand";"temps pour Nhum";"-";"-";"<E>";"-";"-";"-";"+";"+";"-";"il§est§grand temps pour Nhum "
"114";"<E>";"il";"-";"-";"-";"-";"-";"-";"-";"<E>";"être";"<E>";"trop";"tôt";"-";"-";"pour dire";"-";"-";"+";"-";"-";"+";"il§est§trop tôt pour dire "
"115";"<E>";"il";"-";"-";"-";"-";"-";"-";"-";"<E>";"être";"encore";"trop";"tôt";"-";"-";"pour";"-";"-";"-";"+";"+";"-";"il§est§encore trop tôt pour "
"116";"le";"mieux";"-";"-";"-";"-";"-";"-";"-";"<E>";"être";"pour";"<E>";"<E>";"+";"-";"<E>";"-";"-";"-";"+";"+";"-";"le mieux§est§pour "
"117";"le";"mieux";"-";"-";"-";"-";"-";"-";"-";"<E>";"être";"pour";"<E>";"<E>";"+";"-";"<E>";"-";"-";"-";"+";"+";"+";"le mieux§est§pour "
"118";"le";"pire";"-";"-";"-";"-";"-";"-";"-";"<E>";"être";"pour";"<E>";"<E>";"+";"-";"<E>";"-";"-";"-";"+";"+";"-";"le pire§est§pour "
"119";"le";"pire";"-";"-";"-";"-";"-";"-";"-";"<E>";"être";"pour";"<E>";"<E>";"+";"-";"<E>";"-";"-";"-";"+";"+";"+";"le pire§est§pour "
"120";"le";"plus Adj";"-";"-";"-";"-";"-";"-";"-";"<E>";"être";"pour";"<E>";"<E>";"+";"-";"<E>";"-";"-";"-";"+";"+";"-";"le plus Adj§est§pour "
"121";"le";"plus Adj";"-";"-";"-";"-";"-";"-";"-";"<E>";"être";"pour";"<E>";"<E>";"+";"-";"<E>";"-";"-";"-";"+";"+";"+";"le plus Adj§est§pour "
"122";"le";"plus simple";"-";"-";"-";"-";"-";"-";"-";"<E>";"être";"pour";"<E>";"<E>";"+";"-";"<E>";"-";"-";"-";"+";"+";"-";"le plus simple§est§pour "
"123";"<E>";"point";"-";"-";"-";"-";"-";"-";"+";"n'";"être";"<E>";"<E>";"besoin pour Nhum";"-";"-";"de";"-";"+";"-";"+";"+";"-";"point§n'est§besoin pour Nhum de "
"124";"<E>";"rien";"-";"-";"-";"-";"-";"-";"+";"n'";"être";"<E>";"moins";"certain";"-";"-";"<E>";"-";"-";"-";"+";"-";"-";"rien§n'est§moins certain "
"125";"<E>";"rien";"-";"-";"-";"-";"-";"-";"+";"n'";"être";"<E>";"moins";"sûr";"-";"-";"<E>";"-";"-";"-";"+";"-";"-";"rien§n'est§moins sûr "
"126";"le";"temps";"-";"-";"-";"-";"-";"-";"-";"<E>";"être";"<E>";"<E>";"loin";"-";"-";"où";"-";"-";"+";"-";"-";"-";"le temps§est§loin où "
"127";"le";"tout";"-";"-";"-";"-";"-";"-";"-";"<E>";"être";"pour";"<E>";"<E>";"+";"-";"de";"-";"-";"-";"+";"+";"-";"le tout§est§pour de "
"128";"<E>";"tout";"-";"-";"-";"-";"-";"-";"-";"<E>";"être";"<E>";"<E>";"occasion à Nhum";"-";"-";"pour";"-";"+";"-";"+";"+";"-";"tout§est§occasion à Nhum pour "
"129";"<E>";"tout";"-";"-";"-";"-";"-";"-";"-";"<E>";"être";"en";"<E>";"oeuvre";"-";"-";"pour";"-";"-";"-";"+";"+";"-";"tout§est§en oeuvre pour "
"130";"<E>";"tout";"-";"-";"-";"-";"-";"-";"-";"<E>";"être";"<E>";"<E>";"prétexte à Nhum";"-";"-";"pour";"-";"+";"-";"+";"+";"-";"tout§est§prétexte à Nhum pour "
"131";"la";"oreille de Nhum";"-";"-";"-";"-";"-";"-";"-";"<E>";"être attentive";"<E>";"<E>";"<E>";"-";"-";"à";"-";"+";"-";"+";"-";"-";"l'oreille de Nhum§est attentive§à "
"132";"<E>";"ce";"-";"-";"-";"-";"-";"-";"-";"<E>";"être bien";"<E>";"le";"Diable";"-";"-";"<E>";"-";"-";"-";"-";"-";"+";"c'§est bien§le Diable "
"133";"<E>";"il";"-";"-";"-";"-";"-";"-";"-";"<E>";"être bon";"pour";"<E>";"<E>";"+";"-";"<E>";"-";"-";"-";"+";"+";"-";"il§est bon§pour "
"134";"<E>";"tout";"-";"-";"-";"-";"-";"-";"-";"<E>";"être bon";"à";"<E>";"<E>";"+";"-";"pour";"-";"-";"-";"+";"+";"-";"tout§est bon§à pour "
"135";"les";"chances";"-";"-";"-";"-";"-";"-";"-";"<E>";"être bonnes";"<E>";"<E>";"<E>";"-";"-";"pour";"-";"-";"-";"+";"-";"-";"les chances§est bonnes§pour "
"136";"tous les";"moyens";"-";"-";"-";"-";"-";"-";"-";"<E>";"être bons";"à";"<E>";"<E>";"+";"-";"pour";"-";"-";"-";"+";"+";"-";"tous les moyens§est bons§à pour "
"137";"tous les";"prétextes";"-";"-";"-";"-";"-";"-";"-";"<E>";"être bons";"à";"<E>";"<E>";"+";"-";"pour";"-";"-";"-";"+";"+";"-";"tous les prétextes§est bons§à pour "
"138";"la";"oreille de Nhum";"-";"-";"-";"-";"-";"-";"-";"<E>";"être complaisante";"<E>";"<E>";"<E>";"-";"-";"à";"-";"+";"-";"+";"-";"-";"l'oreille de Nhum§est complaisante§à "
"139";"<E>";"lecture";"-";"-";"-";"-";"-";"-";"-";"<E>";"être faite";"à";"<E>";"<E>";"+";"-";"de";"-";"+";"+";"-";"-";"-";"lecture§est faite§à de "
"140";"<E>";"il";"-";"-";"-";"-";"-";"-";"-";"<E>";"être faux";"de";"<E>";"croire";"-";"-";"<E>";"-";"+";"+";"-";"-";"-";"il§est faux§de croire "
"141";"la";"tentation";"-";"-";"-";"-";"-";"-";"-";"<E>";"être forte";"pour";"<E>";"<E>";"+";"-";"<E>";"-";"-";"-";"-";"+";"-";"la tentation§est forte§pour "
"142";"la";"tentation";"-";"-";"-";"-";"-";"-";"-";"<E>";"être grande";"pour";"<E>";"<E>";"+";"-";"de";"-";"-";"-";"-";"+";"-";"la tentation§est grande§pour de "
"143";"<E>";"ce";"-";"-";"-";"-";"-";"-";"+";"n'";"être pas";"<E>";"un";"hasard";"-";"-";"<E>";"-";"-";"-";"-";"-";"+";"ce§n'est pas§un hasard "
"144";"<E>";"il";"-";"+";"-";"-";"-";"-";"+";"n'en";"être pas";"<E>";"moins";"Adj";"-";"-";"<E>";"-";"-";"+";"-";"-";"-";"il§n'en est pas§moins Adj "
"145";"<E>";"il";"-";"-";"-";"-";"-";"-";"+";"n'";"être pas";"jusqu'à";"<E>";"<E>";"+";"-";"qui";"-";"-";"-";"+";"-";"-";"il§n'est pas§jusqu'à qui "
"146";"<E>";"il";"-";"-";"-";"-";"-";"-";"+";"n'";"être pas";"<E>";"<E>";"dit";"-";"-";"<E>";"-";"-";"+";"-";"-";"-";"il§n'est pas§dit "
"147";"<E>";"il";"-";"-";"-";"-";"-";"-";"+";"n'";"être pas";"<E>";"<E>";"interdit de penser";"-";"-";"<E>";"-";"-";"+";"-";"-";"-";"il§n'est pas§interdit de penser "
"148";"<E>";"il";"-";"-";"-";"-";"-";"-";"-";"<E>";"être permis";"de";"<E>";"croire";"-";"-";"<E>";"-";"+";"+";"-";"-";"-";"il§est permis§de croire "
"149";"<E>";"il";"-";"-";"-";"-";"-";"-";"-";"<E>";"être permis";"de";"<E>";"douter";"-";"-";"de";"-";"+";"+";"-";"-";"-";"il§est permis§de douter de "
"150";"<E>";"il";"-";"-";"-";"-";"-";"-";"-";"<E>";"être permis";"de";"<E>";"penser";"-";"-";"<E>";"-";"+";"+";"-";"-";"-";"il§est permis§de penser "
"151";"le";"temps";"-";"-";"-";"-";"-";"-";"+";"n'";"être plus";"<E>";"<E>";"<E>";"-";"-";"où";"-";"-";"+";"-";"-";"-";"le temps§n'est plus§où "
"152";"<E>";"il";"-";"-";"-";"-";"-";"-";"-";"<E>";"être prévu";"pour";"<E>";"<E>";"+";"-";"<E>";"-";"+";"-";"+";"+";"-";"il§est prévu§pour "
"153";"<E>";"il";"-";"-";"-";"-";"-";"-";"+";"n'";"être que";"à";"<E>";"voir N";"-";"-";"pour";"-";"-";"-";"+";"+";"-";"il§n'est que§à voir N pour "
"154";"<E>";"il";"-";"-";"-";"-";"-";"-";"+";"n'";"être que";"de";"<E>";"voir N";"-";"-";"pour";"-";"-";"-";"+";"+";"-";"il§n'est que§de voir N pour "
"155";"<E>";"il";"-";"-";"-";"-";"-";"-";"-";"<E>";"être question";"pour";"<E>";"<E>";"+";"+";"de";"+";"+";"-";"+";"+";"-";"Il est question pour Paul de se présenter aux élections"
"156";"<E>";"comment";"-";"-";"-";"-";"-";"-";"-";"<E>";"être-il";"<E>";"<E>";"possible ?";"-";"-";"<E>";"-";"-";"+";"-";"-";"-";"comment§est-il§possible ? "
"157";"la";"loi";"-";"-";"-";"-";"-";"-";"-";"<E>";"exiger";"pour";"<E>";"<E>";"+";"-";"<E>";"-";"+";"-";"+";"+";"-";"la loi§exiger§pour "
"158";"le";"règlement";"-";"-";"-";"-";"-";"-";"-";"<E>";"exiger";"pour";"<E>";"<E>";"+";"-";"<E>";"-";"+";"-";"+";"+";"-";"le règlement§exiger§pour "
"159";"la";"tradition";"-";"-";"-";"-";"-";"-";"-";"<E>";"exiger";"<E>";"<E>";"<E>";"-";"-";"<E>";"-";"+";"-";"+";"-";"-";"la tradition§exiger§"
"160";"la";"tradition";"-";"-";"-";"-";"-";"-";"-";"<E>";"exiger";"pour";"<E>";"<E>";"+";"-";"<E>";"-";"+";"-";"+";"+";"-";"la tradition§exiger§pour "
"161";"la";"tradition";"-";"-";"-";"-";"-";"-";"-";"<E>";"exiger";"pour";"<E>";"<E>";"+";"-";"<E>";"-";"+";"-";"+";"+";"-";"la tradition§exiger§pour "
"162";"le";"besoin";"+";"-";"-";"-";"-";"-";"-";"se";"faire";"<E>";"<E>";"sentir";"-";"-";"de";"-";"-";"-";"+";"+";"-";"le besoin§se fait§sentir de "
"163";"grand";"bien";"-";"-";"-";"-";"-";"-";"-";"<E>";"faire";"à";"<E>";"<E>";"+";"-";"de";"-";"-";"-";"+";"+";"+";"grand bien§fait§à de "
"164";"<E>";"ça";"-";"-";"-";"-";"-";"-";"-";"<E>";"faire";"<E>";"<E>";"<E>";"-";"-";"<E>";"-";"-";"+";"-";"-";"-";"ça§fait§"
"165";"<E>";"cela";"-";"-";"-";"-";"-";"-";"-";"<E>";"faire";"de cela";"Dnum";"Ntps";"-";"-";"<E>";"-";"-";"+";"-";"-";"-";"cela§fait§de cela Dnum Ntps "
"166";"<E>";"cela";"-";"-";"-";"-";"-";"-";"-";"<E>";"faire";"de cela";"des";"Ntps et des Ntps";"-";"-";"<E>";"-";"-";"+";"-";"-";"-";"cela§fait§de cela des Ntps et des Ntps "
"167";"<E>";"cela";"-";"-";"-";"-";"-";"-";"-";"<E>";"faire";"de cela";"dix";"ans";"-";"-";"<E>";"-";"-";"+";"-";"-";"-";"cela§fait§de cela dix ans "
"168";"<E>";"cela";"-";"-";"-";"-";"-";"-";"-";"<E>";"faire";"de cela";"un";"bail";"-";"-";"<E>";"-";"-";"+";"-";"-";"-";"cela§fait§de cela un bail "
"169";"<E>";"cela";"-";"-";"-";"-";"-";"-";"-";"<E>";"faire";"de cela";"une";"éternité";"-";"-";"<E>";"-";"-";"+";"-";"-";"-";"cela§fait§de cela une éternité "
"170";"<E>";"cela";"-";"-";"-";"-";"-";"-";"+";"ne";"faire";"<E>";"<E>";"loin de Ntps";"-";"-";"<E>";"-";"-";"+";"-";"-";"-";"cela§ne fait§loin de Ntps "
"171";"<E>";"cela";"-";"-";"-";"-";"-";"-";"-";"<E>";"faire";"de cela";"<E>";"longtemps";"-";"-";"<E>";"-";"-";"+";"-";"-";"-";"cela§fait§de cela longtemps "
"172";"<E>";"cela";"-";"-";"-";"-";"-";"-";"-";"<E>";"faire";"de cela";"des";"lunes";"-";"-";"<E>";"-";"-";"+";"-";"-";"-";"cela§fait§de cela des lunes "
"173";"<E>";"cela";"-";"-";"-";"-";"-";"-";"-";"<E>";"faire";"de cela";"belle";"lurette";"-";"-";"<E>";"-";"-";"+";"-";"-";"-";"cela§fait§de cela belle lurette "
"174";"<E>";"cela";"-";"-";"-";"-";"-";"-";"-";"<E>";"faire";"de cela";"des";"lustres";"-";"-";"<E>";"-";"-";"+";"-";"-";"-";"cela§fait§de cela des lustres "
"175";"<E>";"cela";"-";"-";"-";"-";"-";"-";"-";"<E>";"faire";"de cela";"une";"paille";"-";"-";"<E>";"-";"-";"+";"-";"-";"-";"cela§fait§de cela une paille "
"176";"<E>";"cela";"-";"-";"-";"-";"-";"-";"-";"<E>";"faire";"de cela";"une";"paye";"-";"-";"<E>";"-";"-";"+";"-";"-";"-";"cela§fait§de cela une paye "
"177";"<E>";"cela";"-";"-";"-";"-";"-";"-";"+";"ne";"faire";"<E>";"<E>";"rien";"-";"-";"<E>";"-";"-";"-";"-";"-";"-";"cela§ne fait§rien "
"178";"<E>";"cela";"-";"-";"-";"-";"-";"-";"-";"<E>";"faire";"de cela";"des";"siècles";"-";"-";"<E>";"-";"-";"+";"-";"-";"-";"cela§fait§de cela des siècles "
"179";" -";"cela";"-";"-";"-";"-";"-";"-";"-";"<E>";"faire";"de cela";"un certain";"temps";"-";"-";"<E>";"-";"-";"+";"-";"-";"-";" -cela§fait§de cela un certain temps "
"180";"<E>";"cela";"-";"-";"-";"-";"-";"-";"-";"<E>";"faire";"de cela";"beau";"temps";"-";"-";"<E>";"-";"-";"+";"-";"-";"-";"cela§fait§de cela beau temps "
"181";"<E>";"cela";"-";"-";"-";"-";"-";"-";"-";"<E>";"faire";"de cela";"pas mal de";"temps";"-";"-";"<E>";"-";"-";"+";"-";"-";"-";"cela§fait§de cela pas mal de temps "
"182";"<E>";"cela";"-";"-";"-";"-";"-";"-";"-";"<E>";"faire";"de cela";"quelque";"temps";"-";"-";"<E>";"-";"-";"+";"-";"-";"-";"cela§fait§de cela quelque temps "
"183";"<E>";"cela";"-";"-";"-";"-";"-";"-";"-";"<E>";"faire";"de cela";"un bout de";"temps";"-";"-";"<E>";"-";"-";"+";"-";"-";"-";"cela§fait§de cela un bout de temps "
"184";"<E>";"cela";"-";"-";"-";"-";"-";"-";"-";"<E>";"faire";"de cela";"un";"temps fou";"-";"-";"<E>";"-";"-";"+";"-";"-";"-";"cela§fait§de cela un temps fou "
"185";"les";"circonstances";"-";"-";"-";"-";"-";"-";"-";"<E>";"faire";"<E>";"<E>";"<E>";"-";"-";"<E>";"-";"-";"+";"-";"-";"-";"les circonstances§fait§"
"186";"le";"hasard";"-";"-";"-";"-";"-";"-";"-";"<E>";"faire";"<E>";"<E>";"<E>";"-";"-";"<E>";"-";"-";"+";"-";"-";"-";"l'hasard§fait§"
"187";"<E>";"il";"+";"-";"-";"-";"-";"-";"-";"se";"faire";"<E>";"<E>";"<E>";"-";"-";"<E>";"-";"-";"+";"-";"-";"-";"Il se fait que Paul est parti"
"188";"<E>";"il";"-";"-";"-";"-";"-";"-";"-";"<E>";"faire";"<E>";"<E>";"bon";"-";"-";"<E>";"-";"-";"-";"-";"+";"-";"il§fait§bon "
"189";"<E>";"il";"-";"-";"-";"-";"-";"-";"-";"<E>";"faire";"<E>";"<E>";"bon pour";"+";"-";"<E>";"-";"-";"-";"+";"+";"-";"il§fait§bon pour "
"190";"<E>";"il";"-";"-";"-";"-";"-";"-";"+";"ne";"faire";"<E>";"de";"doute";"-";"-";"<E>";"-";"-";"+";"-";"-";"-";"il§ne fait§de doute "
"191";"<E>";"il";"-";"-";"-";"-";"-";"-";"-";"<E>";"faire";"<E>";"<E>";"mauvais";"-";"-";"<E>";"-";"-";"-";"-";"+";"-";"il§fait§mauvais "
"192";"<E>";"il";"-";"-";"-";"-";"-";"-";"-";"<E>";"faire";"<E>";"<E>";"meilleur";"-";"-";"<E>";"-";"-";"-";"-";"+";"-";"il§fait§meilleur "
"193";"<E>";"il";"-";"-";"-";"-";"-";"-";"-";"<E>";"faire";"<E>";"<E>";"vilain";"-";"-";"<E>";"-";"-";"-";"-";"+";"-";"il§fait§vilain "
"194";"<E>";"nul";"-";"-";"-";"-";"-";"-";"+";"ne";"faire";"plus";"que";"<E>";"+";"-";"pour";"+";"+";"-";"+";"+";"-";"nul§ne fait§plus que pour "
"195";"<E>";"personne";"-";"-";"-";"-";"-";"-";"+";"ne";"faire";"plus";"que";"<E>";"+";"-";"pour";"+";"+";"-";"+";"+";"-";"personne§ne fait§plus que pour "
"196";"<E>";"qu'est-ce que ça";"-";"-";"-";"-";"-";"-";"-";"<E>";"faire";"à";"<E>";"<E>";"+";"-";"<E>";"-";"-";"-";"-";"-";"+";"qu'est-ce que ça§fait§à "
"197";"<E>";"il";"-";"-";"-";"-";"-";"-";"-";"<E>";"faire bon";"pour";"<E>";"<E>";"+";"-";"<E>";"-";"-";"-";"-";"+";"-";"Il fait bon pour Paul se prélasser au soleil"
"198";"<E>";"il";"-";"-";"-";"-";"-";"-";"+";"ne";"faire pas";"<E>";"<E>";"bon";"-";"-";"<E>";"-";"-";"-";"-";"+";"-";"il§ne fait pas§bon "
"199";"<E>";"il";"-";"-";"-";"-";"-";"-";"+";"ne";"faire pas";"<E>";"<E>";"bon pour Nhum";"-";"-";"<E>";"-";"-";"-";"+";"+";"-";"il§ne fait pas§bon pour Nhum "
"200";"<E>";"qu'est-ce que ça";"-";"-";"-";"-";"-";"-";"-";"<E>";"fait";"à";"<E>";"<E>";"+";"-";"<E>";"-";"-";"-";"-";"-";"+";"qu'est-ce que ça§fait§à "
"201";"comment";"ça";"+";"-";"-";"-";"-";"-";"-";"se";"fait ?";"<E>";"<E>";"<E>";"-";"-";"<E>";"-";"-";"-";"+";"-";"-";"comment ça§se fait§?"
"202";"comment";"il";"+";"-";"-";"-";"-";"-";"-";"se";"fait ?";"<E>";"<E>";"<E>";"-";"-";"<E>";"-";"-";"+";"-";"-";"-";"comment il§se fait§?"
"203";"<E>";"guère";"+";"+";"-";"-";"-";"-";"+";"ne s'en";"falloir";"<E>";"<E>";"<E>";"-";"-";"<E>";"-";"-";"-";"+";"-";"-";"guère§ne s'en falloir§"
"204";"<E>";"il";"-";"-";"-";"-";"-";"-";"-";"<E>";"falloir";"à";"<E>";"<E>";"+";"-";"<E>";"+";"+";"-";"+";"-";"-";"Il faut à Paul que son prof soit sévère"
"205";"<E>";"il";"+";"+";"-";"-";"-";"-";"-";"s'en";"falloir";"de";"<E>";"<E>";"-";"+";"pour";"-";"-";"-";"+";"-";"-";"Il s'en ait fallu de trois secondes pour que le batte"
"206";"<E>";"il";"+";"+";"-";"-";"-";"-";"-";"s'en";"falloir";"de";"<E>";"beaucoup";"-";"-";"<E>";"-";"-";"-";"+";"-";"-";"il§s'en falloir§de beaucoup "
"207";"<E>";"il";"+";"+";"-";"-";"-";"-";"-";"s'en";"falloir";"de";"un";"cheveu";"-";"-";"<E>+pour";"-";"-";"-";"+";"-";"-";"Il s'en est fallu d'un cheveu (E+pour) que Léa s'en aille"
"208";"<E>";"il";"-";"-";"-";"-";"-";"-";"-";"<E>";"falloir";"<E>";"<E>";"croire";"-";"-";"<E>";"-";"-";"+";"-";"-";"-";"il§falloir§croire "
"209";"<E>";"il";"-";"-";"-";"-";"-";"-";"-";"<E>";"falloir";"<E>";"<E>";"dire";"-";"-";"<E>";"-";"-";"+";"-";"-";"-";"il§falloir§dire "
"210";"<E>";"il";"+";"+";"-";"-";"-";"-";"+";"ne s'en";"falloir";"<E>";"<E>";"guère";"-";"-";"<E>";"-";"-";"-";"+";"-";"-";"il§ne s'en falloir§guère "
"211";"<E>";"il";"+";"+";"-";"-";"-";"-";"-";"s'en";"falloir";"de";"<E>";"peu";"-";"-";"<E>";"-";"-";"-";"+";"-";"-";"il§s'en falloir§de peu "
"212";"<E>";"il";"+";"+";"-";"-";"-";"-";"-";"s'en";"falloir";"de";"un";"poil";"-";"-";"<E>";"-";"-";"-";"+";"-";"-";"il§s'en falloir§d'un poil "
"213";"<E>";"il";"+";"+";"-";"-";"-";"-";"-";"s'en";"falloir";"de";"un";"rien";"-";"-";"<E>";"-";"-";"-";"+";"-";"-";"Il s'en ait fallu d'un rien que Marie ait réussi"
"214";"<E>";"il";"-";"-";"-";"-";"-";"-";"-";"<E>";"falloir";"<E>";"<E>";"savoir";"-";"-";"<E>";"-";"-";"+";"-";"-";"-";"il§falloir§sa "
"215";"<E>";"il";"-";"-";"-";"-";"-";"-";"-";"<E>";"falloir";"<E>";"<E>";"voir";"-";"-";"à";"-";"-";"-";"+";"-";"-";"il§falloir§voir à "
"216";"<E>";"loin";"+";"+";"-";"-";"-";"-";"-";"s'en";"falloir";"<E>";"<E>";"<E>";"-";"-";"<E>";"-";"-";"-";"+";"-";"-";"loin§s'en falloir§"
"217";"<E>";"peu";"+";"+";"-";"-";"-";"-";"-";"s'en";"falloir";"<E>";"<E>";"<E>";"-";"-";"<E>";"-";"-";"-";"+";"-";"-";"peu§s'en falloir§"
"218";"un";"poil";"+";"+";"-";"-";"-";"-";"-";"s'en";"falloir";"<E>";"<E>";"<E>";"-";"-";"<E>";"-";"-";"-";"+";"-";"-";"un poil§s'en falloir§"
"219";"<E>";"point";"+";"+";"-";"-";"-";"-";"+";"ne s'en";"falloir";"<E>";"<E>";"<E>";"-";"-";"<E>";"-";"-";"-";"+";"-";"-";"point§ne s'en falloir§"
"220";"<E>";"tant";"+";"+";"-";"-";"-";"-";"-";"s'en";"falloir";"<E>";"<E>";"<E>";"-";"-";"<E>";"-";"-";"+";"-";"-";"-";"tant§s'en falloir§"
"221";"<E>";"il";"-";"-";"-";"-";"-";"-";"+";"ne";"falloir pas";"<E>";"<E>";"croire";"-";"-";"<E>";"-";"-";"+";"-";"-";"-";"il§ne falloir pas§croire "
"222";"<E>";"il";"-";"-";"-";"-";"-";"-";"+";"ne";"falloir pas";"<E>";"avoir";"fait l'X";"-";"-";"pour";"-";"-";"+";"-";"-";"-";"il§ne falloir pas§a fait l'X pour "
"223";"<E>";"il";"-";"-";"-";"-";"-";"-";"+";"ne";"falloir pas";"<E>";"être";"sorcier";"-";"-";"pour";"-";"-";"-";"+";"+";"-";"il§ne falloir pas§est sorcier pour "
"224";"<E>";"il";"-";"-";"-";"-";"-";"-";"+";"ne";"falloir pas être";"<E>";"grand";"clerc";"-";"-";"pour";"-";"-";"-";"+";"+";"-";"il§ne falloir pas est§grand clerc pour "
"225";"<E>";"il";"-";"-";"-";"-";"-";"-";"+";"ne";"falloir pas être";"<E>";"grand";"devin";"-";"-";"pour";"-";"-";"-";"+";"+";"-";"il§ne falloir pas est§grand devin pour "
"226";"<E>";"il";"-";"-";"-";"-";"-";"-";"+";"ne";"falloir pas grand chose";"à";"<E>";"<E>";"+";"-";"pour";"-";"-";"-";"+";"+";"-";"il§ne falloir pas grand chose§à pour "
"227";"<E>";"il";"-";"+";"-";"-";"-";"-";"+";"n'en";"falloir pas plus";"à";"<E>";"<E>";"+";"-";"pour";"-";"-";"-";"+";"+";"-";"il§n'en falloir pas plus§à pour "
"228";"<E>";"il";"-";"-";"-";"-";"-";"-";"-";"<E>";"falloir peu de chose";"à";"<E>";"<E>";"+";"-";"pour";"-";"-";"-";"+";"+";"-";"il§falloir peu de chose§à pour "
"229";"<E>";"il";"-";"+";"-";"-";"-";"-";"-";"en";"falloir plus";"à";"<E>";"<E>";"+";"-";"pour";"-";"-";"-";"+";"+";"-";"il§en falloir plus§à pour "
"230";"<E>";"il";"-";"-";"-";"-";"-";"-";"-";"<E>";"falloir se lever";"de";"bonne";"heure";"-";"-";"pour";"-";"-";"-";"+";"+";"-";"il§falloir se lever§de bonne heure pour "
"231";"<E>";"encore";"-";"-";"-";"-";"-";"-";"-";"<E>";"falloir-il";"<E>";"<E>";"<E>";"-";"-";"<E>";"-";"-";"-";"+";"-";"-";"encore§falloir-il§"
"232";"<E>";"il";"-";"-";"-";"-";"-";"-";"-";"<E>";"faudrait";"<E>";"<E>";"savoir !";"-";"-";"<E>";"-";"-";"-";"-";"-";"+";"il§faudrait§sa! "
"233";"<E>";"il";"-";"-";"-";"-";"-";"-";"+";"ne";"faudrait pas";"<E>";"<E>";"<E>";"-";"-";"<E>";"-";"-";"-";"+";"-";"-";"il§ne faudrait pas§"
"234";"<E>";"que";"-";"-";"-";"-";"-";"-";"-";"<E>";"faut-il ?";"à";"<E>";"<E>";"+";"-";"<E>";"-";"-";"-";"-";"-";"+";"que§faut-il§?à "
"235";"<E>";"il";"-";"-";"-";"-";"-";"-";"-";"<E>";"ferait";"<E>";"beau";"voir";"-";"-";"<E>";"-";"-";"-";"+";"-";"-";"il§ferait§beau voir "
"236";"<E>";"cela";"-";"-";"-";"-";"-";"-";"-";"<E>";"ferait mal";"à";"<E>";"<E>";"+";"-";"<E>";"-";"-";"-";"+";"+";"+";"cela§ferait mal§à "
"237";"<E>";"je";"-";"+";"-";"-";"+";"-";"-";"t'en";"fiche";"<E>";"<E>";"<E>";"-";"-";"<E>";"-";"-";"+";"-";"-";"-";"je§t'en fiche§"
"238";"<E>";"je";"-";"+";"-";"-";"-";"+";"-";"vous en";"fiche";"<E>";"<E>";"<E>";"-";"-";"<E>";"-";"-";"+";"-";"-";"-";"je§vous en fiche§"
"239";"<E>";"je";"-";"+";"-";"-";"+";"-";"-";"t'en";"fous";"<E>";"<E>";"<E>";"-";"-";"<E>";"-";"-";"+";"-";"-";"-";"je§t'en fous§"
"240";"<E>";"je";"-";"+";"-";"-";"-";"+";"-";"vous en";"fous";"<E>";"<E>";"<E>";"-";"-";"<E>";"-";"-";"+";"-";"-";"-";"je§vous en fous§"
"241";"<E>";"Dieu";"-";"-";"-";"-";"-";"-";"-";"<E>";"garde";"<E>";"<E>";"<E>";"+";"-";"de";"-";"-";"-";"+";"+";"+";"Dieu§garde§de "
"242";"<E>";"peu";"-";"-";"-";"-";"-";"-";"-";"<E>";"importer";"à";"<E>";"<E>";"+";"-";"<E>";"-";"+";"-";"+";"+";"+";"peu§importer§à "
"243";"<E>";"que";"-";"-";"-";"-";"-";"-";"-";"<E>";"importer";"à";"<E>";"<E>";"+";"-";"<E>";"-";"+";"-";"+";"+";"+";"qu'§importer§à "
"244";"les";"circonstances";"-";"-";"-";"-";"-";"-";"-";"<E>";"imposer";"à";"<E>";"<E>";"+";"-";"<E>";"-";"-";"-";"+";"+";"-";"les circonstances§imposer§à "
"245";"Det";"responsabilité";"-";"-";"-";"-";"-";"-";"-";"<E>";"incomber";"à";"<E>";"<E>";"+";"-";"de";"-";"-";"-";"+";"+";"-";"un responsabilité§incomber§à de "
"246";"<E>";"tout";"-";"-";"-";"-";"-";"-";"-";"<E>";"indiquer";"à";"<E>";"<E>";"+";"-";"<E>";"-";"+";"+";"-";"-";"-";"tout§indiquer§à "
"247";"<E>";"rien";"-";"-";"-";"-";"-";"-";"+";"n'";"interdire";"de";"<E>";"croire";"-";"-";"<E>";"-";"+";"+";"-";"-";"-";"rien§n'interdire§de croire "
"248";"<E>";"rien";"-";"-";"-";"-";"-";"-";"+";"n'";"interdire";"de";"<E>";"penser";"-";"-";"<E>";"-";"+";"+";"-";"-";"-";"rien§n'interdire§de penser "
"249";"<E>";"tout";"-";"-";"-";"-";"-";"-";"-";"<E>";"laisser";"<E>";"<E>";"croire";"-";"-";"<E>";"-";"+";"+";"-";"-";"-";"tout§laisser§croire "
"250";"les";"mots";"-";"-";"-";"-";"-";"-";"-";"<E>";"manquer";"à";"<E>";"<E>";"+";"-";"pour";"-";"-";"-";"+";"+";"-";"les mots§manquer§à pour "
"251";"la";"voix";"-";"-";"-";"-";"-";"-";"-";"<E>";"manquer";"à";"<E>";"<E>";"+";"-";"pour";"-";"-";"-";"+";"+";"-";"la voix§manquer§à pour "
"252";"<E>";"il";"-";"-";"-";"-";"-";"-";"+";"ne";"manquer pas";"de";"<E>";"<E>";"+";"-";"pour";"-";"-";"-";"-";"+";"-";"il§ne manquer pas§de pour "
"253";"<E>";"il";"-";"-";"-";"-";"-";"-";"+";"ne";"manquerait plus";"<E>";"<E>";"<E>";"-";"-";"<E>";"+";"+";"-";"+";"-";"-";"Il ne manquerait plus que Paul arrive"
"254";"<E>";"il";"-";"-";"-";"-";"-";"-";"+";"ne";"manquerait plus";"<E>";"que";"ça";"-";"-";"<E>";"-";"-";"-";"+";"-";"-";"il§ne manquerait plus§que ça "
"255";"les";"larmes";"-";"-";"-";"-";"-";"-";"-";"<E>";"monter";"à";"les";"yeux de Nhum";"-";"-";"de";"-";"-";"-";"+";"+";"-";"les larmes§monter§aux yeux de Nhum de "
"256";"le";"avenir";"-";"-";"-";"-";"-";"-";"-";"<E>";"montrer";"<E>";"<E>";"<E>";"+";"-";"à";"-";"-";"-";"-";"-";"+";"l'avenir§montrer§à "
"257";"la";"expérience";"-";"-";"-";"-";"-";"-";"-";"<E>";"montrer";"<E>";"<E>";"<E>";"-";"-";"<E>";"-";"+";"+";"-";"-";"+";"l'expérience§montrer§"
"258";"Det";"chance";"+";"-";"-";"-";"-";"-";"-";"s'";"offrir";"à";"<E>";"<E>";"-";"-";"de";"-";"-";"-";"-";"+";"-";"un chance§s'offrir§à de "
"259";"Det";"occasion";"+";"-";"-";"-";"-";"-";"-";"s'";"offrir";"à";"<E>";"<E>";"-";"-";"de";"-";"-";"-";"-";"+";"-";"un occasion§s'offrir§à de "
"260";"Det";"opportunité";"+";"-";"-";"-";"-";"-";"-";"s'";"offrir";"à";"<E>";"<E>";"-";"-";"de";"-";"-";"-";"-";"+";"-";"un opportunité§s'offrir§à de "
"261";"Det";"possibilité";"+";"-";"-";"-";"-";"-";"-";"s'";"offrir";"à";"<E>";"<E>";"-";"-";"de";"-";"-";"-";"-";"+";"-";"un possibilité§s'offrir§à de "
"262";"<E>";"rien";"+";"-";"-";"-";"-";"-";"+";"ne s'";"opposer";"<E>";"<E>";"<E>";"-";"-";"à";"-";"-";"-";"+";"-";"-";"rien§ne s'opposer§à "
"263";"<E>";"il";"-";"-";"-";"-";"-";"-";"-";"<E>";"paraître";"à";"<E>";"<E>";"+";"-";"<E>";"-";"-";"+";"-";"-";"-";"Il paraît à Max que Luc est parti"
"264";"<E>";"il";"-";"-";"-";"-";"-";"-";"-";"<E>";"paraître";"<E>";"<E>";"<E>";"-";"-";"<E>";"-";"-";"+";"-";"-";"-";"Il paraît que tu as vu Ida"
"265";"<E>";"Dieu";"-";"-";"-";"-";"-";"-";"-";"<E>";"pardonne";"<E>";"<E>";"<E>";"+";"-";"de";"-";"-";"-";"+";"+";"+";"Dieu§pardonne§de "
"266";"<E>";"que";"-";"-";"-";"-";"-";"-";"-";"<E>";"paries-tu ?";"<E>";"<E>";"<E>";"-";"-";"<E>";"-";"-";"+";"-";"-";"-";"que§paries-tu§?"
"267";"<E>";"que";"-";"-";"-";"-";"-";"-";"-";"<E>";"pariez-vous ?";"<E>";"<E>";"<E>";"-";"-";"<E>";"-";"-";"+";"-";"-";"-";"que§pariez-vous§?"
"268";"<E>";"tu";"-";"-";"-";"-";"-";"-";"-";"<E>";"parles";"<E>";"<E>";"<E>";"-";"-";"<E>";"-";"+";"-";"-";"-";"+";"tu§parles§"
"269";"<E>";"vous";"-";"-";"-";"-";"-";"-";"-";"<E>";"parlez";"<E>";"<E>";"<E>";"-";"-";"<E>";"-";"+";"-";"-";"-";"+";"vous§parlez§"
"270";"pas un";"Ntps";"+";"-";"-";"-";"-";"-";"+";"ne se";"passer";"<E>";"<E>";"<E>";"-";"-";"sans";"-";"-";"-";"+";"-";"-";"pas un Ntps§ne se passer§sans "
"271";"les";"choses";"+";"-";"-";"-";"-";"-";"-";"se";"passer";"<E>";"<E>";"<E>";"-";"-";"comme";"-";"-";"-";"-";"-";"+";"les choses§se passer§comme "
"272";"Det";"désir";"-";"-";"-";"-";"-";"-";"-";"<E>";"passer";"à";"<E>";"<E>";"+";"-";"de";"-";"-";"-";"-";"+";"-";"un désir§passer§à de "
"273";"de la";"eau";"-";"-";"-";"-";"-";"-";"-";"<E>";"passer";"sous";"les";"ponts";"-";"-";"avant";"-";"-";"-";"+";"+";"-";"de l'eau§passer§sous les ponts avant "
"274";"Det";"envie";"-";"-";"-";"-";"-";"-";"-";"<E>";"passer";"à";"<E>";"<E>";"+";"-";"de";"-";"-";"-";"-";"+";"-";"un envie§passer§à de "
"275";"la";"heure";"-";"-";"-";"-";"-";"-";"-";"<E>";"passer";"pour";"<E>";"<E>";"+";"-";"<E>";"-";"-";"-";"+";"+";"-";"l'heure§passer§pour "
"276";"pas un";"jour";"+";"-";"-";"-";"-";"-";"+";"ne se";"passer";"<E>";"<E>";"<E>";"-";"-";"sans";"-";"-";"-";"+";"-";"-";"pas un jour§ne se passer§sans "
"277";"le";"moment";"-";"-";"-";"-";"-";"-";"-";"<E>";"passer";"pour";"<E>";"<E>";"+";"-";"<E>";"-";"-";"-";"+";"+";"-";"le moment§passer§pour "
"278";"le";"temps";"-";"-";"-";"-";"-";"-";"-";"<E>";"passer";"pour";"<E>";"<E>";"+";"-";"<E>";"-";"-";"-";"+";"+";"-";"le temps§passer§pour "
"279";"<E>";"tout";"+";"-";"-";"-";"-";"-";"-";"se";"passer";"<E>";"<E>";"<E>";"-";"-";"comme";"-";"-";"-";"-";"-";"+";"tout§se passer§comme "
"280";"<E>";"il";"+";"-";"-";"-";"-";"-";"+";"ne se";"passer pas";"de";"<E>";"Ntps";"-";"-";"<E>";"-";"-";"-";"+";"-";"-";"il§ne se passer pas§de Ntps "
"281";"<E>";"il";"+";"-";"-";"-";"-";"-";"+";"ne se";"passer pas";"de";"<E>";"jour";"-";"-";"<E>";"-";"-";"-";"+";"-";"-";"il§ne se passer pas§de jour "
"282";"quand";"je";"-";"-";"-";"-";"-";"-";"-";"<E>";"pense !";"<E>";"<E>";"<E>";"-";"-";"<E>";"-";"-";"+";"-";"-";"-";"quand je§pense§!"
"283";"quand";"on";"-";"-";"-";"-";"-";"-";"-";"<E>";"pense !";"<E>";"<E>";"<E>";"-";"-";"<E>";"-";"-";"+";"-";"-";"-";"quand on§pense§!"
"284";"quand";"on";"-";"-";"-";"-";"-";"-";"-";"<E>";"pense!";"<E>";"<E>";"<E>";"-";"-";"<E>";"-";"-";"+";"-";"-";"-";"quand on§pense§!"
"285";"<E>";"tu";"-";"-";"-";"-";"-";"-";"-";"<E>";"penses";"<E>";"<E>";"<E>";"-";"-";"<E>";"-";"+";"-";"-";"-";"+";"tu§penses§"
"286";"quand";"tu";"-";"-";"-";"-";"-";"-";"-";"<E>";"penses !";"<E>";"<E>";"<E>";"-";"-";"<E>";"-";"-";"+";"-";"-";"-";"quand tu§penses§!"
"287";"<E>";"vous";"-";"-";"-";"-";"-";"-";"-";"<E>";"pensez";"<E>";"<E>";"<E>";"-";"-";"<E>";"-";"+";"-";"-";"-";"+";"vous§pensez§"
"288";"quand";"vous";"-";"-";"-";"-";"-";"-";"-";"<E>";"pensez !";"<E>";"<E>";"<E>";"-";"-";"<E>";"-";"-";"+";"-";"-";"-";"quand vous§pensez§!"
"289";"le";"emploi du temps de Nhum";"-";"-";"-";"-";"-";"-";"-";"<E>";"permettre";"à";"<E>";"<E>";"+";"-";"de";"-";"+";"-";"+";"+";"-";"l'emploi du temps de Nhum§permettre§à de "
"290";"<E>";"rien";"-";"-";"-";"-";"-";"-";"+";"ne";"permettre";"de";"<E>";"croire";"-";"-";"<E>";"-";"+";"+";"-";"-";"-";"rien§ne permettre§de croire "
"291";"<E>";"rien";"-";"-";"-";"-";"-";"-";"+";"ne";"permettre";"de";"<E>";"dire";"-";"-";"<E>";"-";"+";"+";"-";"-";"-";"rien§ne permettre§de dire "
"292";"<E>";"rien";"-";"-";"-";"-";"-";"-";"+";"ne";"permettre";"de";"<E>";"douter";"-";"-";"de";"-";"+";"+";"-";"-";"-";"rien§ne permettre§de douter de "
"293";"<E>";"rien";"-";"-";"-";"-";"-";"-";"+";"ne";"permettre";"de";"<E>";"indiquer";"-";"-";"<E>";"-";"+";"+";"-";"-";"-";"rien§ne permettre§d'indiquer "
"294";"<E>";"rien";"-";"-";"-";"-";"-";"-";"+";"ne";"permettre";"de";"<E>";"penser";"-";"-";"<E>";"-";"+";"+";"-";"-";"-";"rien§ne permettre§de penser "
"295";"comment";"ça";"+";"-";"-";"-";"-";"-";"-";"se";"peut";"<E>";"<E>";"<E>";"-";"-";"<E>";"-";"-";"-";"+";"-";"-";"comment ça§se peut§"
"296";"comment";"ça";"-";"-";"-";"-";"-";"-";"-";"<E>";"peut";"<E>";"se";"faire ?";"-";"-";"<E>";"-";"-";"-";"+";"-";"-";"comment ça§peut§se fait ? "
"297";"<E>";"tout";"-";"-";"-";"-";"-";"-";"-";"<E>";"porter";"à";"<E>";"croire";"-";"-";"<E>";"-";"+";"+";"-";"-";"-";"tout§porter§à croire "
"298";"<E>";"tout";"-";"-";"-";"-";"-";"-";"-";"<E>";"porter";"à";"<E>";"penser";"-";"-";"<E>";"-";"+";"+";"-";"-";"-";"tout§porter§à penser "
"299";"le";"ciel";"-";"-";"-";"-";"-";"-";"-";"<E>";"pouvoir";"<E>";"<E>";"s'écrouler";"-";"-";"<E>";"-";"-";"+";"-";"-";"-";"le ciel§pouvoir§s'écrouler "
"300";"le";"ciel";"-";"-";"-";"-";"-";"-";"-";"<E>";"pouvoir";"<E>";"<E>";"s'effondrer";"-";"-";"<E>";"-";"-";"+";"-";"-";"-";"le ciel§pouvoir§s'effondrer "
"301";"<E>";"il";"-";"-";"-";"-";"-";"-";"-";"<E>";"pouvoir";"<E>";"se";"faire";"-";"-";"<E>";"-";"-";"-";"+";"-";"-";"il§pouvoir§se fait "
"302";"comment";"il";"+";"-";"-";"-";"-";"-";"-";"se";"pouvoir";"<E>";"<E>";"faire ?";"-";"-";"<E>";"-";"-";"+";"-";"-";"-";"comment il§se pouvoir§fait ? "
"303";"<E>";"on";"-";"-";"-";"-";"-";"-";"-";"<E>";"pouvoir";"<E>";"<E>";"croire";"-";"-";"<E>";"-";"+";"+";"-";"-";"-";"on§pouvoir§croire "
"304";"<E>";"on";"-";"-";"-";"-";"-";"-";"-";"<E>";"pouvoir";"<E>";"<E>";"penser";"-";"-";"<E>";"-";"+";"+";"-";"-";"-";"on§pouvoir§penser "
"305";"comment";"il";"-";"-";"-";"-";"-";"-";"-";"se";"pouvoir ?";"<E>";"<E>";"<E>";"-";"-";"<E>";"-";"-";"+";"-";"-";"-";"comment il§se pouvoir§?"
"306";"<E>";"ça";"-";"-";"-";"-";"-";"-";"-";"<E>";"pouvoir faire";"<E>";"<E>";"quelque chose à Nhum ?";"-";"-";"<E>";"-";"-";"-";"+";"+";"+";"ça§pouvoir fait§quelque chose à Nhum ? "
"307";"<E>";"ça";"-";"-";"-";"-";"-";"-";"-";"<E>";"pouvoir fiche";"<E>";"<E>";"quelque chose à Nhum ?";"-";"-";"<E>";"-";"-";"-";"+";"+";"+";"ça§pouvoir fiche§quelque chose à Nhum ? "
"308";"<E>";"ça";"-";"-";"-";"-";"-";"-";"-";"<E>";"pouvoir foutre";"<E>";"<E>";"quelque chose à Nhum ?";"-";"-";"<E>";"-";"-";"-";"+";"+";"+";"ça§pouvoir foutre§quelque chose à Nhum ? "
"309";"<E>";"bien";"-";"+";"-";"-";"-";"-";"-";"en";"prendre";"à";"<E>";"<E>";"+";"-";"<E>";"-";"-";"-";"+";"+";"-";"bien§en prendre§à "
"310";"<E>";"ça";"-";"-";"-";"-";"-";"-";"-";"<E>";"prendre";"<E>";"le";"chemin";"-";"-";"<E>";"-";"+";"-";"-";"-";"-";"ça§prendre§le chemin "
"311";"<E>";"mal";"-";"+";"-";"-";"-";"-";"-";"en";"prendre";"à";"<E>";"<E>";"+";"-";"<E>";"-";"-";"-";"+";"+";"-";"mal§en prendre§à "
"312";"<E>";"quelque chose";"-";"-";"-";"-";"-";"-";"-";"<E>";"prendre";"à";"<E>";"<E>";"+";"-";"<E>";"-";"-";"-";"+";"+";"-";"quelque chose§prendre§à "
"313";"<E>";"je";"-";"-";"+";"-";"+";"-";"-";"t'y";"prends";"<E>";"<E>";"<E>";"-";"-";"à";"-";"-";"-";"+";"+";"-";"je§t'y prends§à "
"314";"<E>";"je";"-";"-";"+";"-";"-";"+";"-";"vous y";"prends";"<E>";"<E>";"<E>";"-";"-";"à";"-";"-";"-";"+";"+";"-";"je§vous y prends§à "
"315";"Det";"chance";"+";"-";"-";"-";"-";"-";"-";"se";"présenter";"à";"<E>";"<E>";"-";"-";"de";"-";"-";"-";"-";"+";"-";"un chance§se présenter§à de "
"316";"Det";"occasion";"+";"-";"-";"-";"-";"-";"-";"se";"présenter";"à";"<E>";"<E>";"+";"-";"pour";"-";"-";"-";"+";"+";"-";"un occasion§se présenter§à pour "
"317";"Det";"occasion";"+";"-";"-";"-";"-";"-";"-";"se";"présenter";"à";"<E>";"<E>";"-";"-";"de";"-";"-";"-";"-";"+";"-";"un occasion§se présenter§à de "
"318";"Det";"opportunité";"+";"-";"-";"-";"-";"-";"-";"se";"présenter";"à";"<E>";"<E>";"-";"-";"de";"-";"-";"-";"-";"+";"-";"un opportunité§se présenter§à de "
"319";"Det";"possibilité";"+";"-";"-";"-";"-";"-";"-";"se";"présenter";"à";"<E>";"<E>";"-";"-";"de";"-";"-";"-";"-";"+";"-";"un possibilité§se présenter§à de "
"320";"le";"ciel";"-";"-";"-";"-";"-";"-";"-";"<E>";"préserver";"<E>";"<E>";"<E>";"+";"-";"de";"+";"+";"-";"+";"+";"-";"le ciel§préserver§de "
"321";"<E>";"Dieu";"-";"-";"-";"-";"-";"-";"-";"<E>";"préserver";"<E>";"<E>";"<E>";"+";"-";"de";"+";"+";"-";"+";"+";"-";"Dieu§préserver§de "
"322";"un";"principe";"-";"-";"-";"-";"-";"-";"-";"<E>";"présider";"<E>";"<E>";"<E>";"-";"-";"à";"-";"+";"+";"+";"-";"-";"un principe§présider§à "
"323";"la";"tradition";"-";"-";"-";"-";"-";"-";"-";"<E>";"prétendre";"<E>";"<E>";"<E>";"-";"-";"<E>";"-";"+";"-";"+";"-";"-";"la tradition§prétendre§"
"324";"<E>";"je";"-";"-";"-";"-";"+";"-";"-";"te";"préviens";"<E>";"<E>";"<E>";"-";"-";"<E>";"-";"-";"+";"-";"-";"-";"je§te préviens§"
"325";"<E>";"je";"-";"-";"-";"-";"-";"+";"-";"vous";"préviens";"<E>";"<E>";"<E>";"-";"-";"<E>";"-";"-";"+";"-";"-";"-";"je§vous préviens§"
"326";"<E>";"je";"-";"-";"-";"-";"+";"-";"-";"te";"promets";"<E>";"<E>";"<E>";"-";"-";"<E>";"-";"-";"+";"-";"-";"-";"je§te promets§"
"327";"<E>";"je";"-";"-";"-";"-";"-";"+";"-";"vous";"promets";"<E>";"<E>";"<E>";"-";"-";"<E>";"-";"-";"+";"-";"-";"-";"je§vous promets§"
"328";"le";"ciel";"-";"-";"-";"-";"-";"-";"-";"<E>";"protège";"<E>";"<E>";"<E>";"+";"-";"de";"-";"+";"-";"+";"+";"-";"le ciel§protège§de "
"329";"le bon";"Dieu";"-";"-";"-";"-";"-";"-";"-";"<E>";"protège";"<E>";"<E>";"<E>";"+";"-";"de";"-";"+";"-";"+";"+";"-";"le bon Dieu§protège§de "
"330";"<E>";"Dieu";"-";"-";"-";"-";"-";"-";"-";"<E>";"protège";"<E>";"<E>";"<E>";"+";"-";"de";"-";"+";"-";"+";"+";"-";"Dieu§protège§de "
"331";"<E>";"Dieu";"-";"-";"-";"-";"-";"-";"-";"<E>";"protège";"<E>";"<E>";"<E>";"+";"-";"de";"-";"+";"-";"+";"+";"-";"Dieu§protège§de "
"332";"le";"Seigneur";"-";"-";"-";"-";"-";"-";"-";"<E>";"protège";"<E>";"<E>";"<E>";"+";"-";"de";"-";"+";"-";"+";"+";"-";"le Seigneur§protège§de "
"333";"<E>";"rien";"-";"-";"-";"-";"-";"-";"+";"ne";"prouver";"<E>";"<E>";"<E>";"-";"-";"<E>";"-";"+";"+";"-";"-";"-";"rien§ne prouver§"
"334";"la";"morale";"-";"-";"-";"-";"-";"-";"-";"<E>";"réprouver";"<E>";"<E>";"<E>";"-";"-";"<E>";"-";"+";"+";"-";"-";"-";"la morale§réprouver§"
"335";"la";"idée";"-";"-";"-";"-";"-";"-";"-";"<E>";"répugner";"à";"<E>";"<E>";"+";"-";"de";"-";"-";"-";"-";"+";"-";"l'idée§répugner§à de "
"336";"la";"loi";"-";"-";"-";"-";"-";"-";"-";"<E>";"requérir";"pour";"<E>";"<E>";"+";"-";"<E>";"-";"+";"-";"+";"+";"-";"la loi§requérir§pour "
"337";"le";"règlement";"-";"-";"-";"-";"-";"-";"-";"<E>";"requérir";"pour";"<E>";"<E>";"+";"-";"<E>";"-";"+";"-";"+";"+";"-";"le règlement§requérir§pour "
"338";"la";"tradition";"-";"-";"-";"-";"-";"-";"-";"<E>";"requérir";"pour";"<E>";"<E>";"+";"-";"<E>";"-";"+";"-";"+";"+";"-";"la tradition§requérir§pour "
"339";"les";"oreilles";"-";"-";"-";"-";"-";"-";"-";"<E>";"résonner";"à";"<E>";"<E>";"+";"-";"de";"-";"-";"-";"-";"+";"-";"les oreilles§résonner§à de "
"340";"les";"oreilles de Nhum";"-";"-";"-";"-";"-";"-";"-";"<E>";"résonner";"<E>";"<E>";"<E>";"-";"-";"de";"-";"+";"+";"-";"+";"-";"les oreilles de Nhum§résonner§de "
"341";"les";"tympans de Nhum";"-";"-";"-";"-";"-";"-";"-";"<E>";"résonner";"<E>";"<E>";"<E>";"-";"-";"de";"-";"+";"+";"-";"+";"-";"les tympans de Nhum§résonner§de "
"342";"la";"idée";"-";"-";"-";"-";"-";"-";"-";"<E>";"rester";"à";"<E>";"<E>";"+";"-";"<E>";"-";"-";"+";"-";"-";"-";"l'idée§rester§à "
"343";"<E>";"il";"-";"-";"-";"-";"-";"-";"-";"<E>";"rester";"<E>";"<E>";"quelque chose";"-";"-";"de";"-";"+";"-";"+";"-";"-";"il§rester§quelque chose de "
"344";"<E>";"il";"-";"-";"-";"-";"-";"-";"-";"<E>";"rester";"à";"<E>";"voir";"-";"-";"<E>";"-";"-";"-";"-";"-";"+";"il§rester§à voir "
"345";"<E>";"il";"-";"-";"-";"-";"-";"-";"-";"<E>";"rester";"à";"<E>";"<E>";"+";"-";"à";"-";"-";"-";"-";"+";"-";"Il reste à Paul à ranger ses affaires"
"346";"le";"honneur";"-";"-";"-";"-";"-";"-";"-";"<E>";"revenir";"à";"<E>";"<E>";"+";"-";"de";"-";"-";"-";"+";"+";"-";"l'honneur§revenir§à de "
"347";"le";"mérite";"-";"-";"-";"-";"-";"-";"-";"<E>";"revenir";"à";"<E>";"<E>";"+";"-";"de";"-";"-";"-";"+";"+";"-";"le mérite§revenir§à de "
"348";"la";"palme";"-";"-";"-";"-";"-";"-";"-";"<E>";"revenir";"à";"<E>";"<E>";"+";"-";"pour";"-";"-";"-";"-";"+";"-";"la palme§revenir§à pour "
"349";"<E>";"ça";"-";"-";"-";"-";"-";"-";"+";"ne";"risquer pas";"<E>";"<E>";"<E>";"-";"-";"<E>";"-";"-";"-";"+";"+";"-";"ça§ne risquer pas§"
"350";"<E>";"je";"-";"-";"-";"-";"-";"-";"+";"ne";"sache pas";"<E>";"<E>";"<E>";"-";"-";"<E>";"-";"-";"+";"-";"-";"-";"je§ne sache pas§"
"351";"<E>";"nous";"-";"-";"-";"-";"-";"-";"+";"ne";"sachons pas";"<E>";"<E>";"<E>";"-";"-";"<E>";"-";"-";"-";"-";"-";"+";"nous§ne sachons pas§"
"352";"<E>";"je";"-";"-";"-";"-";"-";"-";"+";"ne";"sais pas";"ce";"que je";"serais devenu sans";"+";"-";"<E>";"-";"-";"-";"-";"-";"+";"je§ne sais pas§ce que je serais devenu sans "
"353";"<E>";"Dieu";"-";"-";"-";"-";"-";"-";"-";"<E>";"sait";"<E>";"<E>";"<E>";"-";"-";"<E>";"-";"-";"-";"-";"-";"+";"Dieu§sait§"
"354";"<E>";"il";"-";"-";"-";"-";"-";"-";"+";"ne";"saurait";"<E>";"être";"question";"-";"-";"de";"+";"+";"-";"+";"+";"-";"il§ne saurait§est question de "
"355";"<E>";"chacun";"-";"-";"-";"-";"-";"-";"-";"<E>";"savoir";"<E>";"<E>";"<E>";"-";"-";"<E>";"-";"-";"+";"+";"-";"+";"chacun§sa§"
"356";"tout le";"monde";"-";"-";"-";"-";"-";"-";"-";"<E>";"savoir";"<E>";"<E>";"<E>";"-";"-";"<E>";"-";"-";"+";"+";"-";"+";"tout le monde§sa§"
"357";"<E>";"il";"-";"-";"-";"-";"-";"-";"-";"<E>";"sembler";"à";"<E>";"<E>";"+";"-";"<E>";"-";"-";"+";"-";"+";"-";"Il semble à Luc que Paul s'est trompé"
"358";"<E>";"il";"-";"-";"-";"-";"-";"-";"+";"ne";"sera pas";"<E>";"<E>";"dit";"-";"-";"<E>";"-";"+";"-";"-";"-";"-";"il§ne sera pas§dit "
"359";"<E>";"rien";"-";"-";"-";"-";"-";"-";"+";"ne";"servir";"à";"<E>";"<E>";"+";"-";"<E>";"-";"-";"-";"-";"-";"+";"rien§ne servir§à "
"360";"les";"oreilles";"-";"-";"-";"-";"-";"-";"-";"<E>";"siffler";"à";"<E>";"<E>";"+";"-";"de";"-";"-";"-";"-";"+";"-";"les oreilles§siffler§à de "
"361";"la";"heure";"-";"-";"-";"-";"-";"-";"-";"<E>";"sonner";"pour";"<E>";"<E>";"+";"-";"<E>";"-";"-";"-";"+";"+";"-";"l'heure§sonner§pour "
"362";"la";"image de Nhum";"-";"-";"-";"-";"-";"-";"-";"<E>";"souffrir";"<E>";"<E>";"<E>";"-";"-";"<E>";"-";"-";"-";"+";"+";"-";"l'image de Nhum§soufrir§"
"363";"la";"idée";"-";"-";"-";"-";"-";"-";"-";"<E>";"sourire";"à";"<E>";"<E>";"+";"-";"<E>";"-";"-";"+";"-";"+";"-";"l'idée§sourire§à "
"364";"<E>";"il";"-";"-";"-";"-";"-";"-";"-";"<E>";"souvenir";"à";"<E>";"<E>";"+";"-";"de";"+";"+";"+";"-";"+";"-";"Il souvient à Léa qu'elle faire la plonge"
"365";"<E>";"il";"-";"-";"-";"-";"-";"-";"-";"<E>";"suffire";"à";"<E>";"<E>";"+";"+";"de";"+";"-";"-";"+";"+";"-";"Il suffit à Paul de gagner ce match"
"366";"le";"regard";"-";"-";"-";"-";"-";"-";"-";"<E>";"supplier";"<E>";"<E>";"<E>";"+";"-";"de";"-";"-";"-";"+";"+";"-";"le regard§supplier§de "
"367";"les";"yeux";"-";"-";"-";"-";"-";"-";"-";"<E>";"supplier";"<E>";"<E>";"<E>";"+";"-";"de";"-";"-";"-";"+";"+";"-";"les yeux§supplier§de "
"368";"les";"oreilles";"-";"-";"-";"-";"-";"-";"-";"<E>";"tinter";"à";"<E>";"<E>";"+";"-";"de";"-";"-";"-";"-";"+";"-";"les oreilles§tinter§à de "
"369";"le";"ciel";"-";"-";"-";"-";"-";"-";"-";"<E>";"tomber";"sur";"la";"tête de Nhum";"-";"-";"de";"-";"-";"-";"+";"+";"-";"le ciel§tomber§sur la tête de Nhum de "
"370";"la";"foudre";"-";"-";"-";"-";"-";"-";"-";"<E>";"tomberait";"sur";"<E>";"<E>";"+";"-";"<E>";"-";"-";"+";"-";"-";"-";"la foudre§tomberait§sur "
"371";"<E>";"il";"+";"-";"-";"-";"-";"-";"-";"se";"trouver";"<E>";"<E>";"<E>";"+";"-";"<E>";"-";"-";"-";"+";"+";"-";"il§se trouver§"
"372";"<E>";"il";"+";"-";"-";"-";"-";"-";"-";"se";"trouver";"<E>";"<E>";"<E>";"-";"-";"<E>";"-";"-";"+";"-";"-";"-";"Il se trouve que Marie s'est trompée"
"373";"<E>";"rien";"-";"-";"-";"-";"-";"-";"+";"ne";"valoir";"pour";"<E>";"<E>";"+";"-";"<E>";"-";"+";"-";"+";"+";"-";"rien§ne valoir§pour "
"374";"<E>";"où";"-";"-";"-";"-";"-";"-";"-";"<E>";"va-t-on ?";"<E>";"<E>";"<E>";"-";"-";"<E>";"-";"-";"-";"-";"-";"+";"où§va-t-on§?"
"375";"<E>";"mieux";"-";"-";"-";"-";"-";"-";"-";"<E>";"vaudrait";"<E>";"<E>";"<E>";"-";"-";"<E>";"-";"+";"-";"+";"+";"-";"mieux§vaudrait§"
"376";"la";"heure";"-";"-";"-";"-";"-";"-";"-";"<E>";"venir";"pour";"<E>";"<E>";"+";"-";"<E>";"-";"-";"-";"+";"+";"-";"l'heure§venir§pour "
"377";"le";"jour";"-";"-";"-";"-";"-";"-";"-";"<E>";"venir";"pour";"<E>";"<E>";"+";"-";"de";"-";"-";"+";"-";"+";"-";"le jour§venir§pour de "
"378";"la";"lumière";"-";"-";"-";"-";"-";"-";"-";"<E>";"venir";"à";"<E>";"<E>";"+";"-";"de";"-";"-";"+";"+";"+";"-";"la lumière§venir§à de "
"379";"le";"moment";"-";"-";"-";"-";"-";"-";"-";"<E>";"venir";"pour";"<E>";"<E>";"+";"-";"<E>";"-";"-";"-";"+";"+";"-";"le moment§venir§pour "
"380";"le";"salut";"-";"-";"-";"-";"-";"-";"-";"<E>";"venir";"<E>";"<E>";"<E>";"+";"-";"de";"+";"+";"+";"-";"+";"-";"le salut§venir§de "
"381";"le";"temps";"-";"-";"-";"-";"-";"-";"-";"<E>";"venir";"pour";"<E>";"<E>";"+";"-";"<E>";"-";"-";"-";"+";"+";"-";"le temps§venir§pour "
"382";"le";"tour";"-";"-";"-";"-";"-";"-";"-";"<E>";"venir";"pour";"<E>";"<E>";"+";"-";"<E>";"-";"-";"-";"+";"+";"-";"le tour§venir§pour "
"383";"<E>";"je";"-";"-";"-";"-";"-";"-";"-";"<E>";"veux";"que";"on me les";"coupe";"-";"-";"<E>";"-";"-";"-";"-";"-";"+";"je§veux§qu'on me les coupe "
"384";"pourquoi";"tu";"-";"-";"-";"-";"-";"-";"-";"<E>";"veux ?";"<E>";"<E>";"<E>";"-";"-";"<E>";"-";"+";"-";"+";"+";"-";"pourquoi tu§veux§?"
"385";"<E>";"que";"-";"-";"-";"-";"-";"-";"-";"<E>";"veux-tu";"<E>";"<E>";"<E>";"-";"-";"<E>";"-";"-";"-";"-";"+";"-";"que§veux-tu§"
"386";"<E>";"d'où";"-";"-";"-";"-";"-";"-";"-";"<E>";"vient ?";"<E>";"<E>";"<E>";"-";"-";"<E>";"-";"-";"+";"-";"-";"-";"d'où§vient§?"
"387";"<E>";"tu";"-";"-";"-";"+";"-";"-";"-";"me";"vois";"<E>";"<E>";"Adj";"-";"-";"de";"+";"+";"-";"+";"+";"-";"tu§me vois§Adj de "
"388";"<E>";"tu";"-";"-";"-";"+";"-";"-";"-";"me";"vois";"<E>";"<E>";"content";"-";"-";"de";"+";"+";"-";"+";"+";"-";"tu§me vois§content de "
"389";"<E>";"tu";"-";"-";"-";"+";"-";"-";"-";"me";"vois";"<E>";"<E>";"ravi";"-";"-";"de";"+";"+";"-";"+";"+";"-";"tu§me vois§ravi de "
"390";"<E>";"tu";"-";"-";"-";"-";"-";"-";"+";"ne";"voudrais pas";"<E>";"<E>";"<E>";"-";"-";"<E>";"-";"-";"-";"+";"-";"-";"tu§ne voudrais pas§"
"391";"<E>";"vous";"-";"-";"-";"-";"-";"-";"+";"ne";"voudriez pas";"<E>";"<E>";"<E>";"-";"-";"<E>";"-";"-";"-";"+";"-";"-";"vous§ne voudriez pas§"
"392";"pourquoi";"vous";"-";"-";"-";"-";"-";"-";"-";"<E>";"voulez ?";"<E>";"<E>";"<E>";"-";"-";"<E>";"-";"+";"-";"+";"+";"-";"pourquoi vous§voulez§?"
"393";"<E>";"que";"-";"-";"-";"-";"-";"-";"-";"<E>";"voulez-vous";"<E>";"<E>";"<E>";"-";"-";"<E>";"-";"-";"-";"-";"+";"-";"que§voulez-vous§"
"394";"la";"chance";"-";"-";"-";"-";"-";"-";"-";"<E>";"vouloir";"<E>";"<E>";"<E>";"-";"-";"<E>";"-";"-";"-";"+";"-";"-";"la chance§vouloir§"
"395";"les";"circonstances";"-";"-";"-";"-";"-";"-";"-";"<E>";"vouloir";"<E>";"<E>";"<E>";"-";"-";"<E>";"-";"-";"-";"+";"-";"-";"les circonstances§vouloir§"
"396";"le";"hasard";"-";"-";"-";"-";"-";"-";"-";"<E>";"vouloir";"<E>";"<E>";"<E>";"-";"-";"<E>";"-";"-";"-";"+";"-";"-";"l'hasard§vouloir§"
"397";"la";"logique";"-";"-";"-";"-";"-";"-";"-";"<E>";"vouloir";"<E>";"<E>";"<E>";"-";"-";"<E>";"-";"-";"-";"+";"-";"-";"la logique§vouloir§"
"398";"la";"malchance";"-";"-";"-";"-";"-";"-";"-";"<E>";"vouloir";"<E>";"<E>";"<E>";"-";"-";"<E>";"-";"-";"-";"+";"-";"-";"la malchance§vouloir§"
"399";"le";"sort";"-";"-";"-";"-";"-";"-";"-";"<E>";"vouloir";"<E>";"<E>";"<E>";"-";"-";"<E>";"-";"-";"-";"+";"-";"-";"le sort§vouloir§"
"400";"la";"tradition";"-";"-";"-";"-";"-";"-";"-";"<E>";"vouloir";"pour";"<E>";"<E>";"+";"-";"<E>";"-";"+";"-";"+";"+";"-";"la tradition§vouloir§pour "
"401";"le";"usage";"-";"-";"-";"-";"-";"-";"-";"<E>";"vouloir";"<E>";"<E>";"<E>";"-";"-";"<E>";"-";"-";"-";"+";"-";"-";"l'usage§vouloir§"
"402";"le";"usage";"-";"-";"-";"-";"-";"-";"-";"<E>";"vouloir";"<E>";"<E>";"<E>";"-";"-";"<E>";"-";"-";"-";"+";"-";"-";"l'usage§vouloir§"
"403";"<E>";"vous";"-";"-";"-";"+";"-";"-";"-";"me";"voyez";"<E>";"<E>";"Adj";"-";"-";"de";"+";"+";"-";"+";"+";"-";"vous§me voyez§Adj de "
"404";"<E>";"vous";"-";"-";"-";"+";"-";"-";"-";"me";"voyez";"<E>";"<E>";"content";"-";"-";"de";"+";"+";"-";"+";"+";"-";"vous§me voyez§content de "
"405";"<E>";"vous";"-";"-";"-";"+";"-";"-";"-";"me";"voyez";"<E>";"<E>";"ravi";"-";"-";"de";"+";"+";"-";"+";"+";"-";"vous§me voyez§ravi de "
