"<ID>";"N0 =: Nhum";"N0 =: N-hum";"Ppv =: en figé";"Ppv =: y figé";"Ppv =: Neg";"<ENT>Ppv";"<ENT>V";"N0 V";"<ENT>Poss1";"autre Det1";"<ENT>C1";"C1 =: Npc";"[passif]";"N0 se V Ddéf1 C1";"Exemple"
"1";"+";"-";"-";"-";"-";"<E>";" abaisser";"-";" sa";"-";" carte maîtresse";"-";"+";"-";"§abaisser§sa carte maîtresse "
"2";"+";"-";"-";"-";"-";"<E>";" abaisser";"+";" ses";"-";" cartes";"-";"+";"-";"§abaisser§ses cartes "
"3";"+";"-";"-";"-";"-";"<E>";" abaisser";"-";" son";"-";" jeu";"-";"+";"-";"§abaisser§son jeu "
"4";"+";"-";"-";"-";"-";"<E>";" abandonner";"-";" sa";"+";" famille";"-";"+";"-";"§abandonner§sa famille "
"5";"+";"-";"-";"-";"-";"<E>";" abandonner";"-";" sa";"+";" famille";"-";"+";"-";"§abandonner§sa famille "
"6";"+";"-";"-";"-";"-";"<E>";" abandonner";"-";" son";"+";" nom de jeune fille";"-";"+";"-";"§abandonner§son nom de jeune fille "
"7";"+";"-";"-";"-";"-";"<E>";" abandonner";"-";" ses";"+";" pénates";"-";"+";"-";"§abandonner§ses pénates "
"8";"+";"-";"-";"-";"-";"<E>";" abandonner";"-";" son";"-";" poste";"-";"-";"-";"§abandonner§son poste "
"9";"+";"-";"-";"-";"-";"<E>";" abattre";"-";" ses";"-";" atouts";"-";"+";"-";"§abattre§ses atouts "
"10";"+";"-";"-";"-";"-";"<E>";" abattre";"-";" sa";"-";" carte maîtresse";"-";"+";"-";"§abattre§sa carte maîtresse "
"11";"+";"-";"-";"-";"-";"<E>";" abattre";"-";" ses";"-";" cartes";"-";"+";"-";"§abattre§ses cartes "
"12";"+";"-";"-";"-";"-";"<E>";" abattre";"-";" son";"-";" jeu";"-";"+";"-";"§abattre§son jeu "
"13";"+";"-";"-";"-";"-";"<E>";" abjurer";"-";" sa";"+";" foi";"-";"+";"-";"§abjurer§sa foi "
"14";"+";"+";"-";"-";"-";"<E>";" accélérer";"-";" ses";"-";" enjambées";"-";"-";"-";"§accélérer§ses enjambées "
"15";"+";"+";"-";"-";"-";"<E>";" accélérer";"+";" son";"-";" train";"-";"+";"-";"§accélérer§son train "
"16";"+";"-";"-";"-";"-";"<E>";" accomplir";"-";" son";"-";" devoir";"-";"+";"-";"§accomplir§son devoir "
"17";"+";"-";"-";"-";"-";"<E>";" accroître";"-";" son";"+";" capital";"-";"+";"-";"§accroître§son capital "
"18";"+";"-";"-";"-";"-";"<E>";" accroître";"-";" sa";"+";" part du marché";"-";"+";"-";"§accroître§sa part du marché "
"19";"+";"+";"-";"-";"-";"<E>";" accuser";"-";" son";"-";" âge";"-";"-";"-";"§accuser§son âge "
"20";"+";"-";"-";"-";"-";"<E>";" affûter";"-";" ses";"+";" arguments";"-";"+";"-";"§affûter§ses arguments "
"21";"+";"-";"-";"-";"-";"<E>";" aggraver";"-";" son";"-";" cas";"-";"+";"-";"§aggraver§son cas "
"22";"+";"-";"-";"-";"-";"<E>";" aimer";"-";" ses";"-";" aises";"-";"-";"-";"§aimer§ses aises "
"23";"+";"-";"-";"-";"-";"<E>";" aller";"-";" son petit";"-";" bonhomme de chemin";"-";"-";"-";"§aller§son petit bonhomme de chemin "
"24";"+";"-";"-";"-";"-";"<E>";" aller";"-";" son";"-";" chemin";"-";"-";"-";"§aller§son chemin "
"25";"+";"+";"-";"-";"-";"<E>";" aller";"-";" son";"-";" train";"-";"-";"-";"§aller§son train "
"26";"+";"-";"-";"-";"-";"<E>";" aller";"-";" son petit";"-";" train";"-";"-";"-";"§aller§son petit train "
"27";"+";"-";"-";"-";"-";"<E>";" aller";"-";" son";"+";" train de sénateur";"-";"-";"-";"§aller§son train de sénateur "
"28";"+";"-";"-";"-";"-";"<E>";" allonger";"-";" ses";"-";" enjambées";"-";"-";"-";"§allonger§ses enjambées "
"29";"+";"-";"-";"-";"-";"<E>";" allumer";"-";" ses";"-";" quinquets";"+";"-";"-";"§allumer§ses quinquets "
"30";"+";"+";"-";"-";"-";"<E>";" améliorer";"-";" son";"-";" temps";"-";"+";"-";"§améliorer§son temps "
"31";"+";"-";"-";"-";"-";"<E>";" amener";"-";" sa";"-";" barbaque";"+";"-";"-";"§amener§sa barbaque "
"32";"+";"-";"-";"-";"-";"<E>";" amener";"-";" sa";"-";" bidoche";"+";"-";"-";"§amener§sa bidoche "
"33";"+";"-";"-";"-";"-";"<E>";" amener";"-";" sa";"-";" graisse";"+";"-";"-";"§amener§sa graisse "
"34";"+";"-";"-";"-";"-";"<E>";" amener";"-";" sa";"-";" viande";"+";"-";"-";"§amener§sa viande "
"35";"+";"-";"-";"-";"-";"<E>";" apprendre";"-";" ses";"-";" classiques";"-";"-";"-";"§apprendre§ses classiques "
"36";"+";"-";"-";"-";"-";"<E>";" appuyer";"-";" ses";"+";" coups";"-";"+";"-";"§appuyer§ses coups "
"37";"+";"-";"-";"-";"-";"<E>";" arrêter";"-";" son";"-";" char";"-";"-";"-";"§arrêter§son char "
"38";"+";"-";"-";"-";"-";"<E>";" arrondir";"-";" sa";"+";" pelote";"-";"+";"-";"§arrondir§sa pelote "
"39";"+";"-";"-";"-";"-";"<E>";" assouvir";"-";" ses";"-";" instincts";"-";"+";"-";"§assouvir§ses instincts "
"40";"+";"-";"-";"-";"-";"<E>";" assouvir";"-";" ses bas";"-";" instincts";"-";"+";"-";"§assouvir§ses bas instincts "
"41";"+";"-";"-";"-";"-";"<E>";" assouvir";"-";" ses";"-";" instincts les plus bas";"-";"+";"-";"§assouvir§ses instincts les plus bas "
"42";"+";"-";"-";"-";"-";"<E>";" assumer";"+";" son";"-";" destin";"-";"+";"-";"§assumer§son destin "
"43";"+";"-";"-";"-";"-";"<E>";" assumer";"+";" sa";"-";" destinée";"-";"+";"-";"§assumer§sa destinée "
"44";"+";"-";"-";"-";"-";"<E>";" assumer";"-";" sa";"-";" responsabilité";"-";"-";"-";"§assumer§sa responsabilité "
"45";"+";"-";"-";"-";"-";"<E>";" assurer";"-";" ses";"-";" arrières";"-";"+";"+";"§assurer§ses arrières "
"46";"+";"+";"-";"-";"-";"<E>";" assurer";"-";" sa";"+";" succession";"-";"+";"+";"§assurer§sa succession "
"47";"+";"-";"-";"-";"-";"<E>";" assurer";"-";" sa";"+";" voix";"+";"-";"-";"§assurer§sa voix "
"48";"+";"+";"-";"-";"-";"<E>";" atteindre";"-";" son";"-";" but";"-";"+";"-";"§atteindre§son but "
"49";"+";"-";"-";"-";"-";"<E>";" atteindre";"-";" sa";"-";" majorité";"-";"+";"-";"§atteindre§sa majorité "
"50";"+";"+";"-";"-";"-";"<E>";" atteindre";"-";" son";"+";" objectif";"-";"+";"-";"§atteindre§son objectif "
"51";"+";"-";"-";"-";"-";"<E>";" attendre";"-";" sa";"-";" heure";"-";"-";"-";"§attendre§sa heure "
"52";"+";"-";"-";"-";"-";"<E>";" attendre";"+";" son";"+";" tour";"-";"-";"-";"§attendre§son tour "
"53";"+";"-";"-";"-";"-";"<E>";" augmenter";"-";" son";"+";" capital";"-";"+";"-";"§augmenter§son capital "
"54";"+";"-";"-";"-";"-";"<E>";" avaler";"-";" son";"-";" acte de naissance";"-";"+";"-";"§avaler§son acte de naissance "
"55";"+";"-";"-";"-";"-";"<E>";" avaler";"-";" son";"-";" bulletin de naissance";"-";"+";"-";"§avaler§son bulletin de naissance "
"56";"+";"-";"-";"-";"-";"<E>";" avaler";"-";" sa";"-";" cane";"-";"-";"-";"§avaler§sa cane "
"57";"+";"-";"-";"-";"-";"<E>";" avaler";"-";" sa";"-";" chique";"-";"-";"-";"§avaler§sa chique "
"58";"+";"-";"-";"-";"-";"<E>";" avaler";"-";" sa";"-";" langue";"+";"-";"-";"§avaler§sa langue "
"59";"+";"-";"-";"-";"-";"<E>";" avaler";"-";" son";"-";" parapluie";"-";"-";"-";"§avaler§son parapluie "
"60";"+";"-";"-";"-";"-";"<E>";" avaler";"-";" sa";"-";" salive";"-";"-";"-";"§avaler§sa salive "
"61";"+";"-";"-";"-";"-";"<E>";" avouer";"-";" ses";"+";" torts";"-";"+";"-";"§avouer§ses torts "
"62";"+";"-";"-";"-";"-";"<E>";" bâcler";"-";" son";"+";" travail";"-";"+";"-";"§bâcler§son travail "
"63";"+";"-";"-";"-";"-";"<E>";" bander";"-";" ses";"-";" efforts";"-";"+";"-";"§bander§ses efforts "
"64";"+";"-";"-";"-";"-";"<E>";" battre";"-";" sa";"-";" coulpe";"-";"-";"-";"§battre§sa coulpe "
"65";"+";"-";"-";"-";"-";"<E>";" battre";"-";" sa";"-";" femme";"-";"-";"-";"§battre§sa femme "
"66";"-";"+";"-";"-";"-";"<E>";" battre";"-";" son";"-";" plein";"-";"-";"-";"§battre§son plein "
"67";"+";"-";"-";"-";"-";"<E>";" bomber";"-";" ses";"+";" pectoraux";"+";"+";"-";"§bomber§ses pectoraux "
"68";"+";"-";"-";"-";"-";"<E>";" bomber";"-";" sa";"+";" poitrine";"+";"+";"-";"§bomber§sa poitrine "
"69";"+";"-";"-";"-";"-";"<E>";" bomber";"-";" son";"+";" thorax";"+";"+";"-";"§bomber§son thorax "
"70";"+";"-";"-";"-";"-";"<E>";" bomber";"-";" son";"+";" torse";"+";"+";"-";"§bomber§son torse "
"71";"+";"-";"-";"-";"-";"<E>";" boucler";"-";" son";"-";" comptes";"-";"+";"-";"§boucler§son comptes "
"72";"+";"-";"-";"-";"-";"<E>";" boucler";"-";" ses";"+";" fins de mois";"-";"+";"-";"§boucler§ses fins de mois "
"73";"+";"-";"-";"-";"-";"<E>";" boucler";"-";" ses";"-";" valises";"-";"+";"-";"§boucler§ses valises "
"74";"+";"-";"-";"-";"+";"ne";" bouder";"-";" son";"+";" plaisir";"-";"-";"-";"§ne bouder§son plaisir "
"75";"+";"-";"-";"-";"-";"<E>";" briser";"-";" ses";"-";" chaînes";"-";"+";"-";"§briser§ses chaînes "
"76";"+";"-";"-";"-";"-";"<E>";" brûler";"-";" sa dernière";"-";" cartouche";"-";"+";"-";"§brûler§sa dernière cartouche "
"77";"+";"-";"-";"-";"-";"<E>";" brûler";"-";" ses dernières";"-";" cartouches";"-";"+";"-";"§brûler§ses dernières cartouches "
"78";"+";"-";"-";"-";"-";"<E>";" brûler";"-";" ses";"-";" vaisseaux";"-";"-";"-";"§brûler§ses vaisseaux "
"79";"+";"-";"-";"-";"-";"<E>";" calculer";"+";" son";"-";" geste";"-";"+";"-";"§calculer§son geste "
"80";"+";"+";"-";"-";"-";"<E>";" caler";"+";" sa";"+";" auto";"-";"+";"-";"§caler§sa auto "
"81";"+";"+";"-";"-";"-";"<E>";" caler";"+";" sa";"+";" automobile";"-";"+";"-";"§caler§sa automobile "
"82";"+";"+";"-";"-";"-";"<E>";" caler";"+";" sa";"+";" camion";"-";"+";"-";"§caler§sa camion "
"83";"+";"+";"-";"-";"-";"<E>";" caler";"+";" son";"+";" moteur";"-";"+";"-";"§caler§son moteur "
"84";"+";"+";"-";"-";"-";"<E>";" caler";"+";" sa";"+";" tracteur";"-";"+";"-";"§caler§sa tracteur "
"85";"+";"+";"-";"-";"-";"<E>";" caler";"+";" sa";"+";" voiture";"-";"+";"-";"§caler§sa voiture "
"86";"+";"+";"-";"-";"-";"<E>";" caler";"+";" son";"+";"Nvoiture";"-";"+";"-";"§caler§sa Nvoiture "
"87";"+";"+";"-";"-";"-";"<E>";" caler";"+";" sa";"+";"Renault";"-";"+";"-";"§caler§sa Renault "
"88";"+";"-";"-";"-";"-";"<E>";" casser";"-";" sa";"-";" pipe";"-";"-";"-";"§casser§sa pipe "
"89";"+";"-";"-";"-";"-";"<E>";" casser";"-";" sa";"-";" tirelire";"-";"-";"-";"§casser§sa tirelire "
"90";"+";"-";"-";"-";"-";"<E>";" cesser";"-";" ses";"-";" paiements";"-";"+";"-";"§cesser§ses paiements "
"91";"+";"-";"-";"-";"-";"<E>";" changer";"-";" ses";"-";" batteries";"-";"-";"-";"§changer§ses batteries "
"92";"+";"-";"-";"-";"-";"<E>";" châtier";"-";" son";"+";" langage";"-";"+";"-";"§châtier§son langage "
"93";"+";"-";"-";"-";"-";"<E>";" châtier";"-";" son";"+";" style";"-";"+";"-";"§châtier§son style "
"94";"+";"-";"-";"-";"-";"<E>";" châtier";"-";" son";"-";" style";"-";"+";"-";"§châtier§son style "
"95";"+";"-";"-";"-";"-";"<E>";" chausser";"-";" ses";"+";" bésicles";"-";"+";"+";"§chausser§ses bésicles "
"96";"+";"-";"-";"-";"-";"<E>";" chausser";"-";" ses";"+";" lunettes";"-";"+";"+";"§chausser§ses lunettes "
"97";"+";"-";"-";"-";"-";"<E>";" chercher";"-";" son";"-";" chemin";"-";"-";"-";"§chercher§son chemin "
"98";"+";"-";"-";"-";"-";"<E>";" chercher";"-";" son";"-";" malheur";"-";"-";"-";"§chercher§son malheur "
"99";"+";"-";"-";"-";"-";"<E>";" chercher";"-";" ses";"-";" mots";"-";"-";"-";"§chercher§ses mots "
"100";"+";"-";"-";"-";"-";"<E>";" chercher";"-";" ses";"+";" racines";"-";"-";"-";"§chercher§ses racines "
"101";"+";"-";"-";"-";"-";"<E>";" chercher";"-";" sa";"-";" route";"-";"-";"-";"§chercher§sa route "
"102";"+";"-";"-";"-";"-";"<E>";" chercher";"-";" sa";"-";" vocation";"-";"-";"-";"§chercher§sa vocation "
"103";"+";"-";"-";"-";"-";"<E>";" chercher";"-";" sa";"-";" voie";"-";"-";"-";"§chercher§sa voie "
"104";"+";"-";"-";"-";"-";"<E>";" choisir";"-";" son";"-";" camp";"-";"-";"-";"§choisir§son camp "
"105";"+";"-";"-";"-";"-";"<E>";" choisir";"-";" ses";"-";" mots";"-";"+";"-";"§choisir§ses mots "
"106";"+";"-";"-";"-";"-";"<E>";" comprendre";"-";" sa";"-";" douleur";"-";"-";"-";"§comprendre§sa douleur "
"107";"+";"-";"-";"-";"-";"<E>";" comprimer";"-";" ses";"-";" larmes";"+";"+";"-";"§comprimer§ses larmes "
"108";"+";"-";"-";"-";"-";"<E>";" compter";"-";" ses";"-";" mots";"-";"+";"-";"§compter§ses mots "
"109";"+";"-";"-";"-";"-";"<E>";" compter";"-";" ses";"-";" pas";"-";"+";"-";"§compter§ses pas "
"110";"+";"-";"-";"-";"-";"<E>";" connaître";"-";" ses";"-";" classiques";"-";"-";"-";"§connaître§ses classiques "
"111";"+";"-";"-";"-";"-";"<E>";" connaître";"-";" sa";"-";" douleur";"-";"-";"-";"§connaître§sa douleur "
"112";"+";"-";"-";"-";"-";"<E>";" connaître";"-";" son";"-";" limites";"-";"+";"-";"§connaître§ses limites "
"113";"+";"-";"-";"-";"-";"<E>";" connaître";"-";" son";"-";" métier";"-";"-";"-";"§connaître§son métier "
"114";"+";"-";"-";"-";"-";"<E>";" connaître";"-";" son";"-";" monde";"-";"-";"-";"§connaître§son monde "
"115";"+";"-";"-";"-";"+";"ne";" connaître pas";"-";" son";"-";" bonheur";"-";"-";"-";"§ne connaître pas§son bonheur "
"116";"+";"-";"-";"-";"+";"ne";" connaître pas";"-";" sa";"-";" force";"-";"-";"-";"§ne connaître pas§sa force "
"117";"+";"-";"-";"-";"-";"<E>";" conserver";"-";" sa";"-";" chemise";"-";"-";"-";"§conserver§sa chemise "
"118";"+";"-";"-";"-";"-";"<E>";" conserver";"-";" sa";"+";" droite";"-";"-";"-";"§conserver§sa droite "
"119";"+";"-";"-";"-";"-";"<E>";" conserver";"-";" son";"+";" nom de jeune fille";"-";"+";"-";"§conserver§son nom de jeune fille "
"120";"+";"-";"-";"-";"-";"<E>";" conserver";"-";" son";"-";" sérieux";"-";"-";"-";"§conserver§son sérieux "
"121";"+";"-";"-";"-";"-";"<E>";" consommer";"-";" son";"-";" mariage";"-";"+";"-";"§consommer§son mariage "
"122";"+";"-";"-";"-";"-";"<E>";" contenir";"-";" son";"-";" émotion";"-";"+";"-";"§contenir§son émotion "
"123";"+";"-";"-";"-";"-";"<E>";" contenir";"-";" son";"-";" sentiment";"-";"+";"-";"§contenir§son sentiment "
"124";"+";"+";"-";"-";"-";"<E>";" continuer";"-";" son petit";"-";" bonhommme de chemin";"-";"-";"-";"§continuer§son petit bonhommme de chemin "
"125";"+";"-";"-";"-";"-";"<E>";" continuer";"-";" son";"+";" chemin";"-";"-";"-";"§continuer§son chemin "
"126";"+";"-";"-";"-";"-";"<E>";" continuer";"-";" sa";"+";" route";"-";"-";"-";"§continuer§sa route "
"127";"+";"-";"-";"-";"-";"<E>";" contrôler";"-";" ses";"-";" nerfs";"+";"-";"-";"§contrôler§ses nerfs "
"128";"+";"-";"-";"-";"-";"<E>";" cracher";"-";" ses";"-";" poumons";"-";"-";"-";"§cracher§ses poumons "
"129";"+";"-";"-";"-";"-";"<E>";" cracher";"-";" son";"-";" venin";"-";"-";"-";"§cracher§son venin "
"130";"+";"-";"-";"-";"-";"<E>";" creuser";"-";" sa propre";"-";" fosse";"-";"+";"-";"§creuser§sa propre fosse "
"131";"+";"-";"-";"-";"-";"<E>";" creuser";"-";" son";"-";" sillon";"-";"+";"-";"§creuser§son sillon "
"132";"+";"-";"+";"-";"+";"n'en";" croire";"-";" ses";"-";" oreilles";"+";"-";"-";"§n'en croire§ses oreilles "
"133";"+";"-";"+";"-";"+";"n'en";" croire";"-";" ses";"-";" yeux";"+";"-";"-";"§n'en croire§ses yeux "
"134";"+";"-";"-";"-";"-";"<E>";" croiser";"-";" ses";"-";" bras";"+";"+";"+";"§croiser§ses bras "
"135";"+";"-";"-";"-";"-";"<E>";" cultiver";"-";" son";"+";" esprit";"-";"+";"+";"§cultiver§son esprit "
"136";"+";"-";"-";"-";"-";"<E>";" cultiver";"-";" son";"-";" jardin";"-";"-";"-";"§cultiver§son jardin "
"137";"+";"-";"-";"-";"-";"<E>";" cuver";"-";" son";"-";" vin";"-";"+";"-";"§cuver§son vin "
"138";"+";"-";"-";"-";"-";"<E>";" déballer";"-";" sa";"-";" camelote";"-";"+";"-";"§déballer§sa camelote "
"139";"+";"-";"-";"-";"-";"<E>";" déballer";"-";" son";"-";" linge sale";"-";"+";"-";"§déballer§son linge sale "
"140";"+";"-";"-";"-";"-";"<E>";" déballer";"-";" sa";"-";" marchandise";"-";"+";"-";"§déballer§sa marchandise "
"141";"+";"-";"-";"-";"-";"<E>";" décliner";"-";" son";"-";" identité";"-";"+";"-";"§décliner§son identité "
"142";"+";"-";"-";"-";"-";"<E>";" découvrir";"-";" ses";"+";" dents";"+";"-";"-";"§découvrir§ses dents "
"143";"+";"-";"-";"-";"-";"<E>";" découvrir";"-";" son";"+";" jeu";"-";"+";"-";"§découvrir§son jeu "
"144";"+";"-";"-";"-";"-";"<E>";" décrocher";"-";" son";"+";" téléphone";"-";"-";"-";"§décrocher§son téléphone "
"145";"+";"-";"-";"-";"-";"<E>";" défendre";"-";" ses";"-";" intérêts";"-";"-";"-";"§défendre§ses intérêts "
"146";"+";"-";"-";"-";"-";"<E>";" défendre";"-";" sa";"-";" patrie";"-";"-";"-";"§défendre§sa patrie "
"147";"+";"-";"-";"-";"-";"<E>";" défendre";"-";" son";"-";" pays";"-";"-";"-";"§défendre§son pays "
"148";"+";"-";"-";"-";"-";"<E>";" défiler";"-";" son";"-";" chapelet";"-";"+";"-";"§défiler§son chapelet "
"149";"+";"-";"-";"-";"-";"<E>";" demander";"-";" son";"+";" position";"-";"+";"-";"§demander§son position "
"150";"+";"-";"-";"-";"-";"<E>";" dépenser";"-";" jusqu'à son dernier";"-";" centime";"-";"+";"-";"§dépenser§jusqu'à son dernier centime "
"151";"+";"-";"-";"-";"-";"<E>";" dépenser";"-";" jusqu'à son dernier";"-";" sou";"-";"+";"-";"§dépenser§jusqu'à son dernier sou "
"152";"-";"+";"-";"-";"-";"<E>";" déployer";"-";" ses";"+";" ailes";"+";"+";"-";"§déployer§ses ailes "
"153";"+";"-";"-";"-";"-";"<E>";" déposer";"-";" ses";"+";" armes";"-";"+";"-";"§déposer§ses armes "
"154";"+";"-";"-";"-";"-";"<E>";" déposer";"-";" son";"-";" bilan";"-";"-";"-";"§déposer§son bilan "
"155";"+";"-";"-";"-";"-";"<E>";" déposer";"-";" ses";"+";" conclusions";"-";"+";"-";"§déposer§ses conclusions "
"156";"+";"+";"-";"-";"-";"<E>";" desserrer";"-";" son";"+";" étau";"-";"+";"-";"§desserrer§son étau "
"157";"+";"-";"-";"-";"-";"<E>";" dévider";"-";" son";"-";" chapelet";"-";"+";"-";"§dévider§son chapelet "
"158";"+";"-";"-";"-";"+";"ne";" dire";"-";" son dernier";"-";" mot";"-";"+";"-";"§ne dire§son dernier mot "
"159";"+";"-";"-";"-";"-";"<E>";" dire";"-";" ses";"+";" prières";"-";"-";"-";"§dire§ses prières "
"160";"+";"-";"-";"-";"-";"<E>";" distiller";"-";" son";"-";" venin";"-";"-";"-";"§distiller§son venin "
"161";"+";"-";"-";"-";"-";"<E>";" donner";"-";" son";"+";" bon à tirer";"-";"+";"-";"§donner§son bon à tirer "
"162";"+";"-";"-";"-";"-";"<E>";" donner";"-";" son";"+";" sang";"+";"+";"-";"§donner§son sang "
"163";"+";"-";"-";"-";"-";"<E>";" donner";"-";" son";"+";" sperme";"+";"+";"-";"§donner§son sperme "
"164";"+";"-";"-";"-";"-";"<E>";" dormir";"-";" son dernier";"-";" sommeil";"-";"-";"-";"§dormir§son dernier sommeil "
"165";"+";"-";"-";"-";"-";"<E>";" dresser";"-";" ses";"+";" batteries";"-";"+";"-";"§dresser§ses batteries "
"166";"+";"-";"-";"-";"-";"<E>";" durcir";"-";" sa";"+";" position";"-";"+";"-";"§durcir§sa position "
"167";"+";"-";"-";"-";"-";"<E>";" échauffer";"-";" ses";"-";" muscles";"+";"+";"+";"§échauffer§ses muscles "
"168";"+";"-";"-";"-";"-";"<E>";" éclaircir";"-";" sa";"-";" gorge";"+";"-";"+";"§éclaircir§sa gorge "
"169";"+";"-";"-";"-";"-";"<E>";" éclaircir";"-";" sa";"-";" voix";"-";"-";"+";"§éclaircir§sa voix "
"170";"+";"-";"-";"-";"-";"<E>";" écouter";"-";" sa";"+";" conscience";"-";"-";"-";"§écouter§sa conscience "
"171";"+";"-";"-";"-";"-";"<E>";" écouter";"-";" sa";"-";" mère";"-";"-";"-";"§écouter§sa mère "
"172";"+";"-";"-";"-";"-";"<E>";" écouter";"-";" ses";"-";" parents";"-";"-";"-";"§écouter§ses parents "
"173";"+";"-";"-";"-";"-";"<E>";" écouter";"-";" son";"-";" père";"-";"-";"-";"§écouter§son père "
"174";"+";"-";"-";"-";"+";"n'";" écouter que";"-";" son";"-";" coeur";"+";"-";"-";"§n'écouter que§son coeur "
"175";"+";"-";"-";"-";"+";"n'";" écouter que";"-";" son";"-";" courage";"-";"-";"-";"§n'écouter que§son courage "
"176";"+";"-";"-";"-";"+";"n'";" écouter que";"-";" son";"-";" devoir";"-";"-";"-";"§n'écouter que§son devoir "
"177";"+";"-";"-";"-";"-";"<E>";" écrire";"-";" ses";"+";" mémoires";"-";"+";"-";"§écrire§ses mémoires "
"178";"+";"-";"-";"-";"-";"<E>";" égrener";"-";" son";"-";" chapelet";"-";"+";"-";"§égrener§son chapelet "
"179";"-";"+";"-";"-";"-";"<E>";" égrener";"-";" ses";"+";" coups";"-";"-";"-";"§égrener§ses coups "
"180";"-";"+";"-";"-";"+";"n'";" engager que";"-";" son";"+";" auteur";"-";"-";"-";"§n'engager que§son auteur "
"181";"+";"-";"-";"-";"-";"<E>";" entendre";"-";" ses quatre";"-";" vérités";"-";"-";"-";"§entendre§ses quatre vérités "
"182";"+";"-";"-";"-";"-";"<E>";" enterrer";"-";" sa";"+";" vie de garcon";"-";"-";"-";"§enterrer§sa vie de garcon "
"183";"+";"-";"-";"-";"+";"n'";" épargner";"-";" ses";"+";" efforts";"-";"+";"-";"§n'épargner§ses efforts "
"184";"+";"-";"-";"-";"+";"n'";" épargner";"-";" sa";"-";" peine";"-";"+";"-";"§n'épargner§sa peine "
"185";"+";"-";"-";"-";"+";"n'";" épargner";"-";" sa";"-";" salive";"-";"+";"-";"§n'épargner§sa salive "
"186";"+";"-";"-";"-";"-";"<E>";" épouser";"-";" son";"-";" temps";"-";"-";"-";"§épouser§son temps "
"187";"+";"-";"-";"-";"-";"<E>";" essayer";"-";" ses";"-";" ailes";"+";"+";"-";"§essayer§ses ailes "
"188";"+";"-";"-";"-";"-";"<E>";" étaler";"-";" sa";"-";" camelote";"-";"+";"-";"§étaler§sa camelote "
"189";"+";"-";"-";"-";"-";"<E>";" étaler";"-";" son";"-";" jeu";"-";"+";"-";"§étaler§son jeu "
"190";"+";"-";"-";"-";"-";"<E>";" étaler";"-";" sa";"-";" marchandise";"-";"+";"-";"§étaler§sa marchandise "
"191";"+";"-";"-";"-";"-";"<E>";" étendre";"-";" ses";"+";" conquêtes";"-";"+";"-";"§étendre§ses conquêtes "
"192";"+";"-";"-";"-";"-";"<E>";" étirer";"-";" ses";"-";" membres";"+";"+";"+";"§étirer§ses membres "
"193";"+";"-";"-";"-";"-";"<E>";" expédier";"-";" son";"+";" repas";"-";"+";"-";"§expédier§son repas "
"194";"+";"-";"-";"-";"-";"<E>";" faire";"-";" ses";"-";" Pâques";"-";"+";"-";"§fait§ses Pâques "
"195";"+";"-";"-";"-";"-";"<E>";" faire";"-";" ses";"-";" ablutions";"-";"+";"-";"§fait§ses ablutions "
"196";"+";"-";"-";"-";"+";"ne";" faire";"-";" son";"-";" âge";"-";"-";"-";"§ne fait§son âge "
"197";"-";"+";"-";"-";"-";"<E>";" faire";"-";" son";"+";" apparition";"-";"-";"-";"§fait§son apparition "
"198";"+";"-";"-";"-";"-";"<E>";" faire";"-";" son";"+";" autocritique";"-";"-";"-";"§fait§son autocritique "
"199";"+";"-";"-";"-";"-";"<E>";" faire";"-";" son";"+";" autoportrait";"-";"+";"-";"§fait§son autoportrait "
"200";"+";"-";"-";"-";"-";"<E>";" faire";"-";" son";"-";" baluchon";"-";"+";"-";"§fait§son baluchon "
"201";"+";"-";"-";"-";"-";"<E>";" faire";"-";" son";"-";" beurre";"-";"-";"-";"§fait§son beurre "
"202";"+";"-";"-";"-";"-";"<E>";" faire";"-";" son";"-";" chemin";"-";"-";"-";"§fait§son chemin "
"203";"-";"+";"-";"-";"-";"<E>";" faire";"-";" son";"-";" chemin";"-";"-";"-";"§fait§son chemin "
"204";"+";"-";"-";"-";"-";"<E>";" faire";"-";" sa";"-";" chochotte";"-";"-";"-";"§fait§sa chochotte "
"205";"+";"-";"-";"-";"-";"<E>";" faire";"-";" ses";"-";" classes";"-";"+";"-";"§fait§ses classes "
"206";"+";"-";"-";"-";"-";"<E>";" faire";"-";" sa grande";"-";" commission";"-";"+";"-";"§fait§sa grande commission "
"207";"+";"-";"-";"-";"-";"<E>";" faire";"-";" sa petite";"-";" commission";"-";"+";"-";"§fait§sa petite commission "
"208";"+";"-";"-";"-";"-";"<E>";" faire";"-";" ses";"-";" comptes";"-";"-";"-";"§fait§ses comptes "
"209";"+";"-";"-";"-";"-";"<E>";" faire";"-";" ses";"+";" courses";"-";"+";"-";"§fait§ses courses "
"210";"+";"+";"-";"-";"-";"<E>";" faire";"-";" ses";"+";" débuts";"-";"-";"-";"§fait§ses débuts "
"211";"+";"-";"-";"-";"-";"<E>";" faire";"-";" son";"-";" devoir";"-";"-";"-";"§fait§son devoir "
"212";"+";"-";"-";"-";"-";"<E>";" faire";"-";" ses";"-";" devoirs";"-";"+";"-";"§fait§ses devoirs "
"213";"+";"-";"-";"-";"-";"<E>";" faire";"-";" sa";"-";" digestion";"-";"+";"+";"§fait§sa digestion "
"214";"+";"+";"-";"-";"-";"<E>";" faire";"-";" son";"-";" effet";"-";"-";"-";"§fait§son effet "
"215";"+";"+";"-";"-";"-";"<E>";" faire";"-";" son petit";"-";" effet";"-";"-";"-";"§fait§son petit effet "
"216";"+";"-";"-";"-";"-";"<E>";" faire";"-";" son";"+";" foin";"-";"+";"-";"§fait§son foin "
"217";"+";"-";"-";"-";"-";"<E>";" faire";"-";" ses";"-";" frais";"-";"-";"-";"§fait§ses frais "
"218";"+";"-";"-";"-";"-";"<E>";" faire";"-";" sa";"-";" malle";"-";"+";"+";"§fait§sa malle "
"219";"+";"-";"-";"-";"-";"<E>";" faire";"-";" son";"-";" marché";"-";"+";"-";"§fait§son marché "
"220";"+";"-";"-";"-";"-";"<E>";" faire";"-";" son";"-";" mea culpa";"-";"+";"-";"§fait§son mea culpa "
"221";"+";"-";"-";"-";"-";"<E>";" faire";"-";" son";"-";" métier";"-";"+";"-";"§fait§son métier "
"222";"+";"-";"-";"-";"-";"<E>";" faire";"-";" son";"-";" nom";"-";"-";"+";"§fait§son nom "
"223";"+";"-";"-";"-";"-";"<E>";" faire";"-";" sa";"-";" nuit";"-";"-";"-";"§fait§sa nuit "
"224";"-";"+";"-";"-";"-";"<E>";" faire";"-";" son";"+";" oeuvre";"-";"+";"-";"§fait§son oeuvre "
"225";"-";"+";"-";"-";"-";"<E>";" faire";"-";" son";"-";" office";"-";"-";"-";"§fait§son office "
"226";"+";"-";"-";"-";"-";"<E>";" faire";"-";" sa";"-";" part du chemin";"-";"+";"-";"§fait§sa part du chemin "
"227";"+";"-";"-";"-";"-";"<E>";" faire";"-";" sa";"-";" pelote";"-";"-";"-";"§fait§sa pelote "
"228";"+";"+";"-";"-";"-";"<E>";" faire";"-";" ses";"-";" preuves";"-";"+";"-";"§fait§ses preuves "
"229";"+";"-";"-";"-";"-";"<E>";" faire";"-";" sa";"+";" prière";"-";"+";"-";"§fait§sa prière "
"230";"+";"-";"-";"-";"-";"<E>";" faire";"-";" sa";"+";" rentrée";"-";"-";"-";"§fait§sa rentrée "
"231";"+";"-";"-";"-";"-";"<E>";" faire";"-";" son";"-";" service militaire";"-";"+";"-";"§fait§son service militaire "
"232";"+";"-";"-";"-";"-";"<E>";" faire";"-";" sa";"-";" sophie";"-";"-";"-";"§fait§sa sophie "
"233";"+";"-";"-";"-";"-";"<E>";" faire";"-";" son";"-";" temps";"-";"+";"-";"§fait§son temps "
"234";"-";"+";"-";"-";"-";"<E>";" faire";"-";" son";"-";" temps";"-";"-";"-";"§fait§son temps "
"235";"+";"-";"-";"-";"-";"<E>";" faire";"-";" sa";"-";" tête des grands jours";"+";"+";"-";"§fait§sa tête des grands jours "
"236";"+";"-";"-";"-";"-";"<E>";" faire";"-";" sa";"+";" toilette";"-";"+";"+";"§fait§sa toilette "
"237";"+";"-";"-";"-";"-";"<E>";" faire";"-";" son";"-";" travail";"-";"+";"-";"§fait§son travail "
"238";"+";"-";"-";"-";"-";"<E>";" faire";"-";" son";"-";" trou";"-";"-";"-";"§fait§son trou "
"239";"+";"-";"-";"-";"-";"<E>";" faire";"-";" sa";"-";" valise";"-";"+";"+";"§fait§sa valise "
"240";"+";"-";"-";"-";"-";"<E>";" faire";"-";" sa";"-";" vie";"-";"+";"-";"§fait§sa vie "
"241";"+";"-";"-";"-";"-";"<E>";" fermer";"-";" son";"-";" bec ";"+";"-";"-";"§fermer§son bec "
"242";"+";"-";"-";"-";"-";"<E>";" fermer";"-";" sa";"-";" boîte";"+";"-";"-";"§fermer§sa boîte "
"243";"+";"-";"-";"-";"-";"<E>";" fermer";"-";" son";"-";" clapet ";"+";"-";"-";"§fermer§son clapet "
"244";"+";"-";"-";"-";"-";"<E>";" fermer";"-";" sa";"-";" garde";"-";"+";"-";"§fermer§sa garde "
"245";"+";"-";"-";"-";"-";"<E>";" fermer";"-";" sa";"-";" gueule";"+";"-";"-";"§fermer§sa gueule "
"246";"-";"+";"-";"-";"-";"<E>";" fermer";"-";" ses";"-";" portes";"-";"+";"-";"§fermer§ses portes "
"247";"+";"-";"-";"-";"-";"<E>";" fignoler";"-";" son";"+";" travail";"-";"+";"-";"§fignoler§son travail "
"248";"+";"+";"-";"-";"-";"<E>";" finir";"-";" son";"-";" temps";"-";"+";"-";"§finir§son temps "
"249";"+";"-";"-";"-";"-";"<E>";" forcer";"-";" sa";"+";" nature";"-";"+";"-";"§forcer§sa nature "
"250";"+";"-";"-";"-";"-";"<E>";" forcer";"-";" son";"+";" talent";"-";"+";"-";"§forcer§son talent "
"251";"+";"-";"-";"-";"-";"<E>";" fourbir";"-";" ses";"-";" armes";"-";"-";"-";"§fourbir§ses armes "
"252";"+";"-";"-";"-";"-";"<E>";" fuir";"-";" ses";"-";" responsabilités";"-";"-";"-";"§fuir§ses responsabilités "
"253";"+";"-";"-";"-";"-";"<E>";" gagner";"-";" son";"-";" pari";"-";"+";"-";"§gagner§son pari "
"254";"+";"-";"-";"-";"-";"<E>";" garder";"-";" son";"+";" anonymat";"-";"+";"-";"§garder§son anonymat "
"255";"+";"-";"-";"-";"-";"<E>";" garder";"-";" sa";"-";" chemise";"-";"-";"-";"§garder§sa chemise "
"256";"+";"-";"-";"-";"-";"<E>";" garder";"-";" sa";"+";" droite";"-";"-";"-";"§garder§sa droite "
"257";"+";"-";"-";"-";"-";"<E>";" garder";"-";" son";"+";" incognito";"-";"+";"-";"§garder§son incognito "
"258";"+";"-";"-";"-";"-";"<E>";" garder";"-";" son";"+";" nom de jeune fille";"-";"+";"-";"§garder§son nom de jeune fille "
"259";"+";"-";"-";"-";"-";"<E>";" garder";"-";" son";"-";" sérieux";"-";"-";"-";"§garder§son sérieux "
"260";"+";"-";"-";"-";"-";"<E>";" gaspiller";"-";" sa";"-";" salive";"-";"+";"-";"§gaspiller§sa salive "
"261";"+";"-";"-";"-";"-";"<E>";" gratter";"-";" sa";"-";" tête";"+";"-";"+";"§gratter§sa tête "
"262";"+";"-";"-";"-";"-";"<E>";" gravir";"-";" son";"+";" calvaire";"-";"-";"-";"§gravir§son calvaire "
"263";"+";"-";"-";"-";"-";"<E>";" honorer";"-";" ses";"+";" échéances";"-";"+";"-";"§honorer§ses échéances "
"264";"+";"-";"-";"-";"-";"<E>";" honorer";"-";" ses";"+";" engagements";"-";"+";"-";"§honorer§ses engagements "
"265";"+";"-";"-";"-";"-";"<E>";" honorer";"-";" sa";"-";" mère";"-";"+";"-";"§honorer§sa mère "
"266";"+";"-";"-";"-";"-";"<E>";" honorer";"-";" ses";"-";" parents";"-";"+";"-";"§honorer§ses parents "
"267";"+";"-";"-";"-";"-";"<E>";" honorer";"-";" sa";"+";" parole";"-";"+";"-";"§honorer§sa parole "
"268";"+";"-";"-";"-";"-";"<E>";" honorer";"-";" son";"-";" père";"-";"+";"-";"§honorer§son père "
"269";"+";"-";"-";"-";"-";"<E>";" honorer";"-";" sa";"-";" signature";"-";"+";"-";"§honorer§sa signature "
"270";"+";"-";"-";"-";"-";"<E>";" humecter";"-";" ses";"-";" lèvres";"+";"-";"+";"§humecter§ses lèvres "
"271";"+";"-";"-";"-";"-";"<E>";" interroger";"-";" son";"-";" coeur";"+";"-";"+";"§interroger§son coeur "
"272";"+";"-";"-";"-";"-";"<E>";" jeter";"-";" son";"+";" arme";"-";"+";"-";"§jeter§son arme "
"273";"+";"-";"-";"-";"-";"<E>";" jeter";"-";" sa";"-";" gourme";"-";"-";"-";"§jeter§sa gourme "
"274";"+";"-";"-";"-";"-";"<E>";" jeter";"-";" son";"-";" venin";"-";"+";"-";"§jeter§son venin "
"275";"+";"-";"-";"-";"-";"<E>";" jouer";"-";" sa dernière";"-";" carte";"-";"-";"-";"§jouer§sa dernière carte "
"276";"+";"-";"-";"-";"-";"<E>";" jouer";"-";" son";"-";" existence";"-";"-";"-";"§jouer§son existence "
"277";"+";"-";"-";"-";"-";"<E>";" jouer";"-";" sa";"-";" peau";"+";"-";"-";"§jouer§sa peau "
"278";"+";"-";"-";"-";"-";"<E>";" jouer";"-";" sa";"-";" tête";"+";"-";"-";"§jouer§sa tête "
"279";"+";"-";"-";"-";"-";"<E>";" jouer";"-";" son";"-";" va-tout";"-";"+";"-";"§jouer§son va-tout "
"280";"+";"-";"-";"-";"-";"<E>";" jouer";"-";" sa";"-";" vie";"-";"-";"-";"§jouer§sa vie "
"281";"+";"-";"-";"-";"-";"<E>";" lâcher";"-";" son";"+";" argent";"-";"+";"-";"§lâcher§son argent "
"282";"+";"-";"-";"-";"-";"<E>";" lâcher";"-";" son";"-";" paquet";"-";"+";"-";"§lâcher§son paquet "
"283";"+";"-";"-";"-";"-";"<E>";" lâcher";"-";" ses";"+";" sous";"-";"+";"-";"§lâcher§ses sous "
"284";"+";"-";"-";"-";"-";"<E>";" lâcher";"-";" son";"-";" venin";"-";"+";"-";"§lâcher§son venin "
"285";"+";"-";"-";"+";"-";"y";" laisser";"-";" son";"-";" latin";"-";"-";"-";"§y laisser§son latin "
"286";"+";"-";"-";"-";"-";"<E>";" louper";"-";" son";"-";" coup";"-";"+";"-";"§louper§son coup "
"287";"+";"+";"-";"-";"-";"<E>";" louper";"-";" son";"+";" effet";"-";"+";"-";"§louper§son effet "
"288";"+";"-";"-";"-";"-";"<E>";" louper";"-";" son";"-";" entrée";"-";"+";"-";"§louper§son entrée "
"289";"+";"-";"-";"-";"-";"<E>";" mâcher";"-";" son";"-";" crayon";"-";"+";"-";"§mâcher§son crayon "
"290";"+";"-";"-";"-";"-";"<E>";" mâchonner";"-";" son";"-";" crayon";"-";"+";"-";"§mâchonner§son crayon "
"291";"+";"-";"-";"-";"-";"<E>";" mâchouiller";"-";" son";"-";" crayon";"-";"+";"-";"§mâchouiller§son crayon "
"292";"+";"-";"-";"-";"-";"<E>";" maintenir";"-";" sa";"-";" parole";"-";"-";"-";"§maintenir§sa parole "
"293";"+";"-";"-";"-";"-";"<E>";" maîtriser";"-";" ses";"-";" nerfs";"+";"-";"-";"§maîtriser§ses nerfs "
"294";"+";"-";"-";"-";"-";"<E>";" manger";"-";" ses";"-";" doigts";"+";"+";"+";"§manger§ses doigts "
"295";"+";"-";"-";"-";"-";"<E>";" manger";"-";" sa";"-";" merde";"-";"-";"-";"§manger§sa merde "
"296";"+";"-";"-";"-";"-";"<E>";" manger";"-";" ses";"-";" mots";"-";"-";"-";"§manger§ses mots "
"297";"+";"-";"-";"-";"-";"<E>";" manger";"-";" ses";"-";" ongles";"+";"+";"+";"§manger§ses ongles "
"298";"+";"-";"-";"-";"-";"<E>";" manger";"-";" son";"-";" pain blanc";"-";"-";"-";"§manger§son pain blanc "
"299";"+";"-";"-";"-";"-";"<E>";" manquer";"-";" son";"-";" coup";"-";"+";"-";"§manquer§son coup "
"300";"+";"+";"-";"-";"-";"<E>";" manquer";"-";" son";"+";" effet";"-";"+";"-";"§manquer§son effet "
"301";"+";"-";"-";"-";"-";"<E>";" manquer";"-";" son";"-";" entrée";"-";"+";"-";"§manquer§son entrée "
"302";"+";"-";"-";"-";"-";"<E>";" manquer";"-";" sa";"-";" vocation";"-";"+";"-";"§manquer§sa vocation "
"303";"+";"-";"-";"-";"-";"<E>";" marquer";"-";" sa";"+";" page";"-";"+";"-";"§marquer§sa page "
"304";"+";"+";"-";"-";"-";"<E>";" marquer";"-";" son";"-";" territoire";"-";"+";"-";"§marquer§son territoire "
"305";"+";"-";"-";"-";"-";"<E>";" ménager";"-";" ses";"-";" effets";"-";"-";"-";"§ménager§ses effets "
"306";"+";"-";"-";"-";"-";"<E>";" ménager";"-";" sa";"+";" monture";"-";"-";"-";"§ménager§sa monture "
"307";"+";"-";"-";"-";"+";"ne";" ménager pas";"-";" ses";"-";" applaudissements";"-";"+";"-";"§ne ménager pas§ses applaudissements "
"308";"+";"-";"-";"-";"+";"ne";" ménager pas";"-";" ses";"-";" bravos";"-";"+";"-";"§ne ménager pas§ses bravos "
"309";"+";"-";"-";"-";"+";"ne";" ménager pas";"-";" ses";"-";" hourras";"-";"+";"-";"§ne ménager pas§ses hourras "
"310";"+";"-";"-";"-";"-";"<E>";" mener";"-";" sa";"+";" vie";"-";"-";"-";"§mener§sa vie "
"311";"+";"-";"-";"-";"-";"<E>";" mesurer";"-";" sa";"+";" décision";"-";"+";"-";"§mesurer§sa décision "
"312";"+";"-";"-";"-";"-";"<E>";" mesurer";"-";" sa";"+";" déclaration";"-";"+";"-";"§mesurer§sa déclaration "
"313";"+";"-";"-";"-";"-";"<E>";" mesurer";"-";" ses";"-";" expressions";"-";"+";"-";"§mesurer§ses expressions "
"314";"+";"-";"-";"-";"-";"<E>";" mesurer";"-";" ses";"-";" gestes";"-";"+";"-";"§mesurer§ses gestes "
"315";"+";"-";"-";"-";"-";"<E>";" mesurer";"-";" son";"+";" intervention";"-";"+";"-";"§mesurer§son intervention "
"316";"+";"-";"-";"-";"-";"<E>";" mesurer";"-";" son";"-";" langage";"-";"+";"-";"§mesurer§son langage "
"317";"+";"-";"-";"-";"-";"<E>";" mesurer";"-";" ses";"-";" mots";"-";"+";"-";"§mesurer§ses mots "
"318";"+";"-";"-";"-";"-";"<E>";" mesurer";"-";" ses";"-";" paroles";"-";"+";"-";"§mesurer§ses paroles "
"319";"+";"-";"-";"-";"-";"<E>";" mesurer";"-";" ses";"-";" pas";"-";"+";"-";"§mesurer§ses pas "
"320";"+";"-";"-";"-";"-";"<E>";" mesurer";"-";" ses";"+";" propos";"-";"+";"-";"§mesurer§ses propos "
"321";"+";"-";"-";"-";"-";"<E>";" mettre";"-";" ses plus beaux";"+";" atours";"-";"+";"-";"§mettre§ses plus beaux atours "
"322";"+";"-";"-";"-";"-";"<E>";" monter";"-";" son";"-";" ménage";"-";"+";"-";"§monter§son ménage "
"323";"+";"-";"-";"-";"-";"<E>";" montrer";"-";" sa";"-";" boutique";"-";"-";"-";"§montrer§sa boutique "
"324";"+";"-";"-";"-";"-";"<E>";" montrer";"-";" son";"-";" cul";"+";"-";"-";"§montrer§son cul "
"325";"+";"-";"-";"-";"-";"<E>";" mouiller";"-";" sa";"-";" culotte";"-";"-";"+";"§mouiller§sa culotte "
"326";"+";"-";"-";"-";"-";"<E>";" mûrir";"-";" sa";"+";" décision";"-";"+";"-";"§mûrir§sa décision "
"327";"+";"-";"-";"-";"-";"<E>";" mûrir";"-";" sa";"+";" déclaration";"-";"+";"-";"§mûrir§sa déclaration "
"328";"+";"-";"-";"-";"-";"<E>";" mûrir";"-";" sa";"+";" intervention";"-";"+";"-";"§mûrir§sa intervention "
"329";"+";"-";"-";"-";"-";"<E>";" négliger";"-";" son";"-";" devoir";"-";"+";"-";"§négliger§son devoir "
"330";"+";"-";"-";"-";"-";"<E>";" négliger";"-";" sa";"+";" tenue";"-";"+";"-";"§négliger§sa tenue "
"331";"+";"-";"-";"-";"-";"<E>";" nier";"-";" ses";"+";" torts";"-";"+";"-";"§nier§ses torts "
"332";"-";"+";"-";"-";"-";"<E>";" nourrir";"-";" son";"-";" homme";"-";"-";"-";"§nourrir§son homme "
"333";"+";"-";"-";"-";"-";"<E>";" numéroter";"-";" ses";"-";" abattis";"-";"-";"+";"§numéroter§ses abattis "
"334";"+";"-";"-";"-";"-";"<E>";" oublier";"-";" ses";"-";" peines";"-";"+";"-";"§oublier§ses peines "
"335";"+";"-";"-";"-";"-";"<E>";" oublier";"-";" ses";"-";" soucis";"-";"+";"-";"§oublier§ses soucis "
"336";"+";"-";"-";"-";"-";"<E>";" ouvrir";"-";" sa";"-";" garde";"-";"+";"-";"§ouvrir§sa garde "
"337";"-";"+";"-";"-";"-";"<E>";" ouvrir";"-";" ses";"-";" portes";"-";"+";"-";"§ouvrir§ses portes "
"338";"+";"-";"-";"-";"-";"<E>";" ouvrir";"-";" ses";"-";" quinquets";"-";"+";"+";"§ouvrir§ses quinquets "
"339";"+";"-";"-";"-";"-";"<E>";" paraître";"-";" son";"-";" âge";"-";"-";"-";"§paraître§son âge "
"340";"+";"-";"-";"-";"+";"ne";" paraître";"-";" son";"-";" âge";"-";"-";"-";"§ne paraître§son âge "
"341";"+";"-";"-";"-";"-";"<E>";" passer";"-";" son";"+";" bac";"-";"+";"-";"§passer§son bac "
"342";"+";"-";"-";"-";"-";"<E>";" passer";"-";" son";"+";" baccalauréat";"-";"+";"-";"§passer§son baccalauréat "
"343";"+";"-";"-";"-";"-";"<E>";" passer";"-";" son";"-";" chemin";"-";"-";"-";"§passer§son chemin "
"344";"+";"-";"-";"-";"-";"<E>";" passer";"-";" sa";"-";" route";"-";"-";"-";"§passer§sa route "
"345";"+";"-";"-";"-";"-";"<E>";" passer";"-";" son";"-";" tour";"-";"+";"-";"§passer§son tour "
"346";"+";"-";"-";"-";"-";"<E>";" payer";"-";" son";"-";" crime";"-";"-";"-";"§payer§son crime "
"347";"+";"-";"-";"-";"-";"<E>";" payer";"-";" son";"-";" écot";"-";"+";"-";"§payer§son écot "
"348";"+";"-";"-";"-";"-";"<E>";" payer";"-";" ses";"-";" fautes";"-";"-";"-";"§payer§ses fautes "
"349";"+";"-";"-";"-";"-";"<E>";" payer";"-";" son";"-";" forfait";"-";"-";"-";"§payer§son forfait "
"350";"+";"+";"-";"-";"-";"<E>";" penser";"-";" ses";"+";" plaies";"-";"+";"-";"§penser§ses plaies "
"351";"+";"-";"-";"-";"-";"<E>";" perdre";"-";" son";"-";" calme";"-";"-";"-";"§perdre§son calme "
"352";"+";"-";"-";"-";"-";"<E>";" perdre";"-";" son";"-";" chemin";"-";"+";"-";"§perdre§son chemin "
"353";"+";"-";"-";"-";"-";"<E>";" perdre";"-";" sa";"-";" chemise";"-";"-";"-";"§perdre§sa chemise "
"354";"+";"-";"-";"-";"-";"<E>";" perdre";"-";" ses";"+";" cheveux";"+";"-";"-";"§perdre§ses cheveux "
"355";"+";"-";"-";"-";"-";"<E>";" perdre";"-";" ses";"-";" couleurs";"-";"-";"-";"§perdre§ses couleurs "
"356";"+";"-";"-";"-";"-";"<E>";" perdre";"-";" sa";"-";" culotte";"-";"-";"-";"§perdre§sa culotte "
"357";"+";"-";"-";"-";"-";"<E>";" perdre";"-";" ses";"+";" dents";"+";"-";"-";"§perdre§ses dents "
"358";"+";"-";"-";"-";"-";"<E>";" perdre";"-";" ses";"-";" droits";"-";"-";"-";"§perdre§ses droits "
"359";"+";"-";"-";"-";"-";"<E>";" perdre";"-";" sa";"-";" fleur";"-";"+";"-";"§perdre§sa fleur "
"360";"+";"-";"-";"-";"-";"<E>";" perdre";"-";" son";"+";" honneur";"-";"+";"-";"§perdre§son honneur "
"361";"+";"-";"-";"-";"-";"<E>";" perdre";"-";" sa";"-";" langue";"+";"-";"-";"§perdre§sa langue "
"362";"+";"-";"-";"+";"-";"y";" perdre";"-";" son";"-";" latin";"-";"-";"-";"§y perdre§son latin "
"363";"+";"-";"-";"-";"-";"<E>";" perdre";"-";" sa";"+";" page";"-";"+";"-";"§perdre§sa page "
"364";"+";"-";"-";"-";"-";"<E>";" perdre";"-";" son";"+";" pari";"-";"+";"-";"§perdre§son pari "
"365";"+";"-";"-";"-";"-";"<E>";" perdre";"-";" ses";"-";" plumes";"+";"+";"-";"§perdre§ses plumes "
"366";"+";"-";"-";"-";"-";"<E>";" perdre";"-";" son";"-";" pucelage";"-";"+";"-";"§perdre§son pucelage "
"367";"+";"-";"-";"-";"-";"<E>";" perdre";"-";" sa";"+";" réputation";"-";"+";"-";"§perdre§sa réputation "
"368";"+";"-";"-";"-";"-";"<E>";" perdre";"-";" sa";"+";" respiration";"-";"-";"-";"§perdre§sa respiration "
"369";"+";"+";"-";"-";"-";"<E>";" perdre";"-";" sa";"+";" rose";"-";"+";"-";"§perdre§sa rose "
"370";"+";"-";"-";"-";"-";"<E>";" perdre";"-";" sa";"-";" route";"-";"+";"-";"§perdre§sa route "
"371";"+";"-";"-";"-";"-";"<E>";" perdre";"-";" sa";"-";" salive";"-";"-";"-";"§perdre§sa salive "
"372";"+";"-";"-";"-";"-";"<E>";" perdre";"-";" son";"+";" sang";"+";"+";"-";"§perdre§son sang "
"373";"+";"-";"-";"-";"-";"<E>";" perdre";"-";" son";"-";" sang-froid";"+";"-";"-";"§perdre§son sang-froid "
"374";"+";"-";"-";"-";"-";"<E>";" perdre";"-";" son";"-";" sérieux";"-";"-";"-";"§perdre§son sérieux "
"375";"+";"-";"-";"-";"-";"<E>";" perdre";"-";" son";"-";" souffle";"-";"-";"-";"§perdre§son souffle "
"376";"+";"-";"-";"-";"-";"<E>";" perdre";"-";" sa";"-";" tête";"+";"-";"-";"§perdre§sa tête "
"377";"-";"+";"-";"-";"-";"<E>";" perdre";"-";" son";"-";" tour";"-";"-";"-";"§perdre§son tour "
"378";"+";"-";"-";"-";"-";"<E>";" perdre";"-";" sa";"-";" virginité";"-";"+";"-";"§perdre§sa virginité "
"379";"+";"-";"-";"-";"-";"<E>";" peser";"-";" sa";"-";" décision";"-";"+";"-";"§peser§sa décision "
"380";"+";"-";"-";"-";"-";"<E>";" peser";"-";" sa";"-";" déclaration";"-";"-";"-";"§peser§sa déclaration "
"381";"+";"-";"-";"-";"-";"<E>";" peser";"-";" ses";"-";" expressions";"-";"+";"-";"§peser§ses expressions "
"382";"+";"-";"-";"-";"-";"<E>";" peser";"-";" ses";"-";" gestes";"-";"+";"-";"§peser§ses gestes "
"383";"+";"-";"-";"-";"-";"<E>";" peser";"-";" son";"+";" intervention";"-";"+";"-";"§peser§son intervention "
"384";"+";"-";"-";"-";"-";"<E>";" peser";"-";" son";"+";" langage";"-";"+";"-";"§peser§son langage "
"385";"+";"-";"-";"-";"-";"<E>";" peser";"-";" ses";"-";" mots";"-";"+";"-";"§peser§ses mots "
"386";"+";"-";"-";"-";"-";"<E>";" peser";"-";" ses";"-";" paroles";"-";"+";"-";"§peser§ses paroles "
"387";"+";"-";"-";"-";"-";"<E>";" placer";"-";" ses";"-";" billes";"-";"+";"-";"§placer§ses billes "
"388";"+";"-";"-";"-";"-";"<E>";" placer";"-";" sa";"-";" gauche";"-";"+";"-";"§placer§sa gauche "
"389";"+";"-";"-";"-";"-";"<E>";" placer";"-";" ses";"-";" pions";"-";"+";"-";"§placer§ses pions "
"390";"+";"-";"-";"-";"-";"<E>";" placer";"-";" sa";"-";" voix";"-";"+";"+";"§placer§sa voix "
"391";"-";"+";"-";"-";"-";"<E>";" planter";"-";" ses";"-";" choux";"-";"-";"-";"§planter§ses choux "
"392";"+";"-";"-";"-";"-";"<E>";" pleurer";"-";" ses";"+";" morts";"-";"-";"-";"§pleurer§ses morts "
"393";"+";"-";"-";"-";"-";"<E>";" plier";"-";" ses";"-";" gaules";"-";"-";"-";"§plier§ses gaules "
"394";"+";"-";"-";"-";"-";"<E>";" plier";"-";" sa";"-";" tente";"-";"+";"-";"§plier§sa tente "
"395";"+";"-";"-";"-";"-";"<E>";" porter";"-";" son";"-";" âge";"-";"-";"-";"§porter§son âge "
"396";"+";"-";"-";"-";"-";"<E>";" porter";"-";" sa";"-";" croix";"-";"-";"-";"§porter§sa croix "
"397";"-";"+";"-";"-";"-";"<E>";" porter";"-";" ses";"-";" fruits";"-";"-";"-";"§porter§ses fruits "
"398";"+";"+";"-";"-";"-";"<E>";" poursuivre";"-";" son petit";"-";" bonhommme de chemin";"-";"-";"-";"§poursuivre§son petit bonhommme de chemin "
"399";"+";"-";"-";"-";"-";"<E>";" poursuivre";"-";" sa";"-";" carrière";"-";"-";"-";"§poursuivre§sa carrière "
"400";"+";"-";"-";"-";"-";"<E>";" poursuivre";"-";" son";"+";" chemin";"-";"-";"-";"§poursuivre§son chemin "
"401";"+";"-";"-";"-";"-";"<E>";" poursuivre";"-";" sa";"+";" route";"-";"-";"-";"§poursuivre§sa route "
"402";"+";"-";"-";"-";"-";"<E>";" pousser";"-";" son";"-";" avantage";"-";"+";"-";"§pousser§son avantage "
"403";"+";"-";"-";"-";"-";"<E>";" pousser";"-";" ses";"-";" fesses";"+";"-";"+";"§pousser§ses fesses "
"404";"+";"-";"-";"-";"-";"<E>";" pousser";"-";" son";"-";" moteur";"-";"+";"-";"§pousser§son moteur "
"405";"+";"-";"-";"-";"-";"<E>";" pousser";"-";" ses";"-";" pions";"-";"-";"-";"§pousser§ses pions "
"406";"+";"-";"-";"-";"-";"<E>";" pousser";"-";" sa";"-";" pointe";"-";"-";"-";"§pousser§sa pointe "
"407";"+";"-";"-";"-";"-";"<E>";" pousser";"-";" sa";"-";" viande";"+";"-";"+";"§pousser§sa viande "
"408";"+";"-";"-";"-";"-";"<E>";" prendre";"-";" son";"+";" avance";"-";"+";"-";"§prendre§son avance "
"409";"+";"-";"-";"-";"-";"<E>";" prendre";"-";" son";"-";" bâton de pélerin";"-";"-";"-";"§prendre§son bâton de pélerin "
"410";"+";"-";"-";"-";"-";"<E>";" prendre";"-";" sa";"-";" course";"-";"+";"-";"§prendre§sa course "
"411";"+";"-";"-";"-";"-";"<E>";" prendre";"-";" ses";"-";" ébats";"-";"-";"-";"§prendre§ses ébats "
"412";"+";"-";"-";"-";"-";"<E>";" prendre";"-";" son";"-";" élan";"-";"+";"-";"§prendre§son élan "
"413";"+";"+";"-";"-";"-";"<E>";" prendre";"-";" son";"-";" envol";"-";"+";"-";"§prendre§son envol "
"414";"+";"+";"-";"-";"-";"<E>";" prendre";"-";" son";"-";" essor";"-";"+";"-";"§prendre§son essor "
"415";"+";"-";"-";"-";"-";"<E>";" prendre";"-";" son";"-";" lyre";"-";"-";"-";"§prendre§sa lyre "
"416";"+";"-";"-";"-";"-";"<E>";" prendre";"-";" ses";"-";" quartiers d'hiver";"-";"+";"-";"§prendre§ses quartiers d'hiver "
"417";"+";"-";"-";"-";"-";"<E>";" prendre";"-";" sa";"-";" respiration";"-";"+";"-";"§prendre§sa respiration "
"418";"+";"-";"-";"-";"-";"<E>";" prendre";"-";" ses";"-";" responsabilités";"-";"-";"-";"§prendre§ses responsabilités "
"419";"+";"-";"-";"-";"-";"<E>";" prendre";"-";" sa";"+";" retraite";"-";"+";"-";"§prendre§sa retraite "
"420";"+";"-";"-";"-";"-";"<E>";" prendre";"-";" son";"-";" service";"-";"+";"-";"§prendre§son service "
"421";"+";"-";"-";"-";"-";"<E>";" prendre";"-";" son";"-";" tour";"-";"+";"-";"§prendre§son tour "
"422";"+";"-";"-";"-";"-";"<E>";" prendre";"-";" son";"+";" tour de garde";"-";"+";"-";"§prendre§son tour de garde "
"423";"+";"-";"-";"-";"-";"<E>";" préparer";"-";" ses";"-";" batteries";"-";"-";"-";"§préparer§ses batteries "
"424";"+";"-";"-";"-";"-";"<E>";" préparer";"-";" son";"+";" coup";"-";"+";"-";"§préparer§son coup "
"425";"+";"+";"-";"-";"-";"<E>";" préparer";"-";" ses";"-";" effets";"-";"+";"-";"§préparer§ses effets "
"426";"+";"-";"-";"-";"-";"<E>";" pressurer";"-";" son";"-";" cerveau";"+";"-";"+";"§pressurer§son cerveau "
"427";"+";"-";"-";"-";"-";"<E>";" pressurer";"-";" sa";"-";" cervelle";"+";"-";"+";"§pressurer§sa cervelle "
"428";"+";"-";"-";"-";"-";"<E>";" pressurer";"-";" son";"-";" ciboulot";"+";"-";"+";"§pressurer§son ciboulot "
"429";"+";"-";"-";"-";"-";"<E>";" pressurer";"-";" son";"-";" citron";"+";"-";"+";"§pressurer§son citron "
"430";"+";"-";"-";"-";"-";"<E>";" pressurer";"-";" ses";"-";" méninges";"+";"-";"+";"§pressurer§ses méninges "
"431";"+";"-";"-";"-";"-";"<E>";" proclamer";"-";" son";"+";" innocence";"-";"+";"-";"§proclamer§son innocence "
"432";"+";"+";"-";"-";"-";"<E>";" produire";"-";" son";"-";" effet";"-";"+";"-";"§produire§son effet "
"433";"+";"+";"-";"-";"-";"<E>";" produire";"-";" son petit";"-";" effet";"-";"+";"-";"§produire§son petit effet "
"434";"+";"-";"-";"-";"-";"<E>";" prolonger";"-";" ses";"-";" efforts";"-";"+";"-";"§prolonger§ses efforts "
"435";"+";"-";"-";"-";"-";"<E>";" prononcer";"-";" ses";"-";" voeux";"-";"+";"-";"§prononcer§ses voeux "
"436";"+";"-";"-";"-";"-";"<E>";" quitter";"-";" son";"+";" poste";"-";"+";"-";"§quitter§son poste "
"437";"-";"+";"-";"-";"-";"<E>";" quitter";"-";" sa";"+";" trajectoire";"-";"-";"-";"§quitter§sa trajectoire "
"438";"+";"+";"-";"-";"-";"<E>";" racheter";"-";" sa";"+";" faute";"-";"-";"-";"§racheter§sa faute "
"439";"+";"-";"-";"-";"-";"<E>";" racler";"-";" sa";"-";" gorge";"+";"+";"+";"§racler§sa gorge "
"440";"+";"-";"-";"-";"-";"<E>";" ralentir";"-";" son";"-";" train";"-";"+";"-";"§ralentir§son train "
"441";"+";"+";"-";"-";"-";"<E>";" ramasser";"-";" son";"+";" énergie";"-";"+";"-";"§ramasser§son énergie "
"442";"+";"+";"-";"-";"-";"<E>";" ramasser";"-";" ses";"+";" esprits";"-";"+";"-";"§ramasser§ses esprits "
"443";"+";"+";"-";"-";"-";"<E>";" ramasser";"-";" ses";"+";" forces";"-";"+";"-";"§ramasser§ses forces "
"444";"+";"-";"-";"-";"-";"<E>";" ramasser";"-";" ses";"-";" idées";"-";"+";"-";"§ramasser§ses idées "
"445";"+";"-";"-";"-";"-";"<E>";" ramasser";"-";" ses";"+";" ressources";"-";"+";"-";"§ramasser§ses ressources "
"446";"+";"-";"-";"-";"-";"<E>";" ramener";"-";" sa";"-";" barbaque";"+";"-";"-";"§ramener§sa barbaque "
"447";"+";"-";"-";"-";"-";"<E>";" ramener";"-";" sa";"-";" fraise";"+";"-";"-";"§ramener§sa fraise "
"448";"+";"-";"-";"-";"-";"<E>";" ramener";"-";" sa";"-";" graisse";"+";"-";"-";"§ramener§sa graisse "
"449";"+";"-";"-";"-";"-";"<E>";" ramener";"-";" sa";"-";" gueule enfarinée";"+";"-";"-";"§ramener§sa gueule enfarinée "
"450";"+";"-";"-";"-";"-";"<E>";" ramener";"-";" sa";"-";" science";"-";"-";"-";"§ramener§sa science "
"451";"+";"-";"-";"-";"-";"<E>";" ramener";"-";" sa";"-";" viande";"+";"-";"-";"§ramener§sa viande "
"452";"+";"+";"-";"-";"-";"<E>";" rassembler";"-";" son";"+";" courage";"-";"+";"-";"§rassembler§son courage "
"453";"+";"+";"-";"-";"-";"<E>";" rassembler";"-";" son";"+";" énergie";"-";"+";"-";"§rassembler§son énergie "
"454";"+";"+";"-";"-";"-";"<E>";" rassembler";"-";" ses";"+";" esprits";"-";"+";"-";"§rassembler§ses esprits "
"455";"+";"+";"-";"-";"-";"<E>";" rassembler";"-";" ses";"+";" forces";"-";"+";"-";"§rassembler§ses forces "
"456";"+";"-";"-";"-";"-";"<E>";" rassembler";"-";" ses";"-";" idées";"-";"+";"-";"§rassembler§ses idées "
"457";"+";"-";"-";"-";"-";"<E>";" rater";"-";" son";"-";" coup";"-";"-";"-";"§rater§son coup "
"458";"+";"+";"-";"-";"-";"<E>";" rater";"-";" son";"+";" effet";"-";"+";"-";"§rater§son effet "
"459";"+";"-";"-";"-";"-";"<E>";" rater";"-";" son";"-";" entrée";"-";"+";"-";"§rater§son entrée "
"460";"+";"-";"-";"-";"-";"<E>";" rater";"-";" sa";"-";" vie";"-";"+";"-";"§rater§sa vie "
"461";"+";"-";"-";"-";"-";"<E>";" rater";"-";" sa";"-";" vocation";"-";"-";"-";"§rater§sa vocation "
"462";"+";"-";"-";"-";"-";"<E>";" ravaler";"-";" ses";"+";" paroles";"-";"-";"-";"§ravaler§ses paroles "
"463";"+";"-";"-";"-";"-";"<E>";" ravaler";"-";" sa";"-";" salive";"-";"-";"-";"§ravaler§sa salive "
"464";"+";"-";"-";"-";"-";"<E>";" recevoir";"-";" son";"-";" compte";"-";"-";"-";"§recevoir§son compte "
"465";"+";"-";"-";"-";"-";"<E>";" reconnaître";"-";" son";"+";" erreur";"-";"+";"-";"§reconnaître§son erreur "
"466";"+";"-";"-";"-";"-";"<E>";" reconnaître";"-";" ses";"+";" erreurs";"-";"+";"-";"§reconnaître§ses erreurs "
"467";"+";"-";"-";"-";"-";"<E>";" reconnaître";"-";" sa";"+";" faute";"-";"+";"-";"§reconnaître§sa faute "
"468";"+";"-";"-";"-";"-";"<E>";" reconnaître";"-";" ses";"+";" fautes";"-";"+";"-";"§reconnaître§ses fautes "
"469";"+";"-";"-";"-";"-";"<E>";" reconnaître";"-";" ses";"+";" torts";"-";"+";"-";"§reconnaître§ses torts "
"470";"+";"-";"-";"-";"-";"<E>";" recouvrer";"-";" son";"+";" énergie";"-";"-";"-";"§recouvrer§son énergie "
"471";"+";"-";"-";"-";"-";"<E>";" recouvrer";"-";" ses";"-";" esprits";"-";"-";"-";"§recouvrer§ses esprits "
"472";"+";"-";"-";"-";"-";"<E>";" recouvrer";"-";" ses";"-";" forces";"-";"+";"-";"§recouvrer§ses forces "
"473";"+";"-";"-";"-";"-";"<E>";" recouvrer";"-";" sa";"-";" liberté";"-";"+";"-";"§recouvrer§sa liberté "
"474";"+";"-";"-";"-";"-";"<E>";" recouvrer";"-";" sa";"+";" raison";"-";"+";"-";"§recouvrer§sa raison "
"475";"+";"-";"-";"-";"-";"<E>";" recouvrer";"-";" sa";"+";" santé";"-";"+";"-";"§recouvrer§sa santé "
"476";"+";"-";"-";"-";"-";"<E>";" rédiger";"-";" ses";"+";" mémoires";"-";"+";"-";"§rédiger§ses mémoires "
"477";"+";"-";"-";"-";"-";"<E>";" refaire";"-";" sa";"-";" copie";"-";"+";"-";"§refait§sa copie "
"478";"+";"-";"-";"-";"-";"<E>";" refaire";"-";" ses";"-";" forces";"-";"+";"+";"§refait§ses forces "
"479";"+";"-";"-";"-";"-";"<E>";" refaire";"-";" sa";"-";" vie";"-";"+";"-";"§refait§sa vie "
"480";"+";"-";"-";"-";"-";"<E>";" refouler";"-";" ses";"-";" larmes";"+";"-";"-";"§refouler§ses larmes "
"481";"+";"-";"-";"-";"-";"<E>";" refouler";"-";" ses";"-";" pleurs";"-";"-";"-";"§refouler§ses pleurs "
"482";"+";"-";"-";"-";"-";"<E>";" regagner";"-";" ses";"+";" pénates";"-";"+";"-";"§regagner§ses pénates "
"483";"+";"-";"-";"-";"-";"<E>";" regagner";"-";" sa";"+";" place";"-";"+";"-";"§regagner§sa place "
"484";"+";"-";"-";"-";"-";"<E>";" regagner";"-";" son";"+";" siège";"-";"+";"-";"§regagner§son siège "
"485";"+";"-";"-";"-";"-";"<E>";" regarder";"-";" sa";"-";" montre";"-";"-";"-";"§regarder§sa montre "
"486";"+";"-";"-";"-";"-";"<E>";" regretter";"-";" son";"+";" geste";"-";"-";"-";"§regretter§son geste "
"487";"+";"-";"-";"-";"-";"<E>";" régulariser";"+";" sa";"+";" situation";"-";"+";"-";"§régulariser§sa situation "
"488";"+";"-";"-";"-";"-";"<E>";" réintégrer";"-";" ses";"+";" pénates";"-";"+";"-";"§réintégrer§ses pénates "
"489";"+";"-";"-";"-";"-";"<E>";" rejoindre";"-";" ses";"+";" pénates";"-";"+";"-";"§rejoindre§ses pénates "
"490";"+";"-";"-";"-";"-";"<E>";" rejoindre";"-";" son";"+";" poste";"-";"+";"-";"§rejoindre§son poste "
"491";"+";"-";"-";"-";"-";"<E>";" relâcher";"-";" son";"-";" attention";"-";"+";"-";"§relâcher§son attention "
"492";"+";"-";"-";"-";"-";"<E>";" relâcher";"-";" sa";"-";" surveillance";"-";"+";"-";"§relâcher§sa surveillance "
"493";"+";"-";"-";"-";"-";"<E>";" relever";"-";" ses";"-";" manches";"-";"-";"-";"§relever§ses manches "
"494";"+";"-";"-";"-";"-";"<E>";" relever";"-";" ses";"-";" manches";"-";"+";"-";"§relever§ses manches "
"495";"+";"-";"-";"-";"-";"<E>";" remballer";"-";" sa";"+";" marchandise";"-";"+";"-";"§remballer§sa marchandise "
"496";"+";"-";"-";"-";"-";"<E>";" remplir";"-";" son";"-";" contrat";"-";"-";"-";"§remplir§son contrat "
"497";"+";"-";"-";"-";"-";"<E>";" remplir";"-";" son";"-";" devoir";"-";"-";"-";"§remplir§son devoir "
"498";"+";"-";"-";"-";"-";"<E>";" remplir";"-";" son";"+";" devoir conjugal";"-";"+";"-";"§remplir§son devoir conjugal "
"499";"+";"+";"-";"-";"-";"<E>";" remplir";"-";" sa";"-";" mission";"-";"+";"-";"§remplir§sa mission "
"500";"+";"-";"-";"-";"-";"<E>";" remplir";"-";" ses";"+";" obligations";"-";"+";"-";"§remplir§ses obligations "
"501";"+";"-";"-";"-";"-";"<E>";" remplir";"-";" ses";"+";" obligations militaires";"-";"+";"-";"§remplir§ses obligations militaires "
"502";"-";"+";"-";"-";"-";"<E>";" remplir";"-";" son";"-";" office";"-";"+";"-";"§remplir§son office "
"503";"+";"-";"-";"-";"-";"<E>";" remplir";"-";" sa";"-";" part du contrat";"-";"-";"-";"§remplir§sa part du contrat "
"504";"+";"+";"-";"-";"-";"<E>";" remplir";"-";" sa";"-";" promesse";"-";"+";"-";"§remplir§sa promesse "
"505";"+";"-";"-";"-";"-";"<E>";" renier";"-";" sa";"-";" foi";"-";"+";"-";"§renier§sa foi "
"506";"+";"-";"-";"-";"-";"<E>";" renier";"-";" son";"-";" histoire";"-";"+";"-";"§renier§son histoire "
"507";"+";"-";"-";"-";"-";"<E>";" renier";"-";" sa";"+";" parole";"-";"+";"-";"§renier§sa parole "
"508";"+";"-";"-";"-";"-";"<E>";" renier";"-";" son";"-";" passé";"-";"+";"-";"§renier§son passé "
"509";"+";"-";"-";"-";"-";"<E>";" renier";"-";" ses";"-";" racines";"-";"+";"-";"§renier§ses racines "
"510";"+";"-";"-";"-";"-";"<E>";" renier";"-";" sa";"-";" signature";"-";"+";"-";"§renier§sa signature "
"511";"+";"-";"-";"-";"-";"<E>";" renouveler";"-";" sa";"-";" garde-robe";"-";"+";"-";"§renouveler§sa garde-robe "
"512";"+";"-";"-";"-";"-";"<E>";" rentrer";"-";" sa";"-";" colère";"-";"+";"-";"§rentrer§sa colère "
"513";"+";"-";"-";"-";"-";"<E>";" rentrer";"-";" ses";"-";" griffes";"+";"+";"+";"§rentrer§ses griffes "
"514";"+";"-";"-";"-";"-";"<E>";" rentrer";"-";" sa";"-";" haine";"-";"+";"-";"§rentrer§sa haine "
"515";"+";"-";"-";"-";"-";"<E>";" rentrer";"-";" ses";"-";" larmes";"-";"+";"-";"§rentrer§ses larmes "
"516";"+";"-";"-";"-";"-";"<E>";" rentrer";"-";" ses";"-";" ongles";"+";"+";"+";"§rentrer§ses ongles "
"517";"+";"-";"-";"-";"-";"<E>";" rentrer";"-";" sa";"-";" rage";"-";"+";"-";"§rentrer§sa rage "
"518";"+";"-";"-";"-";"-";"<E>";" rentrer";"-";" sa";"-";" violence";"-";"+";"-";"§rentrer§sa violence "
"519";"+";"-";"-";"-";"-";"<E>";" réparer";"-";" sa";"+";" coiffure";"+";"+";"-";"§réparer§sa coiffure "
"520";"+";"+";"-";"-";"-";"<E>";" réparer";"-";" ses";"-";" forces";"-";"+";"-";"§réparer§ses forces "
"521";"+";"+";"-";"-";"-";"<E>";" réparer";"-";" sa";"-";" santé";"-";"+";"+";"§réparer§sa santé "
"522";"+";"-";"-";"-";"-";"<E>";" réparer";"-";" sa";"+";" toilette";"-";"+";"+";"§réparer§sa toilette "
"523";"+";"-";"-";"-";"-";"<E>";" répéter";"-";" son";"+";" geste";"-";"+";"-";"§répéter§son geste "
"524";"-";"+";"-";"-";"-";"<E>";" replier";"-";" ses";"+";" ailes";"+";"+";"-";"§replier§ses ailes "
"525";"+";"-";"-";"-";"-";"<E>";" reprendre";"-";" son";"-";" activité";"-";"-";"-";"§reprendre§son activité "
"526";"+";"-";"-";"-";"-";"<E>";" reprendre";"-";" son";"+";" ascension";"-";"+";"-";"§reprendre§son ascension "
"527";"+";"-";"-";"-";"-";"<E>";" reprendre";"-";" son";"-";" bâton de pélerin";"-";"-";"-";"§reprendre§son bâton de pélerin "
"528";"+";"-";"-";"-";"-";"<E>";" reprendre";"-";" son";"-";" collier de misère";"-";"-";"-";"§reprendre§son collier de misère "
"529";"+";"-";"-";"-";"-";"<E>";" reprendre";"-";" ses";"-";" couleurs";"-";"-";"-";"§reprendre§ses couleurs "
"530";"+";"-";"-";"-";"-";"<E>";" reprendre";"-";" ses";"+";" cours";"-";"+";"-";"§reprendre§ses cours "
"531";"-";"+";"-";"-";"-";"<E>";" reprendre";"-";" son";"-";" cours";"-";"-";"-";"§reprendre§son cours "
"532";"+";"+";"-";"-";"-";"<E>";" reprendre";"-";" sa";"+";" croissance";"-";"+";"-";"§reprendre§sa croissance "
"533";"-";"+";"-";"-";"-";"<E>";" reprendre";"-";" ses";"-";" droits";"-";"-";"-";"§reprendre§ses droits "
"534";"+";"-";"-";"-";"-";"<E>";" reprendre";"-";" ses";"-";" esprits";"-";"-";"-";"§reprendre§ses esprits "
"535";"+";"-";"-";"-";"-";"<E>";" reprendre";"-";" sa";"-";" liberté";"-";"+";"-";"§reprendre§sa liberté "
"536";"+";"-";"-";"-";"-";"<E>";" reprendre";"-";" sa";"+";" marche";"-";"+";"-";"§reprendre§sa marche "
"537";"+";"-";"-";"-";"-";"<E>";" reprendre";"-";" son";"+";" nom de jeune fille";"-";"+";"-";"§reprendre§son nom de jeune fille "
"538";"+";"-";"-";"-";"-";"<E>";" reprendre";"-";" ses";"+";" occupations";"-";"+";"-";"§reprendre§ses occupations "
"539";"+";"-";"-";"-";"-";"<E>";" reprendre";"-";" sa";"-";" parole";"-";"-";"-";"§reprendre§sa parole "
"540";"+";"-";"-";"-";"-";"<E>";" reprendre";"-";" sa";"-";" respiration";"-";"-";"-";"§reprendre§sa respiration "
"541";"+";"-";"-";"-";"-";"<E>";" reprendre";"-";" son";"-";" sang-froid";"+";"+";"-";"§reprendre§son sang-froid "
"542";"+";"-";"-";"-";"-";"<E>";" reprendre";"-";" son";"-";" sens";"-";"-";"-";"§reprendre§son sens "
"543";"+";"-";"-";"-";"-";"<E>";" reprendre";"-";" son";"-";" souffle";"-";"-";"-";"§reprendre§son souffle "
"544";"+";"-";"-";"-";"-";"<E>";" reprendre";"-";" son";"-";" travail";"-";"-";"-";"§reprendre§son travail "
"545";"+";"-";"-";"-";"-";"<E>";" réprimer";"-";" ses";"-";" larmes";"+";"-";"-";"§réprimer§ses larmes "
"546";"+";"-";"-";"-";"-";"<E>";" réprimer";"-";" ses";"-";" pleurs";"-";"-";"-";"§réprimer§ses pleurs "
"547";"+";"-";"-";"-";"-";"<E>";" réprimer";"-";" ses";"-";" sanglots";"-";"-";"-";"§réprimer§ses sanglots "
"548";"+";"-";"-";"-";"-";"<E>";" réserver";"-";" son";"-";" avis";"-";"+";"-";"§réserver§son avis "
"549";"+";"-";"-";"-";"-";"<E>";" réserver";"-";" sa";"-";" décision";"-";"+";"-";"§réserver§sa décision "
"550";"+";"-";"-";"-";"-";"<E>";" réserver";"-";" son";"-";" diagnostic";"-";"+";"-";"§réserver§son diagnostic "
"551";"+";"-";"-";"-";"-";"<E>";" réserver";"-";" son";"-";" jugement";"-";"+";"-";"§réserver§son jugement "
"552";"+";"-";"-";"-";"-";"<E>";" réserver";"-";" sa";"-";" réponse";"-";"+";"-";"§réserver§sa réponse "
"553";"+";"-";"-";"-";"-";"<E>";" respecter";"-";" sa";"+";" parole";"-";"+";"-";"§respecter§sa parole "
"554";"+";"-";"-";"-";"-";"<E>";" retenir";"-";" son";"-";" haleine";"-";"-";"-";"§retenir§son haleine "
"555";"+";"-";"-";"-";"-";"<E>";" retenir";"-";" sa";"-";" langue";"+";"-";"-";"§retenir§sa langue "
"556";"+";"-";"-";"-";"-";"<E>";" retenir";"-";" ses";"-";" larmes";"+";"-";"-";"§retenir§ses larmes "
"557";"+";"-";"-";"-";"-";"<E>";" retenir";"-";" ses";"-";" pleurs";"-";"-";"-";"§retenir§ses pleurs "
"558";"+";"-";"-";"-";"-";"<E>";" retenir";"-";" sa";"-";" respiration";"-";"+";"+";"§retenir§sa respiration "
"559";"+";"-";"-";"-";"-";"<E>";" retenir";"-";" ses";"-";" sanglots";"-";"-";"-";"§retenir§ses sanglots "
"560";"+";"-";"-";"-";"-";"<E>";" retenir";"-";" son";"-";" souffle";"-";"+";"+";"§retenir§son souffle "
"561";"+";"-";"-";"-";"-";"<E>";" retirer";"-";" ses";"-";" paroles";"-";"-";"-";"§retirer§ses paroles "
"562";"+";"-";"-";"-";"-";"<E>";" retirer";"-";" sa";"-";" plainte";"-";"-";"-";"§retirer§sa plainte "
"563";"+";"-";"-";"-";"-";"<E>";" retourner";"-";" ses";"-";" poches";"-";"+";"+";"§retourner§ses poches "
"564";"+";"-";"-";"-";"-";"<E>";" retourner";"-";" sa";"-";" veste";"-";"-";"-";"§retourner§sa veste "
"565";"+";"-";"-";"-";"-";"<E>";" rétracter";"-";" ses";"+";" aveux";"-";"+";"-";"§rétracter§ses aveux "
"566";"+";"-";"-";"-";"-";"<E>";" retrouver";"-";" ses";"-";" calme";"-";"-";"-";"§retrouver§ses calme "
"567";"+";"-";"-";"-";"-";"<E>";" retrouver";"-";" ses";"-";" esprits";"-";"-";"-";"§retrouver§ses esprits "
"568";"+";"-";"-";"-";"-";"<E>";" retrouver";"-";" ses";"-";" jambes de vingt ans";"+";"-";"-";"§retrouver§ses jambes de vingt ans "
"569";"+";"-";"-";"-";"-";"<E>";" retrouver";"-";" ses";"+";" pénates";"-";"+";"-";"§retrouver§ses pénates "
"570";"+";"-";"-";"-";"-";"<E>";" retrouver";"-";" ses";"+";" racines";"-";"+";"-";"§retrouver§ses racines "
"571";"+";"-";"-";"-";"-";"<E>";" retrouver";"-";" sa";"-";" respiration";"-";"-";"-";"§retrouver§sa respiration "
"572";"+";"-";"-";"-";"-";"<E>";" retrouver";"-";" son";"-";" souffle";"-";"-";"-";"§retrouver§son souffle "
"573";"+";"-";"-";"-";"-";"<E>";" réussir";"-";" son";"-";" coup";"-";"+";"-";"§réussir§son coup "
"574";"+";"-";"-";"-";"-";"<E>";" réussir";"-";" sa";"+";" vie";"-";"+";"-";"§réussir§sa vie "
"575";"+";"-";"-";"-";"-";"<E>";" rincer";"-";" sa";"-";" bouche";"+";"-";"+";"§rincer§sa bouche "
"576";"-";"+";"-";"-";"-";"<E>";" rompre";"-";" ses";"+";" amarres";"-";"+";"-";"§rompre§ses amarres "
"577";"+";"+";"-";"-";"-";"<E>";" rompre";"-";" ses";"-";" chaînes";"-";"+";"-";"§rompre§ses chaînes "
"578";"+";"-";"-";"-";"-";"<E>";" ronger";"-";" son";"-";" frein";"-";"-";"+";"§ronger§son frein "
"579";"+";"-";"-";"-";"-";"<E>";" ronger";"-";" ses";"-";" ongles";"+";"-";"+";"§ronger§ses ongles "
"580";"+";"-";"-";"-";"-";"<E>";" rouler";"+";" sa";"+";" bosse";"-";"-";"-";"§rouler§sa bosse "
"581";"+";"-";"-";"-";"-";"<E>";" ruminer";"-";" sa";"+";" colère";"-";"+";"-";"§ruminer§sa colère "
"582";"+";"-";"-";"-";"-";"<E>";" ruminer";"-";" sa";"+";" rage";"-";"+";"-";"§ruminer§sa rage "
"583";"+";"-";"-";"-";"-";"<E>";" saloper";"-";" son";"+";" travail";"-";"+";"-";"§saloper§son travail "
"584";"+";"-";"-";"-";"-";"<E>";" sauter";"-";" son";"+";" tour";"-";"+";"-";"§sauter§son tour "
"585";"+";"-";"-";"-";"-";"<E>";" savoir";"-";" ses";"-";" classiques";"-";"-";"-";"§sa§ses classiques "
"586";"+";"-";"-";"-";"-";"<E>";" savourer";"-";" son";"-";" heure de gloire";"-";"+";"-";"§savourer§son heure de gloire "
"587";"+";"-";"-";"-";"-";"<E>";" savourer";"-";" son";"-";" succès";"-";"+";"-";"§savourer§son succès "
"588";"+";"-";"-";"-";"-";"<E>";" savourer";"-";" son";"-";" triomphe";"-";"+";"-";"§savourer§son triomphe "
"589";"+";"-";"-";"-";"-";"<E>";" savourer";"-";" sa";"-";" vengeance";"-";"+";"-";"§savourer§sa vengeance "
"590";"+";"-";"-";"-";"-";"<E>";" savourer";"-";" sa";"-";" victoire";"-";"+";"-";"§savourer§sa victoire "
"591";"+";"-";"-";"-";"-";"<E>";" secouer";"-";" ses";"-";" chaînes";"-";"-";"-";"§secouer§ses chaînes "
"592";"+";"-";"-";"-";"-";"<E>";" sentir";"-";" sa";"-";" douleur";"-";"-";"-";"§sentir§sa douleur "
"593";"+";"-";"-";"-";"+";"ne";" sentir pas";"-";" sa";"-";" force";"-";"-";"-";"§ne sentir pas§sa force "
"594";"+";"-";"-";"-";"+";"ne";" sentir plus";"-";" ses";"-";" bras";"+";"-";"-";"§ne sentir plus§ses bras "
"595";"+";"-";"-";"-";"+";"ne";" sentir plus";"-";" ses";"-";" jambes";"+";"-";"-";"§ne sentir plus§ses jambes "
"596";"+";"-";"-";"-";"+";"ne";" sentir plus";"-";" ses";"-";" pieds";"+";"-";"-";"§ne sentir plus§ses pieds "
"597";"+";"-";"-";"-";"-";"<E>";" serrer";"-";" son";"-";" jeu";"-";"+";"-";"§serrer§son jeu "
"598";"+";"-";"-";"-";"-";"<E>";" servir";"-";" sa";"-";" patrie";"-";"-";"-";"§servir§sa patrie "
"599";"+";"-";"-";"-";"-";"<E>";" servir";"-";" son";"-";" pays";"-";"-";"-";"§servir§son pays "
"600";"+";"-";"-";"-";"-";"<E>";" soigner";"-";" sa";"+";" tenue";"-";"+";"-";"§soigner§sa tenue "
"601";"+";"-";"-";"-";"-";"<E>";" soigner";"-";" son";"+";" travail";"-";"+";"-";"§soigner§son travail "
"602";"+";"-";"-";"-";"-";"<E>";" sortir";"-";" ses";"-";" griffes";"+";"-";"-";"§sortir§ses griffes "
"603";"+";"+";"-";"-";"-";"<E>";" soulager";"-";" sa";"-";" conscience";"-";"-";"+";"§soulager§sa conscience "
"604";"+";"-";"-";"-";"-";"<E>";" soupeser";"-";" sa";"-";" décision";"-";"+";"-";"§soupeser§sa décision "
"605";"+";"-";"-";"-";"-";"<E>";" soutenir";"-";" ses";"+";" efforts";"-";"+";"-";"§soutenir§ses efforts "
"606";"+";"-";"-";"-";"-";"<E>";" soutenir";"-";" sa";"+";" thèse";"-";"+";"-";"§soutenir§sa thèse "
"607";"+";"-";"-";"-";"-";"<E>";" sucer";"-";" son";"-";" pouce";"+";"-";"+";"§sucer§son pouce "
"608";"+";"+";"-";"-";"-";"<E>";" suivre";"-";" son";"-";" chemin";"-";"-";"-";"§suivre§son chemin "
"609";"-";"+";"-";"-";"-";"<E>";" suivre";"-";" son";"+";" cours";"-";"-";"-";"§suivre§son cours "
"610";"+";"-";"-";"-";"-";"<E>";" suivre";"-";" son";"-";" idée";"-";"-";"-";"§suivre§son idée "
"611";"+";"+";"-";"-";"-";"<E>";" suivre";"-";" sa";"-";" pente";"-";"-";"-";"§suivre§sa pente "
"612";"+";"+";"-";"-";"-";"<E>";" suivre";"-";" sa";"-";" route";"-";"-";"-";"§suivre§sa route "
"613";"-";"+";"-";"-";"-";"<E>";" suivre";"-";" son";"-";" train";"-";"-";"-";"§suivre§son train "
"614";"+";"-";"-";"-";"-";"<E>";" surmonter";"-";" son";"+";" chagrin";"-";"+";"-";"§surmonter§son chagrin "
"615";"+";"-";"-";"-";"-";"<E>";" surmonter";"-";" sa";"+";" colère";"-";"+";"-";"§surmonter§sa colère "
"616";"+";"-";"-";"-";"-";"<E>";" surmonter";"-";" sa";"+";" haine";"-";"+";"-";"§surmonter§sa haine "
"617";"+";"-";"-";"-";"-";"<E>";" surmonter";"-";" son";"+";" impulsion";"-";"+";"-";"§surmonter§son impulsion "
"618";"+";"-";"-";"-";"-";"<E>";" surmonter";"-";" sa";"+";" peur";"-";"+";"-";"§surmonter§sa peur "
"619";"+";"-";"-";"-";"-";"<E>";" surmonter";"-";" sa";"+";" rage";"-";"+";"-";"§surmonter§sa rage "
"620";"+";"-";"-";"-";"-";"<E>";" surveiller";"-";" son";"-";" langage";"-";"-";"-";"§surveiller§son langage "
"621";"+";"-";"-";"-";"-";"<E>";" surveiller";"-";" sa";"+";" ligne";"+";"-";"-";"§surveiller§sa ligne "
"622";"+";"-";"-";"-";"-";"<E>";" surveiller";"-";" ses";"-";" paroles";"-";"-";"-";"§surveiller§ses paroles "
"623";"+";"-";"-";"-";"-";"<E>";" suspendre";"-";" ses";"-";" paiements";"-";"+";"-";"§suspendre§ses paiements "
"624";"+";"-";"-";"-";"-";"<E>";" taire";"-";" sa";"-";" gueule";"+";"-";"-";"§taire§sa gueule "
"625";"+";"-";"-";"-";"-";"<E>";" téléphoner";"-";" ses";"-";" coups";"-";"+";"-";"§téléphoner§ses coups "
"626";"+";"-";"-";"-";"-";"<E>";" tendre";"-";" ses";"-";" filets";"-";"+";"-";"§tendre§ses filets "
"627";"+";"-";"-";"-";"-";"<E>";" tenir";"-";" son";"-";" engagement";"-";"-";"-";"§tenir§son engagement "
"628";"+";"-";"-";"-";"-";"<E>";" tenir";"-";" son";"-";" homme";"-";"-";"-";"§tenir§son homme "
"629";"+";"-";"-";"-";"-";"<E>";" tenir";"-";" sa";"-";" langue";"+";"-";"-";"§tenir§sa langue "
"630";"+";"-";"-";"-";"-";"<E>";" tenir";"-";" son";"-";" pari";"-";"+";"-";"§tenir§son pari "
"631";"+";"-";"-";"-";"-";"<E>";" tenir";"-";" sa";"+";" parole";"-";"+";"-";"§tenir§sa parole "
"632";"+";"+";"-";"-";"-";"<E>";" tenir";"-";" sa";"-";" place";"-";"-";"-";"§tenir§sa place "
"633";"+";"-";"-";"-";"-";"<E>";" tenir";"-";" sa";"-";" promesse";"-";"+";"-";"§tenir§sa promesse "
"634";"-";"+";"-";"-";"-";"<E>";" tenir";"-";" ses";"-";" promesses";"-";"+";"-";"§tenir§ses promesses "
"635";"+";"-";"-";"-";"-";"<E>";" tenir";"-";" son";"-";" rang";"-";"-";"-";"§tenir§son rang "
"636";"+";"-";"-";"-";"-";"<E>";" tenir";"-";" son";"-";" sérieux";"-";"-";"-";"§tenir§son sérieux "
"637";"+";"-";"-";"-";"-";"<E>";" têter";"-";" sa";"-";" mère";"-";"-";"-";"§têter§sa mère "
"638";"+";"-";"-";"-";"-";"<E>";" tirer";"-";" sa";"-";" cosse";"-";"+";"-";"§tirer§sa cosse "
"639";"+";"-";"-";"-";"-";"<E>";" tirer";"-";" sa";"-";" flemme";"-";"-";"-";"§tirer§sa flemme "
"640";"+";"-";"-";"-";"-";"<E>";" tirer";"-";" son";"+";" temps";"-";"+";"-";"§tirer§son temps "
"641";"+";"-";"-";"-";"-";"<E>";" tisser";"-";" sa";"+";" toile";"-";"-";"-";"§tisser§sa toile "
"642";"+";"-";"-";"-";"-";"<E>";" toucher";"-";" sa";"-";" bille";"-";"-";"-";"§toucher§sa bille "
"643";"+";"-";"-";"-";"+";"ne";" toucher pas";"-";" son";"+";" repas";"-";"+";"-";"§ne toucher pas§son repas "
"644";"+";"-";"-";"-";"-";"<E>";" traîner";"-";" sa";"-";" chaîne";"-";"-";"-";"§traîner§sa chaîne "
"645";"+";"-";"-";"-";"-";"<E>";" tremper";"-";" son";"-";" biscuit";"+";"-";"+";"§tremper§son biscuit "
"646";"+";"+";"-";"-";"-";"<E>";" tromper";"-";" son";"-";" monde";"-";"-";"-";"§tromper§son monde "
"647";"+";"-";"-";"-";"-";"<E>";" trouver";"-";" son";"-";" chemin";"-";"+";"-";"§trouver§son chemin "
"648";"+";"-";"-";"-";"-";"<E>";" trouver";"-";" son";"-";" chemin de Damas";"-";"-";"-";"§trouver§son chemin de Damas "
"649";"+";"-";"-";"-";"-";"<E>";" trouver";"-";" son";"-";" homme";"-";"-";"-";"§trouver§son homme "
"650";"+";"-";"-";"-";"-";"<E>";" trouver";"-";" son";"-";" maître";"-";"+";"-";"§trouver§son maître "
"651";"+";"-";"-";"-";"-";"<E>";" trouver";"-";" ses";"-";" mots";"-";"+";"-";"§trouver§ses mots "
"652";"+";"+";"-";"-";"-";"<E>";" trouver";"-";" sa";"-";" pente";"-";"-";"-";"§trouver§sa pente "
"653";"+";"-";"-";"-";"-";"<E>";" trouver";"-";" sa";"-";" route";"-";"+";"-";"§trouver§sa route "
"654";"+";"-";"-";"-";"-";"<E>";" trouver";"-";" sa";"-";" vocation";"-";"-";"-";"§trouver§sa vocation "
"655";"+";"-";"-";"-";"-";"<E>";" trouver";"-";" sa";"-";" voie";"-";"+";"-";"§trouver§sa voie "
"656";"+";"+";"-";"-";"-";"<E>";" usurper";"-";" sa";"-";" renommée";"-";"+";"-";"§usurper§sa renommée "
"657";"+";"+";"-";"-";"-";"<E>";" usurper";"-";" sa";"-";" réputation";"-";"+";"-";"§usurper§sa réputation "
"658";"-";"+";"-";"-";"-";"<E>";" valoir";"-";" son";"-";" pesant de cacahuètes";"-";"-";"-";"§valoir§son pesant de cacahuètes "
"659";"-";"+";"-";"-";"-";"<E>";" valoir";"-";" son";"-";" pesant de moutarde";"-";"-";"-";"§valoir§son pesant de moutarde "
"660";"-";"+";"-";"-";"-";"<E>";" valoir";"-";" son";"-";" pesant d'or";"-";"-";"-";"§valoir§son pesant d'or "
"661";"+";"+";"-";"-";"-";"<E>";" venger";"-";" son";"-";" honneur";"-";"+";"-";"§venger§son honneur "
"662";"+";"+";"-";"-";"-";"<E>";" venger";"-";" son";"-";" nom";"-";"+";"-";"§venger§son nom "
"663";"+";"-";"-";"-";"-";"<E>";" verser";"-";" son";"-";" écot";"-";"+";"-";"§verser§son écot "
"664";"+";"-";"-";"-";"-";"<E>";" vider";"-";" son";"+";" verre";"-";"+";"-";"§vider§son verre "
"665";"+";"-";"-";"-";"-";"<E>";" violer";"-";" sa";"+";" parole";"-";"+";"-";"§violer§sa parole "
"666";"+";"-";"-";"-";"-";"<E>";" virer";"+";" sa";"+";" cuti";"-";"-";"-";"§virer§sa cuti "
"667";"+";"+";"-";"-";"-";"<E>";" vivre";"-";" ses dernières";"+";" heures";"-";"-";"-";"§vivre§ses dernières heures "
"668";"+";"+";"-";"-";"-";"<E>";" vivre";"-";" ses derniers";"+";" instants";"-";"-";"-";"§vivre§ses derniers instants "
"669";"+";"+";"-";"-";"-";"<E>";" vivre";"-";" ses derniers";"+";" moments";"-";"-";"-";"§vivre§ses derniers moments "
"670";"+";"-";"-";"-";"-";"<E>";" vivre";"-";" sa";"-";" vie";"-";"-";"-";"§vivre§sa vie "
"671";"+";"+";"-";"-";"-";"<E>";" vivre";"-";" ses derniers";"+";"Ntps";"-";"-";"-";"§vivre§ses derniers Ntps "
