"<ID>";"N0 =: Nhum";"N0 =: N-hum";"Ppv =: se figé";"Ppv =: en figé";"Ppv =: Neg";"<ENT>Ppv";"<ENT>V";"<ENT>Det1";"autre Det1";"C1 =: Npc0";"<ENT>C1";"N0 V Det1 C1";"[passif]";"N2 =: ce Qu Psubj";"N2 =: ce Qu Pind";"Prép N2 =: Prép ce Qu P = Qu P";"N2 =: V0-inf W";"N2 =: Nhum";"N2 =: N-hum";"Exemple"
"1";"+";"-";"-";"-";"-";"<E>";" abandonner";"le";"+";"-";" dessein";"-";"+";"-";"+";"+";"+";"-";"+";"§abandonner§le dessein "
"2";"+";"-";"-";"-";"-";"<E>";" abandonner";"la";"+";"-";" idée";"-";"+";"-";"+";"+";"+";"-";"+";"§abandonner§l'idée "
"3";"+";"-";"-";"-";"-";"<E>";" abandonner";"la";"+";"-";" intention";"-";"+";"-";"+";"+";"+";"-";"-";"§abandonner§l'intention "
"4";"+";"-";"-";"-";"-";"<E>";" abandonner";"le";"+";"-";" projet";"-";"+";"-";"+";"+";"+";"-";"+";"§abandonner§le projet "
"5";"+";"-";"-";"-";"-";"<E>";" accepter";"le";"+";"-";" augure";"+";"+";"+";"-";"+";"+";"-";"+";"§accepter§l'augure "
"6";"+";"-";"-";"-";"-";"<E>";" accepter";"le";"+";"-";" principe";"+";"+";"+";"-";"+";"+";"-";"+";"§accepter§le principe "
"7";"+";"-";"-";"-";"-";"<E>";" acquérir";"la";"+";"-";" conviction";"-";"-";"+";"-";"+";"+";"-";"+";"§acquérir§la conviction "
"8";"+";"-";"-";"-";"-";"<E>";" afficher";"le";"+";"-";" dessein";"-";"+";"-";"+";"+";"+";"-";"+";"§afficher§le dessein "
"9";"+";"-";"-";"-";"-";"<E>";" afficher";"la";"+";"-";" idée";"-";"+";"-";"+";"+";"+";"-";"+";"§afficher§l'idée "
"10";"+";"-";"-";"-";"-";"<E>";" afficher";"la";"+";"-";" intention";"-";"+";"-";"+";"+";"+";"-";"-";"§afficher§l'intention "
"11";"+";"-";"-";"-";"-";"<E>";" afficher";"le";"+";"-";" projet";"-";"+";"-";"+";"+";"+";"-";"+";"§afficher§le projet "
"12";"+";"-";"-";"-";"-";"<E>";" afficher";"la";"-";"-";" volonté";"-";"+";"-";"+";"+";"+";"-";"-";"§afficher§la volonté "
"13";"+";"+";"-";"-";"-";"<E>";" apporter";"la";"-";"-";" démonstration";"-";"+";"-";"+";"+";"-";"-";"+";"§apporter§la démonstration "
"14";"+";"+";"-";"-";"-";"<E>";" apporter";"la";"-";"-";" preuve";"-";"+";"-";"+";"+";"-";"-";"+";"§apporter§la preuve "
"15";"+";"-";"+";"-";"-";"s'";" arracher";"les";"-";"+";" cheveux";"+";"-";"+";"+";"-";"+";"-";"-";"§s'arracher§les cheveux "
"16";"+";"-";"-";"-";"-";"<E>";" attester";"le";"-";"-";" ciel";"-";"+";"-";"+";"+";"+";"-";"+";"§attester§le ciel "
"17";"+";"-";"-";"-";"-";"<E>";" attraper";"la";"+";"-";" suée";"-";"-";"-";"+";"+";"+";"-";"+";"§attraper§la suée "
"18";"+";"-";"-";"-";"-";"<E>";" attraper";"des";"+";"-";" sueurs froides";"-";"-";"-";"+";"+";"+";"-";"+";"§attraper§des sueurs froides "
"19";"+";"-";"-";"-";"+";"n'";" attraper";"une";"-";"-";" méningite";"+";"-";"+";"-";"-";"+";"-";"+";"§n'attraper§une méningite "
"20";"+";"-";"-";"-";"-";"<E>";" avancer";"la";"+";"-";" accusation";"+";"+";"-";"+";"+";"-";"-";"+";"§avancer§l'accusation "
"21";"+";"-";"-";"-";"-";"<E>";" avancer";"la";"+";"-";" critique";"+";"+";"-";"+";"+";"-";"-";"+";"§avancer§la critique "
"22";"+";"-";"-";"-";"-";"<E>";" avancer";"la";"+";"-";" hypothèse";"+";"+";"-";"+";"+";"-";"-";"+";"§avancer§l'hypothèse "
"23";"+";"-";"-";"-";"-";"<E>";" avancer";"la";"+";"-";" objection";"+";"+";"-";"+";"+";"-";"-";"+";"§avancer§l'objection "
"24";"+";"-";"-";"-";"-";"<E>";" avancer";"la";"+";"-";" reproche";"+";"+";"-";"+";"+";"-";"-";"+";"§avancer§la reproche "
"25";"-";"+";"-";"-";"-";"<E>";" avoir";"le";"+";"-";" air";"-";"-";"+";"-";"+";"-";"-";"+";"§a§l'air "
"26";"+";"-";"-";"-";"-";"<E>";" avoir";"<E>";"-";"-";" assez";"-";"-";"+";"-";"+";"+";"+";"+";"§a§assez "
"27";"+";"-";"-";"-";"-";"<E>";" avoir";"la";"-";"-";" attitude";"-";"-";"+";"-";"+";"+";"-";"-";"§a§l'attitude "
"28";"+";"+";"-";"-";"-";"<E>";" avoir";"<E>";"+";"-";" besoin";"-";"-";"-";"+";"+";"+";"+";"+";"§a§besoin "
"29";"+";"+";"-";"-";"-";"<E>";" avoir";"grand";"+";"-";" besoin";"-";"-";"-";"+";"+";"+";"+";"+";"§a§grand besoin "
"30";"+";"-";"-";"-";"-";"<E>";" avoir";"le";"+";"-";" besoin";"-";"-";"-";"+";"+";"+";"-";"+";"§a§le besoin "
"31";"+";"-";"-";"-";"-";"<E>";" avoir";"la";"-";"-";" capacité";"-";"-";"-";"-";"-";"+";"-";"-";"§a§la capacité "
"32";"+";"+";"-";"-";"-";"<E>";" avoir";"la";"+";"-";" chance";"-";"-";"-";"+";"+";"+";"-";"-";"§a§la chance "
"33";"+";"-";"-";"-";"-";"<E>";" avoir";"la";"-";"-";" charge";"-";"-";"-";"-";"-";"+";"+";"+";"§a§la charge "
"34";"+";"-";"-";"-";"-";"<E>";" avoir";"Poss0";"-";"-";" claque";"-";"-";"-";"+";"+";"+";"+";"+";"§a§sa claque "
"35";"+";"-";"-";"-";"-";"<E>";" avoir";"le";"-";"+";" coeur";"-";"-";"-";"+";"+";"+";"-";"-";"§a§le coeur "
"36";"+";"-";"-";"-";"-";"<E>";" avoir";"<E>";"-";"-";" communication";"-";"-";"-";"+";"-";"-";"-";"+";"§a§communication "
"37";"+";"-";"-";"-";"-";"<E>";" avoir";"<E>";"-";"-";" connaissance";"-";"-";"+";"-";"+";"-";"-";"+";"§a§connaissance "
"38";"+";"-";"-";"-";"-";"<E>";" avoir";"<E>";"+";"-";" conscience";"-";"-";"+";"-";"+";"+";"-";"+";"§a§conscience "
"39";"+";"-";"-";"-";"-";"<E>";" avoir";"la";"+";"-";" conviction";"-";"-";"+";"-";"+";"+";"-";"+";"§a§la conviction "
"40";"+";"-";"-";"-";"-";"<E>";" avoir";"la";"+";"-";" conviction intime";"-";"-";"+";"-";"+";"+";"-";"+";"§a§la conviction intime "
"41";"+";"-";"-";"-";"-";"<E>";" avoir";"le";"-";"+";" courage";"-";"-";"-";"+";"+";"+";"-";"-";"§a§le courage "
"42";"+";"-";"-";"-";"-";"<E>";" avoir";"<E>";"+";"-";" coutume";"-";"-";"+";"-";"+";"+";"-";"+";"§a§coutume "
"43";"+";"-";"-";"-";"-";"<E>";" avoir";"le";"-";"-";" culot";"-";"-";"+";"-";"+";"+";"-";"-";"§a§le culot "
"44";"+";"-";"-";"-";"-";"<E>";" avoir";"le";"+";"-";" désir";"-";"-";"+";"-";"+";"+";"-";"-";"§a§le désir "
"45";"+";"-";"-";"-";"-";"<E>";" avoir";"le";"+";"-";" dessein";"+";"+";"+";"-";"+";"+";"-";"+";"§a§le dessein "
"46";"+";"-";"-";"-";"-";"<E>";" avoir";"Det";"-";"-";" don";"-";"-";"-";"+";"-";"+";"-";"+";"§a§un don "
"47";"+";"-";"-";"-";"-";"<E>";" avoir";"<E>";"+";"-";" écho";"-";"-";"+";"-";"-";"-";"-";"+";"§a§écho "
"48";"+";"-";"-";"-";"-";"<E>";" avoir";"<E>";"+";"-";" envie";"-";"-";"-";"+";"+";"+";"+";"+";"§a§envie "
"49";"+";"-";"-";"-";"-";"<E>";" avoir";"la";"+";"-";" espérance";"-";"+";"+";"+";"+";"+";"-";"+";"§a§l'espérance "
"50";"+";"-";"-";"-";"-";"<E>";" avoir";"le";"+";"-";" espoir";"-";"+";"+";"+";"+";"+";"-";"+";"§a§l'espoir "
"51";"+";"-";"-";"-";"-";"<E>";" avoir";"les";"+";"-";" foies";"+";"-";"+";"-";"+";"+";"+";"+";"§a§les foies "
"52";"+";"-";"-";"-";"-";"<E>";" avoir";"la";"-";"-";" fortune";"-";"-";"-";"+";"+";"+";"-";"-";"§a§la fortune "
"53";"+";"-";"-";"-";"-";"<E>";" avoir";"la bonne";"-";"-";" fortune";"-";"-";"-";"+";"+";"+";"-";"-";"§a§la bonne fortune "
"54";"+";"-";"-";"-";"-";"<E>";" avoir";"le";"-";"-";" frisson";"+";"-";"-";"+";"+";"+";"-";"-";"§a§le frisson "
"55";"+";"-";"-";"-";"-";"<E>";" avoir";"le";"-";"-";" front";"-";"-";"+";"-";"+";"+";"-";"-";"§a§le front "
"56";"+";"-";"-";"-";"-";"<E>";" avoir";"la";"+";"-";" frousse";"+";"-";"+";"-";"+";"+";"+";"+";"§a§la frousse "
"57";"+";"-";"-";"-";"-";"<E>";" avoir";"une";"+";"-";" frousse bleue";"+";"-";"+";"-";"+";"+";"+";"+";"§a§une frousse bleue "
"58";"+";"-";"-";"-";"-";"<E>";" avoir";"Det";"-";"-";" gage";"+";"-";"+";"-";"+";"-";"-";"+";"§a§un gage "
"59";"+";"-";"-";"-";"-";"<E>";" avoir";"<E>";"-";"-";" garde";"-";"-";"-";"+";"+";"+";"-";"+";"§a§garde "
"60";"+";"-";"-";"-";"-";"<E>";" avoir";"les";"+";"-";" grelots";"+";"-";"+";"-";"+";"+";"+";"+";"§a§les grelots "
"61";"+";"-";"-";"-";"-";"<E>";" avoir";"la";"-";"-";" habitude";"-";"-";"+";"-";"+";"+";"-";"+";"§a§l'habitude "
"62";"+";"-";"-";"-";"-";"<E>";" avoir";"<E>";"+";"-";" hâte";"-";"-";"-";"+";"+";"+";"-";"+";"§a§hâte "
"63";"+";"-";"-";"-";"-";"<E>";" avoir";"<E>";"+";"-";" honte";"+";"-";"-";"+";"+";"+";"+";"+";"§a§honte "
"64";"+";"-";"-";"-";"-";"<E>";" avoir";"<E>";"+";"-";" horreur";"-";"-";"-";"+";"+";"+";"+";"+";"§a§horreur "
"65";"+";"-";"-";"-";"-";"<E>";" avoir";"la";"+";"-";" idée";"+";"+";"+";"-";"+";"+";"-";"+";"§a§l'idée "
"66";"+";"-";"-";"-";"-";"<E>";" avoir";"la";"+";"-";" idée";"-";"-";"+";"-";"+";"+";"-";"+";"§a§l'idée "
"67";"+";"-";"-";"-";"-";"<E>";" avoir";"la";"+";"-";" illusion";"-";"+";"+";"-";"+";"+";"-";"+";"§a§l'illusion "
"68";"+";"-";"-";"-";"-";"<E>";" avoir";"une";"+";"-";" indication";"+";"-";"-";"+";"+";"-";"-";"+";"§a§une indication "
"69";"+";"-";"-";"-";"-";"<E>";" avoir";"la";"-";"-";" initiative";"+";"-";"+";"-";"+";"+";"-";"-";"§a§l'initiative "
"70";"+";"-";"-";"-";"-";"<E>";" avoir";"la ferme";"-";"-";" intention";"-";"-";"+";"-";"+";"+";"-";"-";"§a§la ferme intention "
"71";"+";"-";"-";"-";"-";"<E>";" avoir";"la";"-";"-";" intention";"-";"-";"+";"-";"+";"+";"-";"-";"§a§l'intention "
"72";"+";"+";"-";"-";"-";"<E>";" avoir";"la";"-";"-";" intuition";"-";"-";"-";"+";"+";"+";"-";"-";"§a§l'intuition "
"73";"+";"-";"-";"-";"-";"<E>";" avoir";"les";"+";"-";" jetons";"+";"-";"+";"-";"+";"+";"+";"+";"§a§les jetons "
"74";"+";"-";"-";"-";"-";"<E>";" avoir";"le";"-";"-";" loisir";"-";"-";"-";"-";"-";"+";"-";"-";"§a§le loisir "
"75";"+";"-";"-";"-";"-";"<E>";" avoir";"le";"-";"-";" mal";"-";"-";"-";"-";"-";"+";"-";"-";"§a§le mal "
"76";"+";"-";"-";"-";"-";"<E>";" avoir";"la";"-";"-";" maladie";"-";"-";"-";"-";"-";"+";"-";"-";"§a§la maladie "
"77";"+";"-";"-";"-";"-";"<E>";" avoir";"<E>";"-";"-";" marre";"-";"-";"-";"+";"+";"+";"+";"+";"§a§marre "
"78";"+";"+";"-";"-";"-";"<E>";" avoir";"le";"+";"-";" mérite";"-";"-";"+";"-";"+";"+";"-";"+";"§a§le mérite "
"79";"+";"-";"-";"-";"-";"<E>";" avoir";"bonne";"-";"+";" mine";"+";"-";"-";"-";"-";"+";"-";"-";"§a§bonne mine "
"80";"+";"-";"-";"-";"-";"<E>";" avoir";"<E>";"+";"-";" mission";"-";"-";"+";"-";"+";"+";"-";"-";"§a§mission "
"81";"+";"-";"-";"-";"-";"<E>";" avoir";"le";"+";"-";" moyen";"-";"-";"+";"-";"+";"+";"-";"-";"§a§le moyen "
"82";"+";"-";"-";"-";"-";"<E>";" avoir";"les";"-";"-";" moyens";"+";"-";"+";"-";"+";"+";"-";"-";"§a§les moyens "
"83";"+";"-";"-";"-";"-";"<E>";" avoir";"la";"+";"-";" obsession";"-";"-";"+";"-";"+";"+";"-";"+";"§a§l'obsession "
"84";"+";"+";"-";"-";"-";"<E>";" avoir";"la";"-";"-";" particularité";"-";"-";"-";"+";"+";"+";"-";"-";"§a§la particularité "
"85";"+";"-";"-";"-";"-";"<E>";" avoir";"la";"+";"-";" pétasse";"+";"-";"+";"-";"+";"+";"+";"+";"§a§la pétasse "
"86";"+";"-";"-";"-";"-";"<E>";" avoir";"une";"+";"-";" pétasse bleue";"+";"-";"+";"-";"+";"+";"+";"+";"§a§une pétasse bleue "
"87";"+";"-";"-";"-";"-";"<E>";" avoir";"<E>";"+";"-";" peur";"+";"-";"-";"-";"-";"+";"+";"+";"§a§peur "
"88";"+";"-";"-";"-";"-";"<E>";" avoir";"grand";"+";"-";" peur";"+";"-";"-";"-";"-";"+";"+";"+";"§a§grand peur "
"89";"+";"-";"-";"-";"-";"<E>";" avoir";"<E>";"-";"-";" peur";"-";"-";"+";"-";"+";"+";"-";"-";"§a§peur "
"90";"+";"-";"-";"-";"-";"<E>";" avoir";"une";"+";"-";" peur bleue";"+";"-";"+";"-";"+";"+";"+";"+";"§a§une peur bleue "
"91";"+";"-";"-";"-";"-";"<E>";" avoir";"une";"+";"-";" peur panique";"+";"-";"+";"-";"+";"+";"+";"+";"§a§une peur panique "
"92";"+";"-";"-";"-";"-";"<E>";" avoir";"<E>";"+";"-";" pitié";"-";"-";"-";"+";"+";"+";"+";"+";"§a§pitié "
"93";"+";"-";"-";"-";"-";"<E>";" avoir";"la";"-";"-";" possibilité";"-";"-";"-";"-";"-";"+";"-";"-";"§a§la possibilité "
"94";"+";"-";"-";"-";"-";"<E>";" avoir";"la";"-";"-";" précaution";"-";"-";"+";"-";"+";"+";"-";"-";"§a§la précaution "
"95";"+";"-";"-";"-";"-";"<E>";" avoir";"la";"-";"+";" présence d'esprit";"-";"-";"-";"+";"+";"+";"-";"-";"§a§la présence d'esprit "
"96";"+";"-";"-";"-";"-";"<E>";" avoir";"le triste";"+";"-";" privilège";"-";"-";"-";"-";"-";"+";"-";"-";"§a§le triste privilège "
"97";"+";"-";"-";"-";"-";"<E>";" avoir";"le";"+";"-";" privilège";"-";"-";"-";"-";"-";"+";"-";"-";"§a§le privilège "
"98";"+";"-";"-";"-";"-";"<E>";" avoir";"le";"+";"-";" projet";"-";"-";"+";"+";"+";"+";"-";"+";"§a§le projet "
"99";"+";"-";"-";"-";"-";"<E>";" avoir";"le";"+";"-";" projet";"-";"+";"+";"+";"+";"+";"-";"+";"§a§le projet "
"100";"+";"-";"-";"-";"-";"<E>";" avoir";"le";"+";"-";" regret";"-";"-";"-";"+";"+";"+";"-";"-";"§a§le regret "
"101";"+";"-";"-";"-";"-";"<E>";" avoir";"la";"+";"-";" ressource";"-";"-";"-";"+";"+";"+";"-";"-";"§a§la ressource "
"102";"+";"-";"-";"-";"-";"<E>";" avoir";"le";"+";"-";" rêve";"-";"+";"+";"-";"+";"+";"-";"+";"§a§le rêve "
"103";"+";"-";"-";"-";"-";"<E>";" avoir";"le";"+";"-";" sentiment";"-";"-";"+";"-";"+";"+";"-";"+";"§a§le sentiment "
"104";"+";"-";"-";"-";"-";"<E>";" avoir";"<E>";"-";"-";" soin";"-";"-";"-";"+";"-";"+";"+";"+";"§a§soin "
"105";"+";"-";"-";"-";"-";"<E>";" avoir";"<E>";"+";"-";" souci";"-";"-";"-";"+";"+";"+";"-";"+";"§a§souci "
"106";"+";"-";"-";"-";"-";"<E>";" avoir";"<E>";"-";"-";" soupé";"-";"-";"+";"-";"-";"+";"+";"+";"§a§soupé "
"107";"+";"-";"-";"-";"-";"<E>";" avoir";"<E>";"-";"-";" souvenance";"-";"-";"+";"-";"+";"+";"+";"+";"§a§souvenance "
"108";"+";"-";"-";"-";"-";"<E>";" avoir";"<E>";"+";"-";" souvenir";"+";"-";"-";"+";"+";"+";"+";"+";"§a§souvenir "
"109";"+";"-";"-";"-";"-";"<E>";" avoir";"le";"-";"-";" souvenir";"-";"-";"-";"-";"-";"+";"+";"+";"§a§le souvenir "
"110";"+";"-";"-";"-";"-";"<E>";" avoir";"un";"+";"-";" souvenir ému";"+";"-";"-";"+";"+";"+";"+";"+";"§a§un souvenir ému "
"111";"+";"-";"-";"-";"-";"<E>";" avoir";"la";"+";"-";" suée";"-";"-";"-";"+";"+";"+";"-";"+";"§a§la suée "
"112";"+";"-";"-";"-";"-";"<E>";" avoir";"des";"+";"-";" sueurs froides";"-";"-";"-";"+";"+";"+";"-";"+";"§a§des sueurs froides "
"113";"+";"-";"-";"-";"-";"<E>";" avoir";"la lourde";"-";"+";" tâche";"-";"-";"-";"-";"-";"+";"-";"-";"§a§la lourde tâche "
"114";"+";"-";"-";"-";"-";"<E>";" avoir";"la";"-";"+";" tâche";"-";"-";"-";"-";"-";"+";"-";"-";"§a§la tâche "
"115";"+";"-";"-";"-";"-";"<E>";" avoir";"la";"+";"-";" trouille";"+";"-";"+";"-";"+";"+";"+";"+";"§a§la trouille "
"116";"+";"-";"-";"-";"-";"<E>";" avoir";"une";"+";"-";" trouille bleue";"+";"-";"+";"-";"+";"+";"+";"+";"§a§une trouille bleue "
"117";"+";"+";"-";"-";"-";"<E>";" avoir";"la";"+";"-";" veine";"-";"-";"-";"+";"+";"+";"-";"-";"§a§la veine "
"118";"+";"-";"-";"-";"-";"<E>";" avoir";"<E>";"-";"-";" vent";"-";"-";"+";"-";"+";"-";"-";"+";"§a§vent "
"119";"+";"-";"-";"-";"-";"<E>";" avoir";"la";"+";"-";" volonté";"-";"-";"+";"-";"+";"+";"-";"-";"§a§la volonté "
"120";"+";"-";"-";"+";"-";"en";" avoir";"Poss0";"-";"-";" claque";"+";"-";"+";"-";"+";"+";"+";"+";"§en a§sa claque "
"121";"+";"-";"-";"-";"+";"n'";" avoir";"<E>";"-";"-";" cure";"-";"-";"+";"+";"+";"+";"+";"+";"§n'a§cure "
"122";"+";"-";"-";"-";"+";"n'";" avoir";"<E>";"-";"-";" garde";"-";"-";"-";"+";"+";"+";"-";"+";"§n'a§garde "
"123";"+";"-";"-";"-";"+";"n'";" avoir plus";"le";"-";"-";" âge";"-";"-";"-";"-";"-";"+";"-";"-";"§n'a plus§l'âge "
"124";"+";"-";"-";"-";"+";"n'";" avoir que";"<E>";"-";"-";" faire";"-";"-";"+";"-";"+";"+";"+";"+";"§n'a que§faire "
"125";"+";"-";"-";"-";"+";"n'";" avoir que";"<E>";"-";"-";" faire";"-";"-";"+";"-";"+";"+";"+";"+";"§n'a que§faire "
"126";"+";"-";"-";"-";"+";"n'";" avoir que";"<E>";"-";"-";" fiche";"-";"-";"+";"-";"+";"+";"+";"+";"§n'a que§fiche "
"127";"+";"-";"-";"-";"+";"n'";" avoir que";"<E>";"-";"-";" fiche";"-";"-";"+";"-";"+";"+";"+";"+";"§n'a que§fiche "
"128";"+";"-";"-";"-";"+";"n'";" avoir que";"<E>";"-";"-";" foutre";"-";"-";"+";"-";"+";"+";"+";"+";"§n'a que§foutre "
"129";"+";"-";"-";"-";"+";"n'";" avoir que";"<E>";"-";"-";" foutre";"-";"-";"+";"-";"+";"+";"+";"+";"§n'a que§foutre "
"130";"+";"-";"-";"+";"-";"en";" avoir";"<E>";"-";"-";" assez";"+";"-";"-";"+";"+";"+";"+";"+";"§en a§assez "
"131";"+";"-";"+";"-";"-";"se";" battre";"les";"-";"+";" flanc";"-";"-";"+";"+";"+";"+";"+";"+";"§se battre§les flanc "
"132";"+";"-";"+";"-";"-";"se";" battre";"le";"-";"+";" oeil";"-";"-";"+";"+";"+";"+";"+";"+";"§se battre§l'oeil "
"133";"+";"-";"-";"-";"-";"<E>";" bénir";"le";"-";"-";" ciel";"+";"+";"+";"+";"+";"+";"-";"+";"§bénir§le ciel "
"134";"+";"-";"-";"-";"-";"<E>";" bercer";"le";"+";"-";" dessein";"+";"+";"+";"-";"+";"+";"-";"+";"§bercer§le dessein "
"135";"+";"-";"-";"-";"-";"<E>";" bercer";"la";"+";"-";" espérance";"-";"+";"+";"-";"+";"+";"-";"-";"§bercer§l'espérance "
"136";"+";"-";"-";"-";"-";"<E>";" bercer";"le";"+";"-";" espoir";"-";"+";"+";"-";"+";"+";"-";"-";"§bercer§l'espoir "
"137";"+";"-";"-";"-";"-";"<E>";" bercer";"la";"+";"-";" idée";"+";"+";"+";"-";"+";"+";"-";"+";"§bercer§l'idée "
"138";"+";"-";"-";"-";"-";"<E>";" bercer";"la";"+";"-";" illusion";"-";"+";"+";"-";"+";"+";"-";"-";"§bercer§l'illusion "
"139";"+";"-";"-";"-";"-";"<E>";" bercer";"la";"+";"-";" intention";"-";"+";"+";"-";"+";"+";"-";"-";"§bercer§l'intention "
"140";"+";"-";"-";"-";"-";"<E>";" bercer";"le";"+";"-";" projet";"-";"+";"+";"-";"+";"+";"-";"+";"§bercer§le projet "
"141";"+";"-";"-";"-";"-";"<E>";" bercer";"le";"+";"-";" rêve";"-";"+";"+";"-";"+";"+";"-";"-";"§bercer§le rêve "
"142";"+";"-";"-";"-";"-";"<E>";" caresser";"le";"+";"-";" dessein";"+";"+";"+";"-";"+";"+";"-";"+";"§caresser§le dessein "
"143";"+";"-";"-";"-";"-";"<E>";" caresser";"la";"+";"-";" espérance";"-";"+";"+";"+";"+";"+";"-";"+";"§caresser§l'espérance "
"144";"+";"-";"-";"-";"-";"<E>";" caresser";"le";"+";"-";" espoir";"-";"+";"+";"+";"+";"+";"-";"+";"§caresser§l'espoir "
"145";"+";"-";"-";"-";"-";"<E>";" caresser";"la";"+";"-";" idée";"+";"+";"+";"-";"+";"+";"-";"+";"§caresser§l'idée "
"146";"+";"-";"-";"-";"-";"<E>";" caresser";"la";"+";"-";" illusion";"-";"+";"+";"-";"+";"+";"-";"+";"§caresser§l'illusion "
"147";"+";"-";"-";"-";"-";"<E>";" caresser";"la";"+";"-";" intention";"-";"+";"+";"-";"+";"+";"-";"+";"§caresser§l'intention "
"148";"+";"-";"-";"-";"-";"<E>";" caresser";"le";"+";"-";" projet";"-";"+";"+";"+";"+";"+";"-";"+";"§caresser§le projet "
"149";"+";"-";"-";"-";"-";"<E>";" caresser";"le";"+";"-";" rêve";"-";"+";"+";"-";"+";"+";"-";"+";"§caresser§le rêve "
"150";"+";"-";"-";"-";"-";"<E>";" concevoir";"le";"+";"-";" espoir";"+";"+";"+";"-";"+";"+";"-";"+";"§concevoir§l'espoir "
"151";"+";"-";"-";"-";"-";"<E>";" concevoir";"la";"+";"-";" idée";"+";"+";"+";"-";"+";"+";"-";"+";"§concevoir§l'idée "
"152";"+";"-";"-";"-";"-";"<E>";" concevoir";"le";"+";"-";" plan";"+";"+";"+";"-";"+";"+";"-";"+";"§concevoir§le plan "
"153";"+";"-";"-";"-";"-";"<E>";" concevoir";"le";"+";"-";" projet";"+";"+";"+";"-";"+";"+";"-";"+";"§concevoir§le projet "
"154";"+";"-";"-";"-";"-";"<E>";" concevoir";"le";"+";"-";" rêve";"+";"+";"+";"-";"+";"+";"-";"+";"§concevoir§le rêve "
"155";"+";"+";"-";"-";"-";"<E>";" couper";"la";"+";"-";" envie de Nhum";"+";"+";"-";"-";"-";"+";"-";"-";"§couper§l'envie de Nhum "
"156";"+";"-";"-";"-";"+";"ne";" croire";"un";"-";"-";" mot";"-";"-";"-";"+";"-";"-";"-";"+";"§ne croire§un mot "
"157";"+";"-";"-";"-";"-";"<E>";" cultiver";"la";"+";"-";" espérance";"-";"+";"+";"-";"+";"+";"-";"+";"§cultiver§l'espérance "
"158";"+";"-";"-";"-";"-";"<E>";" cultiver";"le";"+";"-";" espoir";"-";"+";"+";"-";"+";"+";"-";"+";"§cultiver§l'espoir "
"159";"+";"-";"-";"-";"-";"<E>";" cultiver";"la";"+";"-";" idée";"+";"+";"+";"-";"+";"+";"-";"+";"§cultiver§l'idée "
"160";"+";"-";"-";"-";"-";"<E>";" cultiver";"la";"+";"-";" illusion";"+";"+";"+";"-";"+";"+";"-";"+";"§cultiver§l'illusion "
"161";"+";"-";"-";"-";"-";"<E>";" cultiver";"le";"+";"-";" projet";"+";"+";"+";"+";"+";"+";"-";"+";"§cultiver§le projet "
"162";"+";"-";"-";"-";"-";"<E>";" cultiver";"le";"+";"-";" rêve";"+";"+";"+";"-";"+";"+";"-";"+";"§cultiver§le rêve "
"163";"+";"-";"+";"-";"-";"se";" dilater";"la";"-";"+";" rate";"+";"-";"-";"+";"-";"+";"-";"-";"§se dilater§la rate "
"164";"+";"-";"-";"-";"-";"<E>";" dire";"<E>";"-";"-";" quoi ?";"-";"-";"+";"+";"+";"+";"-";"+";"§dire§quoi ? "
"165";"+";"-";"+";"-";"-";"se";" donner";"le";"+";"-";" mal";"-";"-";"+";"-";"+";"+";"-";"-";"§se donner§le mal "
"166";"+";"-";"+";"-";"-";"se";" donner";"la";"+";"-";" peine";"-";"-";"+";"-";"+";"+";"-";"-";"§se donner§la peine "
"167";"+";"-";"-";"-";"-";"<E>";" écarter";"la";"+";"-";" accusation";"+";"+";"-";"+";"+";"-";"-";"+";"§écarter§l'accusation "
"168";"+";"-";"-";"-";"-";"<E>";" écarter";"la";"+";"-";" critique";"+";"+";"-";"+";"+";"-";"-";"+";"§écarter§la critique "
"169";"+";"-";"-";"-";"-";"<E>";" écarter";"la";"+";"-";" hypothèse";"+";"+";"-";"+";"+";"-";"-";"+";"§écarter§l'hypothèse "
"170";"+";"-";"-";"-";"-";"<E>";" écarter";"la";"+";"-";" objection";"+";"+";"-";"+";"+";"-";"-";"+";"§écarter§l'objection "
"171";"+";"-";"-";"-";"-";"<E>";" écarter";"la";"+";"-";" reproche";"+";"+";"-";"+";"+";"-";"-";"+";"§écarter§la reproche "
"172";"+";"-";"-";"-";"-";"<E>";" émettre";"la";"+";"-";" accusation";"+";"+";"-";"+";"+";"-";"-";"+";"§émettre§l'accusation "
"173";"+";"-";"-";"-";"-";"<E>";" émettre";"la";"+";"-";" critique";"+";"+";"-";"+";"+";"-";"-";"+";"§émettre§la critique "
"174";"+";"-";"-";"-";"-";"<E>";" émettre";"la";"+";"-";" hypothèse";"+";"+";"-";"+";"+";"-";"-";"+";"§émettre§l'hypothèse "
"175";"+";"-";"-";"-";"-";"<E>";" émettre";"la";"+";"-";" objection";"+";"+";"-";"+";"+";"-";"-";"+";"§émettre§l'objection "
"176";"+";"-";"-";"-";"-";"<E>";" émettre";"la";"+";"-";" reproche";"+";"+";"-";"+";"+";"-";"-";"+";"§émettre§la reproche "
"177";"+";"-";"-";"-";"-";"<E>";" entendre";"<E>";"-";"-";" parler";"-";"-";"+";"-";"+";"-";"+";"+";"§entendre§parler "
"178";"+";"-";"-";"-";"-";"<E>";" éprouver";"le";"-";"-";" besoin";"-";"+";"+";"-";"+";"+";"-";"-";"§éprouver§le besoin "
"179";"+";"-";"-";"-";"-";"<E>";" éprouver";"le";"-";"-";" désir";"-";"+";"+";"-";"+";"+";"-";"-";"§éprouver§le désir "
"180";"+";"-";"-";"-";"-";"<E>";" escompter";"<E>";"-";"-";" merveille";"-";"+";"+";"+";"+";"+";"+";"+";"§escompter§merveille "
"181";"+";"-";"-";"-";"-";"<E>";" espérer";"<E>";"-";"-";" merveille";"-";"+";"+";"+";"+";"+";"+";"+";"§espérer§merveille "
"182";"+";"-";"+";"-";"-";"s'";" estimer";"<E>";"-";"-";" content";"-";"-";"+";"+";"+";"+";"-";"+";"§s'estimer§content "
"183";"+";"-";"+";"-";"-";"s'";" estimer";"<E>";"-";"-";" heureux";"-";"-";"+";"+";"+";"+";"-";"+";"§s'estimer§heureux "
"184";"+";"-";"+";"-";"-";"s'";" estimer";"<E>";"-";"-";" satisfait";"-";"-";"+";"+";"+";"+";"-";"+";"§s'estimer§satisfaire "
"185";"+";"+";"-";"-";"-";"<E>";" être";"<E>";"-";"-";" loin";"-";"-";"-";"+";"+";"+";"-";"+";"§est§loin "
"186";"+";"+";"-";"-";"-";"<E>";" être";"<E>";"-";"-";" près";"-";"-";"-";"+";"+";"+";"-";"+";"§est§près "
"187";"+";"+";"-";"-";"+";"n'";" être pas";"<E>";"-";"-";" loin";"-";"-";"-";"-";"-";"+";"-";"+";"§n'est pas§loin "
"188";"+";"+";"-";"-";"+";"n'";" être pas";"<E>";"-";"-";" près";"-";"-";"-";"-";"-";"+";"-";"+";"§n'est pas§près "
"189";"+";"-";"-";"-";"-";"se";" faire";"un";"-";"-";" devoir";"-";"-";"+";"+";"+";"+";"-";"-";"§se faire§un devoir "
"190";"+";"-";"+";"-";"-";"se";" faire";"un";"-";"-";" droit";"-";"-";"-";"-";"-";"+";"-";"-";"§se faire§un droit "
"191";"+";"-";"+";"-";"-";"se";" faire";"le";"-";"-";" écho";"-";"-";"-";"+";"-";"-";"-";"+";"§se faire§l'écho "
"192";"+";"-";"+";"-";"-";"se";" faire";"une";"-";"-";" fête";"-";"-";"+";"+";"+";"+";"-";"-";"§se faire§une fête "
"193";"+";"-";"+";"-";"-";"se";" faire";"<E>";"-";"-";" fort";"-";"-";"-";"+";"+";"+";"-";"-";"§se faire§fort "
"194";"+";"-";"+";"-";"-";"se";" faire";"<E>";"-";"-";" gloire";"-";"-";"+";"+";"+";"+";"-";"-";"§se faire§gloire "
"195";"+";"-";"+";"-";"-";"se";" faire";"un";"-";"-";" honneur";"-";"-";"-";"-";"-";"+";"-";"-";"§se faire§un honneur "
"196";"+";"-";"+";"-";"-";"se";" faire";"un";"-";"-";" jeu";"-";"-";"+";"+";"+";"+";"-";"-";"§se faire§un jeu "
"197";"+";"-";"+";"-";"-";"se";" faire";"une";"-";"-";" joie";"-";"-";"+";"+";"+";"+";"-";"-";"§se faire§une joie "
"198";"+";"-";"+";"-";"-";"se";" faire";"une";"-";"-";" loi";"-";"-";"+";"+";"+";"+";"-";"-";"§se faire§une loi "
"199";"+";"-";"+";"-";"-";"se";" faire";"un";"-";"-";" monde";"-";"-";"+";"+";"+";"+";"+";"+";"§se faire§un monde "
"200";"+";"-";"+";"-";"-";"se";" faire";"une";"-";"-";" montagne";"-";"-";"+";"+";"+";"+";"+";"+";"§se faire§une montagne "
"201";"+";"-";"+";"-";"-";"se";" faire";"un malin";"+";"-";" plaisir";"-";"-";"+";"+";"+";"+";"-";"-";"§se faire§un malin plaisir "
"202";"+";"-";"+";"-";"-";"se";" faire";"un";"-";"-";" plaisir";"-";"-";"+";"+";"+";"+";"-";"-";"§se faire§un plaisir "
"203";"+";"-";"+";"-";"-";"se";" faire";"un";"-";"-";" point d'honneur";"-";"-";"+";"+";"+";"+";"-";"-";"§se faire§un point d'honneur "
"204";"+";"-";"+";"-";"-";"se";" faire";"une";"-";"-";" raison";"+";"-";"+";"+";"+";"+";"-";"+";"§se faire§une raison "
"205";"+";"-";"+";"-";"-";"se";" faire";"la";"-";"-";" réflexion";"-";"-";"+";"-";"+";"-";"-";"-";"§se faire§la réflexion "
"206";"+";"-";"+";"-";"-";"se";" faire";"une";"-";"-";" règle";"-";"-";"+";"+";"+";"+";"-";"-";"§se faire§une règle "
"207";"+";"-";"+";"-";"-";"se";" faire";"une";"-";"-";" religion";"-";"-";"+";"+";"+";"+";"-";"-";"§se faire§une religion "
"208";"+";"-";"+";"-";"-";"se";" faire";"<E>";"+";"-";" scrupule";"-";"-";"+";"+";"+";"+";"-";"-";"§se faire§scrupule "
"209";"+";"-";"+";"-";"-";"se";" faire";"un";"-";"-";" scrupule";"-";"-";"+";"+";"+";"+";"-";"-";"§se faire§un scrupule "
"210";"+";"-";"+";"-";"-";"se";" faire";"un";"-";"-";" système";"-";"-";"+";"+";"+";"+";"-";"-";"§se faire§un système "
"211";"+";"-";"+";"-";"-";"se";" faire";"une douce";"-";"-";" violence";"+";"-";"-";"+";"-";"+";"-";"-";"§se faire§une douce violence "
"212";"+";"+";"-";"-";"-";"<E>";" faire";"<E>";"-";"-";" abstraction";"-";"+";"-";"+";"-";"+";"+";"+";"§faire§abstraction "
"213";"+";"-";"-";"-";"-";"<E>";" faire";"Poss0";"-";"-";" affaire";"-";"-";"+";"+";"-";"+";"+";"+";"§faire§son affaire "
"214";"+";"-";"-";"-";"-";"<E>";" faire";"une";"+";"-";" affaire d'état";"-";"+";"+";"+";"-";"+";"-";"+";"§faire§une affaire d'état "
"215";"+";"-";"-";"-";"-";"<E>";" faire";"grand";"-";"-";" bruit";"-";"+";"+";"+";"+";"+";"-";"+";"§faire§grand bruit "
"216";"+";"-";"-";"-";"-";"<E>";" faire";"le";"+";"-";" calcul";"+";"+";"-";"+";"+";"+";"-";"-";"§faire§le calcul "
"217";"+";"-";"-";"-";"-";"<E>";" faire";"un certain";"+";"-";" cas";"-";"+";"-";"+";"-";"+";"+";"+";"§faire§un certain cas "
"218";"+";"-";"-";"-";"-";"<E>";" faire";"le";"-";"-";" choix";"-";"+";"+";"-";"+";"+";"-";"+";"§faire§le choix "
"219";"+";"-";"-";"-";"-";"<E>";" faire";"<E>";"+";"-";" commerce";"-";"-";"+";"-";"+";"+";"-";"+";"§faire§commerce "
"220";"+";"-";"-";"-";"-";"<E>";" faire";"la";"+";"-";" erreur";"+";"+";"+";"-";"+";"+";"-";"-";"§faire§l'erreur "
"221";"+";"-";"-";"-";"-";"<E>";" faire";"la";"+";"-";" faute";"+";"+";"+";"-";"+";"+";"-";"-";"§faire§la faute "
"222";"+";"-";"-";"-";"-";"<E>";" faire";"<E>";"-";"-";" fi";"-";"-";"+";"-";"-";"-";"+";"+";"§faire§fi "
"223";"-";"+";"-";"-";"-";"<E>";" faire";"<E>";"-";"-";" foi";"+";"-";"+";"-";"+";"-";"-";"+";"§faire§foi "
"224";"+";"-";"-";"-";"-";"<E>";" faire";"tout un";"+";"-";" fromage";"+";"+";"-";"+";"+";"+";"+";"+";"§faire§tout un fromage "
"225";"+";"-";"-";"-";"-";"<E>";" faire";"des";"-";"+";" gorges chaudes";"-";"+";"+";"+";"+";"+";"+";"+";"§faire§des gorges chaudes "
"226";"+";"-";"-";"-";"-";"<E>";" faire";"tout une";"+";"-";" histoire";"+";"+";"-";"+";"+";"+";"+";"+";"§faire§tout une histoire "
"227";"+";"-";"-";"-";"-";"<E>";" faire";"une";"-";"-";" jaunisse";"-";"-";"+";"+";"-";"+";"-";"-";"§faire§une jaunisse "
"228";"+";"-";"-";"-";"-";"<E>";" faire";"une";"-";"-";" maladie";"-";"-";"+";"+";"-";"+";"-";"-";"§faire§une maladie "
"229";"+";"-";"-";"-";"-";"<E>";" faire";"bon";"-";"-";" marché";"-";"-";"+";"+";"-";"+";"+";"+";"§faire§bon marché "
"230";"+";"-";"-";"-";"-";"<E>";" faire";"<E>";"-";"-";" métier";"-";"-";"+";"-";"+";"+";"-";"+";"§faire§métier "
"231";"+";"-";"-";"-";"-";"<E>";" faire";"tout un";"+";"-";" micmac";"+";"+";"-";"+";"+";"+";"+";"+";"§faire§tout un micmac "
"232";"+";"-";"-";"-";"-";"<E>";" faire";"le";"-";"-";" pari";"-";"+";"-";"+";"+";"+";"-";"-";"§faire§le pari "
"233";"+";"-";"-";"-";"-";"<E>";" faire";"tout un";"+";"-";" plat";"+";"+";"-";"+";"+";"+";"+";"+";"§faire§tout un plat "
"234";"+";"-";"-";"-";"-";"<E>";" faire";"<E>";"-";"-";" profession";"-";"-";"+";"-";"+";"+";"-";"+";"§faire§profession "
"235";"+";"-";"-";"-";"-";"<E>";" faire";"Poss0";"-";"-";" profit";"-";"-";"+";"+";"-";"+";"-";"+";"§faire§son profit "
"236";"+";"-";"-";"-";"-";"<E>";" faire";"le";"+";"-";" projet";"-";"+";"+";"+";"+";"+";"-";"+";"§faire§le projet "
"237";"+";"-";"-";"-";"-";"<E>";" faire";"<E>";"-";"-";" quelque chose";"-";"+";"-";"+";"-";"-";"-";"-";"§faire§quelque chose "
"238";"+";"-";"-";"-";"-";"<E>";" faire";"<E>";"-";"-";" semblant";"-";"-";"+";"-";"+";"-";"-";"-";"§faire§semblant "
"239";"+";"-";"-";"-";"-";"<E>";" faire";"le";"+";"-";" souhait";"+";"+";"+";"-";"+";"+";"-";"-";"§faire§le souhait "
"240";"+";"+";"-";"-";"-";"<E>";" faire";"<E>";"-";"-";" table rase";"-";"-";"+";"+";"-";"-";"-";"+";"§faire§table rase "
"241";"+";"-";"-";"-";"-";"<E>";" faire";"une";"+";"-";" tartine";"-";"+";"+";"+";"+";"+";"-";"+";"§faire§une tartine "
"242";"+";"-";"-";"-";"-";"<E>";" faire";"le";"+";"-";" voeu";"-";"+";"+";"+";"+";"+";"-";"-";"§faire§le voeu "
"243";"+";"-";"-";"-";"+";"ne";" faire";"<E>";"+";"-";" mystère";"-";"+";"+";"+";"+";"+";"-";"+";"§ne faire§mystère "
"244";"+";"-";"-";"-";"+";"ne";" faire";"un";"-";"-";" secret";"-";"-";"+";"-";"+";"+";"-";"+";"§ne faire§un secret "
"245";"+";"-";"+";"-";"+";"ne se";" faire";"<E>";"-";"-";" faute";"-";"-";"+";"-";"+";"+";"-";"-";"§ne se faire§faute "
"246";"+";"-";"+";"-";"+";"ne se";" faire";"<E>";"-";"-";" idée";"-";"-";"-";"+";"+";"-";"-";"+";"§ne se faire§idée "
"247";"+";"-";"-";"-";"-";"<E>";" former";"le";"+";"-";" dessein";"-";"+";"+";"-";"+";"+";"-";"+";"§former§le dessein "
"248";"+";"-";"-";"-";"-";"<E>";" former";"la";"+";"-";" idée";"-";"+";"+";"+";"+";"+";"-";"+";"§former§l'idée "
"249";"+";"-";"-";"-";"-";"<E>";" former";"le";"+";"-";" projet";"-";"+";"+";"+";"+";"+";"-";"+";"§former§le projet "
"250";"+";"-";"-";"-";"-";"<E>";" former";"le";"+";"-";" souhait";"+";"+";"+";"-";"+";"+";"-";"-";"§former§le souhait "
"251";"+";"-";"-";"-";"-";"<E>";" former";"le";"+";"-";" voeu";"+";"+";"+";"-";"+";"+";"-";"-";"§former§le voeu "
"252";"+";"+";"-";"-";"-";"<E>";" formuler";"le";"-";"-";" principe";"-";"+";"+";"-";"+";"+";"-";"+";"§formuler§le principe "
"253";"+";"-";"+";"-";"-";"se";" frotter";"les";"-";"+";" mains";"-";"-";"+";"+";"+";"+";"-";"+";"§se frotter§les mains "
"254";"+";"-";"+";"-";"-";"se";" frotter";"le";"-";"+";" ventre";"-";"-";"+";"+";"+";"+";"-";"+";"§se frotter§le ventre "
"255";"+";"-";"+";"-";"-";"se";" frotter";"les";"-";"+";" yeux";"+";"-";"+";"+";"-";"+";"-";"+";"§se frotter§les yeux "
"256";"+";"-";"-";"-";"-";"<E>";" garder";"le";"-";"-";" souvenir";"-";"-";"-";"-";"-";"+";"+";"+";"§garder§le souvenir "
"257";"+";"-";"-";"-";"-";"<E>";" goûter";"le";"+";"-";" plaisir";"-";"+";"-";"-";"-";"+";"-";"+";"§goûter§le plaisir "
"258";"+";"-";"+";"-";"-";"se";" laisser";"<E>";"-";"-";" convaincre";"+";"-";"-";"-";"-";"+";"-";"+";"§se laisser§convaincre "
"259";"+";"-";"+";"-";"-";"se";" laver";"les";"-";"+";" mains";"-";"-";"+";"+";"-";"+";"-";"+";"§se laver§les mains "
"260";"+";"-";"+";"-";"-";"se";" lécher";"les";"-";"+";" babines";"-";"-";"+";"+";"-";"+";"-";"+";"§se lécher§les babines "
"261";"+";"-";"+";"-";"-";"se";" lécher";"les";"-";"+";" doigts";"-";"-";"+";"+";"-";"+";"-";"+";"§se lécher§les doigts "
"262";"+";"-";"+";"-";"-";"se";" lécher";"les";"-";"+";" lèvres";"-";"-";"+";"+";"-";"+";"-";"+";"§se lécher§les lèvres "
"263";"+";"-";"-";"-";"-";"<E>";" louer";"le";"-";"-";" ciel";"+";"+";"-";"+";"+";"+";"-";"+";"§louer§le ciel "
"264";"+";"-";"-";"-";"-";"<E>";" louer";"<E>";"-";"-";" Dieu";"+";"+";"-";"+";"+";"+";"-";"+";"§louer§Dieu "
"265";"+";"-";"-";"-";"-";"<E>";" louer";"le";"-";"-";" Seigneur";"+";"+";"-";"+";"+";"+";"-";"+";"§louer§le Seigneur "
"266";"+";"-";"-";"-";"-";"<E>";" manifester";"le";"+";"-";" désir";"-";"-";"+";"-";"+";"+";"-";"-";"§manifester§le désir "
"267";"+";"-";"-";"-";"-";"<E>";" manifester";"la ferme";"-";"-";" intention";"-";"-";"+";"-";"+";"+";"-";"-";"§manifester§la ferme intention "
"268";"+";"-";"-";"-";"-";"<E>";" manifester";"la";"-";"-";" intention";"-";"-";"+";"-";"+";"+";"-";"-";"§manifester§l'intention "
"269";"+";"-";"-";"-";"-";"<E>";" manifester";"la";"+";"-";" volonté";"-";"-";"+";"-";"+";"+";"-";"-";"§manifester§la volonté "
"270";"+";"-";"+";"-";"-";"se";" mordre";"les";"-";"+";" doigts";"-";"-";"+";"+";"+";"+";"-";"-";"§se mordre§les doigts "
"271";"+";"-";"+";"-";"-";"se";" mordre";"la";"-";"+";" langue";"+";"-";"+";"+";"-";"+";"-";"+";"§se mordre§la langue "
"272";"+";"-";"+";"-";"-";"se";" mordre";"les";"-";"+";" lèvres";"-";"-";"+";"+";"+";"+";"-";"-";"§se mordre§les lèvres "
"273";"+";"-";"+";"-";"-";"se";" mordre";"les";"-";"+";" pouces";"-";"-";"+";"-";"-";"+";"-";"+";"§se mordre§les pouces "
"274";"+";"-";"-";"-";"-";"<E>";" mûrir";"le";"+";"-";" espoir";"-";"+";"+";"+";"+";"+";"-";"-";"§mûrir§l'espoir "
"275";"+";"-";"-";"-";"-";"<E>";" mûrir";"le";"+";"-";" projet";"-";"+";"+";"-";"+";"+";"-";"+";"§mûrir§le projet "
"276";"+";"-";"-";"-";"-";"<E>";" nourrir";"le";"+";"-";" espoir";"-";"+";"+";"+";"+";"+";"-";"-";"§nourrir§l'espoir "
"277";"+";"-";"-";"-";"-";"<E>";" nourrir";"la";"-";"-";" illusion";"-";"+";"+";"-";"+";"+";"-";"-";"§nourrir§l'illusion "
"278";"+";"-";"-";"-";"-";"<E>";" nourrir";"la";"-";"-";" intention";"-";"+";"+";"-";"+";"+";"-";"-";"§nourrir§l'intention "
"279";"+";"-";"-";"-";"-";"<E>";" nourrir";"le";"+";"-";" projet";"-";"+";"+";"+";"+";"+";"-";"+";"§nourrir§le projet "
"280";"+";"-";"-";"-";"-";"<E>";" nourrir";"le";"-";"-";" rêve";"-";"+";"+";"-";"+";"+";"-";"-";"§nourrir§le rêve "
"281";"+";"-";"+";"-";"-";"s'";" offrir";"le";"-";"-";" luxe";"-";"+";"-";"+";"+";"+";"-";"-";"§s'offrir§le luxe "
"282";"+";"-";"+";"-";"-";"se";" payer";"le";"-";"-";" luxe";"-";"-";"+";"-";"+";"+";"-";"+";"§se payer§le luxe "
"283";"+";"-";"+";"-";"-";"se";" payer";"le";"-";"-";" luxe";"-";"+";"-";"+";"+";"+";"-";"-";"§se payer§le luxe "
"284";"+";"-";"-";"-";"-";"<E>";" penser";"<E>";"-";"-";" quelque chose ?";"-";"-";"-";"+";"-";"+";"-";"+";"§penser§quelque chose ? "
"285";"+";"-";"-";"-";"-";"<E>";" perdre";"le";"-";"-";" repos";"+";"-";"-";"-";"-";"+";"-";"-";"§perdre§le repos "
"286";"+";"-";"-";"-";"-";"<E>";" perdre";"le";"-";"-";" sommeil";"-";"-";"-";"+";"+";"+";"-";"+";"§perdre§le sommeil "
"287";"+";"-";"+";"-";"-";"se";" porter";"<E>";"-";"-";" garant";"-";"-";"-";"+";"+";"-";"+";"+";"§se porter§garant "
"288";"-";"+";"-";"-";"-";"<E>";" porter";"<E>";"+";"-";" témoignage";"-";"+";"-";"+";"+";"-";"-";"+";"§porter§témoignage "
"289";"+";"+";"-";"-";"-";"<E>";" poser";"le";"-";"-";" principe";"-";"+";"+";"-";"+";"+";"-";"+";"§poser§le principe "
"290";"+";"-";"+";"-";"-";"se";" pourlécher";"les";"-";"+";" babines";"-";"-";"+";"+";"-";"+";"-";"+";"§se pourlécher§les babines "
"291";"+";"-";"+";"-";"-";"se";" pourlécher";"les";"-";"+";" doigts";"-";"-";"+";"+";"-";"+";"-";"+";"§se pourlécher§les doigts "
"292";"+";"-";"+";"-";"-";"se";" pourlécher";"les";"-";"+";" lèvres";"-";"-";"+";"+";"-";"+";"-";"+";"§se pourlécher§les lèvres "
"293";"+";"-";"-";"-";"+";"ne";" pouvoir";"se";"-";"-";" empêcher";"-";"-";"-";"+";"+";"+";"-";"+";"§ne pouvoir§se empêcher "
"294";"+";"-";"-";"-";"-";"<E>";" prendre";"<E>";"-";"-";" acte";"-";"+";"-";"+";"+";"+";"-";"+";"§prendre§acte "
"295";"+";"-";"-";"-";"-";"<E>";" prendre";"la";"+";"-";" attitude";"-";"+";"+";"-";"+";"+";"-";"-";"§prendre§l'attitude "
"296";"+";"-";"-";"-";"-";"<E>";" prendre";"le";"+";"-";" chemin";"-";"+";"+";"-";"+";"+";"-";"-";"§prendre§le chemin "
"297";"+";"-";"-";"-";"-";"<E>";" prendre";"la";"+";"-";" décision";"-";"+";"+";"+";"+";"+";"-";"-";"§prendre§la décision "
"298";"+";"-";"-";"-";"-";"<E>";" prendre";"le";"+";"-";" engagement";"-";"+";"+";"-";"+";"+";"-";"-";"§prendre§l'engagement "
"299";"+";"-";"-";"-";"-";"<E>";" prendre";"<E>";"-";"-";" garde";"-";"-";"+";"-";"-";"+";"-";"-";"§prendre§garde "
"300";"+";"-";"-";"-";"-";"<E>";" prendre";"de la";"-";"-";" graine";"-";"-";"-";"+";"-";"-";"-";"+";"§prendre§de la graine "
"301";"+";"-";"-";"-";"-";"<E>";" prendre";"la";"+";"-";" initiative";"+";"+";"+";"-";"+";"+";"-";"+";"§prendre§l'initiative "
"302";"+";"-";"-";"-";"-";"<E>";" prendre";"la";"+";"-";" liberté";"-";"+";"+";"-";"+";"+";"-";"-";"§prendre§la liberté "
"303";"+";"-";"-";"-";"-";"<E>";" prendre";"le";"-";"-";" mal";"-";"-";"-";"-";"-";"+";"-";"-";"§prendre§le mal "
"304";"+";"-";"-";"-";"-";"<E>";" prendre";"bonne";"-";"-";" note";"-";"+";"-";"+";"+";"+";"-";"+";"§prendre§bonne note "
"305";"+";"-";"-";"-";"-";"<E>";" prendre";"<E>";"-";"-";" note";"-";"-";"-";"+";"+";"+";"-";"+";"§prendre§note "
"306";"+";"-";"-";"-";"-";"<E>";" prendre";"<E>";"-";"-";" ombrage";"-";"+";"-";"+";"+";"+";"+";"+";"§prendre§ombrage "
"307";"+";"-";"-";"-";"-";"<E>";" prendre";"le";"+";"-";" parti";"-";"+";"+";"-";"+";"+";"-";"-";"§prendre§le parti "
"308";"+";"-";"-";"-";"-";"<E>";" prendre";"Poss0";"-";"-";" parti";"-";"-";"-";"+";"-";"+";"-";"+";"§prendre§son parti "
"309";"+";"-";"-";"-";"-";"<E>";" prendre";"la";"+";"-";" peine";"-";"+";"-";"-";"+";"+";"-";"-";"§prendre§la peine "
"310";"+";"-";"-";"-";"-";"<E>";" prendre";"le";"+";"-";" pli";"-";"+";"+";"-";"+";"+";"-";"-";"§prendre§le pli "
"311";"+";"-";"-";"-";"-";"<E>";" prendre";"la";"+";"-";" position";"-";"+";"+";"-";"+";"+";"-";"-";"§prendre§la position "
"312";"-";"+";"-";"-";"-";"<E>";" prendre";"la";"-";"-";" résolution";"+";"-";"-";"+";"-";"-";"+";"+";"§prendre§la résolution "
"313";"+";"-";"-";"-";"-";"<E>";" prendre";"le";"+";"-";" risque";"-";"+";"+";"-";"+";"+";"-";"-";"§prendre§le risque "
"314";"+";"-";"-";"-";"-";"<E>";" rabattre";"les";"-";"+";" oreilles de N";"-";"-";"-";"+";"+";"-";"-";"+";"§rabattre§les oreilles de N "
"315";"+";"-";"-";"-";"-";"<E>";" réaliser";"le";"+";"-";" tour de force";"-";"+";"+";"-";"+";"+";"-";"-";"§réaliser§le tour de force "
"316";"+";"-";"-";"-";"-";"<E>";" rebattre";"les";"-";"+";" oreilles de N";"-";"-";"-";"+";"+";"-";"-";"+";"§rebattre§les oreilles de N "
"317";"+";"-";"-";"-";"-";"<E>";" remercier";"le";"-";"-";" ciel";"+";"+";"-";"+";"+";"+";"-";"+";"§remercier§le ciel "
"318";"+";"-";"-";"-";"-";"<E>";" remercier";"<E>";"-";"-";" Dieu";"+";"+";"-";"+";"+";"+";"-";"+";"§remercier§Dieu "
"319";"+";"-";"-";"-";"-";"<E>";" remercier";"le";"-";"-";" Seigneur";"+";"+";"-";"+";"+";"+";"-";"+";"§remercier§le Seigneur "
"320";"+";"-";"+";"-";"-";"se";" rendre";"<E>";"-";"-";" coupable";"-";"-";"-";"-";"-";"+";"-";"+";"§se rendre§coupable "
"321";"+";"-";"+";"-";"-";"se";" rendre";"<E>";"-";"-";" garant";"-";"-";"-";"+";"+";"-";"+";"+";"§se rendre§garant "
"322";"+";"-";"-";"-";"-";"<E>";" renier";"le";"+";"-";" engagement";"-";"+";"-";"+";"+";"+";"-";"-";"§renier§l'engagement "
"323";"+";"-";"-";"-";"-";"<E>";" répandre";"le";"+";"-";" bruit";"+";"+";"-";"+";"+";"-";"-";"+";"§répandre§le bruit "
"324";"+";"-";"-";"-";"-";"<E>";" répandre";"la";"+";"-";" rumeur";"+";"+";"-";"+";"+";"-";"-";"+";"§répandre§la rumeur "
"325";"+";"-";"-";"-";"-";"<E>";" ressentir";"le";"+";"-";" besoin";"-";"+";"-";"+";"+";"+";"-";"+";"§ressentir§le besoin "
"326";"+";"-";"-";"-";"-";"<E>";" revendiquer";"le";"-";"-";" honneur";"-";"+";"-";"-";"-";"+";"-";"+";"§revendiquer§l'honneur "
"327";"+";"-";"-";"-";"-";"<E>";" risquer";"la";"+";"-";" hypothèse";"+";"+";"-";"+";"+";"-";"-";"+";"§risquer§l'hypothèse "
"328";"+";"-";"-";"-";"-";"<E>";" saisir";"la";"+";"-";" justice";"-";"+";"+";"+";"-";"-";"-";"+";"§saisir§la justice "
"329";"+";"-";"-";"-";"-";"<E>";" saisir";"les";"+";"-";" tribunaux";"-";"+";"+";"+";"-";"-";"-";"+";"§saisir§les tribunaux "
"330";"+";"-";"+";"-";"-";"se";" sentir";"la";"-";"-";" capacité";"-";"-";"+";"-";"+";"+";"-";"-";"§se sentir§la capacité "
"331";"+";"-";"+";"-";"-";"se";" sentir";"le";"-";"-";" droit";"-";"-";"+";"-";"+";"+";"-";"-";"§se sentir§le droit "
"332";"+";"-";"+";"-";"-";"se";" sentir";"la";"-";"-";" force";"-";"-";"+";"-";"+";"+";"-";"-";"§se sentir§la force "
"333";"+";"-";"-";"-";"-";"<E>";" sentir";"le";"+";"-";" besoin";"-";"+";"-";"+";"+";"+";"-";"+";"§sentir§le besoin "
"334";"+";"-";"-";"-";"-";"<E>";" sentir";"la";"-";"-";" nécessité";"-";"+";"-";"+";"+";"+";"-";"+";"§sentir§la nécessité "
"335";"+";"-";"-";"-";"-";"<E>";" sortir";"<E>";"-";"-";" grandi";"-";"-";"+";"+";"+";"+";"-";"+";"§sortir§grandi "
"336";"+";"-";"+";"-";"-";"se";" tamponner";"le";"-";"+";" coquillard";"-";"-";"+";"+";"+";"+";"-";"+";"§se tamponner§le coquillard "
"337";"+";"-";"+";"-";"-";"se";" tenir";"les";"-";"+";" côtes";"-";"-";"+";"+";"-";"+";"-";"-";"§se tenir§les côtes "
"338";"+";"+";"-";"-";"-";"<E>";" tenir";"<E>";"-";"-";" compte";"-";"+";"+";"-";"+";"+";"+";"+";"§tenir§compte "
"339";"+";"-";"-";"-";"-";"<E>";" tenir";"le";"+";"-";" engagement";"+";"+";"-";"+";"+";"+";"-";"-";"§tenir§l'engagement "
"340";"+";"-";"-";"-";"-";"<E>";" tenir";"le";"+";"-";" pari";"+";"+";"-";"+";"+";"+";"-";"-";"§tenir§le pari "
"341";"+";"-";"-";"-";"-";"<E>";" tenir";"la";"+";"-";" promesse";"+";"+";"-";"+";"+";"+";"-";"-";"§tenir§la promesse "
"342";"+";"+";"-";"-";"-";"<E>";" tirer";"<E>";"+";"-";" argument";"-";"+";"+";"+";"-";"+";"-";"+";"§tirer§argument "
"343";"+";"-";"-";"-";"-";"<E>";" tirer";"<E>";"+";"-";" avantage";"-";"+";"+";"+";"-";"+";"-";"+";"§tirer§avantage "
"344";"+";"-";"-";"-";"-";"<E>";" tirer";"<E>";"+";"-";" bénéfice";"-";"+";"+";"+";"-";"+";"-";"+";"§tirer§bénéfice "
"345";"+";"-";"-";"-";"-";"<E>";" tirer";"une";"+";"-";" conclusion";"+";"+";"+";"-";"-";"+";"-";"+";"§tirer§une conclusion "
"346";"+";"-";"-";"-";"-";"<E>";" tirer";"les";"+";"-";" conséquences";"-";"-";"-";"+";"-";"+";"-";"+";"§tirer§les conséquences "
"347";"+";"-";"-";"-";"-";"<E>";" tirer";"<E>";"+";"-";" consolation";"-";"+";"+";"+";"-";"+";"-";"+";"§tirer§consolation "
"348";"+";"-";"-";"-";"-";"<E>";" tirer";"un";"+";"-";" enseignement";"-";"-";"+";"-";"-";"+";"-";"+";"§tirer§un enseignement "
"349";"+";"-";"-";"-";"-";"<E>";" tirer";"<E>";"+";"-";" fierté";"-";"+";"+";"+";"+";"+";"+";"+";"§tirer§fierté "
"350";"+";"-";"-";"-";"-";"<E>";" tirer";"<E>";"+";"-";" gloire";"-";"+";"+";"+";"-";"+";"-";"+";"§tirer§gloire "
"351";"+";"-";"-";"-";"-";"<E>";" tirer";"une";"+";"-";" leçon";"-";"+";"+";"-";"-";"+";"-";"+";"§tirer§une leçon "
"352";"+";"-";"-";"-";"-";"<E>";" tirer";"<E>";"+";"-";" orgueil";"-";"+";"+";"+";"+";"+";"+";"+";"§tirer§orgueil "
"353";"+";"+";"-";"-";"-";"<E>";" tirer";"un très bon";"-";"-";" parti";"-";"+";"+";"+";"-";"+";"+";"+";"§tirer§un très bon parti "
"354";"+";"+";"-";"-";"-";"<E>";" tirer";"un excellent";"-";"-";" parti";"-";"+";"+";"+";"-";"+";"+";"+";"§tirer§un excellent parti "
"355";"+";"+";"-";"-";"-";"<E>";" tirer";"un bon";"-";"-";" parti";"-";"+";"+";"+";"-";"+";"+";"+";"§tirer§un bon parti "
"356";"+";"+";"-";"-";"-";"<E>";" tirer";"le meilleur";"-";"-";" parti";"-";"+";"+";"+";"-";"+";"+";"+";"§tirer§le meilleur parti "
"357";"+";"+";"-";"-";"-";"<E>";" tirer";"<E>";"+";"-";" parti";"-";"+";"+";"+";"-";"+";"+";"+";"§tirer§parti "
"358";"+";"+";"-";"-";"-";"<E>";" tirer";"le meilleur";"-";"-";" parti possible";"-";"+";"+";"+";"-";"+";"+";"+";"§tirer§le meilleur parti possible "
"359";"+";"-";"-";"-";"-";"<E>";" tirer";"<E>";"+";"-";" profit";"-";"+";"+";"+";"-";"+";"-";"+";"§tirer§profit "
"360";"+";"-";"-";"-";"-";"<E>";" tirer";"<E>";"+";"-";" quelque chose";"-";"+";"+";"+";"-";"+";"-";"+";"§tirer§quelque chose "
"361";"+";"-";"-";"-";"-";"<E>";" tirer";"un";"+";"-";" revenu";"-";"+";"+";"+";"-";"+";"+";"+";"§tirer§un revenu "
"362";"+";"-";"-";"-";"-";"<E>";" tirer";"<E>";"+";"-";" satisfaction";"-";"+";"+";"+";"-";"+";"-";"+";"§tirer§satisfaction "
"363";"+";"-";"-";"-";"-";"<E>";" tirer";"<E>";"+";"-";" vanité";"-";"+";"+";"+";"-";"+";"+";"+";"§tirer§vanité "
"364";"+";"-";"+";"-";"-";"se";" torcher";"le";"-";"+";" cul";"-";"-";"+";"+";"+";"+";"+";"+";"§se torcher§le cul "
"365";"+";"-";"+";"-";"-";"se";" torcher";"le";"-";"+";" derrière";"-";"-";"+";"+";"+";"+";"+";"+";"§se torcher§le derrière "
"366";"+";"-";"+";"-";"-";"se";" trouver";"<E>";"-";"-";" bien";"-";"-";"+";"+";"-";"+";"-";"+";"§se trouver§bien "
"367";"+";"-";"+";"-";"-";"se";" trouver";"<E>";"-";"-";" mieux";"-";"-";"-";"+";"+";"+";"-";"+";"§se trouver§mieux "
"368";"+";"-";"-";"-";"-";"<E>";" trouver";"le";"-";"-";" courage";"-";"-";"-";"-";"-";"+";"-";"-";"§trouver§le courage "
"369";"+";"-";"-";"-";"-";"<E>";" trouver";"<E>";"+";"-";" moyen";"-";"-";"+";"-";"+";"+";"-";"-";"§trouver§moyen "
"370";"+";"-";"-";"-";"-";"<E>";" trouver";"le";"-";"-";" temps";"-";"-";"-";"-";"-";"+";"-";"-";"§trouver§le temps "
"371";"+";"-";"-";"-";"-";"<E>";" user";"et";"-";"-";" abuser";"-";"-";"+";"+";"-";"+";"-";"+";"§user§et abuser "
