"<ID>";"N0 =: Nhum";"N0 =: N-hum";"Ppv =: Neg";"<ENT>Ppv";"<ENT><être>";"<ENT>Det1";"<ENT>Prépc";"<ENT>Detc";"<ENT>Cc";"N0 être Det1 Prépc Detc Cc N1";"N0 être Det1 N1 Prépc Detc Cc";"Exemple"
"1";"+";"+";"-";"<E>";" être";"<E>";"<E>";" plus";"abaissant de la terre";"-";"+";"§être§plus abaissant de la terre "
"2";"+";"+";"-";"<E>";" être";"<E>";"<E>";" plus";"abaissant de la terre entière";"-";"+";"§être§plus abaissant de la terre entière "
"3";"+";"+";"-";"<E>";" être";"<E>";"<E>";" plus";"abaissant du monde";"-";"+";"§être§plus abaissant du monde "
"4";"+";"+";"-";"<E>";" être";"<E>";"<E>";" plus";"abaissant du monde entier";"-";"+";"§être§plus abaissant du monde entier "
"5";"+";"+";"-";"<E>";" être";"<E>";"<E>";" plus";"abaissant que la terre ait porté";"-";"+";"§être§plus abaissant que la terre ait porté "
"6";"+";"-";"-";"<E>";" être";"<E>";"à";"<E>";"abattre";"-";"+";"§être§à abattre "
"7";"+";"-";"-";"<E>";" être";"un";"<E>";"<E>";"accompli";"-";"+";"§être§un accompli "
"8";"+";"-";"-";"<E>";" être";"un";"<E>";"<E>";"achevé";"-";"+";"§être§un achevé "
"9";"+";"+";"-";"<E>";" être";"<E>";"<E>";"<E>";"actuel";"+";"+";"§être§actuel "
"10";"+";"+";"-";"<E>";" être";"un";"parmi";"les";"Adj";"-";"+";"§être§un parmi les Adj "
"11";"+";"+";"-";"<E>";" être";"<E>";"<E>";" plus";"Adj de la terre";"-";"+";"§être§plus Adj de la terre "
"12";"+";"+";"-";"<E>";" être";"<E>";"<E>";" plus";"Adj de la terre entière";"-";"+";"§être§plus Adj de la terre entière "
"13";"+";"+";"-";"<E>";" être";"<E>";"<E>";" plus";"Adj du monde";"-";"+";"§être§plus Adj du monde "
"14";"+";"+";"-";"<E>";" être";"<E>";"<E>";" plus";"Adj du monde entier";"-";"+";"§être§plus Adj du monde entier "
"15";"+";"+";"-";"<E>";" être";"<E>";"<E>";" plus";"Adj que la terre ait porté";"-";"+";"§être§plus Adj que la terre ait porté "
"16";"-";"+";"-";"<E>";" être";"un";"de";"<E>";"ado";"-";"+";"§être§un d'ado "
"17";"+";"+";"-";"<E>";" être";"un";"de";"<E>";"adoption";"-";"+";"§être§un d'adoption "
"18";"+";"-";"-";"<E>";" être";"un";"par";"<E>";"adoption";"-";"+";"§être§un par adoption "
"19";"-";"+";"-";"<E>";" être";"un";"de";"<E>";"adulte";"-";"+";"§être§un d'adulte "
"20";"-";"+";"-";"<E>";" être";"un";"de";"pin";"air";"-";"+";"§être§un de pin air "
"21";"+";"+";"-";"<E>";" être";"un";"par";"<E>";"alliance";"-";"+";"§être§un par alliance "
"22";"+";"-";"-";"<E>";" être";"un";"à";"<E>";"allure de N";"-";"+";"§être§un à allure de N "
"23";"+";"+";"-";"<E>";" être";"un";"de";"<E>";"alors";"-";"+";"§être§un d'alors "
"24";"+";"-";"-";"<E>";" être";"un";"<E>";"<E>";"amateur";"-";"+";"§être§un amateur "
"25";"+";"-";"-";"<E>";" être";"un";"<E>";"<E>";"ambulant";"-";"+";"§être§un ambulant "
"26";"+";"-";"-";"<E>";" être";"un";"dans";"la";"âme";"-";"+";"§être§un dans l'âme "
"27";"+";"-";"-";"<E>";" être";"Poss0";"et";"néanmoins";"ami";"-";"+";"§être§son et néanmoins ami "
"28";"+";"+";"-";"<E>";" être";"un";"<E>";"<E>";"ancien";"+";"-";"§être§un ancien "
"29";"+";"+";"-";"<E>";" être";"<E>";"de";"la";"année";"-";"+";"§être§de l'année "
"30";"-";"+";"-";"<E>";" être";"un";"de";"la";"année";"+";"-";"§être§un de l'année "
"31";"+";"+";"-";"<E>";" être";"un";"<E>";"<E>";"annexe";"-";"+";"§être§un annexe "
"32";"+";"+";"-";"<E>";" être";"un";"de";"<E>";"antan";"+";"-";"§être§un d'antan "
"33";"-";"+";"-";"<E>";" être";"un";"de";"toute";"antiquité";"+";"-";"§être§un de toute antiquité "
"34";"+";"+";"-";"<E>";" être";"un";"de";"<E>";"appoint";"-";"+";"§être§un d'appoint "
"35";"-";"+";"-";"<E>";" être";"un";"de";"<E>";"arrivée";"-";"+";"§être§un d'arrivée "
"36";"+";"+";"-";"<E>";" être";"un";"à";"<E>";"aspect de N";"-";"+";"§être§un à aspect de N "
"37";"+";"-";"-";"<E>";" être";"s";"et";"<E>";"assimilés";"-";"+";"§être§s et assimilés "
"38";"+";"+";"-";"<E>";" être";"<E>";"<E>";"tant";"attendu";"+";"+";"§être§tant attendu "
"39";"+";"+";"-";"<E>";" être";"un";"de";"<E>";"aujourd'hui";"-";"+";"§être§un d'aujourd'hui "
"40";"-";"+";"-";"<E>";" être";"un";"<E>";"<E>";"austral";"-";"+";"§être§un austral "
"41";"+";"+";"-";"<E>";" être";"des";"<E>";"tous";"autant que Ils-0 sont";"-";"+";"§être§des tous autant qu'lls sont "
"42";"-";"+";"-";"<E>";" être";"un";"de";"<E>";"auteur";"-";"+";"§être§un d'auteur "
"43";"+";"+";"-";"<E>";" être";"un";"comme";"un";"autre";"-";"+";"§être§un comme un autre "
"44";"+";"+";"-";"<E>";" être";"un";"de";"<E>";"autrefois";"-";"+";"§être§un d'autrefois "
"45";"+";"+";"-";"<E>";" être";"un";"parmi";"les";"autres";"-";"+";"§être§un parmi les autres "
"46";"+";"+";"-";"<E>";" être";"un";"de";"<E>";"avenir";"-";"+";"§être§un d'avenir "
"47";"-";"+";"-";"<E>";" être";"un";"dont";"Nhum";"avoir  secret";"-";"+";"§être§un dont Nhum a secret "
"48";"+";"+";"-";"<E>";" être";"un";"comme";"il n'y en";"avoir guère";"-";"+";"§être§un comme il n'y en a guère "
"49";"+";"+";"-";"<E>";" être";"un";"comme";"il n'y en";"avoir pas d'autres";"-";"+";"§être§un comme il n'y en a pas d'autres "
"50";"+";"+";"-";"<E>";" être";"un";"comme";"il n'y en";"avoir pas deux";"-";"+";"§être§un comme il n'y en a pas deux "
"51";"+";"+";"-";"<E>";" être";"un";"comme";"il n'y en";"avoir plus";"-";"+";"§être§un comme il n'y en a plus "
"52";"+";"+";"-";"<E>";" être";"un";"comme";"il n'y en";"avoir plus guère";"-";"+";"§être§un comme il n'y en a plus guère "
"53";"-";"+";"-";"<E>";" être";"<E>";"de";"<E>";"bas";"-";"+";"§être§de bas "
"54";"-";"+";"-";"<E>";" être";"un";"de";"<E>";"base";"-";"+";"§être§un de base "
"55";"+";"+";"-";"<E>";" être";"un";"<E>";"<E>";"beau";"+";"-";"§être§un beau "
"56";"+";"+";"-";"<E>";" être";"un";"<E>";"<E>";"beau grand";"+";"-";"§être§un beau grand "
"57";"+";"+";"-";"<E>";" être";"un";"<E>";"<E>";"beau petit";"+";"-";"§être§un beau petit "
"58";"+";"-";"-";"<E>";" être";"un";"de";"<E>";"bien";"-";"+";"§être§un de bien "
"59";"+";"+";"-";"<E>";" être";"un";"en";"moins";"bien";"-";"+";"§être§un en moins bien "
"60";"+";"+";"-";"<E>";" être";"un";"<E>";"<E>";"bon";"+";"-";"§être§un bon "
"61";"-";"+";"-";"<E>";" être";"un";"<E>";"<E>";"boomerang";"-";"+";"§être§un boomerang "
"62";"+";"+";"-";"<E>";" être";"<E>";"de";"<E>";"bord";"-";"+";"§être§de bord "
"63";"+";"-";"-";"<E>";" être";"<E>";"sur";"les";"bords";"-";"+";"§être§sur les bords "
"64";"+";"-";"-";"<E>";" être";"des";"de";"tous";"bords";"-";"+";"§être§des de tous bords "
"65";"-";"+";"-";"<E>";" être";"un";"<E>";"<E>";"boréal";"-";"+";"§être§un boréal "
"66";"+";"+";"-";"<E>";" être";"un";"<E>";"<E>";"bouche-trou";"-";"+";"§être§un bouche-trou "
"67";"+";"-";"-";"<E>";" être";"un";"jusqu'à";"<E>";"bout des ongles";"-";"+";"§être§un jusqu'à bout des ongles "
"68";"+";"-";"-";"<E>";" être";"un";"<E>";"<E>";"brave";"+";"-";"§être§un brave "
"69";"+";"-";"-";"<E>";" être";"un";"<E>";"<E>";"brave";"+";"-";"§être§un brave "
"70";"-";"+";"-";"<E>";" être";"un";"<E>";"<E>";"butoir";"-";"+";"§être§un butoir "
"71";"-";"+";"-";"<E>";" être";"un";"de";"<E>";"café du Commerce";"-";"+";"§être§un de café du Commerce "
"72";"+";"+";"-";"<E>";" être";"un";"<E>";"<E>";"canon";"-";"+";"§être§un canon "
"73";"-";"+";"-";"<E>";" être";"un";"de";"<E>";"cape et d'épée";"-";"+";"§être§un de cape et d'épée "
"74";"+";"-";"-";"<E>";" être";"un";"de";"<E>";"caractère";"-";"+";"§être§un de caractère "
"75";"-";"+";"-";"<E>";" être";"un";"<E>";"<E>";"carrefour";"-";"+";"§être§un carrefour "
"76";"-";"+";"-";"<E>";" être";"un";"à";"la";"carte";"-";"+";"§être§un à la carte "
"77";"-";"+";"-";"<E>";" être";"un";"en";"<E>";"cascade";"-";"+";"§être§un en cascade "
"78";"+";"+";"-";"<E>";" être";"un";"parmi";"les plus";"célèbres";"+";"+";"§être§un parmi les plus célèbres "
"79";"+";"+";"-";"<E>";" être";"un";"à";"cent pour";"cent";"-";"+";"§être§un à cent pour cent "
"80";"+";"+";"-";"<E>";" être";"un";"à";"Dnum pour";"cent";"-";"+";"§être§un à Dnum pour cent "
"81";"+";"+";"-";"<E>";" être";"un";"<E>";"<E>";"cf";"-";"+";"§être§un cf "
"82";"-";"+";"-";"<E>";" être";"un";"en";"<E>";"chaîne";"-";"+";"§être§un en chaîne "
"83";"-";"+";"-";"<E>";" être";"un";"de";"<E>";"chambre";"-";"+";"§être§un de chambre "
"84";"+";"-";"-";"<E>";" être";"un";"en";"<E>";"chambre";"-";"+";"§être§un en chambre "
"85";"-";"+";"-";"<E>";" être";"un";"de";"dernière";"chance";"-";"+";"§être§un de dernière chance "
"86";"-";"+";"-";"<E>";" être";"un";"de";"la dernière";"chance";"-";"+";"§être§un de la dernière chance "
"87";"+";"+";"-";"<E>";" être";"un";"de";"<E>";"charme";"-";"+";"§être§un de charme "
"88";"+";"+";"-";"<E>";" être";"un";"<E>";"<E>";"charnière";"-";"+";"§être§un charnière "
"89";"-";"+";"-";"<E>";" être";"un";"de";"<E>";"chef";"-";"+";"§être§un de chef "
"90";"+";"-";"-";"<E>";" être";"un";"en";"<E>";"chef";"-";"+";"§être§un en chef "
"91";"-";"+";"-";"<E>";" être";"un";"de";"<E>";"chien";"-";"+";"§être§un de chien "
"92";"-";"+";"-";"<E>";" être";"un";"<E>";"<E>";"choc";"-";"+";"§être§un choc "
"93";"+";"-";"-";"<E>";" être";"un";"de";"<E>";"choc";"-";"+";"§être§un de choc "
"94";"+";"+";"-";"<E>";" être";"un";"de";"<E>";"choix";"-";"+";"§être§un de choix "
"95";"+";"+";"-";"<E>";" être";"un";"de";"peu de";"chose";"-";"+";"§être§un de peu de chose "
"96";"+";"+";"-";"<E>";" être";"un";"en";"toutes";"choses";"-";"+";"§être§un en toutes choses "
"97";"-";"+";"-";"<E>";" être";"une";"<E>";"<E>";"cible";"-";"+";"§être§une cible"
"98";"+";"+";"-";"<E>";" être";"une";"<E>";"<E>";"cible";"-";"+";"§être§une cible"
"99";"+";"+";"-";"<E>";" être";"<E>";"<E>";"<E>";"cité";"-";"+";"§être§cité "
"100";"+";"-";"-";"<E>";" être";"un";"de";"<E>";"classe";"-";"+";"§être§un de classe "
"101";"-";"+";"-";"<E>";" être";"un";"de";"<E>";"classe";"-";"+";"§être§un de classe "
"102";"+";"+";"-";"<E>";" être";"un";"<E>";"<E>";"clé";"-";"+";"§être§un clé "
"103";"-";"+";"-";"<E>";" être";"un";"de";"<E>";"clocher";"-";"+";"§être§un de clocher "
"104";"+";"-";"-";"<E>";" être";"un";"de";"<E>";"coeur";"-";"+";"§être§un de coeur "
"105";"-";"+";"-";"<E>";" être";"un";"de";"<E>";"commerce";"-";"+";"§être§un de commerce "
"106";"-";"+";"-";"<E>";" être";"un";"de";"<E>";"complaisance";"-";"+";"§être§un de complaisance "
"107";"+";"+";"-";"<E>";" être";"un";"à";"la";"con";"-";"+";"§être§un à la con "
"108";"-";"+";"-";"<E>";" être";"un";"de";"<E>";"con";"-";"+";"§être§un de con "
"109";"+";"-";"-";"<E>";" être";"un";"<E>";"<E>";"congénital";"-";"+";"§être§un congénital "
"110";"+";"-";"-";"<E>";" être";"un";"de";"<E>";"connaissance";"-";"+";"§être§un de connaissance "
"111";"+";"-";"-";"<E>";" être";"un";"de";"POSS";"connaissance";"-";"+";"§être§un de POSS connaissance "
"112";"+";"+";"-";"<E>";" être";"un";"parmi";"les plus";"connus";"+";"+";"§être§un parmi les plus connus "
"113";"+";"+";"-";"<E>";" être";"un";"de";"<E>";"conséquence";"-";"+";"§être§un de conséquence "
"114";"-";"+";"-";"<E>";" être";"un";"à";"une";"constante additive près";"-";"-";"§être§un à une constante additive près "
"115";"-";"+";"-";"<E>";" être";"un";"à";"une";"constante multiplicative près";"-";"-";"§être§un à une constante multiplicative près "
"116";"-";"+";"-";"<E>";" être";"un";"à";"une";"constante près";"-";"-";"§être§un à une constante près "
"117";"+";"+";"-";"<E>";" être";"<E>";"d'à";"<E>";"côté";"-";"+";"§être§d'à côté "
"118";"-";"+";"-";"<E>";" être";"un";"de";"<E>";"côté";"-";"+";"§être§un de côté "
"119";"-";"+";"-";"<E>";" être";"un";"<E>";"<E>";"couperet";"-";"+";"§être§un couperet "
"120";"+";"+";"-";"<E>";" être";"un";"<E>";"tout";"court";"-";"+";"§être§un tout court "
"121";"-";"+";"-";"<E>";" être";"une";"<E>";"<E>";"couleur";"-";"+";"§être§une couleur"
"122";"-";"+";"-";"<E>";" être";"une";"de";"<E>";"couleur";"-";"+";"§être§une de couleur"
"123";"+";"-";"-";"<E>";" être";"une";"de";"<E>";"couleur";"-";"+";"§être§une de couleur"
"124";"+";"-";"-";"<E>";" être";"<E>";"<E>";"<E>";"craché";"-";"+";"§être§craché "
"125";"+";"-";"-";"<E>";" être";"<E>";"<E>";"tout";"craché";"-";"+";"§être§tout craché "
"126";"+";"+";"-";"<E>";" être";"un";"de";"tous";"crins";"-";"+";"§être§un de tous crins "
"127";"-";"+";"-";"<E>";" être";"un";"<E>";"<E>";"croupion";"-";"+";"§être§un croupion "
"128";"+";"+";"-";"<E>";" être";"un";"<E>";"<E>";"culte";"-";"+";"§être§un culte "
"129";"-";"+";"-";"<E>";" être";"<E>";"de";"tous les";"dangers";"-";"-";"§être§de tous les dangers "
"130";"+";"+";"-";"<E>";" être";" dernier";"en";"<E>";"date";"-";"+";"§être§dernier en date "
"131";"+";"-";"-";"<E>";" être";"un";"de";"fraîche";"date";"-";"+";"§être§un de fraîche date "
"132";"+";"-";"-";"<E>";" être";"un";"de";"longue";"date";"-";"+";"§être§un de longue date "
"133";"+";"-";"-";"<E>";" être";"un";"de";"vieil";"date";"-";"+";"§être§un de vieil date "
"134";"+";"+";"-";"<E>";" être";"un";"de";"la première";"date";"-";"+";"§être§un de la première date "
"135";"-";"+";"-";"<E>";" être";"un";"par";"<E>";"défaut";"-";"+";"§être§un par défaut "
"136";"+";"+";"-";"<E>";" être";"<E>";"à";" plus haut";"degré";"-";"+";"§être§à plus haut degré "
"137";"+";"+";"-";"<E>";" être";"un";"de";"<E>";"demain";"-";"+";"§être§un de demain "
"138";"+";"+";"-";"<E>";" être";"un";"de";"après-";"demain";"-";"+";"§être§un d'après-demain "
"139";"+";"-";"-";"<E>";" être";"un";"à";"<E>";"demeure";"-";"+";"§être§un à demeure "
"140";"+";"+";"-";"<E>";" être";"<E>";"à";"<E>";"demi";"+";"+";"§être§à demi "
"141";"-";"+";"-";"<E>";" être";"un";"de";"<E>";"démonstration";"-";"+";"§être§un de démonstration "
"142";"-";"+";"-";"<E>";" être";"un";"de";"<E>";"départ";"-";"+";"§être§un de départ "
"143";"+";"+";"-";"<E>";" être";"un";"<E>";"tout";"dernier";"+";"-";"§être§un tout dernier "
"144";"+";"+";"-";"<E>";" être";"un";"de";"<E>";"derrière";"-";"+";"§être§un de derrière "
"145";"+";"+";"-";"<E>";" être";"un";"de";"<E>";"derrière";"-";"+";"§être§un de derrière "
"146";"+";"+";"-";"<E>";" être";"<E>";"<E>";"tant";"désiré";"+";"+";"§être§tant désiré "
"147";"+";"+";"-";"<E>";" être";"un";"de";"<E>";"dessous";"-";"+";"§être§un de dessous "
"148";"+";"+";"-";"<E>";" être";"un";"de";"<E>";"dessous";"-";"+";"§être§un de dessous "
"149";"+";"+";"-";"<E>";" être";"un";"de";"<E>";"dessus";"-";"+";"§être§un de dessus "
"150";"+";"+";"-";"<E>";" être";"un";"de";"<E>";"dessus";"-";"+";"§être§un de dessus "
"151";"-";"+";"-";"<E>";" être";"un";"<E>";"<E>";"déterminé";"-";"+";"§être§un déterminé "
"152";"-";"+";"-";"<E>";" être";"un";"<E>";"bien";"déterminé";"-";"+";"§être§un bien déterminé "
"153";"+";"+";"-";"<E>";" être";"un";"de";"mes";"deux";"-";"+";"§être§un de mes deux "
"154";"+";"-";"-";"<E>";" être";"un";"<E>";"<E>";"deux en un";"-";"+";"§être§un deux en un "
"155";"+";"+";"-";"<E>";" être";"un";"de";"<E>";"devant";"-";"+";"§être§un de devant "
"156";"+";"+";"-";"<E>";" être";"un";"de";"<E>";"devant";"-";"+";"§être§un de devant "
"157";"-";"+";"-";"<E>";" être";"un";"de";"<E>";"devanture";"-";"+";"§être§un de devanture "
"158";"+";"+";"-";"<E>";" être";"un";"de";"<E>";"diable";"-";"+";"§être§un de diable"
"159";"+";"+";"-";"<E>";" être";"un";"en";"<E>";"diable";"-";"+";"§être§un en diable"
"160";"-";"+";"-";"<E>";" être";"un";"de";"tous les";"diables";"-";"+";"§être§un de tous les diables"
"161";"+";"+";"-";"<E>";" être";"<E>";"que";"l'on";"dire";"-";"+";"§être§que l'on dire "
"162";"+";"+";"-";"<E>";" être";"<E>";"que";"on";"dire";"-";"+";"§être§qu'on dire "
"163";"+";"+";"-";"<E>";" être";"<E>";"que";"tu";"dire";"-";"+";"§être§que tu dire "
"164";"+";"+";"-";"<E>";" être";"<E>";"que";"vous";"dire";"-";"+";"§être§que vous dire "
"165";"+";"+";"-";"<E>";" être";"un";"qui";"ne";"dire pas Poss0 nom";"-";"+";"§être§un qui ne dire pas son nom "
"166";"+";"+";"-";"<E>";" être";"un";"pour";"ne pas";"dire un N";"-";"+";"§être§un pour ne pas dire un N "
"167";"+";"-";"-";"<E>";" être";"un";"<E>";"soit-";"disant";"+";"-";"§être§un soit-disant "
"168";"+";"+";"-";"<E>";" être";"<E>";"de";"la";"discorde";"-";"+";"§être§de la discorde "
"169";"+";"-";"-";"<E>";" être";"Poss0";"<E>";"<E>";"distingué";"+";"-";"§être§son distingué "
"170";"+";"-";"-";"<E>";" être";"un";"<E>";"<E>";"distingué";"-";"+";"§être§un distingué "
"171";"-";"+";"-";"<E>";" être";"un";"<E>";"<E>";"distingué";"-";"+";"§être§un distingué "
"172";"+";"+";"-";"<E>";" être";"<E>";"<E>";"<E>";"dit";"-";"+";"§être§dit "
"173";"+";"+";"-";"<E>";" être";"<E>";"<E>";"sus-";"dit";"-";"+";"§être§sus-dit "
"174";"+";"+";"-";"<E>";" être";"un";"<E>";"proprement";"dit";"-";"+";"§être§un proprement dit "
"175";"-";"+";"-";"<E>";" être";"<E>";"<E>";"<E>";"dit";"+";"-";"§être§dit "
"176";"+";"+";"-";"<E>";" être";"S";"<E>";"les plus";"divers";"-";"+";"§être§S les plus divers "
"177";"+";"+";"-";"<E>";" être";"des";"<E>";"<E>";"divers";"-";"+";"§être§des divers "
"178";"+";"+";"-";"<E>";" être";"des";"<E>";"<E>";"divers et variés";"-";"+";"§être§des divers et variés "
"179";"+";"-";"-";"<E>";" être";"un";"<E>";"<E>";"doublé d'un N";"-";"-";"§être§un doublé d'un N "
"180";"+";"+";"-";"<E>";" être";"un";"de";"pin";"droit";"-";"+";"§être§un de pin droit "
"181";"+";"+";"-";"<E>";" être";"un";"de";"<E>";"droit divin";"-";"+";"§être§un de droit divin "
"182";"+";"+";"-";"<E>";" être";"<E>";"de";"<E>";"droite";"-";"+";"§être§de droite "
"183";"-";"+";"-";"<E>";" être";"un";"<E>";"<E>";"échantillon";"-";"+";"§être§un échantillon "
"184";"-";"+";"-";"<E>";" être";"un";"<E>";"<E>";"éclair";"-";"+";"§être§un éclair "
"185";"+";"-";"-";"<E>";" être";"un";"de";"<E>";"élite";"-";"+";"§être§un d'élite "
"186";"+";"-";"-";"<E>";" être";"un";"<E>";"<E>";"émérite";"+";"+";"§être§un émérite "
"187";"-";"+";"-";"<E>";" être";"un";"<E>";"<E>";"empire";"-";"+";"§être§un empire "
"188";"-";"+";"-";"<E>";" être";"un";"à";"<E>";"emporte-pièce";"-";"+";"§être§un à emporte-pièce "
"189";"-";"+";"-";"<E>";" être";"un";"de";"<E>";"emprunt";"-";"+";"§être§un d'emprunt "
"190";"-";"+";"-";"<E>";" être";"un";"de";"<E>";"enfant";"-";"+";"§être§un d'enfant "
"191";"-";"+";"-";"<E>";" être";"un";"de";"<E>";"enfer";"-";"+";"§être§un d'enfer "
"192";"-";"+";"-";"<E>";" être";"un";"de";"<E>";"ensemble";"-";"+";"§être§un d'ensemble"
"193";"-";"+";"-";"<E>";" être";"un";"<E>";"<E>";"entier";"-";"+";"§être§un entier "
"194";"+";"-";"-";"<E>";" être";"un";"de";"<E>";"esprit";"-";"+";"§être§un d'esprit "
"195";"+";"+";"-";"<E>";" être";"un";"si";"il en";"est";"-";"+";"§être§un si il en est "
"196";"+";"+";"+";"n'";" être plus";"<E>";"que";"IL-0";"était";"-";"+";"§n'est plus§qu'IL-0 était "
"197";"+";"+";"-";"<E>";" être";"toujours ";"que";"IL-0";"était";"-";"+";"§être§toujours qu'IL-0 était "
"198";"-";"+";"-";"<E>";" être";"un";"<E>";"<E>";"étalon";"-";"+";"§être§un étalon "
"199";"-";"+";"-";"<E>";" être";"un";"<E>";"<E>";"étape";"-";"+";"§être§un étape "
"200";"+";"-";"-";"<E>";" être";"<E>";"de";"Poss0";"état";"-";"+";"§être§de son état "
"201";"+";"-";"-";"<E>";" être";"un grand";"devant";"<E>";"Eternel";"-";"+";"§être§un grand devant Eternel "
"202";"+";"-";"-";"<E>";" être";"un grand";"devant";"<E>";"Eternel";"-";"+";"§être§un grand devant Eternel "
"203";"+";"-";"-";"<E>";" être";"un";"devant";"<E>";"Eternel";"-";"+";"§être§un devant Eternel "
"204";"+";"-";"-";"<E>";" être";"un";"devant";"<E>";"Eternel";"-";"+";"§être§un devant Eternel "
"205";"-";"+";"-";"<E>";" être";"un";"<E>";"<E>";"événement";"-";"+";"§être§un événement "
"206";"+";"+";"-";"<E>";" être";"un";"<E>";"<E>";"éventuel";"+";"+";"§être§un éventuel "
"207";"+";"-";"-";"<E>";" être";"un";"par";"<E>";"excellence";"-";"+";"§être§un par excellence "
"208";"+";"+";"-";"<E>";" être";"un";"de";"<E>";"exception";"-";"+";"§être§un d'exception "
"209";"+";"-";"-";"<E>";" être";"un";"à";"<E>";"excès";"-";"+";"§être§un à excès "
"210";"-";"+";"-";"<E>";" être";"un";"par";"<E>";"excès";"-";"+";"§être§un par excès "
"211";"-";"+";"-";"<E>";" être";"un";"par";"<E>";"exemple";"-";"+";"§être§un par exemple"
"212";"+";"-";"-";"<E>";" être";"un";"de";"pin";"exercice";"-";"+";"§être§un de pin exercice "
"213";"+";"-";"-";"<E>";" être";"un";"en";"<E>";"exercice";"-";"+";"§être§un en exercice "
"214";"+";"+";"-";"<E>";" être";"un";"comme";"il n'en";"exister guère";"-";"+";"§être§un comme il n'en exister guère "
"215";"+";"+";"-";"<E>";" être";"un";"comme";"il n'en";"exister pas d'autres";"-";"+";"§être§un comme il n'en exister pas d'autres "
"216";"+";"+";"-";"<E>";" être";"un";"comme";"il n'en";"exister pas deux";"-";"+";"§être§un comme il n'en exister pas deux "
"217";"+";"+";"-";"<E>";" être";"un";"comme";"il n'en";"exister plus";"-";"+";"§être§un comme il n'en exister plus "
"218";"+";"+";"-";"<E>";" être";"un";"comme";"il n'en";"exister plus guère";"-";"+";"§être§un comme il n'en exister plus guère "
"219";"-";"+";"-";"<E>";" être";"un";"de";"<E>";"exposition";"-";"+";"§être§un d'exposition "
"220";"-";"+";"-";"<E>";" être";"un";"de";"<E>";"façade";"-";"+";"§être§un de façade "
"221";"+";"+";"-";"<E>";" être";"un";"d'en";"<E>";"face";"-";"+";"§être§un d'en face "
"222";"+";"+";"-";"<E>";" être";"un";"à";"ma";"façon";"-";"+";"§être§un à ma façon "
"223";"-";"+";"-";"<E>";" être";"un";"de";"ma";"façon";"-";"+";"§être§un de ma façon "
"224";"-";"+";"-";"<E>";" être";"un";"à";"un";"facteur multiplicatif près";"-";"-";"§être§un à un facteur multiplicatif près "
"225";"-";"+";"-";"<E>";" être";"un";"à";"un";"facteur près";"-";"-";"§être§un à un facteur près "
"226";"+";"+";"-";"<E>";" être";"un";"comme";"l'on n'en";"faire plus";"-";"+";"§être§un comme l'on n'en fait plus "
"227";"+";"+";"-";"<E>";" être";"un";"comme";"on n'en";"faire plus";"-";"+";"§être§un comme on n'en fait plus "
"228";"-";"+";"-";"<E>";" être";"un";"de";"<E>";"fait";"-";"+";"§être§un de fait "
"229";"+";"-";"-";"<E>";" être";"<E>";"<E>";"<E>";"fait épicier";"-";"+";"§être§fait épicier "
"230";"+";"-";"-";"<E>";" être";"<E>";"<E>";"<E>";"fait femme";"-";"+";"§être§fait femme "
"231";"+";"-";"-";"<E>";" être";"<E>";"<E>";"<E>";"fait homme";"-";"+";"§être§fait homme "
"232";"+";"-";"-";"<E>";" être";"<E>";"<E>";"<E>";"fait Nhum";"-";"+";"§être§fait Nhum "
"233";"-";"+";"-";"<E>";" être";"un";"<E>";"<E>";"fameux";"-";"+";"§être§un fameux "
"234";"+";"+";"-";"<E>";" être";"un";"de";"les";"familles";"-";"+";"§être§un de les familles "
"235";"+";"+";"-";"<E>";" être";"un";"<E>";"<E>";"fantôme";"-";"+";"§être§un fantôme "
"236";"+";"+";"-";"<E>";" être";"un";"<E>";"<E>";"farceur";"-";"+";"§être§un farceur "
"237";"-";"+";"-";"<E>";" être";"un";"de";"<E>";"faveur";"-";"+";"§être§un de faveur "
"238";"-";"+";"-";"<E>";" être";"un";"de";"<E>";"femme";"-";"+";"§être§un de femme "
"239";"-";"+";"-";"<E>";" être";"un";"de";"<E>";"femme soûle";"-";"+";"§être§un de femme soûle"
"240";"+";"+";"-";"<E>";" être";"un";"<E>";"<E>";"fétiche";"-";"+";"§être§un fétiche "
"241";"+";"+";"-";"<E>";" être";"un";"<E>";"<E>";"fichu";"+";"-";"§être§un fichu "
"242";"+";"-";"-";"<E>";" être";"un";"<E>";"<E>";"fieffé";"+";"-";"§être§un fieffé "
"243";"-";"+";"-";"<E>";" être";"un";"de";"<E>";"fil";"-";"+";"§être§un de fil "
"244";"-";"+";"-";"<E>";" être";"un";"de";"<E>";"fillette";"-";"+";"§être§un de fillette "
"245";"+";"+";"-";"<E>";" être";"<E>";"<E>";"<E>";"final";"-";"+";"§être§final "
"246";"+";"-";"-";"<E>";" être";"un";"<E>";"<E>";"fini";"-";"+";"§être§un fini "
"247";"+";"+";"-";"<E>";" être";"un";"à";"la";"flan";"-";"+";"§être§un à la flan "
"248";"-";"+";"-";"<E>";" être";"un";"de";"<E>";"fonction";"-";"+";"§être§un de fonction "
"249";"+";"+";"-";"<E>";" être";"<E>";"de";"<E>";"fond";"-";"+";"§être§de fond "
"250";"-";"+";"-";"<E>";" être";"un";"de";"<E>";"fond";"-";"+";"§être§un de fond "
"251";"-";"+";"-";"<E>";" être";"un";"<E>";"grand";"format";"-";"+";"§être§un grand format "
"252";"-";"+";"-";"<E>";" être";"un";"<E>";"petit";"format";"-";"+";"§être§un petit format "
"253";"+";"-";"-";"<E>";" être";"un";"de";"mauvaise";"fortune";"-";"+";"§être§un de mauvaise fortune "
"254";"+";"-";"-";"<E>";" être";"un";"de";"bonne";"fortune";"-";"+";"§être§un de bonne fortune "
"255";"-";"+";"-";"<E>";" être";"un";"de";"<E>";"fortune";"-";"+";"§être§un de fortune "
"256";"-";"+";"-";"<E>";" être";"un";"<E>";"<E>";"fourre-tout";"-";"+";"§être§un fourre-tout "
"257";"+";"+";"-";"<E>";" être";"un";"<E>";"<E>";"foutu";"+";"-";"§être§un foutu "
"258";"+";"+";"-";"<E>";" être";"<E>";"<E>";"plus de";"France et de Navarre";"-";"+";"§être§plus de France et de Navarre "
"259";"-";"+";"-";"<E>";" être";"un";"<E>";"<E>";"frontière";"-";"+";"§être§un frontière "
"260";"+";"+";"-";"<E>";" être";"<E>";"<E>";"<E>";"futur";"+";"+";"§être§futur "
"261";"+";"+";"-";"<E>";" être";"un";"de";"<E>";"futur";"-";"+";"§être§un de futur "
"262";"-";"+";"-";"<E>";" être";"un";"<E>";"<E>";"fleuve";"-";"+";"§être§un fleuve "
"263";"-";"+";"-";"<E>";" être";"un";"<E>";"<E>";"gadget";"-";"+";"§être§un gadget "
"264";"-";"+";"-";"<E>";" être";"un";"de";"<E>";"garçon";"-";"+";"§être§un de garçon "
"265";"-";"+";"-";"<E>";" être";"un";"de";"<E>";"garçonnet";"-";"+";"§être§un de garçonnet "
"266";"+";"-";"-";"<E>";" être";"<E>";"de";"<E>";"garde";"-";"+";"§être§de garde "
"267";"+";"+";"-";"<E>";" être";"<E>";"de";"<E>";"gauche";"-";"+";"§être§de gauche "
"268";"+";"+";"-";"<E>";" être";"un";"de";"Dnum-ième";"génération";"-";"+";"§être§un de Dnum-ième génération "
"269";"+";"+";"-";"<E>";" être";"un";"de";"première";"génération";"-";"+";"§être§un de première génération "
"270";"+";"+";"-";"<E>";" être";"un";"de";"nouvel";"génération";"-";"+";"§être§un de nouvel génération "
"271";"-";"+";"-";"<E>";" être";"un";"de";"<E>";"génie";"-";"+";"§être§un de génie "
"272";"+";"-";"-";"<E>";" être";"Dnum-ième";"de";"<E>";"genre";"-";"+";"§être§Dnum-ième de genre "
"273";"+";"-";"-";"<E>";" être";"Dnum-ième et dernier";"de";"<E>";"genre";"-";"+";"§être§Dnum-ième et dernier de genre "
"274";"+";"-";"-";"<E>";" être";"premier et  dernier";"de";"<E>";"genre";"-";"+";"§être§premier et dernier de genre "
"275";"+";"+";"-";"<E>";" être";"un";"en";"tout";"genre";"-";"+";"§être§un en tout genre "
"276";"+";"+";"-";"<E>";" être";"des";"de";"tout";"genre";"-";"+";"§être§des de tout genre "
"277";"+";"+";"-";"<E>";" être";"un";"de";"<E>";"genre de Nhum";"-";"+";"§être§un de genre de Nhum "
"278";"+";"+";"-";"<E>";" être";"un";"en";"tous";"genres";"-";"+";"§être§un en tous genres "
"279";"+";"-";"-";"<E>";" être";"un";"à";"la";"gomme";"-";"+";"§être§un à la gomme "
"280";"+";"-";"-";"<E>";" être";"un";"de";"<E>";"goût";"-";"+";"§être§un de goût "
"281";"+";"-";"-";"<E>";" être";"s";"qui nous";"<E>";"gouvernent";"-";"+";"§être§s qui nous gouvernent "
"282";"+";"+";"-";"<E>";" être";"un";"<E>";"<E>";"grand";"+";"-";"§être§un grand "
"283";"+";"+";"-";"<E>";" être";"un";"<E>";"beau";"grand";"+";"-";"§être§un beau grand "
"284";"-";"+";"-";"<E>";" être";"un";"en";"<E>";"grand";"-";"+";"§être§un en grand "
"285";"-";"+";"-";"<E>";" être";"un";"en";"moins";"grand";"-";"+";"§être§un en moins grand "
"286";"-";"+";"-";"<E>";" être";"un";"en";"plus";"grand";"-";"+";"§être§un en plus grand "
"287";"+";"+";"-";"<E>";" être";"un";"<E>";"<E>";"gros";"+";"-";"§être§un gros "
"288";"+";"+";"-";"<E>";" être";"un";"<E>";"beau";"gros";"+";"-";"§être§un beau gros "
"289";"+";"+";"-";"<E>";" être";"un";"<E>";"bon";"gros";"+";"-";"§être§un bon gros "
"290";"-";"+";"-";"<E>";" être";"un";"<E>";"<E>";"guillotine";"-";"+";"§être§un guillotine "
"291";"-";"+";"-";"<E>";" être";"<E>";"de";"<E>";"haut";"-";"+";"§être§d'haut "
"292";"+";"-";"-";"<E>";" être";"un";"en";"<E>";"herbe";"-";"+";"§être§un en herbe "
"293";"+";"+";"-";"<E>";" être";"<E>";"de";"<E>";"heure";"-";"+";"§être§d'heure "
"294";"+";"+";"-";"<E>";" être";"un";"avant";"<E>";"heure";"-";"+";"§être§un avant heure "
"295";"-";"+";"-";"<E>";" être";"un";"de";"dernière";"heure";"-";"+";"§être§un de dernière heure "
"296";"+";"+";"-";"<E>";" être";"un";"de";"la dernière";"heure";"-";"+";"§être§un de la dernière heure "
"297";"+";"-";"-";"<E>";" être";"un";"de";"la deuxième";"heure";"-";"+";"§être§un de la deuxième heure "
"298";"+";"+";"-";"<E>";" être";"un";"de";"la onzième";"heure";"-";"+";"§être§un de l'onzième heure "
"299";"+";"+";"-";"<E>";" être";"un";"de";"la première";"heure";"-";"+";"§être§un de la première heure "
"300";"+";"+";"-";"<E>";" être";"un";"de";"toutes les";"heures";"-";"+";"§être§un de toutes les heures "
"301";"+";"+";"-";"<E>";" être";"un";"de";"<E>";"hier";"-";"+";"§être§un d'hier "
"302";"+";"+";"-";"<E>";" être";"un";"de";"avant-";"hier";"-";"+";"§être§un d'avant-hier "
"303";"-";"+";"-";"<E>";" être";"un";"de";"<E>";"homme";"-";"+";"§être§un d'homme "
"304";"+";"-";"-";"<E>";" être";"un";"de";"<E>";"honneur";"-";"+";"§être§un d'honneur "
"305";"+";"-";"-";"<E>";" être";"un";"qui";"se";"ignorer";"-";"+";"§être§un qui se ignorer "
"306";"-";"+";"-";"<E>";" être";"un";"en";"<E>";"images";"+";"-";"§être§un en images "
"307";"+";"-";"-";"<E>";" être";"un";"<E>";"<E>";"impénitent";"-";"+";"§être§un impénitent "
"308";"+";"-";"-";"<E>";" être";"un";"<E>";"<E>";"incarné";"-";"+";"§être§un incarné "
"309";"+";"+";"-";"<E>";" être";"un";"<E>";"<E>";"indiqué";"-";"+";"§être§un indiqué "
"310";"+";"+";"-";"<E>";" être";"un";"<E>";"sus-";"indiqué";"-";"+";"§être§un sus-indiqué "
"311";"+";"+";"-";"<E>";" être";"<E>";"<E>";"<E>";"inévitable";"+";"+";"§être§inévitable"
"312";"+";"+";"-";"<E>";" être";"<E>";"<E>";"<E>";"initial";"-";"+";"§être§initial "
"313";"+";"+";"-";"<E>";" être";"<E>";"de";"<E>";"instant";"-";"+";"§être§d'instant "
"314";"+";"+";"-";"<E>";" être";"<E>";"de";"un";"instant";"-";"+";"§être§d'un instant "
"315";"+";"+";"-";"<E>";" être";"un";"de";"tous les";"instants";"-";"+";"§être§un de tous les instants "
"316";"+";"-";"-";"<E>";" être";"<E>";"de";"<E>";"intérieur";"+";"-";"§être§d'intérieur "
"317";"+";"-";"-";"<E>";" être";"un";"par";"<E>";"interim";"-";"+";"§être§un par interim "
"318";"+";"-";"-";"<E>";" être";"un";"par";"<E>";"intérim";"-";"+";"§être§un par intérim "
"319";"+";"+";"-";"<E>";" être";"<E>";"<E>";"<E>";"intermédiaire";"-";"+";"§être§intermédiaire "
"320";"+";"-";"-";"<E>";" être";"un";"<E>";"<E>";"invétéré";"-";"+";"§être§un invétéré "
"321";"+";"+";"-";"<E>";" être";"un";"de";"<E>";"jadis";"-";"+";"§être§un de jadis "
"322";"-";"+";"-";"<E>";" être";"un";"de";"<E>";"jardin";"-";"+";"§être§un de jardin "
"323";"-";"+";"-";"<E>";" être";"un";"de";"<E>";"jeunesse";"-";"+";"§être§un de jeunesse "
"324";"+";"+";"-";"<E>";" être";"un";"<E>";"<E>";"joli";"+";"-";"§être§un joli "
"325";"+";"+";"-";"<E>";" être";"un";"<E>";"<E>";"joli petit";"+";"-";"§être§un joli petit "
"326";"+";"+";"-";"<E>";" être";"<E>";"de";"<E>";"jour";"-";"+";"§être§de jour "
"327";"+";"+";"-";"<E>";" être";"<E>";"de";"un";"jour";"-";"+";"§être§d'un jour "
"328";"-";"+";"-";"<E>";" être";"un";"de";"<E>";"jour";"-";"+";"§être§un de jour "
"329";"-";"+";"-";"<E>";" être";"un";"de";"tous les";"jours";"-";"+";"§être§un de tous les jours "
"330";"+";"-";"-";"<E>";" être";"un";"de";"<E>";"justice";"-";"+";"§être§un de justice "
"331";"-";"+";"-";"<E>";" être";"<E>";"<E>";"<E>";"ladite";"+";"-";"§être§ladite "
"332";"+";"-";"-";"<E>";" être";"un";"<E>";"mal";"léché";"-";"+";"§être§un mal léché "
"333";"-";"+";"-";"<E>";" être";"un";"<E>";"<E>";"limite";"-";"+";"§être§un limite "
"334";"-";"+";"-";"<E>";" être";"un";"<E>";"<E>";"Louis XIV";"-";"+";"§être§un Louis XIV "
"335";"-";"+";"-";"<E>";" être";"un";"<E>";"<E>";"Louis XV";"-";"+";"§être§un Louis XV "
"336";"-";"+";"-";"<E>";" être";"un";"<E>";"<E>";"Louis XVI";"-";"+";"§être§un Louis XVI "
"337";"+";"+";"-";"<E>";" être";"un";"de";"<E>";"maintenant";"-";"+";"§être§un de maintenant "
"338";"+";"+";"-";"<E>";" être";"un";"<E>";"<E>";"maison";"-";"+";"§être§un maison "
"339";"+";"+";"-";"<E>";" être";"un";"<E>";"<E>";"maison !";"-";"+";"§être§un maison! "
"340";"-";"+";"-";"<E>";" être";"un";"de";"<E>";"maître";"-";"+";"§être§un de maître "
"341";"+";"-";"-";"<E>";" être";"un";"<E>";"<E>";"maître";"+";"-";"§être§un maître "
"342";"+";"-";"-";"<E>";" être";"une";"<E>";"<E>";"maîtresse";"+";"-";"§être§une maîtresse "
"343";"+";"+";"-";"<E>";" être";"un";"de";"<E>";"malheur";"-";"+";"§être§un de malheur "
"344";"+";"+";"-";"<E>";" être";"un";"<E>";"<E>";"malheureux";"+";"-";"§être§un malheureux "
"345";"+";"+";"-";"<E>";" être";"un";"<E>";"<E>";"malheureux petit";"+";"-";"§être§un malheureux petit "
"346";"-";"+";"-";"<E>";" être";"un";"<E>";"<E>";"mammouth";"-";"+";"§être§un mammouth "
"347";"+";"+";"-";"<E>";" être";"un";"à";"la";"manque";"-";"+";"§être§un à la manque "
"348";"-";"+";"-";"<E>";" être";"un";"<E>";"<E>";"marathon";"-";"+";"§être§un marathon "
"349";"+";"-";"-";"<E>";" être";"un";"de";"<E>";"marque";"-";"+";"§être§un de marque "
"350";"-";"+";"-";"<E>";" être";"un";"de";"<E>";"marque";"-";"+";"§être§un de marque "
"351";"+";"-";"-";"<E>";" être";"un";"en";"la";"matière";"-";"+";"§être§un en la matière "
"352";"+";"+";"-";"<E>";" être";"un";"en";"<E>";"maudit";"-";"+";"§être§un en maudit "
"353";"+";"+";"-";"<E>";" être";"un";"<E>";"<E>";"mauvais";"+";"-";"§être§un mauvais "
"354";"+";"+";"-";"<E>";" être";"un";"<E>";"<E>";"maxi-";"+";"-";"§être§un maxi-"
"355";"-";"+";"-";"<E>";" être";"un";"<E>";"<E>";"membre";"-";"+";"§être§un membre "
"356";"+";"+";"-";"<E>";" être";"<E>";"<E>";"<E>";"même";"-";"+";"§être§même "
"357";"-";"+";"-";"<E>";" être";"un";"de";"<E>";"ménage";"-";"+";"§être§un de ménage "
"358";"+";"+";"-";"<E>";" être";"<E>";"<E>";"sus-";"mentionné";"+";"+";"§être§sus-mentionné "
"359";"-";"+";"-";"<E>";" être";"un";"de";"<E>";"merde";"-";"+";"§être§un de merde "
"360";"+";"-";"-";"<E>";" être";"un";"de";"<E>";"métier";"-";"+";"§être§un de métier "
"361";"+";"-";"-";"<E>";" être";"<E>";"de";"Poss0";"métier";"-";"+";"§être§de son métier "
"362";"+";"+";"-";"<E>";" être";"un";"à";"la";"mie de pain";"-";"+";"§être§un à la mie de pain "
"363";"+";"+";"-";"<E>";" être";"un";"en";"<E>";"mieux";"-";"+";"§être§un en mieux "
"364";"+";"+";"-";"<E>";" être";"un";"entre";"<E>";"mil";"-";"+";"§être§un entre mil "
"365";"+";"+";"-";"<E>";" être";"<E>";"de";"<E>";"milieu";"-";"+";"§être§de milieu "
"366";"-";"+";"-";"<E>";" être";"un";"<E>";"<E>";"mince";"+";"-";"§être§un mince "
"367";"+";"+";"-";"<E>";" être";"un";"<E>";"<E>";"mini-";"+";"-";"§être§un mini-"
"368";"-";"+";"-";"<E>";" être";"un";"de";"dernière";"minute";"-";"+";"§être§un de dernière minute "
"369";"+";"+";"-";"<E>";" être";"un";"<E>";"<E>";"miracle";"-";"+";"§être§un miracle"
"370";"+";"+";"-";"<E>";" être";"un";"<E>";"<E>";"miracle petit";"-";"+";"§être§un miracle petit "
"371";"+";"+";"-";"<E>";" être";"un";"<E>";"<E>";"misérable";"-";"+";"§être§un misérable"
"372";"+";"+";"-";"<E>";" être";"un";"à";"l'ancienne";"mode";"-";"+";"§être§un à l'ancienne mode "
"373";"+";"+";"-";"<E>";" être";"un";"<E>";"<E>";"modèle";"-";"+";"§être§un modèle"
"374";"+";"-";"-";"<E>";" être";"un";"à";"la";"mode de Bretagne";"-";"+";"§être§un à la mode de Bretagne "
"375";"+";"-";"-";"<E>";" être";"un";"jusqu'à";"la";"moelle";"-";"+";"§être§un jusqu'à la moelle"
"376";"-";"+";"-";"<E>";" être";"un";"de";"<E>";"moins";"-";"+";"§être§un de moins "
"377";"-";"+";"-";"<E>";" être";"un";"en";"<E>";"moins";"-";"+";"§être§un en moins "
"378";"-";"+";"-";"<E>";" être";"un";"de";"six";"mois";"-";"+";"§être§un de six mois "
"379";"+";"+";"-";"<E>";" être";"<E>";"de";"<E>";"mois";"-";"+";"§être§de mois "
"380";"-";"+";"-";"<E>";" être";"un";"de";"<E>";"mois";"-";"+";"§être§un de mois "
"381";"+";"+";"-";"<E>";" être";"<E>";"à";"<E>";"moitié";"+";"+";"§être§à moitié "
"382";"+";"+";"-";"<E>";" être";"<E>";"de";"<E>";"moment";"-";"+";"§être§de moment "
"383";"+";"+";"-";"<E>";" être";"<E>";"de";"un";"moment";"-";"+";"§être§d'un moment "
"384";"+";"+";"-";"<E>";" être";"un";"de";"tous les";"moments";"-";"+";"§être§un de tous les moments "
"385";"+";"+";"-";"<E>";" être";"s";"de";"<E>";"monde entier";"-";"+";"§être§s de monde entier "
"386";"-";"+";"-";"<E>";" être";"un";"<E>";"<E>";"monstre";"-";"+";"§être§un monstre "
"387";"+";"+";"-";"<E>";" être";"un";"à";"la";"mord-moi  noeud";"-";"+";"§être§un à la mord-moi noeud "
"388";"+";"+";"-";"<E>";" être";"un";"parmi";"les";"N";"-";"+";"§être§un parmi les N "
"389";"+";"-";"-";"<E>";" être";"un";"de";"<E>";"naissance";"-";"+";"§être§un de naissance "
"390";"+";"-";"-";"<E>";" être";"notre";"<E>";"<E>";"national";"-";"+";"§être§notre national "
"391";"-";"+";"-";"<E>";" être";"un";"<E>";"<E>";"nature";"-";"+";"§être§un nature "
"392";"+";"-";"-";"<E>";" être";"<E>";"plus";"que";"nature";"-";"+";"§être§plus que nature "
"393";"+";"+";"-";"<E>";" être";"des";"de";"toute";"nature";"-";"+";"§être§des de toute nature "
"394";"+";"-";"-";"<E>";" être";"un";"à";"la";"noix";"-";"+";"§être§un à la noix "
"395";"+";"+";"-";"<E>";" être";"un";"à";"la";"noix de coco";"-";"+";"§être§un à la noix de coco "
"396";"+";"-";"+";"n'";" être que";"<E>";"de";"<E>";"nom";"-";"+";"§n'est que§de nom "
"397";"+";"-";"-";"<E>";" être";"un";"de";"<E>";"nom de N";"-";"+";"§être§un de nom de N "
"398";"+";"-";"-";"<E>";" être";"<E>";"<E>";"sus-";"nommé";"+";"+";"§être§sus-nommé "
"399";"+";"-";"-";"<E>";" être";"un";"<E>";"<E>";"nommé";"+";"-";"§être§un nommé "
"400";"-";"+";"-";"<E>";" être";"un";"<E>";"<E>";"nordique";"-";"+";"§être§un nordique "
"401";"-";"+";"-";"<E>";" être";"un";"de";"Dnum";"Ntps";"-";"+";"§être§un de Dnum Ntps "
"402";"+";"-";"-";"<E>";" être";"<E>";"<E>";"<E>";"numéro un";"-";"+";"§être§numéro un "
"403";"-";"+";"-";"<E>";" être";"un";"<E>";"des grandes";"occasions";"-";"+";"§être§un des grandes occasions "
"404";"-";"+";"-";"<E>";" être";"un";"<E>";"<E>";"occidental";"-";"+";"§être§un occidental "
"405";"+";"-";"-";"<E>";" être";"un";"à";"<E>";"oeil averti";"-";"+";"§être§un à oeil averti "
"406";"+";"+";"-";"<E>";" être";"un";"<E>";"de";"opérette";"-";"+";"§être§un d'opérette "
"407";"+";"-";"-";"<E>";" être";"un";"de";"<E>";"ordre";"-";"+";"§être§un d'ordre "
"408";"-";"+";"-";"<E>";" être";"un";"<E>";"<E>";"oriental";"-";"+";"§être§un oriental "
"409";"+";"+";"-";"<E>";" être";"un";"<E>";"de";"pacotille";"-";"+";"§être§un de pacotille "
"410";"+";"-";"-";"<E>";" être";"un";"de";"<E>";"paix";"-";"+";"§être§un de paix "
"411";"+";"-";"-";"<E>";" être";"un";"en";"<E>";"pantoufles";"-";"+";"§être§un en pantoufles "
"412";"+";"-";"-";"<E>";" être";"un";"en";"<E>";"paros";"-";"+";"§être§un en paros "
"413";"+";"+";"-";"<E>";" être";"<E>";"pour";"une";"part";"-";"+";"§être§pour une part "
"414";"+";"+";"-";"<E>";" être";"un";"à";"<E>";"part entière";"-";"+";"§être§un à part entière "
"415";"+";"+";"-";"<E>";" être";"<E>";"pour";"<E>";"partie";"-";"+";"§être§pour partie "
"416";"+";"+";"-";"<E>";" être";"<E>";"<E>";"<E>";"passé";"-";"+";"§être§passé "
"417";"+";"-";"-";"<E>";" être";"un";"<E>";"<E>";"patenté";"-";"+";"§être§un patenté "
"418";"+";"+";"-";"<E>";" être";"un";"<E>";"<E>";"pauvre";"+";"-";"§être§un pauvre "
"419";"+";"+";"-";"<E>";" être";"un";"de";"<E>";"pauvre";"+";"-";"§être§un de pauvre "
"420";"+";"+";"-";"<E>";" être";"un";"<E>";"<E>";"pauvre petit";"+";"-";"§être§un pauvre petit "
"421";"+";"+";"-";"<E>";" être";"un";"de";"tous les";"pays";"-";"+";"§être§un de tous les pays "
"422";"-";"+";"-";"<E>";" être";"un";"<E>";"<E>";"pépère";"-";"+";"§être§un pépère "
"423";"-";"+";"-";"<E>";" être";"un";"de";"<E>";"père de famille";"-";"+";"§être§un de père de famille "
"424";"-";"+";"-";"<E>";" être";"un";"de";"grande";"personne";"-";"+";"§être§un de grande personne "
"425";"+";"-";"-";"<E>";" être";"<E>";"<E>";"<E>";"personnifié";"-";"+";"§être§personnifié "
"426";"+";"+";"-";"<E>";" être";"un";"en";"<E>";"perspective";"-";"+";"§être§un en perspective "
"427";"+";"+";"-";"<E>";" être";"un";"<E>";"<E>";"petit";"+";"-";"§être§un petit "
"428";"+";"+";"-";"<E>";" être";"un";"<E>";"<E>";"petit";"+";"-";"§être§un petit "
"429";"+";"+";"-";"<E>";" être";"un";"<E>";"beau";"petit";"+";"-";"§être§un beau petit "
"430";"+";"+";"-";"<E>";" être";"un";"<E>";"bon";"petit";"+";"-";"§être§un bon petit "
"431";"-";"+";"-";"<E>";" être";"un";"en";"<E>";"petit";"-";"+";"§être§un en petit "
"432";"-";"+";"-";"<E>";" être";"un";"en";"plus";"petit";"-";"+";"§être§un en plus petit "
"433";"+";"-";"-";"<E>";" être";"un";"de";"<E>";"peu";"-";"+";"§être§un de peu "
"434";"-";"+";"-";"<E>";" être";"un";"<E>";"<E>";"phare";"-";"+";"§être§un phare "
"435";"+";"-";"-";"<E>";" être";"un";"à";" petit";"pied";"-";"+";"§être§un à petit pied "
"436";"+";"+";"-";"<E>";" être";"un";"<E>";"<E>";"piètre";"+";"-";"§être§un piètre "
"437";"-";"+";"-";"<E>";" être";"un";"<E>";"<E>";"pilote";"-";"+";"§être§un pilote "
"438";"+";"+";"-";"<E>";" être";"<E>";"<E>";"tout";"pin";"+";"+";"§être§tout pin "
"439";"-";"+";"-";"<E>";" être";"un";"<E>";"<E>";"pirate";"-";"+";"§être§un pirate "
"440";"+";"+";"-";"<E>";" être";"un";"en";"<E>";"pire";"-";"+";"§être§un en pire "
"441";"+";"-";"-";"<E>";" être";"un";"en";"<E>";"place";"-";"+";"§être§un en place "
"442";"-";"+";"-";"<E>";" être";"un";"<E>";"<E>";"plafond";"-";"+";"§être§un plafond "
"443";"-";"+";"-";"<E>";" être";"un";"<E>";"<E>";"plancher";"-";"+";"§être§un plancher "
"444";"+";"+";"-";"<E>";" être";"un";"de";"<E>";"plus";"-";"+";"§être§un de plus "
"445";"+";"+";"-";"<E>";" être";"un";"en";"<E>";"plus";"-";"+";"§être§un en plus "
"446";"-";"+";"-";"<E>";" être";"un";"de";"<E>";"poche";"-";"+";"§être§un de poche "
"447";"+";"-";"-";"<E>";" être";"un";"à";"<E>";"poigne";"-";"+";"§être§un à poigne "
"448";"+";"-";"-";"<E>";" être";"un";"de";"<E>";"poigne";"-";"+";"§être§un de poigne "
"449";"+";"+";"-";"<E>";" être";"des";"de";"tout";"poil";"-";"+";"§être§des de tout poil "
"450";"+";"+";"-";"<E>";" être";"<E>";"à";"plus haut";"point";"+";"+";"§être§à plus haut point "
"451";"+";"+";"-";"<E>";" être";"un";"de";"<E>";"pointe";"-";"+";"§être§un de pointe "
"452";"-";"+";"-";"<E>";" être";"un";"de";"basse";"police";"-";"+";"§être§un de basse police "
"453";"+";"+";"-";"<E>";" être";"<E>";"à";"<E>";"possible";"-";"+";"§être§à possible"
"454";"+";"+";"-";"<E>";" être";"un";"<E>";"<E>";"potentiel";"-";"+";"§être§un potentiel "
"455";"+";"+";"-";"<E>";" être";"un";"<E>";"<E>";"potiche";"-";"+";"§être§un potiche "
"456";"+";"+";"-";"<E>";" être";"un";"autant";"que N";"pouvoir l'être";"-";"+";"§être§un autant que N pouvoir l'être "
"457";"+";"+";"-";"<E>";" être";"un";"comme";"on";"pouvoir l'être à Dnum ans";"-";"+";"§être§un comme on pouvoir l'être à Dnum ans "
"458";"-";"+";"-";"<E>";" être";"un";"de";"<E>";"précision";"-";"+";"§être§un de précision "
"459";"+";"+";"-";"<E>";" être";"<E>";"<E>";"<E>";"précité";"-";"+";"§être§précité "
"460";"+";"-";"-";"<E>";" être";"un";"<E>";"<E>";"prénommé";"+";"-";"§être§un prénommé "
"461";"+";"-";"-";"<E>";" être";"s";"en";"<E>";"présence";"-";"+";"§être§s en présence "
"462";"+";"+";"-";"<E>";" être";"<E>";"<E>";"<E>";"présent";"+";"+";"§être§présent "
"463";"+";"+";"-";"<E>";" être";"<E>";"<E>";"<E>";"présent";"-";"+";"§être§présent "
"464";"+";"+";"-";"<E>";" être";"<E>";"<E>";"ici";"présent";"-";"+";"§être§ici présent "
"465";"+";"+";"-";"<E>";" être";"un";"de";"<E>";"présent";"-";"+";"§être§un de présent "
"466";"+";"+";"-";"<E>";" être";"un";"de";"<E>";"prestige";"-";"+";"§être§un de prestige "
"467";"+";"-";"-";"<E>";" être";"un";"<E>";"<E>";"présumé";"-";"+";"§être§un présumé "
"468";"+";"-";"-";"<E>";" être";"un";"<E>";"<E>";"prétendu";"+";"-";"§être§un prétendu "
"469";"-";"+";"-";"<E>";" être";"un";"de";"<E>";"principe";"-";"+";"§être§un de principe "
"470";"+";"-";"-";"<E>";" être";"un";"à";"<E>";"principes";"-";"+";"§être§un à principes "
"471";"+";"-";"-";"<E>";" être";"un";"de";"<E>";"principes";"-";"+";"§être§un de principes "
"472";"-";"+";"-";"<E>";" être";"un";"de";"<E>";"prix";"-";"+";"§être§un de prix "
"473";"+";"-";"-";"<E>";" être";"un";"<E>";"<E>";"pro";"-";"+";"§être§un pro "
"474";"+";"+";"-";"<E>";" être";"un";"à";"<E>";"problèmes";"-";"+";"§être§un à problèmes "
"475";"+";"-";"-";"<E>";" être";"un";"de";"<E>";"profession";"-";"+";"§être§un de profession "
"476";"+";"-";"-";"<E>";" être";"un";"<E>";"<E>";"professionnel";"-";"+";"§être§un professionnel "
"477";"-";"+";"-";"<E>";" être";"un";"en";"<E>";"profondeur";"-";"+";"§être§un en profondeur "
"478";"+";"-";"-";"<E>";" être";"un";"de";"<E>";"promesse";"-";"+";"§être§un de promesse "
"479";"+";"+";"-";"<E>";" être";"un";"<E>";"<E>";"propre";"-";"+";"§être§un propre "
"480";"+";"+";"-";"<E>";" être";"un";"<E>";"<E>";"proprement dit";"-";"+";"§être§un proprement dit "
"481";"-";"+";"-";"<E>";" être";"un";"de";"<E>";"proximité";"-";"+";"§être§un de proximité "
"482";"+";"-";"-";"<E>";" être";"un";"en";"<E>";"puissance";"-";"+";"§être§un en puissance "
"483";"+";"+";"-";"<E>";" être";"un";"autant";"que N";"puisse l'être";"-";"+";"§être§un autant que N puisse l'être "
"484";"+";"-";"-";"<E>";" être";"un";"de";"<E>";"qualité";"-";"+";"§être§un de qualité "
"485";"+";"-";"-";"<E>";" être";"<E>";"ès";"<E>";"qualités";"-";"+";"§être§ès qualités "
"486";"+";"+";"-";"<E>";" être";"un";"<E>";"<E>";"quasi-";"+";"-";"§être§un quasi-"
"487";"+";"+";"-";"<E>";" être";"<E>";"en";"<E>";"question";"-";"+";"§être§en question "
"488";"-";"+";"-";"<E>";" être";"un";"à";"<E>";"quotidien";"-";"+";"§être§un à quotidien "
"489";"+";"+";"-";"<E>";" être";"un";"à";"<E>";"rabais";"-";"+";"§être§un à rabais "
"490";"+";"-";"-";"<E>";" être";"un";"de";"haut";"rang";"-";"+";"§être§un d'haut rang "
"491";"-";"+";"-";"<E>";" être";"un";"de";"<E>";"rechange";"-";"+";"§être§un de rechange "
"492";"-";"+";"-";"<E>";" être";"un";"<E>";"<E>";"record";"-";"+";"§être§un record "
"493";"-";"+";"-";"<E>";" être";"un";"en";"<E>";"règle";"-";"+";"§être§un en règle"
"494";"-";"+";"-";"<E>";" être";"un";"<E>";"<E>";"Régence";"-";"+";"§être§un Régence "
"495";"+";"-";"-";"<E>";" être";"<E>";"<E>";"<E>";"regretté";"+";"-";"§être§regretté "
"496";"-";"+";"-";"<E>";" être";"un";"<E>";"<E>";"relais";"-";"+";"§être§un relais "
"497";"-";"+";"-";"<E>";" être";"un";"de";"<E>";"remplacement";"-";"+";"§être§un de remplacement "
"498";"+";"-";"-";"<E>";" être";"un";"de";"<E>";"rencontre";"-";"+";"§être§un de rencontre "
"499";"-";"+";"-";"<E>";" être";"un";"<E>";"<E>";"repère";"-";"+";"§être§un repère "
"500";"+";"-";"+";"n'";" être que";"<E>";"de";"<E>";"réputation";"-";"+";"§n'est que§de réputation "
"501";"+";"+";"-";"<E>";" être";"un";"parmi";"les plus";"réputés";"+";"+";"§être§un parmi les plus réputés "
"502";"+";"+";"-";"<E>";" être";"un";"de";"<E>";"réserve";"-";"+";"§être§un de réserve "
"503";"+";"+";"-";"<E>";" être";"un";"de";"<E>";"réserve";"-";"+";"§être§un de réserve "
"504";"+";"-";"-";"<E>";" être";"un";"<E>";"qui se";"respecte";"-";"+";"§être§un qui se respecte "
"505";"+";"-";"-";"<E>";" être";"un";"de";"<E>";"ressource";"-";"+";"§être§un de ressource "
"506";"+";"-";"-";"<E>";" être";"un";"de";"<E>";"ressources";"-";"+";"§être§un de ressources "
"507";"+";"+";"-";"<E>";" être";"un";"de";"<E>";"rêve";"-";"+";"§être§un de rêve "
"508";"+";"+";"-";"<E>";" être";"<E>";"<E>";"<E>";"rêvé";"-";"+";"§être§rêvé "
"509";"+";"+";"-";"<E>";" être";"<E>";"de";"Poss";"rêves";"-";"+";"§être§de Poss rêves "
"510";"+";"+";"-";"<E>";" être";"un";"de";"<E>";"rien";"-";"+";"§être§un de rien "
"511";"+";"+";"-";"<E>";" être";"un";"de";"<E>";"rien du tout";"-";"+";"§être§un de rien du tout "
"512";"+";"+";"-";"<E>";" être";"<E>";"<E>";"<E>";"rituel";"+";"+";"§être§rituel "
"513";"+";"+";"-";"<E>";" être";"un";"<E>";"<E>";"roi";"-";"+";"§être§un roi "
"514";"+";"-";"+";"n'";" être pas";"<E>";"pour";"deux";"ronds";"-";"+";"§n'est pas§pour deux ronds "
"515";"-";"+";"-";"<E>";" être";"un";"de";"<E>";"routine";"-";"+";"§être§un de routine "
"516";"+";"+";"-";"<E>";" être";"un";"<E>";"<E>";"sa";"+";"-";"§être§un sa "
"517";"+";"+";"+";"n'";" être pas";"un";"<E>";"que je";"sache";"-";"+";"§n'est pas§un que je sache "
"518";"+";"+";"-";"<E>";" être";"un";"<E>";"<E>";"sacré";"+";"-";"§être§un sacré "
"519";"+";"-";"-";"<E>";" être";"un";"de";"<E>";"salon";"-";"+";"§être§un de salon "
"520";"-";"+";"-";"<E>";" être";"un";"de";"<E>";"salon";"-";"+";"§être§un de salon "
"521";"+";"+";"-";"<E>";" être";"un";"<E>";"<E>";"satané";"+";"-";"§être§un satané "
"522";"-";"+";"-";"<E>";" être";"un";"<E>";"<E>";"sauvage";"-";"+";"§être§un sauvage "
"523";"+";"-";"-";"<E>";" être";"un";"sans";"<E>";"savoir";"-";"+";"§être§un sans savoir "
"524";"+";"+";"-";"<E>";" être";"<E>";"que";"l'on";"savoir";"-";"+";"§être§que l'on savoir "
"525";"+";"+";"-";"<E>";" être";"<E>";"que";"on";"savoir";"-";"+";"§être§qu'on savoir "
"526";"+";"+";"-";"<E>";" être";"<E>";"que";"tu";"savoir";"-";"+";"§être§que tu savoir "
"527";"+";"+";"-";"<E>";" être";"<E>";"que";"vous";"savoir";"-";"+";"§être§que vous savoir "
"528";"-";"+";"-";"<E>";" être";"un";"de";"<E>";"secours";"-";"+";"§être§un de secours "
"529";"+";"+";"-";"<E>";" être";"<E>";"de";"la";"semaine";"+";"-";"§être§de la semaine "
"530";"-";"+";"-";"<E>";" être";"un";"de";"la";"semaine";"+";"-";"§être§un de la semaine "
"531";"+";"+";"-";"<E>";" être";"un";"à";"mon";"sens";"-";"+";"§être§un à mon sens "
"532";"+";"+";"-";"<E>";" être";"un";"à";"<E>";"sens strict";"-";"+";"§être§un à sens strict "
"533";"-";"+";"-";"<E>";" être";"un";"à";"<E>";"sensation";"-";"+";"§être§un à sensation "
"534";"+";"-";"-";"<E>";" être";" Dnum-ième";"de";"la";"série";"-";"+";"§être§Dnum-ième de la série "
"535";"+";"-";"-";"<E>";" être";" Dnum-ième et dernier";"de";"la";"série";"-";"+";"§être§Dnum-ième et dernier de la série "
"536";"+";"-";"-";"<E>";" être";" premier et  dernier";"de";"la";"série";"-";"+";"§être§premier et dernier de la série "
"537";"+";"+";"-";"<E>";" être";"<E>";"de";"<E>";"service";"-";"+";"§être§de service "
"538";"+";"+";"-";"<E>";" être";"un";"de";"<E>";"service";"-";"+";"§être§un de service "
"539";"+";"+";"-";"<E>";" être";"<E>";"de";"<E>";"siècle";"-";"+";"§être§de siècle"
"540";"+";"+";"-";"<E>";" être";"un";"de";"<E>";"siècle";"-";"+";"§être§un de siècle"
"541";"-";"+";"-";"<E>";" être";"du";"<E>";"<E>";"simili";"+";"-";"§être§du simili "
"542";"+";"+";"-";"<E>";" être";"un";"<E>";"<E>";"simple";"+";"-";"§être§un simple"
"543";"+";"+";"-";"<E>";" être";"un";"<E>";"<E>";"sinistre";"+";"-";"§être§un sinistre "
"544";"-";"+";"-";"<E>";" être";"un";"de";"<E>";"société";"-";"+";"§être§un de société "
"545";"+";"-";"-";"<E>";" être";"un";"<E>";"<E>";"soliveau";"-";"+";"§être§un soliveau "
"546";"+";"-";"-";"<E>";" être";"un";"<E>";"<E>";"sombre";"+";"-";"§être§un sombre "
"547";"+";"-";"-";"<E>";" être";"un";"<E>";"<E>";"sortant";"-";"+";"§être§un sortant "
"548";"+";"-";"-";"<E>";" être";"Dnum-ième";"de";"la";"sorte";"-";"+";"§être§Dnum-ième de la sorte "
"549";"+";"-";"-";"<E>";" être";"Dnum-ième et dernier";"de";"la";"sorte";"-";"+";"§être§Dnum-ième et dernier de la sorte "
"550";"+";"-";"-";"<E>";" être";"premier et  dernier";"de";"la";"sorte";"-";"+";"§être§premier et dernier de la sorte "
"551";"+";"+";"-";"<E>";" être";"des";"de";"toute";"sorte";"-";"+";"§être§des de toute sorte "
"552";"+";"+";"-";"<E>";" être";"des";"de";"toutes";"sortes";"-";"+";"§être§des de toutes sortes "
"553";"+";"-";"-";"<E>";" être";"<E>";"de";"<E>";"souche";"-";"+";"§être§de souche "
"554";"+";"+";"-";"<E>";" être";"<E>";"à";"<E>";"souhait";"-";"+";"§être§à souhait "
"555";"+";"+";"-";"<E>";" être";"<E>";"<E>";"tant";"souhaité";"+";"+";"§être§tant souhaité "
"556";"+";"+";"-";"<E>";" être";"un";"de";"quatre";"sous";"-";"+";"§être§un de quatre sous "
"557";"+";"-";"+";"n'";" être pas";"<E>";"pour";"deux";"sous";"-";"+";"§n'est pas§pour deux sous "
"558";"+";"-";"-";"<E>";" être";"un";"de";"<E>";"sous-préfecture";"-";"+";"§être§un de sous-préfecture "
"559";"+";"+";"-";"<E>";" être";"un";"<E>";"<E>";"stricto sensu";"-";"-";"§être§un stricto sensu "
"560";"-";"+";"-";"<E>";" être";"un";"de";"<E>";"substance";"-";"+";"§être§un de substance "
"561";"-";"+";"-";"<E>";" être";"un";"de";"<E>";"substitution";"-";"+";"§être§un de substitution "
"562";"-";"+";"-";"<E>";" être";"un";"à";"<E>";"succès";"-";"+";"§être§un à succès "
"563";"-";"+";"-";"<E>";" être";"un";"<E>";"<E>";"suicide";"-";"+";"§être§un suicide "
"564";"+";"+";"-";"<E>";" être";"un";"à";"<E>";"suivre";"-";"+";"§être§un à suivre "
"565";"+";"+";"-";"<E>";" être";"un";"<E>";"<E>";"supposé";"-";"+";"§être§un supposé "
"566";"+";"+";"-";"<E>";" être";"un";"<E>";"<E>";"surprise";"-";"+";"§être§un surprise "
"567";"+";"+";"-";"<E>";" être";"un";"à";"<E>";"surprises";"-";"+";"§être§un à surprises "
"568";"+";"-";"-";"<E>";" être";"un";"en";"<E>";"sursis";"-";"+";"§être§un en sursis "
"569";"+";"+";"-";"<E>";" être";"un";"<E>";"<E>";"symbole";"-";"+";"§être§un symbole"
"570";"-";"+";"-";"<E>";" être";"un";"de";"<E>";"synthèse";"-";"+";"§être§un de synthèse "
"571";"-";"+";"-";"<E>";" être";"un";"de";"<E>";"synthèse";"-";"+";"§être§un de synthèse "
"572";"-";"+";"-";"<E>";" être";"un";"de";"<E>";"table";"-";"+";"§être§un de table"
"573";"-";"+";"-";"<E>";" être";"un";"<E>";"<E>";"tampon";"-";"+";"§être§un tampon "
"574";"+";"-";"-";"<E>";" être";"un";"de";"<E>";"tant";"-";"+";"§être§un de tant "
"575";"+";"+";"-";"<E>";" être";"un";"<E>";"bon";"teint";"-";"+";"§être§un bon teint "
"576";"-";"+";"-";"<E>";" être";"un";"<E>";"<E>";"témoignage";"-";"+";"§être§un témoignage "
"577";"+";"-";"-";"<E>";" être";"un";"<E>";"<E>";"témoin";"-";"+";"§être§un témoin "
"578";"+";"+";"-";"<E>";" être";"<E>";"plus";"de tous les";"temps";"-";"+";"§être§plus de tous les temps "
"579";"+";"+";"-";"<E>";" être";"un";"de";"<E>";"temps jadis";"-";"-";"§être§un de temps jadis "
"580";"+";"+";"-";"<E>";" être";"un";"de";"la";"terre entière";"-";"+";"§être§un de la terre entière "
"581";"+";"+";"-";"<E>";" être";"<E>";"de";"<E>";"tête";"-";"+";"§être§de tête "
"582";"+";"+";"-";"<E>";" être";"un";"de";"<E>";"théâtre";"+";"-";"§être§un de théâtre "
"583";"+";"+";"-";"<E>";" être";"<E>";"en";"<E>";"titre";"-";"+";"§être§en titre "
"584";"+";"+";"-";"<E>";" être";"<E>";"<E>";"plus";"total";"-";"+";"§être§plus total "
"585";"+";"+";"-";"<E>";" être";"un";"de";"<E>";"toujours";"+";"-";"§être§un de toujours "
"586";"+";"+";"-";"<E>";" être";"un";"entre";"<E>";"tous";"-";"+";"§être§un entre tous "
"587";"+";"+";"-";"<E>";" être";"un";"en";"<E>";"tout";"-";"+";"§être§un en tout "
"588";"+";"+";"-";"<E>";" être";"<E>";"<E>";"<E>";"traditionnel";"+";"-";"§être§traditionnel "
"589";"+";"-";"-";"<E>";" être";"un";"de";"<E>";"transition";"-";"+";"§être§un de transition "
"590";"+";"+";"-";"<E>";" être";"<E>";"de";"<E>";"trimestre";"-";"+";"§être§de trimestre "
"591";"-";"+";"-";"<E>";" être";"<E>";"de";"un";"trimestre";"-";"+";"§être§d'un trimestre "
"592";"+";"+";"-";"<E>";" être";"un";"avant";"la";"lettre";"-";"+";"§être§un avant la lettre "
"593";"+";"+";"-";"<E>";" être";"<E>";"de";"<E>";"tutelle";"-";"+";"§être§de tutelle"
"594";"+";"+";"-";"<E>";" être";"un";"de";"<E>";"tutelle";"-";"+";"§être§un de tutelle"
"595";"+";"-";"-";"<E>";" être";"Dnum-ième";"de";"<E>";"type";"-";"+";"§être§Dnum-ième de type "
"596";"+";"-";"-";"<E>";" être";"Dnum-ième et dernier";"de";"<E>";"type";"-";"+";"§être§Dnum-ième et dernier de type "
"597";"+";"-";"-";"<E>";" être";"premier et  dernier";"de";"<E>";"type";"-";"+";"§être§premier et dernier de type "
"598";"+";"+";"-";"<E>";" être";"un";"<E>";"<E>";"type";"-";"+";"§être§un type "
"599";"+";"+";"-";"<E>";" être";"un";"<E>";"<E>";"vague";"+";"-";"§être§un vague "
"600";"+";"+";"-";"<E>";" être";"des";"<E>";"<E>";"variés";"-";"+";"§être§des variés "
"601";"-";"+";"-";"<E>";" être";"un";"de";"<E>";"valeur";"-";"+";"§être§un de valeur "
"602";"-";"+";"-";"<E>";" être";"un";"à";"<E>";"venir";"-";"+";"§être§un à venir "
"603";"+";"-";"-";"<E>";" être";"<E>";"<E>";"premier";"venu";"+";"-";"§être§premier venu "
"604";"+";"+";"-";"<E>";" être";"un";"<E>";"<E>";"véritable";"+";"-";"§être§un véritable "
"605";"+";"-";"-";"<E>";" être";"un";"<E>";"<E>";"vice-";"+";"-";"§être§un vice-"
"606";"+";"+";"-";"<E>";" être";"<E>";"de";"Poss";"vie";"-";"+";"§être§de Poss vie "
"607";"+";"-";"-";"<E>";" être";"<E>";"à";"<E>";"vie";"-";"+";"§être§à vie "
"608";"-";"+";"-";"<E>";" être";"un";"de";"<E>";"vieil";"-";"+";"§être§un de vieil "
"609";"+";"+";"-";"<E>";" être";"un";"<E>";"<E>";"vieux";"+";"-";"§être§un vieux "
"610";"+";"+";"-";"<E>";" être";"un";"<E>";"<E>";"vieux";"+";"-";"§être§un vieux "
"611";"+";"+";"-";"<E>";" être";"un";"<E>";"bon";"vieux";"+";"-";"§être§un bon vieux "
"612";"+";"+";"-";"<E>";" être";"un";"<E>";"malheureux";"vieux";"+";"-";"§être§un malheureux vieux "
"613";"+";"-";"-";"<E>";" être";"un";"<E>";"pauvre";"vieux";"+";"-";"§être§un pauvre vieux "
"614";"-";"+";"-";"<E>";" être";"un";"de";"<E>";"vieux";"-";"+";"§être§un de vieux "
"615";"-";"+";"-";"<E>";" être";"<E>";"à";"<E>";"visage humain";"-";"+";"§être§à visage humain "
"616";"+";"+";"-";"<E>";" être";"<E>";"<E>";"sus-";"visé";"-";"+";"§être§sus-visé "
"617";"-";"+";"-";"<E>";" être";"<E>";"à";"deux";"vitesses";"-";"+";"§être§à deux vitesses "
"618";"+";"-";"-";"<E>";" être";"un";"<E>";"<E>";"vivant";"-";"+";"§être§un vivant "
"619";"+";"+";"-";"<E>";" être";"un";"comme";"l'on n'en";"voir plus";"-";"+";"§être§un comme l'on n'en voir plus "
"620";"+";"+";"-";"<E>";" être";"un";"comme";"on n'en";"voir plus";"-";"+";"§être§un comme on n'en voir plus "
"621";"+";"-";"-";"<E>";" être";"un";"de";"haut";"vol";"-";"+";"§être§un d'haut vol "
"622";"+";"-";"-";"<E>";" être";"un";"de";"haute";"volée";"-";"+";"§être§un d'haute volée "
"623";"+";"-";"-";"<E>";" être";"un";"de";"bonne";"volonté";"-";"+";"§être§un de bonne volonté "
"624";"+";"+";"-";"<E>";" être";"un";"qui";"ne";"vouloir pas dire Poss0 nom";"-";"+";"§être§un qui ne vouloir pas dire son nom "
"625";"-";"+";"-";"<E>";" être";"un";"que N";"a";"vu et entendu";"-";"+";"§être§un que N a vu et entendu "
"626";"+";"+";"-";"<E>";" être";"<E>";"<E>";"plus en";"vue";"-";"+";"§être§plus en vue "
"627";"+";"+";"-";"<E>";" être";"un";"<E>";"<E>";"vulgaire";"+";"-";"§être§un vulgaire "
"628";"+";"+";"-";"<E>";" être";"un";"<E>";"<E>";"vulgaire petit";"+";"-";"§être§un vulgaire petit "
"629";"+";"+";"-";"<E>";" être";"un";"<E>";"<E>";"faux";"+";"-";"§être§un faux "
"630";"+";"+";"-";"<E>";" être";"un";"<E>";"<E>";"vrai";"+";"-";"§être§un vrai "
