"<ID>";"N0 =: Nhum";"N0 =: N-hum";"N0 =: Qu P";"Ppv =: en figé";"Ppv =: Neg";"<ENT>Ppv";"<ENT><être>";"<ENT>Prép1";"<ENT>Det1";"<ENT>C1";"<ENT>Adj1";"N0 être Prép1 Det1 C1";"Adj1 permut obl";"Prép1 Det1 C1 Adj1 = où ?";"Exemple"
"1";"-";"+";"-";"-";"-";"<E>";"être";"dans";"un";"abandon";"complet";"-";"+";"-";"§être§dans un abandon complet "
"2";"-";"+";"-";"-";"-";"<E>";"être";"dans";"le";"abandon";"le plus complet";"+";"+";"-";"§être§dans l'abandon le plus complet "
"3";"-";"+";"-";"-";"-";"<E>";"être";"dans";"le";"abandon";"le plus total";"+";"+";"-";"§être§dans l'abandon le plus total "
"4";"-";"+";"-";"-";"-";"<E>";"être";"dans";"un";"abandon";"total";"-";"+";"-";"§être§dans un abandon total "
"5";"+";"-";"-";"-";"-";"<E>";"être";"à";"les";"abonnés";"absents";"-";"-";"-";"§être§aux abonnés absents "
"6";"+";"-";"-";"-";"-";"<E>";"être";"à";"la";"Académie";"française";"+";"-";"+";"§être§à la Académie française "
"7";"-";"+";"-";"-";"-";"<E>";"être";"à";"<E>";"accès";"aléatoire";"-";"-";"-";"§être§à accès aléatoire "
"8";"-";"+";"-";"-";"-";"<E>";"être";"à";"<E>";"accès";"direct";"-";"-";"-";"§être§à accès direct "
"9";"-";"+";"-";"-";"-";"<E>";"être";"en";"<E>";"accès";"direct";"-";"-";"-";"§être§en accès direct "
"10";"-";"+";"-";"-";"-";"<E>";"être";"en";"<E>";"accès";"libre";"-";"-";"-";"§être§en accès libre "
"11";"+";"-";"-";"-";"-";"<E>";"être";"à";"un";"âge";"avancé";"-";"-";"-";"§être§à un âge avancé "
"12";"+";"-";"-";"-";"-";"<E>";"être";"à";"un";"âge";"canonique";"-";"-";"-";"§être§à un âge canonique "
"13";"+";"-";"-";"-";"-";"<E>";"être";"à";"un";"âge";"critique";"-";"-";"-";"§être§à un âge critique "
"14";"+";"-";"-";"-";"-";"<E>";"être";"à";"le";"âge";"ingrat";"-";"-";"-";"§être§à l'âge ingrat "
"15";"+";"-";"-";"-";"-";"<E>";"être";"à";"le";"âge";"mûr";"-";"-";"-";"§être§à l'âge mûr "
"16";"+";"-";"-";"-";"-";"<E>";"être";"de";"<E>";"âge";"mûr";"-";"-";"-";"§être§d'âge mûr "
"17";"+";"+";"-";"-";"-";"<E>";"être";"à";"le";"air";"libre";"+";"-";"-";"§être§à l'air libre "
"18";"+";"-";"-";"-";"-";"<E>";"être";"en";"<E>";"alerte";"permanente";"-";"-";"-";"§être§en alerte permanente "
"19";"-";"+";"-";"-";"-";"<E>";"être";"en";"<E>";"allure";"normale";"-";"-";"-";"§être§en allure normale "
"20";"+";"-";"-";"-";"-";"<E>";"être";"sous";"<E>";"anesthésie";"générale";"+";"-";"-";"§être§sous anesthésie générale "
"21";"+";"-";"-";"-";"-";"<E>";"être";"sous";"<E>";"anesthésie";"locale";"+";"-";"-";"§être§sous anesthésie locale "
"22";"+";"+";"-";"-";"-";"<E>";"être";"en";"pleine";"année";"fiscale";"+";"-";"-";"§être§en pleine année fiscale "
"23";"+";"+";"-";"-";"-";"<E>";"être";"en";"pleine";"année";"scolaire";"+";"-";"-";"§être§en pleine année scolaire "
"24";"+";"+";"-";"-";"-";"<E>";"être";"en";"pleine";"année";"universitaire";"+";"-";"-";"§être§en pleine année universitaire "
"25";"+";"+";"-";"-";"-";"<E>";"être";"dans";"le";"annuaire";"téléphonique";"+";"-";"-";"§être§dans l'annuaire téléphonique "
"26";"+";"-";"-";"-";"-";"<E>";"être";"de";"<E>";"appartenance";"Adj-politique";"-";"-";"-";"§être§d'appartenance Adj-politique "
"27";"+";"-";"-";"-";"-";"<E>";"être";"de";"<E>";"appartenance";"communiste";"-";"-";"-";"§être§d'appartenance communiste "
"28";"+";"+";"-";"-";"-";"<E>";"être";"en";"plein";"après-";"midi";"-";"-";"-";"§être§en plein après-midi "
"29";"+";"+";"-";"-";"-";"<E>";"être";"en";"pleine";"après-";"midi";"-";"-";"-";"§être§en pleine après-midi "
"30";"+";"-";"-";"-";"-";"<E>";"être";"à";"les";"arrêts";"simples";"-";"-";"-";"§être§aux arrêts simples "
"31";"-";"+";"-";"-";"-";"<E>";"être";"en";"<E>";"assemblée";"générale";"-";"-";"-";"§être§en assemblée générale "
"32";"-";"+";"-";"-";"-";"<E>";"être";"en";"<E>";"assemblée";"générale extraordinaire";"-";"-";"-";"§être§en assemblée générale extraordinaire "
"33";"-";"+";"-";"-";"-";"<E>";"être";"en";"<E>";"assemblée";"générale ordinaire";"-";"-";"-";"§être§en assemblée générale ordinaire "
"34";"+";"-";"-";"-";"-";"<E>";"être";"à";"la";"Assemblée";"nationale";"+";"-";"+";"§être§à la Assemblée nationale "
"35";"+";"+";"-";"-";"-";"<E>";"être";"en";"<E>";"augmentation";"constante";"+";"+";"-";"§être§en augmentation constante "
"36";"+";"+";"-";"-";"-";"<E>";"être";"en";"<E>";"augmentation";"continue";"+";"-";"-";"§être§en augmentation continue "
"37";"+";"+";"-";"-";"+";"n'";"être";"à";"nul";"autre";"pareil";"-";"-";"-";"§n'est§à nul autre pareil "
"38";"+";"+";"-";"-";"-";"<E>";"être";"en";"<E>";"baisse";"constante";"+";"+";"-";"§être§en baisse constante "
"39";"+";"+";"-";"-";"-";"<E>";"être";"en";"<E>";"baisse";"continue";"+";"-";"-";"§être§en baisse continue "
"40";"+";"-";"-";"-";"-";"<E>";"être";"à";"un";"bal";"costumé";"-";"-";"+";"§être§à un bal costumé "
"41";"+";"-";"-";"-";"-";"<E>";"être";"à";"un";"bal";"masqué";"-";"-";"+";"§être§à un bal masqué "
"42";"+";"-";"-";"-";"-";"<E>";"être";"en";"<E>";"ballon";"dirigeable";"-";"-";"-";"§être§en ballon dirigeable "
"43";"+";"-";"-";"-";"-";"<E>";"être";"en";"<E>";"ballotage";"défavorable";"-";"-";"-";"§être§en ballotage défavorable "
"44";"+";"-";"-";"-";"-";"<E>";"être";"en";"<E>";"ballotage";"favorable";"-";"-";"-";"§être§en ballotage favorable "
"45";"-";"+";"-";"-";"-";"<E>";"être";"sur";"<E>";"bande";"magnétique";"+";"-";"-";"§être§sur bande magnétique "
"46";"-";"+";"-";"-";"-";"<E>";"être";"sur";"<E>";"bande";"perforée";"-";"-";"-";"§être§sur bande perforée "
"47";"+";"-";"-";"-";"-";"<E>";"être";"à";"les";"barres";"asymétriques";"-";"-";"+";"§être§aux barres asymétriques "
"48";"+";"-";"-";"-";"-";"<E>";"être";"à";"les";"barres";"parallèles";"-";"-";"+";"§être§aux barres parallèles "
"49";"-";"+";"-";"-";"-";"<E>";"être";"à";"le";"beau";"fixe";"-";"-";"-";"§être§au beau fixe "
"50";"-";"+";"-";"-";"-";"<E>";"être";"en";"<E>";"béton";"armé";"+";"-";"-";"§être§en béton armé "
"51";"-";"+";"-";"-";"-";"<E>";"être";"de";"le";"bois";"dont on fait les flûtes";"-";"-";"-";"§être§du bois dont on fait les flûtes "
"52";"+";"+";"-";"-";"-";"<E>";"être";"dans";"une";"boucle";"infernale";"-";"-";"-";"§être§dans une boucle infernale "
"53";"-";"+";"-";"-";"-";"<E>";"être";"à";"<E>";"but";"lucratif";"-";"-";"-";"§être§à but lucratif "
"54";"-";"+";"-";"-";"-";"<E>";"être";"à";"<E>";"but";"non lucratif";"-";"-";"-";"§être§à but non lucratif "
"55";"+";"-";"-";"+";"+";"n'en";"être";"à";"<E>";"ça";"près";"-";"-";"-";"§n'en est§à ça près "
"56";"-";"+";"-";"-";"-";"<E>";"être";"en";"<E>";"cale";"sèche";"-";"-";"+";"§être§en cale sèche "
"57";"+";"-";"-";"-";"-";"<E>";"être";"en";"<E>";"caleçon";"court";"-";"-";"-";"§être§en caleçon court "
"58";"+";"-";"-";"-";"-";"<E>";"être";"en";"<E>";"caleçon";"long";"-";"-";"-";"§être§en caleçon long "
"59";"+";"+";"-";"-";"-";"<E>";"être";"en";"<E>";"campagne";"électorale";"-";"-";"-";"§être§en campagne électorale "
"60";"+";"+";"-";"-";"-";"<E>";"être";"en";"pleine";"campagne";"électorale";"-";"-";"-";"§être§en pleine campagne électorale "
"61";"-";"+";"-";"-";"-";"<E>";"être";"à";"<E>";"caractère";"Adj";"-";"-";"-";"§être§à caractère Adj "
"62";"-";"+";"-";"-";"-";"<E>";"être";"à";"<E>";"caractère";"éducatif";"-";"-";"-";"§être§à caractère éducatif "
"63";"-";"+";"-";"-";"-";"<E>";"être";"à";"<E>";"caractère";"ethnique";"-";"-";"-";"§être§à caractère ethnique "
"64";"-";"+";"-";"-";"-";"<E>";"être";"en";"<E>";"caractères";"accentués";"-";"-";"-";"§être§en caractères accentués "
"65";"-";"+";"-";"-";"-";"<E>";"être";"en";"<E>";"caractères";"majuscules";"-";"-";"-";"§être§en caractères majuscules "
"66";"-";"+";"-";"-";"-";"<E>";"être";"en";"<E>";"caractères";"minuscules";"-";"-";"-";"§être§en caractères minuscules "
"67";"-";"+";"-";"-";"-";"<E>";"être";"sur";"<E>";"carte";"perforée";"-";"-";"-";"§être§sur carte perforée "
"68";"-";"+";"-";"-";"-";"<E>";"être";"en";"<E>";"carton-";"pâte";"-";"-";"-";"§être§en carton-pâte "
"69";"+";"-";"-";"-";"-";"<E>";"être";"à";"le";"casse-";"pipe";"-";"-";"-";"§être§au casse-pipe "
"70";"+";"-";"-";"-";"-";"<E>";"être";"à";"une";"cérémonie";"religieuse";"-";"-";"-";"§être§à une cérémonie religieuse "
"71";"+";"-";"-";"-";"-";"<E>";"être";"dans";"une";"chaise";"roulante";"-";"-";"-";"§être§dans une chaise roulante "
"72";"+";"-";"-";"-";"-";"<E>";"être";"en";"<E>";"chambre";"double";"-";"-";"+";"§être§en chambre double "
"73";"-";"+";"-";"-";"-";"<E>";"être";"en";"<E>";"chambre";"froide";"-";"-";"+";"§être§en chambre froide "
"74";"-";"+";"-";"-";"-";"<E>";"être";"en";"<E>";"champ";"clos";"-";"-";"-";"§être§en champ clos "
"75";"+";"+";"-";"-";"-";"<E>";"être";"en";"<E>";"changement";"constant";"-";"-";"-";"§être§en changement constant "
"76";"+";"+";"-";"-";"-";"<E>";"être";"en";"<E>";"changement";"perpétuel";"-";"-";"-";"§être§en changement perpétuel "
"77";"-";"+";"-";"-";"-";"<E>";"être";"dans";"un";"chaos";"complet";"-";"+";"-";"§être§dans un chaos complet "
"78";"-";"+";"-";"-";"-";"<E>";"être";"dans";"le";"chaos";"le plus complet";"+";"+";"-";"§être§dans le chaos le plus complet "
"79";"-";"+";"-";"-";"-";"<E>";"être";"dans";"le";"chaos";"le plus total";"+";"+";"-";"§être§dans le chaos le plus total "
"80";"-";"+";"-";"-";"-";"<E>";"être";"dans";"un";"chaos";"total";"-";"+";"-";"§être§dans un chaos total "
"81";"-";"+";"+";"-";"-";"<E>";"être";"à";"<E>";"chier";"partout";"-";"-";"-";"§être§à chier partout "
"82";"-";"+";"-";"-";"-";"<E>";"être";"en";"<E>";"chiffres";"arabes";"-";"-";"-";"§être§en chiffres arabes "
"83";"-";"+";"-";"-";"-";"<E>";"être";"en";"<E>";"chiffres";"romains";"-";"-";"-";"§être§en chiffres romains "
"84";"+";"-";"-";"-";"-";"<E>";"être";"devant";"un";"choix";"difficile";"-";"-";"-";"§être§devant un choix difficile "
"85";"+";"+";"-";"-";"-";"<E>";"être";"en";"<E>";"chômage";"économique";"-";"-";"-";"§être§en chômage économique "
"86";"+";"+";"-";"-";"-";"<E>";"être";"en";"<E>";"chômage";"partiel";"-";"-";"-";"§être§en chômage partiel "
"87";"+";"+";"-";"-";"-";"<E>";"être";"en";"<E>";"chômage";"technique";"-";"-";"-";"§être§en chômage technique "
"88";"-";"+";"+";"-";"-";"<E>";"être";"dans";"les";"choses";"possibles";"-";"-";"-";"§être§dans les choses possibles "
"89";"-";"+";"-";"-";"-";"<E>";"être";"en";"<E>";"chou-";"fleur";"-";"-";"-";"§être§en chou-fleur "
"90";"+";"+";"-";"-";"-";"<E>";"être";"en";"<E>";"chute";"libre";"-";"-";"-";"§être§en chute libre "
"91";"-";"+";"-";"-";"-";"<E>";"être";"à";"<E>";"ciel";"ouvert";"-";"-";"-";"§être§à ciel ouvert "
"92";"-";"+";"-";"-";"-";"<E>";"être";"en";"<E>";"ciment";"armé";"-";"-";"-";"§être§en ciment armé "
"93";"-";"+";"-";"-";"-";"<E>";"être";"en";"<E>";"circuit";"fermé";"-";"-";"-";"§être§en circuit fermé "
"94";"+";"-";"-";"-";"-";"<E>";"être";"en";"<E>";"classe";"affaires";"-";"-";"+";"§être§en classe affaires "
"95";"+";"-";"-";"-";"-";"<E>";"être";"en";"<E>";"classe";"touriste";"-";"-";"+";"§être§en classe touriste "
"96";"+";"-";"-";"-";"-";"<E>";"être";"en";"<E>";"classe";"verte";"-";"-";"+";"§être§en classe verte "
"97";"+";"-";"-";"-";"-";"<E>";"être";"dans";"une";"colère";"noire";"-";"-";"-";"§être§dans une colère noire "
"98";"-";"+";"-";"-";"-";"<E>";"être";"sous";"<E>";"commandement";"militaire";"-";"-";"-";"§être§sous commandement militaire "
"99";"+";"-";"-";"-";"-";"<E>";"être";"de";"<E>";"commerce";"Adj";"-";"-";"-";"§être§de commerce Adj "
"100";"+";"-";"-";"-";"-";"<E>";"être";"de";"<E>";"commerce";"agréable";"-";"-";"-";"§être§de commerce agréable "
"101";"-";"+";"-";"-";"-";"<E>";"être";"sur";"un";"compte";"bancaire";"-";"-";"-";"§être§sur un compte bancaire "
"102";"-";"+";"-";"-";"-";"<E>";"être";"sur";"un";"compte";"bloqué";"-";"-";"-";"§être§sur un compte bloqué "
"103";"-";"+";"-";"-";"-";"<E>";"être";"sur";"un";"compte";"courant";"-";"-";"-";"§être§sur un compte courant "
"104";"-";"+";"-";"-";"-";"<E>";"être";"sur";"un";"compte";"épargne";"-";"-";"-";"§être§sur un compte épargne "
"105";"+";"-";"-";"-";"-";"<E>";"être";"en";"<E>";"condition";"critique";"-";"-";"-";"§être§en condition critique "
"106";"+";"-";"-";"-";"-";"<E>";"être";"en";"bonne";"condition";"physique";"-";"-";"-";"§être§en bonne condition physique "
"107";"+";"-";"-";"-";"-";"<E>";"être";"en";"mauvaise";"condition";"physique";"-";"-";"-";"§être§en mauvaise condition physique "
"108";"+";"+";"+";"-";"-";"<E>";"être";"dans";"des";"conditions";"exceptionnelles";"-";"-";"-";"§être§dans des conditions exceptionnelles "
"109";"+";"+";"+";"-";"-";"<E>";"être";"dans";"des";"conditions";"normales";"-";"-";"-";"§être§dans des conditions normales "
"110";"+";"+";"-";"-";"-";"<E>";"être";"en";"<E>";"conduite";"automatique";"-";"-";"-";"§être§en conduite automatique "
"111";"+";"-";"-";"-";"-";"<E>";"être";"en";"<E>";"congé";"post-natal";"-";"-";"+";"§être§en congé post-natal "
"112";"+";"-";"-";"-";"-";"<E>";"être";"en";"<E>";"congés";"annuels";"-";"-";"+";"§être§en congés annuels "
"113";"-";"+";"-";"-";"-";"<E>";"être";"pour";"Poss0";"consommation";"personnelle";"-";"-";"-";"§être§pour sa consommation personnelle "
"114";"-";"+";"+";"-";"-";"<E>";"être";"sans";"<E>";"contestation";"possible";"-";"-";"-";"§être§sans contestation possible "
"115";"+";"-";"-";"-";"-";"<E>";"être";"sous";"<E>";"contrôle";"judiciaire";"-";"-";"-";"§être§sous contrôle judiciaire "
"116";"+";"-";"-";"-";"-";"<E>";"être";"sous";"<E>";"contrôle";"médical";"-";"-";"-";"§être§sous contrôle médical "
"117";"+";"-";"-";"-";"-";"<E>";"être";"sur";"la";"corde";"raide";"-";"-";"-";"§être§sur la corde raide "
"118";"+";"-";"-";"-";"-";"<E>";"être";"en";"<E>";"costume";"deux pièces";"-";"-";"-";"§être§en costume deux pièces "
"119";"+";"-";"-";"-";"-";"<E>";"être";"en";"<E>";"costume";"trois pièces";"-";"-";"-";"§être§en costume trois pièces "
"120";"+";"+";"-";"-";"-";"<E>";"être";"à";"la";"cote";"123";"-";"-";"+";"§être§à la cote 123 "
"121";"+";"+";"-";"-";"-";"<E>";"être";"à";"la";"cote";"Dnum";"-";"-";"+";"§être§à la cote Dnum "
"122";"+";"+";"-";"-";"-";"<E>";"être";"sur";"le";"côté";"droit";"-";"-";"-";"§être§sur le côté droit "
"123";"+";"+";"-";"-";"-";"<E>";"être";"sur";"le";"côté";"gauche";"-";"-";"-";"§être§sur le côté gauche "
"124";"-";"+";"-";"-";"-";"<E>";"être";"en";"<E>";"couleurs";"artificielles";"-";"-";"-";"§être§en couleurs artificielles "
"125";"-";"+";"-";"-";"-";"<E>";"être";"en";"<E>";"couleurs";"naturelles";"-";"-";"-";"§être§en couleurs naturelles "
"126";"+";"-";"-";"-";"-";"<E>";"être";"en";"plein";"coup";"monté";"-";"-";"-";"§être§en plein coup monté "
"127";"+";"+";"-";"-";"-";"<E>";"être";"sur";"une";"courbe";"ascendante";"-";"-";"-";"§être§sur une courbe ascendante "
"128";"+";"+";"-";"-";"-";"<E>";"être";"sur";"une";"courbe";"descendante";"-";"-";"-";"§être§sur une courbe descendante "
"129";"+";"-";"-";"-";"-";"<E>";"être";"à";"le";"cours";"élémentaire";"-";"-";"+";"§être§au cours élémentaire "
"130";"+";"-";"-";"-";"-";"<E>";"être";"en";"<E>";"cours";"élémentaire deuxième année";"-";"-";"+";"§être§en cours élémentaire deuxième année "
"131";"+";"-";"-";"-";"-";"<E>";"être";"en";"<E>";"cours";"élémentaire première année";"-";"-";"+";"§être§en cours élémentaire première année "
"132";"-";"+";"-";"-";"-";"<E>";"être";"à";"Poss0 plus haut";"cours";"historique";"-";"-";"-";"§être§à son plus haut cours historique "
"133";"+";"-";"-";"-";"-";"<E>";"être";"à";"le";"cours";"moyen deuxième année";"-";"-";"+";"§être§au cours moyen deuxième année "
"134";"+";"-";"-";"-";"-";"<E>";"être";"à";"le";"cours";"moyen première année";"-";"-";"+";"§être§au cours moyen première année "
"135";"+";"-";"-";"-";"-";"<E>";"être";"en";"<E>";"cours";"préparatoire";"-";"-";"+";"§être§en cours préparatoire "
"136";"-";"+";"-";"-";"-";"<E>";"être";"à";"la";"crème";"anglaise";"-";"-";"-";"§être§à la crème anglaise "
"137";"-";"+";"-";"-";"-";"<E>";"être";"à";"la";"crème";"Chantilly";"-";"-";"-";"§être§à la crème Chantilly "
"138";"-";"+";"-";"-";"-";"<E>";"être";"en";"<E>";"cuivre";"rouge";"-";"-";"-";"§être§en cuivre rouge "
"139";"+";"-";"-";"-";"-";"<E>";"être";"en";"<E>";"culotte";"courte";"-";"-";"-";"§être§en culotte courte "
"140";"+";"-";"-";"-";"-";"<E>";"être";"en";"<E>";"culottes";"longues";"-";"-";"-";"§être§en culottes longues "
"141";"+";"-";"-";"-";"-";"<E>";"être";"en";"<E>";"cure";"thermale";"-";"-";"+";"§être§en cure thermale "
"142";"+";"+";"-";"-";"-";"<E>";"être";"dans";"un";"cycle";"infernal";"-";"-";"-";"§être§dans un cycle infernal "
"143";"-";"+";"+";"-";"-";"<E>";"être";"de";"<E>";"date";"récente";"-";"-";"-";"§être§de date récente "
"144";"+";"+";"-";"-";"-";"<E>";"être";"en";"<E>";"décalage";"horaire";"-";"-";"-";"§être§en décalage horaire "
"145";"-";"+";"-";"-";"-";"<E>";"être";"dans";"une";"déchéance";"complète";"-";"+";"-";"§être§dans une déchéance complète "
"146";"-";"+";"-";"-";"-";"<E>";"être";"dans";"la";"déchéance";"la plus complète";"+";"+";"-";"§être§dans la déchéance la plus complète "
"147";"-";"+";"-";"-";"-";"<E>";"être";"dans";"la";"déchéance";"la plus totale";"+";"+";"-";"§être§dans la déchéance la plus totale "
"148";"-";"+";"-";"-";"-";"<E>";"être";"dans";"une";"déchéance";"totale";"-";"+";"-";"§être§dans une déchéance totale "
"149";"+";"+";"-";"-";"-";"<E>";"être";"en";"<E>";"déficit";"constant";"-";"-";"-";"§être§en déficit constant "
"150";"+";"+";"-";"-";"-";"<E>";"être";"en";"<E>";"déficit";"continuel";"-";"-";"-";"§être§en déficit continuel "
"151";"+";"+";"-";"-";"-";"<E>";"être";"en";"<E>";"déficit";"éternel";"-";"-";"-";"§être§en déficit éternel "
"152";"+";"+";"-";"-";"-";"<E>";"être";"en";"<E>";"déficit";"momentané";"-";"-";"-";"§être§en déficit momentané "
"153";"+";"+";"-";"-";"-";"<E>";"être";"en";"<E>";"déficit";"occasionnel";"-";"-";"-";"§être§en déficit occasionnel "
"154";"+";"+";"-";"-";"-";"<E>";"être";"en";"<E>";"déficit";"perpétuel";"-";"-";"-";"§être§en déficit perpétuel "
"155";"-";"+";"-";"-";"-";"<E>";"être";"à";"Dnum";"degré";"Celsius";"-";"-";"-";"§être§à Dnum degré Celsius "
"156";"-";"+";"-";"-";"-";"<E>";"être";"à";"Dnum";"degré";"centigrade";"-";"-";"-";"§être§à Dnum degré centigrade "
"157";"-";"+";"-";"-";"-";"<E>";"être";"à";"Dnum";"degré";"Farenheit";"-";"-";"-";"§être§à Dnum degré Farenheit "
"158";"+";"-";"-";"-";"-";"<E>";"être";"à";"un";"déjeuner";"débat";"-";"-";"+";"§être§à un déjeuner débat "
"159";"+";"-";"-";"-";"-";"<E>";"être";"dans";"le";"dénuement";"le plus complet";"+";"+";"-";"§être§dans le dénuement le plus complet "
"160";"+";"-";"-";"-";"-";"<E>";"être";"dans";"le";"dénuement";"le plus total";"+";"+";"-";"§être§dans le dénuement le plus total "
"161";"-";"+";"-";"-";"-";"<E>";"être";"dans";"un";"désordre";"complet";"-";"+";"-";"§être§dans un désordre complet "
"162";"-";"+";"-";"-";"-";"<E>";"être";"dans";"le";"désordre";"le plus complet";"+";"+";"-";"§être§dans le désordre le plus complet "
"163";"-";"+";"-";"-";"-";"<E>";"être";"dans";"le";"désordre";"le plus total";"+";"+";"-";"§être§dans le désordre le plus total "
"164";"-";"+";"-";"-";"-";"<E>";"être";"dans";"un";"désordre";"total";"-";"+";"-";"§être§dans un désordre total "
"165";"+";"-";"-";"-";"-";"<E>";"être";"en";"<E>";"détention";"préventive";"-";"-";"-";"§être§en détention préventive "
"166";"+";"-";"-";"-";"-";"<E>";"être";"en";"<E>";"détention";"provisoire";"-";"-";"-";"§être§en détention provisoire "
"167";"+";"-";"-";"-";"-";"<E>";"être";"en";"<E>";"devenir";"continuel";"-";"-";"-";"§être§en devenir continuel "
"168";"-";"+";"+";"-";"-";"<E>";"être";"à";"<E>";"devenir";"fou";"-";"-";"-";"§être§à devenir fou "
"169";"+";"-";"-";"-";"-";"<E>";"être";"en";"<E>";"devenir";"perpétuel";"-";"-";"-";"§être§en devenir perpétuel "
"170";"-";"+";"-";"-";"-";"<E>";"être";"à";"le";"diable";"vauvert";"-";"-";"-";"§être§au diable vauvert "
"171";"+";"-";"-";"-";"-";"<E>";"être";"en";"<E>";"difficultés";"financières";"-";"-";"-";"§être§en difficultés financières "
"172";"+";"+";"-";"-";"-";"<E>";"être";"en";"<E>";"diminution";"constante";"+";"+";"-";"§être§en diminution constante "
"173";"+";"+";"-";"-";"-";"<E>";"être";"en";"<E>";"diminution";"continue";"+";"-";"-";"§être§en diminution continue "
"174";"+";"-";"-";"-";"-";"<E>";"être";"à";"un";"dîner";"dansant";"-";"-";"+";"§être§à un dîner dansant "
"175";"+";"-";"-";"-";"-";"<E>";"être";"à";"un";"dîner";"débat";"-";"-";"+";"§être§à un dîner débat "
"176";"-";"+";"-";"-";"-";"<E>";"être";"en";"<E>";"disque";"compact";"-";"-";"-";"§être§en disque compact "
"177";"-";"+";"-";"-";"-";"<E>";"être";"sur";"<E>";"disque";"dur";"-";"-";"+";"§être§sur disque dur "
"178";"-";"+";"-";"-";"-";"<E>";"être";"dans";"le";"domaine";"publique";"-";"-";"-";"§être§dans le domaine publique "
"179";"+";"-";"-";"-";"-";"<E>";"être";"à";"le";"domicile";"conjugal";"-";"-";"-";"§être§au domicile conjugal "
"180";"+";"-";"-";"-";"-";"<E>";"être";"sans";"<E>";"domicile";"fixe";"-";"-";"-";"§être§sans domicile fixe "
"181";"+";"-";"-";"-";"-";"<E>";"être";"à";"le";"domicile";"paternel";"-";"-";"-";"§être§au domicile paternel "
"182";"+";"+";"-";"-";"-";"<E>";"être";"sous";"<E>";"domination";"Adj-pays";"-";"-";"-";"§être§sous domination Adj-pays "
"183";"+";"+";"-";"-";"-";"<E>";"être";"sous";"<E>";"domination";"anglaise";"-";"-";"-";"§être§sous domination anglaise "
"184";"-";"+";"+";"-";"-";"<E>";"être";"à";"<E>";"dormir";"debout";"-";"-";"-";"§être§à dormir debout "
"185";"-";"+";"-";"-";"-";"<E>";"être";"de";"<E>";"droit";"divin";"-";"-";"-";"§être§de droit divin "
"186";"-";"+";"-";"-";"-";"<E>";"être";"à";"la";"eau";"plate";"-";"-";"-";"§être§à l'eau plate "
"187";"-";"+";"-";"-";"-";"<E>";"être";"dans";"ces";"eaux";"là";"+";"-";"-";"§être§dans ces eaux là "
"188";"-";"+";"-";"-";"-";"<E>";"être";"en";"<E>";"eaux";"profondes";"-";"-";"+";"§être§en eaux profondes "
"189";"+";"+";"-";"-";"-";"<E>";"être";"dans";"les";"eaux";"territoriales Adj-pays";"-";"-";"+";"§être§dans les eaux territoriales Adj-pays "
"190";"+";"+";"-";"-";"-";"<E>";"être";"dans";"les";"eaux";"territoriales anglaises";"-";"-";"+";"§être§dans les eaux territoriales anglaises "
"191";"-";"+";"+";"-";"-";"<E>";"être";"à";"<E>";"échéance";"lointaine";"+";"+";"-";"§être§à échéance lointaine "
"192";"-";"+";"+";"-";"-";"<E>";"être";"à";"une";"échéance";"lointaine";"+";"+";"-";"§être§à une échéance lointaine "
"193";"-";"+";"-";"-";"-";"<E>";"être";"à";"la";"échelle";"atomique";"-";"-";"-";"§être§à l'échelle atomique "
"194";"-";"+";"-";"-";"-";"<E>";"être";"à";"la";"échelle";"cellulaire";"-";"-";"-";"§être§à l'échelle cellulaire "
"195";"-";"+";"+";"-";"-";"<E>";"être";"à";"la";"échelle";"cosmique";"-";"-";"-";"§être§à l'échelle cosmique "
"196";"-";"+";"+";"-";"-";"<E>";"être";"à";"<E>";"échelle";"humaine";"-";"-";"-";"§être§à échelle humaine "
"197";"-";"+";"+";"-";"-";"<E>";"être";"à";"la";"échelle";"humaine";"-";"-";"-";"§être§à l'échelle humaine "
"198";"-";"+";"+";"-";"-";"<E>";"être";"à";"la";"échelle";"macroscopique";"-";"-";"-";"§être§à l'échelle macroscopique "
"199";"-";"+";"+";"-";"-";"<E>";"être";"à";"la";"échelle";"microscopique";"-";"-";"-";"§être§à l'échelle microscopique "
"200";"-";"+";"-";"-";"-";"<E>";"être";"à";"la";"échelle";"moléculaire";"-";"-";"-";"§être§à l'échelle moléculaire "
"201";"-";"+";"-";"-";"-";"<E>";"être";"à";"la";"échelle";"nucléaire";"-";"-";"-";"§être§à l'échelle nucléaire "
"202";"-";"+";"+";"-";"-";"<E>";"être";"à";"la";"échelle";"planétaire";"-";"-";"-";"§être§à l'échelle planétaire "
"203";"+";"-";"-";"-";"-";"<E>";"être";"à";"la";"école";"maternelle";"-";"-";"+";"§être§à l'école maternelle "
"204";"+";"+";"-";"-";"-";"<E>";"être";"en";"<E>";"économie";"fermée";"-";"-";"-";"§être§en économie fermée "
"205";"+";"-";"-";"-";"-";"<E>";"être";"sous";"<E>";"écoutes";"téléphoniques";"+";"-";"-";"§être§sous écoutes téléphoniques "
"206";"-";"+";"-";"-";"-";"<E>";"être";"sur";"<E>";"écran";"large";"-";"-";"-";"§être§sur écran large "
"207";"-";"+";"-";"-";"-";"<E>";"être";"sous";"<E>";"emballage";"double";"-";"-";"-";"§être§sous emballage double "
"208";"-";"+";"-";"-";"-";"<E>";"être";"sous";"<E>";"emballage";"n-uple";"-";"-";"-";"§être§sous emballage n-uple "
"209";"-";"+";"-";"-";"-";"<E>";"être";"sous";"<E>";"emballage";"quadruple";"-";"-";"-";"§être§sous emballage quadruple "
"210";"-";"+";"-";"-";"-";"<E>";"être";"sous";"<E>";"emballage";"simple";"-";"-";"-";"§être§sous emballage simple "
"211";"-";"+";"-";"-";"-";"<E>";"être";"sous";"<E>";"emballage";"triple";"-";"-";"-";"§être§sous emballage triple "
"212";"-";"+";"-";"-";"-";"<E>";"être";"à";"le";"emporte-";"pièce";"-";"-";"-";"§être§à l'emporte-pièce "
"213";"-";"+";"-";"-";"-";"<E>";"être";"dans";"un";"endroit";"paumé";"-";"-";"+";"§être§dans un endroit paumé "
"214";"-";"+";"-";"-";"-";"<E>";"être";"en";"un";"endroit";"paumé";"-";"-";"+";"§être§en un endroit paumé "
"215";"-";"+";"-";"-";"-";"<E>";"être";"dans";"un";"endroit";"perdu";"-";"-";"+";"§être§dans un endroit perdu "
"216";"-";"+";"-";"-";"-";"<E>";"être";"en";"un";"endroit";"perdu";"-";"-";"+";"§être§en un endroit perdu "
"217";"-";"+";"-";"-";"-";"<E>";"être";"dans";"un";"endroit";"reculé";"-";"-";"+";"§être§dans un endroit reculé "
"218";"-";"+";"-";"-";"-";"<E>";"être";"en";"un";"endroit";"reculé";"-";"-";"+";"§être§en un endroit reculé "
"219";"-";"+";"-";"-";"-";"<E>";"être";"dans";"un";"endroit";"sûr";"-";"-";"+";"§être§dans un endroit sûr "
"220";"-";"+";"-";"-";"-";"<E>";"être";"en";"un";"endroit";"sûr";"-";"-";"+";"§être§en un endroit sûr "
"221";"+";"-";"-";"-";"-";"<E>";"être";"sous";"<E>";"enquête";"judiciaire";"-";"-";"+";"§être§sous enquête judiciaire "
"222";"+";"-";"-";"-";"-";"<E>";"être";"dans";"le";"enseignement";"supérieur";"-";"-";"+";"§être§dans l'enseignement supérieur "
"223";"-";"+";"-";"-";"-";"<E>";"être";"sous";"<E>";"enveloppe";"scellée";"-";"-";"+";"§être§sous enveloppe scellée "
"224";"-";"+";"-";"-";"-";"<E>";"être";"sous";"<E>";"enveloppe";"timbrée";"-";"-";"+";"§être§sous enveloppe timbrée "
"225";"+";"+";"-";"-";"-";"<E>";"être";"dans";"un";"environnement";"hostile";"-";"-";"+";"§être§dans un environnement hostile "
"226";"+";"+";"-";"-";"-";"<E>";"être";"en";"<E>";"environnement";"hostile";"-";"-";"+";"§être§en environnement hostile "
"227";"-";"+";"-";"-";"-";"<E>";"être";"en";"<E>";"équilibre";"instable";"-";"-";"-";"§être§en équilibre instable "
"228";"-";"+";"-";"-";"-";"<E>";"être";"en";"<E>";"équilibre";"stable";"+";"-";"-";"§être§en équilibre stable "
"229";"+";"-";"-";"-";"-";"<E>";"être";"sous";"<E>";"escorte";"armée";"-";"-";"-";"§être§sous escorte armée "
"230";"-";"+";"-";"-";"-";"<E>";"être";"à";"le";"état";"brut";"-";"-";"-";"§être§à l'état brut "
"231";"-";"+";"-";"-";"-";"<E>";"être";"à";"le";"état";"chronique";"-";"-";"-";"§être§à l'état chronique "
"232";"-";"+";"-";"-";"-";"<E>";"être";"à";"le";"état";"cristallin";"-";"-";"-";"§être§à l'état cristallin "
"233";"-";"+";"-";"-";"-";"<E>";"être";"à";"le";"état";"gazeux";"-";"-";"-";"§être§à l'état gazeux "
"234";"+";"-";"-";"-";"-";"<E>";"être";"dans";"un";"état";"intéressant";"-";"-";"-";"§être§dans un état intéressant "
"235";"-";"+";"-";"-";"-";"<E>";"être";"à";"le";"état";"larvaire";"-";"-";"-";"§être§à l'état larvaire "
"236";"-";"+";"-";"-";"-";"<E>";"être";"à";"le";"état";"latent";"-";"-";"-";"§être§à l'état latent "
"237";"-";"+";"-";"-";"-";"<E>";"être";"à";"le";"état";"natif";"-";"-";"-";"§être§à l'état natif "
"238";"-";"+";"-";"-";"-";"<E>";"être";"à";"le";"état";"naturel";"-";"-";"-";"§être§à l'état naturel "
"239";"-";"+";"-";"-";"-";"<E>";"être";"à";"le";"état";"pâteux";"-";"-";"-";"§être§à l'état pâteux "
"240";"-";"+";"-";"-";"-";"<E>";"être";"à";"le";"état";"poudreux";"-";"-";"-";"§être§à l'état poudreux "
"241";"-";"+";"-";"-";"-";"<E>";"être";"à";"le";"état";"sauvage";"-";"-";"-";"§être§à l'état sauvage "
"242";"-";"+";"-";"-";"-";"<E>";"être";"à";"le";"état";"solide";"-";"-";"-";"§être§à l'état solide "
"243";"-";"+";"-";"-";"-";"<E>";"être";"à";"le";"état";"vitreux";"-";"-";"-";"§être§à l'état vitreux "
"244";"-";"+";"-";"-";"-";"<E>";"être";"à";"<E>";"évolution";"lente";"-";"-";"-";"§être§à évolution lente "
"245";"-";"+";"-";"-";"-";"<E>";"être";"à";"<E>";"évolution";"rapide";"-";"-";"-";"§être§à évolution rapide "
"246";"+";"-";"-";"-";"-";"<E>";"être";"de";"<E>";"expression";"Adj-langue";"-";"-";"-";"§être§d'expression Adj-langue "
"247";"+";"-";"-";"-";"-";"<E>";"être";"de";"<E>";"expression";"anglaise";"-";"-";"-";"§être§d'expression anglaise "
"248";"+";"+";"-";"-";"-";"<E>";"être";"de";"<E>";"fabrication";"Adj-pays";"-";"-";"-";"§être§de fabrication Adj-pays "
"249";"+";"+";"-";"-";"-";"<E>";"être";"de";"<E>";"fabrication";"anglaise";"-";"-";"-";"§être§de fabrication anglaise "
"250";"+";"+";"-";"-";"-";"<E>";"être";"de";"<E>";"fabrication";"artisanale";"-";"-";"-";"§être§de fabrication artisanale "
"251";"-";"+";"-";"-";"-";"<E>";"être";"à";"la";"façon";"américaine";"-";"-";"-";"§être§à la façon américaine "
"252";"-";"+";"-";"-";"-";"<E>";"être";"à";"la";"façon";"Modif";"-";"-";"-";"§être§à la façon Modif "
"253";"-";"+";"-";"-";"-";"<E>";"être";"à";"<E>";"faire";"peur";"-";"-";"-";"§être§à fait peur "
"254";"-";"+";"-";"-";"-";"<E>";"être";"à";"<E>";"faire";"vomir";"-";"-";"-";"§être§à fait vomir "
"255";"+";"-";"-";"-";"-";"<E>";"être";"devant";"le";"fait";"accompli";"-";"-";"-";"§être§devant le fait accompli "
"256";"+";"-";"-";"-";"-";"<E>";"être";"de";"<E>";"famille";"aisée";"-";"-";"-";"§être§de famille aisée "
"257";"+";"-";"-";"-";"-";"<E>";"être";"de";"<E>";"famille";"bourgeoise";"-";"-";"-";"§être§de famille bourgeoise "
"258";"+";"-";"-";"-";"-";"<E>";"être";"dans";"un";"fauteuil";"roulant";"-";"-";"-";"§être§dans un fauteuil roulant "
"259";"-";"+";"-";"-";"-";"<E>";"être";"en";"<E>";"fer";"forgé";"-";"-";"-";"§être§en fer forgé "
"260";"-";"+";"-";"-";"-";"<E>";"être";"à";"<E>";"feuillets";"mobiles";"-";"-";"-";"§être§à feuillets mobiles "
"261";"+";"+";"-";"-";"-";"<E>";"être";"à";"la";"file";"indienne";"+";"-";"-";"§être§à la file indienne "
"262";"+";"+";"-";"-";"-";"<E>";"être";"en";"<E>";"file";"indienne";"+";"-";"-";"§être§en file indienne "
"263";"+";"-";"-";"-";"-";"<E>";"être";"dans";"la";"fonction";"publique";"-";"-";"-";"§être§dans la fonction publique "
"264";"-";"+";"-";"-";"-";"<E>";"être";"à";"<E>";"fond";"Adj";"-";"-";"-";"§être§à fond Adj "
"265";"-";"+";"-";"-";"-";"<E>";"être";"à";"<E>";"fond";"escamotable";"-";"-";"-";"§être§à fond escamotable "
"266";"-";"+";"-";"-";"-";"<E>";"être";"à";"<E>";"fond";"mobile";"-";"-";"-";"§être§à fond mobile "
"267";"-";"+";"-";"-";"-";"<E>";"être";"en";"<E>";"format";"A3";"-";"-";"-";"§être§en format A3 "
"268";"-";"+";"-";"-";"-";"<E>";"être";"en";"<E>";"format";"A4";"-";"-";"-";"§être§en format A4 "
"269";"-";"+";"-";"-";"-";"<E>";"être";"en";"<E>";"format";"tabloïde";"-";"-";"-";"§être§en format tabloïde "
"270";"+";"-";"-";"-";"-";"<E>";"être";"en";"<E>";"formation";"accélérée";"+";"-";"-";"§être§en formation accélérée "
"271";"+";"-";"-";"-";"-";"<E>";"être";"en";"<E>";"formation";"continue";"+";"-";"-";"§être§en formation continue "
"272";"-";"+";"-";"-";"-";"<E>";"être";"en";"<E>";"formation";"serrée";"+";"-";"-";"§être§en formation serrée "
"273";"-";"+";"-";"-";"-";"<E>";"être";"sous";"<E>";"forme";"Adj";"-";"-";"-";"§être§sous forme Adj "
"274";"-";"+";"-";"-";"-";"<E>";"être";"sous";"une";"forme";"Adj";"-";"-";"-";"§être§sous une forme Adj "
"275";"-";"+";"-";"-";"-";"<E>";"être";"sous";"<E>";"forme";"compacte";"-";"-";"-";"§être§sous forme compacte "
"276";"-";"+";"-";"-";"-";"<E>";"être";"sous";"une";"forme";"compacte";"-";"-";"-";"§être§sous une forme compacte "
"277";"-";"+";"-";"-";"-";"<E>";"être";"sous";"<E>";"forme";"cristalline";"-";"-";"-";"§être§sous forme cristalline "
"278";"-";"+";"-";"-";"-";"<E>";"être";"sous";"<E>";"forme";"gazeuse";"-";"-";"-";"§être§sous forme gazeuse "
"279";"-";"+";"-";"-";"-";"<E>";"être";"sous";"<E>";"forme";"liquide";"-";"-";"-";"§être§sous forme liquide "
"280";"-";"+";"-";"-";"-";"<E>";"être";"sous";"<E>";"forme";"pâteuse";"-";"-";"-";"§être§sous forme pâteuse "
"281";"+";"-";"-";"-";"-";"<E>";"être";"en";"bonne";"forme";"physique";"-";"-";"-";"§être§en bonne forme physique "
"282";"+";"-";"-";"-";"-";"<E>";"être";"en";"mauvaise";"forme";"physique";"-";"-";"-";"§être§en mauvaise forme physique "
"283";"-";"+";"-";"-";"-";"<E>";"être";"sous";"<E>";"forme";"poudreuse";"-";"-";"-";"§être§sous forme poudreuse "
"284";"-";"+";"-";"-";"-";"<E>";"être";"sous";"<E>";"forme";"ramassée";"-";"-";"-";"§être§sous forme ramassée "
"285";"-";"+";"-";"-";"-";"<E>";"être";"sous";"une";"forme";"ramassée";"-";"-";"-";"§être§sous une forme ramassée "
"286";"-";"+";"-";"-";"-";"<E>";"être";"sous";"<E>";"forme";"solide";"-";"-";"-";"§être§sous forme solide "
"287";"-";"+";"-";"-";"-";"<E>";"être";"sous";"<E>";"forme";"vitreuse";"-";"-";"-";"§être§sous forme vitreuse "
"288";"+";"-";"-";"-";"-";"<E>";"être";"à";"le";"foyer";"conjugal";"-";"-";"+";"§être§au foyer conjugal "
"289";"+";"-";"-";"-";"-";"<E>";"être";"à";"le";"foyer";"paternel";"-";"-";"+";"§être§au foyer paternel "
"290";"+";"-";"-";"-";"+";"n'";"être";"à";"un";"franc";"près";"-";"-";"-";"§n'est§à un franc près "
"291";"+";"-";"-";"+";"+";"n'en";"être";"à";"un";"franc";"près";"-";"-";"-";"§n'en est§à un franc près "
"292";"+";"-";"-";"-";"-";"<E>";"être";"de";"<E>";"fréquentation";"Adj";"-";"-";"-";"§être§de fréquentation Adj "
"293";"+";"-";"-";"-";"-";"<E>";"être";"de";"une";"fréquentation";"Adj";"-";"-";"-";"§être§d'une fréquentation Adj "
"294";"+";"-";"-";"-";"-";"<E>";"être";"de";"<E>";"fréquentation";"agréable";"-";"-";"-";"§être§de fréquentation agréable "
"295";"+";"-";"-";"-";"-";"<E>";"être";"de";"une";"fréquentation";"agréable";"-";"-";"-";"§être§d'une fréquentation agréable "
"296";"+";"-";"-";"-";"-";"<E>";"être";"dans";"une";"fureur";"noire";"-";"-";"-";"§être§dans une fureur noire "
"297";"+";"-";"-";"-";"-";"<E>";"être";"dans";"la";"garde";"municipale";"-";"-";"+";"§être§dans la garde municipale "
"298";"+";"-";"-";"-";"-";"<E>";"être";"dans";"la";"garde";"pontificale";"-";"-";"+";"§être§dans la garde pontificale "
"299";"+";"-";"-";"-";"-";"<E>";"être";"dans";"la";"garde";"républicaine";"-";"-";"+";"§être§dans la garde républicaine "
"300";"-";"+";"-";"-";"-";"<E>";"être";"à";"le";"gaz";"naturel";"-";"-";"-";"§être§au gaz naturel "
"301";"+";"-";"-";"-";"-";"<E>";"être";"dans";"une";"gêne";"momentanée";"-";"-";"-";"§être§dans une gêne momentanée "
"302";"+";"-";"-";"-";"-";"<E>";"être";"dans";"une";"gêne";"passagère";"-";"-";"-";"§être§dans une gêne passagère "
"303";"+";"-";"-";"-";"-";"<E>";"être";"dans";"le";"génie";"civil";"-";"-";"+";"§être§dans le génie civil "
"304";"+";"-";"-";"-";"-";"<E>";"être";"dans";"le";"génie";"maritime";"-";"-";"+";"§être§dans le génie maritime "
"305";"+";"-";"-";"-";"-";"<E>";"être";"dans";"le";"génie";"rural";"-";"-";"+";"§être§dans le génie rural "
"306";"+";"-";"-";"-";"+";"n'";"être pas";"de";"le";"genre";"à se laisser faire";"-";"-";"-";"§n'est pas§du genre à se laisser fait "
"307";"-";"+";"-";"-";"-";"<E>";"être";"à";"<E>";"géométrie";"variable";"-";"-";"-";"§être§à géométrie variable "
"308";"-";"+";"-";"-";"-";"<E>";"être";"en";"<E>";"gérance";"libre";"+";"-";"-";"§être§en gérance libre "
"309";"-";"+";"+";"-";"-";"<E>";"être";"de";"un";"goût";"douteux";"-";"-";"-";"§être§d'un goût douteux "
"310";"+";"-";"-";"-";"-";"<E>";"être";"en";"<E>";"grève";"perlée";"+";"-";"-";"§être§en grève perlée "
"311";"+";"+";"-";"-";"-";"<E>";"être";"en";"<E>";"hausse";"constante";"+";"+";"-";"§être§en hausse constante "
"312";"+";"+";"-";"-";"-";"<E>";"être";"en";"<E>";"hausse";"continue";"+";"-";"-";"§être§en hausse continue "
"313";"+";"+";"-";"-";"-";"<E>";"être";"à";"la";"heure";"Adj-pays";"-";"-";"-";"§être§à l'heure Adj-pays "
"314";"+";"+";"-";"-";"-";"<E>";"être";"à";"la";"heure";"anglaise";"-";"-";"-";"§être§à l'heure anglaise "
"315";"+";"+";"-";"-";"-";"<E>";"être";"à";"la";"heure";"légale";"-";"-";"-";"§être§à l'heure légale "
"316";"-";"+";"-";"-";"-";"<E>";"être";"à";"le";"horizon";"1992";"-";"-";"-";"§être§à l'horizon 1992 "
"317";"-";"+";"-";"-";"-";"<E>";"être";"à";"le";"horizon";"2000";"-";"-";"-";"§être§à l'horizon 2000 "
"318";"-";"+";"-";"-";"-";"<E>";"être";"à";"le";"horizon";"Dnum";"-";"-";"-";"§être§à l'horizon Dnum "
"319";"-";"+";"+";"-";"-";"<E>";"être";"à";"<E>";"huis-";"clos";"-";"-";"-";"§être§à huis-clos "
"320";"+";"-";"-";"-";"-";"<E>";"être";"de";"<E>";"humeur";"excellente";"-";"+";"-";"§être§d'humeur excellente "
"321";"+";"-";"-";"-";"-";"<E>";"être";"de";"<E>";"humeur";"joyeuse";"-";"+";"-";"§être§d'humeur joyeuse "
"322";"+";"-";"-";"-";"-";"<E>";"être";"de";"<E>";"humeur";"morose";"-";"-";"-";"§être§d'humeur morose "
"323";"+";"+";"-";"-";"-";"<E>";"être";"sur";"une";"île";"déserte";"-";"-";"-";"§être§sur une île déserte "
"324";"+";"+";"+";"-";"-";"<E>";"être";"dans";"la";"illégalité";"la plus complète";"+";"+";"-";"§être§dans l'illégalité la plus complète "
"325";"+";"+";"+";"-";"-";"<E>";"être";"dans";"la";"illégalité";"la plus totale";"+";"+";"-";"§être§dans l'illégalité la plus totale "
"326";"+";"-";"-";"-";"-";"<E>";"être";"dans";"la";"indécision";"la plus complète";"+";"+";"-";"§être§dans l'indécision la plus complète "
"327";"+";"-";"-";"-";"-";"<E>";"être";"dans";"la";"indécision";"la plus totale";"+";"+";"-";"§être§dans l'indécision la plus totale "
"328";"+";"-";"-";"-";"-";"<E>";"être";"dans";"la";"indifférence";"la plus totale";"+";"+";"-";"§être§dans l'indifférence la plus totale "
"329";"-";"+";"+";"-";"-";"<E>";"être";"à";"<E>";"intervalles";"rapprochés";"-";"-";"-";"§être§à intervalles rapprochés "
"330";"-";"+";"+";"-";"-";"<E>";"être";"à";"<E>";"intervalles";"réguliers";"-";"-";"-";"§être§à intervalles réguliers "
"331";"+";"+";"-";"-";"-";"<E>";"être";"sous";"<E>";"juridiction";"Adj-pays";"-";"-";"-";"§être§sous juridiction Adj-pays "
"332";"+";"+";"-";"-";"-";"<E>";"être";"sous";"<E>";"juridiction";"anglaise";"-";"-";"-";"§être§sous juridiction anglaise "
"333";"+";"+";"-";"-";"-";"<E>";"être";"sous";"<E>";"juridiction";"internationale";"-";"-";"-";"§être§sous juridiction internationale "
"334";"-";"+";"-";"-";"-";"<E>";"être";"de";"par";"là-";"bas";"-";"-";"-";"§être§de par là-bas "
"335";"+";"+";"-";"-";"-";"<E>";"être";"par";"<E>";"là-";"bas";"-";"-";"+";"§être§par là-bas "
"336";"+";"-";"-";"-";"-";"<E>";"être";"de";"<E>";"langue";"Adj-langue";"-";"-";"-";"§être§de langue Adj-langue "
"337";"-";"+";"-";"-";"-";"<E>";"être";"en";"<E>";"langue";"Adj-langue";"-";"-";"-";"§être§en langue Adj-langue "
"338";"+";"-";"-";"-";"-";"<E>";"être";"de";"<E>";"langue";"anglaise";"-";"-";"-";"§être§de langue anglaise "
"339";"-";"+";"-";"-";"-";"<E>";"être";"en";"<E>";"langue";"anglaise";"-";"-";"-";"§être§en langue anglaise "
"340";"+";"-";"-";"-";"-";"<E>";"être";"de";"<E>";"langue maternelle";"Adj-langue";"-";"-";"-";"§être§de langue maternelle Adj-langue "
"341";"+";"-";"-";"-";"-";"<E>";"être";"de";"<E>";"langue maternelle";"anglaise";"-";"-";"-";"§être§de langue maternelle anglaise "
"342";"-";"+";"-";"-";"-";"<E>";"être";"de";"une";"lecture";"Adj";"-";"-";"-";"§être§d'une lecture Adj "
"343";"-";"+";"-";"-";"-";"<E>";"être";"de";"une";"lecture";"aisée";"-";"-";"-";"§être§d'une lecture aisée "
"344";"-";"+";"-";"-";"-";"<E>";"être";"de";"une";"lecture";"difficile";"-";"-";"-";"§être§d'une lecture difficile "
"345";"+";"+";"+";"-";"-";"<E>";"être";"dans";"la";"légalité";"la plus stricte";"+";"+";"-";"§être§dans la légalité la plus stricte "
"346";"+";"+";"+";"-";"-";"<E>";"être";"dans";"la";"légalité";"républicaine";"-";"-";"-";"§être§dans la légalité républicaine "
"347";"-";"+";"-";"-";"-";"<E>";"être";"en";"<E>";"lettres";"accentuées";"-";"-";"-";"§être§en lettres accentuées "
"348";"-";"+";"-";"-";"-";"<E>";"être";"en";"<E>";"lettres";"majuscules";"-";"-";"-";"§être§en lettres majuscules "
"349";"-";"+";"-";"-";"-";"<E>";"être";"en";"<E>";"lettres";"minuscules";"-";"-";"-";"§être§en lettres minuscules "
"350";"+";"-";"-";"-";"-";"<E>";"être";"en";"<E>";"liberté";"conditionnelle";"-";"-";"-";"§être§en liberté conditionnelle "
"351";"+";"-";"-";"-";"-";"<E>";"être";"en";"<E>";"liberté";"démocratique";"-";"-";"-";"§être§en liberté démocratique "
"352";"+";"-";"-";"-";"-";"<E>";"être";"en";"<E>";"liberté";"provisoire";"-";"-";"-";"§être§en liberté provisoire "
"353";"+";"-";"-";"-";"-";"<E>";"être";"en";"<E>";"liberté";"surveillée";"-";"-";"-";"§être§en liberté surveillée "
"354";"+";"-";"-";"-";"-";"<E>";"être";"en";"<E>";"liberté";"totalitaire";"-";"-";"-";"§être§en liberté totalitaire "
"355";"-";"+";"-";"-";"-";"<E>";"être";"dans";"un";"lieu";"paumé";"-";"-";"+";"§être§dans un lieu paumé "
"356";"-";"+";"-";"-";"-";"<E>";"être";"dans";"un";"lieu";"perdu";"-";"-";"+";"§être§dans un lieu perdu "
"357";"-";"+";"-";"-";"-";"<E>";"être";"dans";"un";"lieu";"reculé";"-";"-";"+";"§être§dans un lieu reculé "
"358";"-";"+";"-";"-";"-";"<E>";"être";"dans";"un";"lieu";"sûr";"-";"-";"+";"§être§dans un lieu sûr "
"359";"-";"+";"-";"-";"-";"<E>";"être";"en";"<E>";"lieu";"sûr";"-";"-";"+";"§être§en lieu sûr "
"360";"+";"-";"-";"-";"-";"<E>";"être";"dans";"la dernière";"ligne";"droite";"-";"-";"+";"§être§dans la dernière ligne droite "
"361";"-";"+";"-";"-";"-";"<E>";"être";"en";"<E>";"liquidation";"judiciaire";"+";"-";"-";"§être§en liquidation judiciaire "
"362";"+";"-";"-";"-";"-";"<E>";"être";"sur";"une";"liste";"noire";"-";"-";"-";"§être§sur une liste noire "
"363";"+";"-";"-";"-";"-";"<E>";"être";"sur";"la";"liste";"rouge";"-";"-";"-";"§être§sur la liste rouge "
"364";"+";"-";"-";"-";"-";"<E>";"être";"sous";"la";"loi";"martiale";"-";"-";"-";"§être§sous la loi martiale "
"365";"-";"+";"-";"-";"-";"<E>";"être";"pour";"<E>";"Lui-0";"tout seul";"+";"-";"-";"§être§pour lui tout seul "
"366";"+";"-";"-";"-";"-";"<E>";"être";"hors de";"<E>";"Lui-0-";"même";"+";"-";"-";"§être§hors de lui-même "
"367";"-";"+";"+";"-";"-";"<E>";"être";"pour";"<E>";"lundi";"dernier";"-";"-";"-";"§être§pour lundi dernier "
"368";"-";"+";"+";"-";"-";"<E>";"être";"pour";"<E>";"lundi";"prochain";"-";"-";"-";"§être§pour lundi prochain "
"369";"-";"+";"-";"-";"-";"<E>";"être";"à";"<E>";"mach";"Dnum";"-";"-";"-";"§être§à mach Dnum "
"370";"-";"+";"-";"-";"-";"<E>";"être";"à";"<E>";"mach";"six";"-";"-";"-";"§être§à mach six "
"371";"-";"+";"-";"-";"-";"<E>";"être";"à";"<E>";"main";"droite";"-";"-";"-";"§être§à main droite "
"372";"-";"+";"-";"-";"-";"<E>";"être";"à";"<E>";"main";"gauche";"-";"-";"-";"§être§à main gauche "
"373";"-";"+";"-";"-";"-";"<E>";"être";"en";"<E>";"mains";"sûres";"-";"-";"+";"§être§en mains sûres "
"374";"+";"-";"-";"-";"-";"<E>";"être";"en";"<E>";"maison";"close";"+";"-";"+";"§être§en maison close "
"375";"-";"+";"-";"-";"-";"<E>";"être";"à";"<E>";"majorité";"Adj-iste";"-";"-";"-";"§être§à majorité Adj-iste "
"376";"-";"+";"-";"-";"-";"<E>";"être";"à";"<E>";"majorité";"socialiste";"-";"-";"-";"§être§à majorité socialiste "
"377";"-";"+";"-";"-";"-";"<E>";"être";"en";"<E>";"majuscules";"accentuées";"-";"-";"-";"§être§en majuscules accentuées "
"378";"-";"+";"-";"-";"-";"<E>";"être";"à";"la";"manière";"américaine";"-";"-";"-";"§être§à la manière américaine "
"379";"-";"+";"-";"-";"-";"<E>";"être";"à";"la";"manière";"Modif";"-";"-";"-";"§être§à la manière Modif "
"380";"+";"+";"-";"-";"-";"<E>";"être";"à";"<E>";"marée";"basse";"-";"-";"-";"§être§à marée basse "
"381";"+";"+";"-";"-";"-";"<E>";"être";"à";"<E>";"marée";"haute";"-";"-";"-";"§être§à marée haute "
"382";"-";"+";"-";"-";"-";"<E>";"être";"en";"<E>";"matière";"fissile";"-";"-";"-";"§être§en matière fissile "
"383";"-";"+";"-";"-";"-";"<E>";"être";"en";"<E>";"matière";"plastique";"-";"-";"-";"§être§en matière plastique "
"384";"+";"-";"-";"-";"-";"<E>";"être";"à";"un";"meeting";"électoral";"-";"-";"+";"§être§à un meeting électoral "
"385";"-";"+";"-";"-";"-";"<E>";"être";"de";"les";"meilleurs";"qui soient";"+";"-";"-";"§être§des meilleurs qui soient "
"386";"-";"+";"-";"-";"-";"<E>";"être";"en";"<E>";"mémoire";"centrale";"+";"-";"+";"§être§en mémoire centrale "
"387";"-";"+";"-";"-";"-";"<E>";"être";"en";"<E>";"mer";"Mediterannée";"-";"-";"+";"§être§en mer Mediterannée "
"388";"-";"+";"-";"-";"-";"<E>";"être";"en";"<E>";"mer";"Rouge";"-";"-";"+";"§être§en mer Rouge "
"389";"-";"+";"-";"-";"-";"<E>";"être";"sur";"<E>";"Minitel";"3615";"-";"-";"-";"§être§sur Minitel 3615 "
"390";"-";"+";"-";"-";"-";"<E>";"être";"en";"<E>";"minuscules";"accentuées";"-";"-";"-";"§être§en minuscules accentuées "
"391";"-";"+";"-";"-";"-";"<E>";"être";"en";"<E>";"mode";"graphique";"-";"-";"-";"§être§en mode graphique "
"392";"-";"+";"-";"-";"-";"<E>";"être";"en";"<E>";"mode";"texte";"-";"-";"-";"§être§en mode texte "
"393";"-";"+";"-";"-";"-";"<E>";"être";"en";"<E>";"mouvement";"accéléré";"-";"-";"-";"§être§en mouvement accéléré "
"394";"-";"+";"-";"-";"-";"<E>";"être";"en";"<E>";"mouvement";"ascendant";"-";"-";"-";"§être§en mouvement ascendant "
"395";"-";"+";"-";"-";"-";"<E>";"être";"en";"<E>";"mouvement";"ascensionnel";"-";"-";"-";"§être§en mouvement ascensionnel "
"396";"-";"+";"-";"-";"-";"<E>";"être";"en";"<E>";"mouvement";"descendant";"-";"-";"-";"§être§en mouvement descendant "
"397";"-";"+";"-";"-";"-";"<E>";"être";"en";"<E>";"mouvement";"rectiligne uniforme";"-";"-";"-";"§être§en mouvement rectiligne uniforme "
"398";"+";"-";"-";"-";"+";"n'";"être";"à";"un";"N";"près";"-";"-";"-";"§n'est§à un N près "
"399";"+";"-";"-";"+";"+";"n'en";"être";"à";"un";"N";"près";"-";"-";"-";"§n'en est§à un N près "
"400";"-";"+";"-";"-";"-";"<E>";"être";"à";"<E>";"natalité";"Adj";"-";"-";"-";"§être§à natalité Adj "
"401";"-";"+";"-";"-";"-";"<E>";"être";"à";"<E>";"natalité";"galopante";"-";"-";"-";"§être§à natalité galopante "
"402";"-";"+";"-";"-";"-";"<E>";"être";"à";"Poss0 plus haut";"niveau";"historique";"-";"-";"-";"§être§à son plus haut niveau historique "
"403";"+";"+";"-";"-";"-";"<E>";"être";"dans";"un";"Nloc";"Adj";"-";"-";"+";"§être§dans un Nloc Adj "
"404";"-";"+";"-";"-";"-";"<E>";"être";"en";"<E>";"Nmatière";"Adj";"-";"-";"-";"§être§en Nmatière Adj "
"405";"-";"+";"-";"-";"-";"<E>";"être";"de";"un";"noir";"anthracite";"-";"-";"-";"§être§d'un noir anthracite "
"406";"-";"+";"+";"-";"-";"<E>";"être";"de";"<E>";"notoriété";"publique";"+";"-";"-";"§être§de notoriété publique "
"407";"-";"+";"+";"-";"-";"<E>";"être";"pour";"<E>";"Ntps";"dernier";"-";"-";"-";"§être§pour Ntps dernier "
"408";"-";"+";"+";"-";"-";"<E>";"être";"pour";"<E>";"Ntps";"prochain";"-";"-";"-";"§être§pour Ntps prochain "
"409";"+";"+";"-";"-";"-";"<E>";"être";"de";"<E>";"obédience";"Adj-politique";"-";"-";"-";"§être§d'obédience Adj-politique "
"410";"+";"+";"-";"-";"-";"<E>";"être";"de";"<E>";"obédience";"marxiste";"-";"-";"-";"§être§d'obédience marxiste "
"411";"-";"+";"-";"-";"-";"<E>";"être";"à";"<E>";"objectif";"Adj";"-";"-";"-";"§être§à objectif Adj "
"412";"-";"+";"-";"-";"-";"<E>";"être";"à";"<E>";"objectif";"international";"-";"-";"-";"§être§à objectif international "
"413";"-";"+";"-";"-";"-";"<E>";"être";"à";"<E>";"objectifs";"Adj";"-";"-";"-";"§être§à objectifs Adj "
"414";"-";"+";"-";"-";"-";"<E>";"être";"à";"<E>";"objectifs";"internationaux";"-";"-";"-";"§être§à objectifs internationaux "
"415";"+";"+";"-";"-";"-";"<E>";"être";"à";"un";"office";"religieux";"-";"-";"+";"§être§à un office religieux "
"416";"+";"+";"-";"-";"-";"<E>";"être";"sur";"<E>";"ondes";"courtes";"-";"-";"-";"§être§sur ondes courtes "
"417";"+";"+";"-";"-";"-";"<E>";"être";"sur";"<E>";"ondes";"moyennes";"-";"-";"-";"§être§sur ondes moyennes "
"418";"+";"+";"-";"-";"-";"<E>";"être";"à";"le";"Opéra";"comique";"-";"-";"+";"§être§au Opéra comique "
"419";"-";"+";"-";"-";"-";"<E>";"être";"en";"<E>";"orbite";"basse";"-";"-";"+";"§être§en orbite basse "
"420";"-";"+";"-";"-";"-";"<E>";"être";"en";"<E>";"orbite";"géostationnaire";"-";"-";"+";"§être§en orbite géostationnaire "
"421";"-";"+";"-";"-";"-";"<E>";"être";"en";"<E>";"orbite";"haute";"-";"-";"+";"§être§en orbite haute "
"422";"-";"+";"-";"-";"-";"<E>";"être";"en";"<E>";"orbite";"terrestre";"-";"-";"+";"§être§en orbite terrestre "
"423";"+";"+";"-";"-";"-";"<E>";"être";"dans";"le";"ordre";"alphabétique";"-";"-";"-";"§être§dans l'ordre alphabétique "
"424";"+";"+";"-";"-";"-";"<E>";"être";"en";"<E>";"ordre";"alphabétique";"-";"-";"-";"§être§en ordre alphabétique "
"425";"+";"+";"-";"-";"-";"<E>";"être";"par";"<E>";"ordre";"alphabétique";"-";"-";"-";"§être§par ordre alphabétique "
"426";"-";"+";"-";"-";"-";"<E>";"être";"dans";"le";"ordre";"chronologique";"-";"-";"-";"§être§dans l'ordre chronologique "
"427";"-";"+";"-";"-";"-";"<E>";"être";"en";"<E>";"ordre";"chronologique";"-";"-";"-";"§être§en ordre chronologique "
"428";"-";"+";"-";"-";"-";"<E>";"être";"par";"<E>";"ordre";"chronologique";"-";"-";"-";"§être§par ordre chronologique "
"429";"-";"+";"-";"-";"-";"<E>";"être";"de";"<E>";"ordre";"général";"-";"-";"-";"§être§d'ordre général "
"430";"-";"+";"-";"-";"-";"<E>";"être";"de";"<E>";"ordre";"infinitésimal";"-";"-";"-";"§être§d'ordre infinitésimal "
"431";"-";"+";"-";"-";"-";"<E>";"être";"de";"<E>";"ordre";"législatif";"-";"-";"-";"§être§d'ordre législatif "
"432";"+";"+";"-";"-";"-";"<E>";"être";"dans";"le";"ordre";"lexicographique";"-";"-";"-";"§être§dans l'ordre lexicographique "
"433";"+";"+";"-";"-";"-";"<E>";"être";"en";"<E>";"ordre";"lexicographique";"-";"-";"-";"§être§en ordre lexicographique "
"434";"-";"+";"-";"-";"-";"<E>";"être";"de";"<E>";"ordre";"personnel";"-";"-";"-";"§être§d'ordre personnel "
"435";"-";"+";"-";"-";"-";"<E>";"être";"de";"<E>";"ordre";"privé";"-";"-";"-";"§être§d'ordre privé "
"436";"-";"+";"-";"-";"-";"<E>";"être";"de";"<E>";"ordre";"public";"-";"-";"-";"§être§d'ordre public "
"437";"-";"+";"-";"-";"-";"<E>";"être";"de";"<E>";"ordre";"règlementaire";"-";"-";"-";"§être§d'ordre règlementaire "
"438";"-";"+";"-";"-";"-";"<E>";"être";"de";"<E>";"origine";"contrôlée";"-";"-";"-";"§être§d'origine contrôlée "
"439";"-";"+";"-";"-";"-";"<E>";"être";"en";"<E>";"oscillations";"forcées";"-";"-";"-";"§être§en oscillations forcées "
"440";"+";"+";"-";"-";"-";"<E>";"être";"en";"<E>";"panne";"sèche";"-";"-";"-";"§être§en panne sèche "
"441";"-";"+";"-";"-";"-";"<E>";"être";"sur";"<E>";"papier";"libre";"-";"-";"-";"§être§sur papier libre "
"442";"-";"+";"-";"-";"-";"<E>";"être";"sur";"<E>";"papier";"sensible";"-";"-";"-";"§être§sur papier sensible "
"443";"-";"+";"-";"-";"-";"<E>";"être";"sur";"<E>";"papier";"thermo-sensible";"-";"-";"-";"§être§sur papier thermo-sensible "
"444";"-";"+";"-";"-";"-";"<E>";"être";"sur";"<E>";"papier";"timbré";"-";"-";"-";"§être§sur papier timbré "
"445";"+";"-";"-";"-";"-";"<E>";"être";"à";"le";"parti";"communiste";"-";"+";"-";"§être§au parti communiste "
"446";"+";"-";"-";"-";"-";"<E>";"être";"de";"<E>";"parti";"pris";"-";"-";"-";"§être§de parti pris "
"447";"+";"-";"-";"-";"-";"<E>";"être";"sans";"<E>";"parti";"pris";"-";"-";"-";"§être§sans parti pris "
"448";"+";"-";"-";"-";"-";"<E>";"être";"à";"le";"parti";"socialiste";"-";"-";"-";"§être§au parti socialiste "
"449";"+";"+";"-";"-";"-";"<E>";"être";"dans";"une";"passe";"difficile";"-";"-";"-";"§être§dans une passe difficile "
"450";"+";"+";"-";"-";"-";"<E>";"être";"en";"<E>";"pays";"Adj-pays";"-";"-";"+";"§être§en pays Adj-pays "
"451";"+";"+";"-";"-";"-";"<E>";"être";"dans";"un";"pays";"ami";"-";"-";"+";"§être§dans un pays ami "
"452";"+";"+";"-";"-";"-";"<E>";"être";"en";"<E>";"pays";"ami";"-";"-";"+";"§être§en pays ami "
"453";"+";"+";"-";"-";"-";"<E>";"être";"en";"<E>";"pays";"anglais";"-";"-";"+";"§être§en pays anglais "
"454";"+";"-";"-";"-";"-";"<E>";"être";"en";"<E>";"pays";"conquis";"-";"-";"+";"§être§en pays conquis "
"455";"+";"+";"-";"-";"-";"<E>";"être";"dans";"un";"pays";"ennemi";"-";"-";"+";"§être§dans un pays ennemi "
"456";"+";"+";"-";"-";"-";"<E>";"être";"en";"<E>";"pays";"ennemi";"-";"-";"+";"§être§en pays ennemi "
"457";"+";"+";"-";"-";"-";"<E>";"être";"en";"<E>";"pays";"gascon";"-";"-";"+";"§être§en pays gascon "
"458";"+";"+";"-";"-";"-";"<E>";"être";"dans";"un";"pays";"hostile";"-";"-";"+";"§être§dans un pays hostile "
"459";"+";"+";"-";"-";"-";"<E>";"être";"en";"<E>";"pays";"hostile";"-";"-";"+";"§être§en pays hostile "
"460";"+";"+";"-";"-";"-";"<E>";"être";"dans";"un";"pays";"lointain";"-";"-";"+";"§être§dans un pays lointain "
"461";"+";"+";"-";"-";"-";"<E>";"être";"sur";"la";"pente";"ascendante";"-";"-";"-";"§être§sur la pente ascendante "
"462";"+";"+";"-";"-";"-";"<E>";"être";"sur";"une";"pente";"ascendante";"-";"-";"-";"§être§sur une pente ascendante "
"463";"+";"+";"-";"-";"-";"<E>";"être";"sur";"une";"pente";"dangereuse";"-";"-";"-";"§être§sur une pente dangereuse "
"464";"+";"+";"-";"-";"-";"<E>";"être";"sur";"la";"pente";"descendante";"-";"-";"-";"§être§sur la pente descendante "
"465";"+";"+";"-";"-";"-";"<E>";"être";"sur";"une";"pente";"descendante";"-";"-";"-";"§être§sur une pente descendante "
"466";"-";"+";"-";"-";"-";"<E>";"être";"en";"<E>";"pente";"douce";"-";"-";"-";"§être§en pente douce "
"467";"+";"-";"-";"-";"-";"<E>";"être";"sur";"une";"pente";"glissante";"-";"-";"-";"§être§sur une pente glissante "
"468";"-";"+";"-";"-";"-";"<E>";"être";"en";"<E>";"pente";"raide";"-";"-";"-";"§être§en pente raide "
"469";"+";"-";"-";"-";"-";"<E>";"être";"sur";"une";"pente";"savonneuse";"-";"-";"-";"§être§sur une pente savonneuse "
"470";"+";"+";"-";"-";"-";"<E>";"être";"en";"<E>";"période";"creuse";"-";"-";"-";"§être§en période creuse "
"471";"+";"+";"-";"-";"-";"<E>";"être";"en";"<E>";"période";"électorale";"-";"-";"-";"§être§en période électorale "
"472";"+";"+";"-";"-";"-";"<E>";"être";"en";"<E>";"période";"pré-électorale";"-";"-";"-";"§être§en période pré-électorale "
"473";"-";"+";"-";"-";"-";"<E>";"être";"en";"<E>";"phase";"cristalline";"-";"-";"-";"§être§en phase cristalline "
"474";"-";"+";"-";"-";"-";"<E>";"être";"en";"<E>";"phase";"finale";"-";"-";"-";"§être§en phase finale "
"475";"-";"+";"-";"-";"-";"<E>";"être";"en";"<E>";"phase";"gazeuse";"-";"-";"-";"§être§en phase gazeuse "
"476";"-";"+";"-";"-";"-";"<E>";"être";"en";"<E>";"phase";"initiale";"-";"-";"-";"§être§en phase initiale "
"477";"-";"+";"-";"-";"-";"<E>";"être";"en";"<E>";"phase";"liquide";"-";"-";"-";"§être§en phase liquide "
"478";"-";"+";"-";"-";"-";"<E>";"être";"en";"<E>";"phase";"pâteuse";"-";"-";"-";"§être§en phase pâteuse "
"479";"-";"+";"-";"-";"-";"<E>";"être";"en";"<E>";"phase";"solide";"-";"-";"-";"§être§en phase solide "
"480";"-";"+";"-";"-";"-";"<E>";"être";"en";"<E>";"phase";"terminale";"-";"-";"-";"§être§en phase terminale "
"481";"-";"+";"-";"-";"-";"<E>";"être";"en";"<E>";"phase";"vitreuse";"-";"-";"-";"§être§en phase vitreuse "
"482";"-";"+";"-";"-";"-";"<E>";"être";"en";"<E>";"pièces";"détachées";"-";"-";"-";"§être§en pièces détachées "
"483";"+";"+";"-";"-";"-";"<E>";"être";"en";"<E>";"pilotage";"automatique";"-";"-";"-";"§être§en pilotage automatique "
"484";"-";"+";"-";"-";"-";"<E>";"être";"en";"<E>";"pique-";"nique";"-";"-";"+";"§être§en pique-nique "
"485";"-";"+";"-";"-";"-";"<E>";"être";"en";"<E>";"piqûre";"intramusculaire";"-";"-";"-";"§être§en piqûre intramusculaire "
"486";"-";"+";"-";"-";"-";"<E>";"être";"en";"<E>";"piqûre";"intraveineuse";"-";"-";"-";"§être§en piqûre intraveineuse "
"487";"-";"+";"-";"-";"-";"<E>";"être";"en";"<E>";"piqûre";"sous-cutanée";"-";"-";"-";"§être§en piqûre sous-cutanée "
"488";"-";"+";"+";"-";"-";"<E>";"être";"à";"<E>";"pisser";"partout";"-";"-";"-";"§être§à pisser partout "
"489";"-";"+";"+";"-";"-";"<E>";"être";"sur";"la";"place";"publique";"+";"-";"-";"§être§sur la place publique "
"490";"-";"+";"-";"-";"-";"<E>";"être";"en";"<E>";"plan";"rapproché";"-";"-";"-";"§être§en plan rapproché "
"491";"-";"+";"-";"-";"-";"<E>";"être";"en";"<E>";"plat";"principal";"-";"-";"-";"§être§en plat principal "
"492";"-";"+";"-";"-";"-";"<E>";"être";"sous";"<E>";"pli";"cacheté";"-";"-";"+";"§être§sous pli cacheté "
"493";"-";"+";"-";"-";"-";"<E>";"être";"sous";"<E>";"pli";"scellé";"-";"-";"+";"§être§sous pli scellé "
"494";"-";"+";"-";"-";"-";"<E>";"être";"à";"le";"point";"critique";"-";"-";"-";"§être§au point critique "
"495";"-";"+";"-";"-";"-";"<E>";"être";"à";"Poss0";"point";"culminant";"-";"-";"-";"§être§à son point culminant "
"496";"-";"+";"-";"-";"-";"<E>";"être";"à";"le";"point";"mort";"-";"-";"-";"§être§au point mort "
"497";"-";"+";"-";"-";"-";"<E>";"être";"à";"le";"point";"mort";"-";"-";"-";"§être§au point mort "
"498";"-";"+";"+";"-";"-";"<E>";"être";"à";"<E>";"point";"nommé";"-";"-";"-";"§être§à point nommé "
"499";"-";"+";"-";"-";"-";"<E>";"être";"à";"le";"poivre";"rose";"-";"-";"-";"§être§au poivre rose "
"500";"-";"+";"-";"-";"-";"<E>";"être";"à";"le";"poivre";"vert";"-";"-";"-";"§être§au poivre vert "
"501";"+";"+";"-";"-";"-";"<E>";"être";"à";"le";"pôle";"nord";"-";"-";"+";"§être§au pôle nord "
"502";"+";"+";"-";"-";"-";"<E>";"être";"à";"le";"pôle";"sud";"-";"-";"+";"§être§au pôle sud "
"503";"+";"+";"-";"-";"-";"<E>";"être";"à";"la";"portion";"congrue";"-";"-";"-";"§être§à la portion congrue "
"504";"+";"+";"-";"-";"-";"<E>";"être";"en";"<E>";"position";"difficile";"-";"-";"-";"§être§en position difficile "
"505";"+";"+";"-";"-";"-";"<E>";"être";"en";"<E>";"position";"dominante";"-";"-";"-";"§être§en position dominante "
"506";"-";"+";"-";"-";"-";"<E>";"être";"en";"<E>";"position";"effacée";"-";"-";"-";"§être§en position effacée "
"507";"-";"+";"-";"-";"-";"<E>";"être";"à";"un";"prix";"défiant toute concurrence";"-";"-";"-";"§être§à un prix défiant toute concurrence "
"508";"-";"+";"-";"-";"-";"<E>";"être";"à";"un";"prix";"imbattable";"-";"-";"-";"§être§à un prix imbattable "
"509";"-";"+";"-";"-";"-";"<E>";"être";"à";"<E>";"prolifération";"lente";"-";"-";"-";"§être§à prolifération lente "
"510";"-";"+";"-";"-";"-";"<E>";"être";"à";"<E>";"prolifération";"rapide";"-";"-";"-";"§être§à prolifération rapide "
"511";"+";"+";"-";"-";"-";"<E>";"être";"sous";"<E>";"protectorat";"Adj-pays";"-";"-";"-";"§être§sous protectorat Adj-pays "
"512";"+";"+";"-";"-";"-";"<E>";"être";"sous";"<E>";"protectorat";"anglais";"-";"-";"-";"§être§sous protectorat anglais "
"513";"-";"+";"-";"-";"-";"<E>";"être";"en";"<E>";"quantité";"Adj";"-";"-";"-";"§être§en quantité Adj "
"514";"-";"+";"-";"-";"-";"<E>";"être";"en";"<E>";"quantité";"industrielle";"-";"-";"-";"§être§en quantité industrielle "
"515";"-";"+";"-";"-";"-";"<E>";"être";"en";"<E>";"quantité";"invraisemblable";"-";"-";"-";"§être§en quantité invraisemblable "
"516";"-";"+";"-";"-";"-";"<E>";"être";"en";"<E>";"quantités";"Adj";"-";"-";"-";"§être§en quantités Adj "
"517";"-";"+";"-";"-";"-";"<E>";"être";"en";"<E>";"quantités";"industrielles";"-";"-";"-";"§être§en quantités industrielles "
"518";"-";"+";"-";"-";"-";"<E>";"être";"en";"<E>";"quantités";"invraisemblables";"-";"-";"-";"§être§en quantités invraisemblables "
"519";"+";"+";"-";"-";"-";"<E>";"être";"à";"la";"queue";"leu leu";"-";"-";"-";"§être§à la queue leu leu "
"520";"+";"-";"-";"-";"-";"<E>";"être";"dans";"une";"rage";"noire";"-";"-";"-";"§être§dans une rage noire "
"521";"+";"+";"-";"-";"-";"<E>";"être";"à";"le Dnum-ième";"rang";"mondial";"+";"-";"-";"§être§au Dnum-ième rang mondial "
"522";"+";"+";"-";"-";"-";"<E>";"être";"en";"<E>";"rangs";"serrés";"+";"-";"-";"§être§en rangs serrés "
"523";"-";"+";"-";"-";"-";"<E>";"être";"en";"<E>";"redressement";"judiciaire";"-";"-";"-";"§être§en redressement judiciaire "
"524";"-";"+";"-";"-";"-";"<E>";"être";"en";"<E>";"régime";"accéléré";"-";"-";"-";"§être§en régime accéléré "
"525";"+";"+";"-";"-";"-";"<E>";"être";"sous";"un";"régime";"Adj";"-";"-";"-";"§être§sous un régime Adj "
"526";"+";"+";"-";"-";"-";"<E>";"être";"en";"<E>";"régime";"Adj-politique";"-";"-";"-";"§être§en régime Adj-politique "
"527";"-";"+";"-";"-";"-";"<E>";"être";"en";"<E>";"régime";"Adj-vitesse";"-";"-";"-";"§être§en régime Adj-vitesse "
"528";"+";"+";"-";"-";"-";"<E>";"être";"en";"<E>";"régime";"communiste";"-";"-";"-";"§être§en régime communiste "
"529";"+";"+";"-";"-";"-";"<E>";"être";"sous";"un";"régime";"démocratique";"-";"-";"-";"§être§sous un régime démocratique "
"530";"+";"+";"-";"-";"-";"<E>";"être";"sous";"un";"régime";"dictatorial";"-";"-";"-";"§être§sous un régime dictatorial "
"531";"+";"-";"-";"-";"-";"<E>";"être";"à";"le";"régime";"jockey";"-";"-";"-";"§être§au régime jockey "
"532";"-";"+";"-";"-";"-";"<E>";"être";"en";"<E>";"régime";"lent";"-";"-";"-";"§être§en régime lent "
"533";"-";"+";"-";"-";"-";"<E>";"être";"en";"<E>";"régime";"permanent";"-";"-";"-";"§être§en régime permanent "
"534";"+";"-";"-";"-";"-";"<E>";"être";"à";"le";"régime";"sec";"-";"-";"-";"§être§au régime sec "
"535";"+";"+";"-";"-";"-";"<E>";"être";"dans";"une";"région";"agricole";"-";"-";"+";"§être§dans une région agricole "
"536";"+";"+";"-";"-";"-";"<E>";"être";"en";"<E>";"région";"agricole";"-";"-";"+";"§être§en région agricole "
"537";"+";"+";"-";"-";"-";"<E>";"être";"en";"pleine";"région";"agricole";"-";"-";"+";"§être§en pleine région agricole "
"538";"-";"+";"-";"-";"-";"<E>";"être";"en";"<E>";"règlement";"judiciaire";"-";"-";"-";"§être§en règlement judiciaire "
"539";"+";"+";"-";"-";"-";"<E>";"être";"en";"<E>";"remue-";"ménage";"-";"-";"-";"§être§en remue-ménage "
"540";"+";"-";"-";"-";"-";"<E>";"être";"à";"un";"rendez-";"vous";"-";"-";"+";"§être§à un rendez-vous "
"541";"-";"+";"-";"-";"-";"<E>";"être";"à";"le";"rendez-";"vous";"-";"-";"-";"§être§au rendez-vous "
"542";"+";"-";"-";"-";"-";"<E>";"être";"en";"<E>";"rendez-";"vous";"-";"-";"+";"§être§en rendez-vous "
"543";"+";"-";"-";"-";"-";"<E>";"être";"à";"le";"repos";"forcé";"-";"-";"-";"§être§au repos forcé "
"544";"+";"-";"-";"-";"-";"<E>";"être";"en";"<E>";"repos";"forcé";"-";"-";"-";"§être§en repos forcé "
"545";"+";"-";"-";"-";"-";"<E>";"être";"en";"<E>";"respiration";"artificielle";"-";"-";"-";"§être§en respiration artificielle "
"546";"+";"-";"-";"-";"-";"<E>";"être";"en";"<E>";"retraite";"anticipée";"+";"-";"-";"§être§en retraite anticipée "
"547";"+";"-";"-";"-";"-";"<E>";"être";"à";"une";"réunion";"électorale";"-";"-";"+";"§être§à une réunion électorale "
"548";"+";"-";"-";"-";"-";"<E>";"être";"en";"<E>";"réunion";"plénière";"-";"-";"+";"§être§en réunion plénière "
"549";"+";"-";"-";"-";"-";"<E>";"être";"en";"<E>";"robe";"longue";"-";"-";"-";"§être§en robe longue "
"550";"+";"-";"-";"-";"-";"<E>";"être";"en";"<E>";"roue";"libre";"-";"-";"-";"§être§en roue libre "
"551";"-";"+";"-";"-";"-";"<E>";"être";"en";"<E>";"roue";"libre";"-";"-";"-";"§être§en roue libre "
"552";"-";"+";"+";"-";"-";"<E>";"être";"à";"se";"rouler";"par terre";"-";"-";"-";"§être§à se rouler par terre "
"553";"+";"-";"-";"-";"-";"<E>";"être";"de";"<E>";"santé";"fragile";"-";"-";"-";"§être§de santé fragile "
"554";"+";"-";"-";"-";"-";"<E>";"être";"de";"<E>";"santé";"robuste";"-";"-";"-";"§être§de santé robuste "
"555";"-";"+";"-";"-";"-";"<E>";"être";"à";"la";"sauce";"Adj-pays";"-";"-";"-";"§être§à la sauce Adj-pays "
"556";"-";"+";"-";"-";"-";"<E>";"être";"à";"la";"sauce";"américaine";"-";"-";"-";"§être§à la sauce américaine "
"557";"-";"+";"-";"-";"-";"<E>";"être";"à";"la";"sauce";"anglaise";"-";"-";"-";"§être§à la sauce anglaise "
"558";"-";"+";"-";"-";"-";"<E>";"être";"à";"la";"sauce";"armoricaine";"-";"-";"-";"§être§à la sauce armoricaine "
"559";"-";"+";"-";"-";"-";"<E>";"être";"à";"la";"sauce";"béchamel";"-";"-";"-";"§être§à la sauce béchamel "
"560";"-";"+";"-";"-";"-";"<E>";"être";"à";"la";"sauce";"gribiche";"-";"-";"-";"§être§à la sauce gribiche "
"561";"-";"+";"-";"-";"-";"<E>";"être";"à";"la";"sauce";"mayonnaise";"-";"-";"-";"§être§à la sauce mayonnaise "
"562";"-";"+";"-";"-";"-";"<E>";"être";"à";"la";"sauce";"Modif";"-";"-";"-";"§être§à la sauce Modif "
"563";"-";"+";"-";"-";"-";"<E>";"être";"à";"la";"sauce";"Mornay";"-";"-";"-";"§être§à la sauce Mornay "
"564";"-";"+";"-";"-";"-";"<E>";"être";"à";"la";"sauce";"mousseline";"-";"-";"-";"§être§à la sauce mousseline "
"565";"-";"+";"-";"-";"-";"<E>";"être";"à";"la";"sauce";"moutarde";"-";"-";"-";"§être§à la sauce moutarde "
"566";"-";"+";"-";"-";"-";"<E>";"être";"à";"la";"sauce";"ravigote";"-";"-";"-";"§être§à la sauce ravigote "
"567";"-";"+";"-";"-";"-";"<E>";"être";"à";"la";"sauce";"verte";"-";"-";"-";"§être§à la sauce verte "
"568";"-";"+";"-";"-";"-";"<E>";"être";"à";"la";"sauce";"vinaigrette";"-";"-";"-";"§être§à la sauce vinaigrette "
"569";"+";"-";"-";"-";"-";"<E>";"être";"en";"<E>";"séance";"plénière";"-";"-";"+";"§être§en séance plénière "
"570";"-";"+";"+";"-";"-";"<E>";"être";"dans";"le";"secret";"le plus absolu";"+";"-";"-";"§être§dans le secret le plus absolu "
"571";"-";"+";"+";"-";"-";"<E>";"être";"dans";"le";"secret";"le plus complet";"+";"-";"-";"§être§dans le secret le plus complet "
"572";"-";"+";"+";"-";"-";"<E>";"être";"dans";"le";"secret";"le plus total";"+";"-";"-";"§être§dans le secret le plus total "
"573";"+";"+";"-";"-";"-";"<E>";"être";"dans";"le";"secteur";"privé";"-";"-";"+";"§être§dans le secteur privé "
"574";"+";"+";"-";"-";"-";"<E>";"être";"dans";"le";"secteur";"public";"-";"-";"+";"§être§dans le secteur public "
"575";"-";"+";"-";"-";"-";"<E>";"être";"sous";"<E>";"seing";"privé";"-";"-";"-";"§être§sous seing privé "
"576";"-";"+";"-";"-";"-";"<E>";"être";"à";"le";"sens";"figuré";"-";"-";"-";"§être§au sens figuré "
"577";"-";"+";"-";"-";"-";"<E>";"être";"à";"<E>";"sens";"giratoire";"-";"-";"-";"§être§à sens giratoire "
"578";"+";"+";"-";"-";"-";"<E>";"être";"dans";"un";"sens";"interdit";"-";"-";"+";"§être§dans un sens interdit "
"579";"-";"+";"-";"-";"-";"<E>";"être";"en";"<E>";"sens";"interdit";"-";"-";"-";"§être§en sens interdit "
"580";"-";"+";"-";"-";"-";"<E>";"être";"à";"le";"sens";"propre";"-";"-";"-";"§être§au sens propre "
"581";"-";"+";"+";"-";"-";"<E>";"être";"à";"<E>";"sens";"unique";"-";"-";"-";"§être§à sens unique "
"582";"-";"+";"-";"-";"-";"<E>";"être";"à";"<E>";"sens";"unique";"-";"-";"-";"§être§à sens unique "
"583";"-";"+";"-";"-";"-";"<E>";"être";"en";"<E>";"sens";"unique";"-";"-";"-";"§être§en sens unique "
"584";"+";"-";"-";"-";"-";"<E>";"être";"en";"<E>";"service";"commandé";"-";"-";"+";"§être§en service commandé "
"585";"+";"-";"-";"-";"-";"<E>";"être";"à";"le";"service";"militaire";"-";"-";"+";"§être§au service militaire "
"586";"-";"+";"-";"-";"-";"<E>";"être";"en";"<E>";"session";"extraordinaire";"-";"-";"-";"§être§en session extraordinaire "
"587";"+";"+";"-";"-";"-";"<E>";"être";"en";"pleine";"session";"parlementaire";"-";"-";"-";"§être§en pleine session parlementaire "
"588";"+";"-";"-";"-";"-";"<E>";"être";"de";"<E>";"sexe";"féminin";"-";"-";"-";"§être§de sexe féminin "
"589";"+";"-";"-";"-";"-";"<E>";"être";"de";"<E>";"sexe";"indéterminé";"-";"-";"-";"§être§de sexe indéterminé "
"590";"+";"-";"-";"-";"-";"<E>";"être";"de";"<E>";"sexe";"masculin";"-";"-";"-";"§être§de sexe masculin "
"591";"+";"-";"-";"-";"-";"<E>";"être";"en";"<E>";"side-";"car";"-";"-";"-";"§être§en side-car "
"592";"-";"+";"+";"-";"-";"<E>";"être";"de";"une";"simplicité";"extrême";"-";"-";"-";"§être§d'une simplicité extrême "
"593";"+";"+";"-";"-";"-";"<E>";"être";"dans";"une";"situation";"critique";"-";"-";"-";"§être§dans une situation critique "
"594";"+";"-";"-";"-";"-";"<E>";"être";"dans";"une";"situation";"financière difficile";"-";"-";"-";"§être§dans une situation financière difficile "
"595";"+";"-";"-";"-";"-";"<E>";"être";"en";"<E>";"situation";"financière difficile";"-";"-";"-";"§être§en situation financière difficile "
"596";"+";"-";"-";"-";"-";"<E>";"être";"dans";"une";"situation";"intéressante";"-";"-";"-";"§être§dans une situation intéressante "
"597";"+";"-";"-";"-";"-";"<E>";"être";"en";"<E>";"situation";"irrégulière";"-";"-";"-";"§être§en situation irrégulière "
"598";"+";"-";"-";"-";"-";"<E>";"être";"en";"<E>";"situation";"régulière";"-";"-";"-";"§être§en situation régulière "
"599";"+";"-";"-";"-";"-";"<E>";"être";"en";"<E>";"société";"anonyme";"-";"-";"-";"§être§en société anonyme "
"600";"+";"-";"-";"-";"-";"<E>";"être";"à";"une";"soirée";"dansante";"-";"-";"+";"§être§à une soirée dansante "
"601";"-";"+";"-";"-";"-";"<E>";"être";"à";"un";"stade";"avancé";"-";"-";"-";"§être§à un stade avancé "
"602";"+";"-";"-";"-";"-";"<E>";"être";"à";"le";"stade";"terminal";"-";"-";"-";"§être§au stade terminal "
"603";"-";"+";"-";"-";"-";"<E>";"être";"à";"le";"stade";"terminal";"-";"-";"-";"§être§au stade terminal "
"604";"+";"+";"-";"-";"-";"<E>";"être";"dans";"les";"startings";"blocks";"-";"-";"+";"§être§dans les startings blocks "
"605";"+";"+";"-";"-";"-";"<E>";"être";"sur";"les";"startings";"blocks";"-";"-";"+";"§être§sur les startings blocks "
"606";"-";"+";"-";"-";"-";"<E>";"être";"à";"<E>";"stationnement";"alterné";"-";"-";"-";"§être§à stationnement alterné "
"607";"+";"+";"-";"-";"-";"<E>";"être";"en";"<E>";"stationnement";"alterné";"-";"-";"-";"§être§en stationnement alterné "
"608";"-";"+";"-";"-";"-";"<E>";"être";"à";"<E>";"stationnement";"autorisé";"-";"-";"-";"§être§à stationnement autorisé "
"609";"+";"+";"-";"-";"-";"<E>";"être";"dans";"un";"stationnement";"autorisé";"-";"-";"+";"§être§dans un stationnement autorisé "
"610";"+";"+";"-";"-";"-";"<E>";"être";"en";"<E>";"stationnement";"autorisé";"-";"-";"-";"§être§en stationnement autorisé "
"611";"-";"+";"-";"-";"-";"<E>";"être";"à";"<E>";"stationnement";"interdit";"-";"-";"-";"§être§à stationnement interdit "
"612";"+";"+";"-";"-";"-";"<E>";"être";"dans";"un";"stationnement";"interdit";"-";"-";"+";"§être§dans un stationnement interdit "
"613";"+";"+";"-";"-";"-";"<E>";"être";"en";"<E>";"stationnement";"interdit";"-";"-";"-";"§être§en stationnement interdit "
"614";"-";"+";"-";"-";"-";"<E>";"être";"à";"<E>";"stationnement";"payant";"-";"-";"-";"§être§à stationnement payant "
"615";"+";"+";"-";"-";"-";"<E>";"être";"en";"<E>";"stationnement";"payant";"-";"-";"-";"§être§en stationnement payant "
"616";"-";"+";"-";"-";"-";"<E>";"être";"à";"<E>";"stationnement";"unilatéral";"-";"-";"-";"§être§à stationnement unilatéral "
"617";"+";"+";"-";"-";"-";"<E>";"être";"en";"<E>";"stationnement";"unilatéral";"-";"-";"-";"§être§en stationnement unilatéral "
"618";"-";"+";"-";"-";"-";"<E>";"être";"sur";"<E>";"support";"informatique";"-";"-";"-";"§être§sur support informatique "
"619";"-";"+";"-";"-";"-";"<E>";"être";"sur";"<E>";"support";"magnétique";"-";"-";"-";"§être§sur support magnétique "
"620";"-";"+";"-";"-";"-";"<E>";"être";"sur";"<E>";"support";"optique";"-";"-";"-";"§être§sur support optique "
"621";"-";"+";"-";"-";"-";"<E>";"être";"sur";"<E>";"support";"papier";"-";"-";"-";"§être§sur support papier "
"622";"+";"-";"-";"-";"-";"<E>";"être";"en";"<E>";"surprise-";"partie";"-";"-";"+";"§être§en surprise-partie "
"623";"+";"-";"-";"-";"-";"<E>";"être";"en";"<E>";"surprise-";"party";"-";"-";"+";"§être§en surprise-party "
"624";"+";"+";"-";"-";"-";"<E>";"être";"sous";"<E>";"surveillance";"médicale";"-";"-";"-";"§être§sous surveillance médicale "
"625";"+";"-";"-";"-";"-";"<E>";"être";"en";"<E>";"T-";"shirt";"-";"-";"-";"§être§en T-shirt "
"626";"+";"-";"-";"-";"-";"<E>";"être";"à";"une";"table";"ronde";"-";"-";"+";"§être§à une table ronde "
"627";"-";"+";"-";"-";"-";"<E>";"être";"à";"la";"taille";"autorisée";"-";"-";"-";"§être§à la taille autorisée "
"628";"-";"+";"-";"-";"-";"<E>";"être";"à";"la";"taille";"légale";"-";"-";"-";"§être§à la taille légale "
"629";"+";"-";"-";"-";"-";"<E>";"être";"en";"<E>";"tee-";"shirt";"-";"-";"-";"§être§en tee-shirt "
"630";"-";"+";"-";"-";"-";"<E>";"être";"en";"<E>";"temps";"partagé";"-";"-";"-";"§être§en temps partagé "
"631";"+";"-";"-";"-";"-";"<E>";"être";"à";"<E>";"temps";"plein";"-";"-";"-";"§être§à temps plein "
"632";"-";"+";"-";"-";"-";"<E>";"être";"en";"<E>";"temps";"réel";"-";"-";"-";"§être§en temps réel "
"633";"-";"+";"-";"-";"-";"<E>";"être";"en";"<E>";"temps";"universel";"-";"-";"-";"§être§en temps universel "
"634";"-";"+";"-";"-";"-";"<E>";"être";"à";"<E>";"tendance";"Adj";"-";"-";"-";"§être§à tendance Adj "
"635";"-";"+";"-";"-";"-";"<E>";"être";"à";"<E>";"tendance";"internationale";"-";"-";"-";"§être§à tendance internationale "
"636";"-";"+";"-";"-";"-";"<E>";"être";"à";"<E>";"tendances";"Adj";"-";"-";"-";"§être§à tendances Adj "
"637";"-";"+";"-";"-";"-";"<E>";"être";"à";"<E>";"tendances";"internationales";"-";"-";"-";"§être§à tendances internationales "
"638";"-";"+";"+";"-";"-";"<E>";"être";"à";"se";"tenir";"les côtes";"-";"-";"-";"§être§à se tenir les côtes "
"639";"+";"-";"-";"-";"-";"<E>";"être";"en";"<E>";"tenue";"estivale";"-";"-";"-";"§être§en tenue estivale "
"640";"+";"-";"-";"-";"-";"<E>";"être";"en";"<E>";"tenue";"légère";"-";"-";"-";"§être§en tenue légère "
"641";"+";"-";"-";"-";"-";"<E>";"être";"en";"<E>";"terminale";"C";"-";"-";"+";"§être§en terminale C "
"642";"+";"-";"-";"-";"-";"<E>";"être";"en";"<E>";"terminale";"Code";"-";"-";"+";"§être§en terminale Code "
"643";"+";"-";"-";"-";"-";"<E>";"être";"en";"<E>";"terrain";"conquis";"-";"-";"+";"§être§en terrain conquis "
"644";"+";"-";"-";"-";"-";"<E>";"être";"en";"<E>";"terrain";"dangereux";"-";"-";"+";"§être§en terrain dangereux "
"645";"+";"-";"-";"-";"-";"<E>";"être";"sur";"un";"terrain";"dangereux";"-";"-";"-";"§être§sur un terrain dangereux "
"646";"+";"+";"-";"-";"-";"<E>";"être";"en";"<E>";"terrain";"découvert";"-";"-";"+";"§être§en terrain découvert "
"647";"+";"-";"-";"-";"-";"<E>";"être";"sur";"un";"terrain";"glissant";"-";"-";"-";"§être§sur un terrain glissant "
"648";"+";"+";"-";"-";"-";"<E>";"être";"sur";"la";"terre";"ferme";"-";"-";"+";"§être§sur la terre ferme "
"649";"+";"+";"-";"-";"-";"<E>";"être";"en";"<E>";"territoire";"occupé";"-";"-";"+";"§être§en territoire occupé "
"650";"+";"-";"-";"-";"-";"<E>";"être";"à";"un";"thé";"dansant";"-";"-";"+";"§être§à un thé dansant "
"651";"+";"+";"-";"-";"-";"<E>";"être";"à";"le";"théâtre";"municipal";"+";"-";"-";"§être§au théâtre municipal "
"652";"+";"+";"-";"-";"-";"<E>";"être";"dans";"la";"tradition";"laïque";"+";"-";"-";"§être§dans la tradition laïque "
"653";"+";"+";"-";"-";"-";"<E>";"être";"dans";"la";"tradition";"républicaine";"+";"-";"-";"§être§dans la tradition républicaine "
"654";"+";"-";"-";"-";"-";"<E>";"être";"sous";"<E>";"traitement";"médical";"-";"-";"-";"§être§sous traitement médical "
"655";"+";"+";"-";"-";"-";"<E>";"être";"à";"le";"tribunal";"correctionnel";"-";"-";"-";"§être§au tribunal correctionnel "
"656";"-";"+";"-";"-";"-";"<E>";"être";"en";"<E>";"trompe-";"l'oeil";"-";"-";"-";"§être§en trompe-l'oeil "
"657";"+";"-";"-";"-";"+";"n'";"être pas";"de";"le";"type";"à se laisser faire";"-";"-";"-";"§n'est pas§du type à se laisser fait "
"658";"-";"+";"-";"-";"-";"<E>";"être";"à";"<E>";"usage";"Adj";"-";"-";"-";"§être§à usage Adj "
"659";"-";"+";"-";"-";"-";"<E>";"être";"de";"<E>";"usage";"Adj";"-";"-";"-";"§être§d'usage Adj "
"660";"-";"+";"-";"-";"-";"<E>";"être";"de";"un";"usage";"Adj";"-";"-";"-";"§être§d'un usage Adj "
"661";"-";"+";"-";"-";"-";"<E>";"être";"en";"<E>";"usage";"Adj";"-";"-";"-";"§être§en usage Adj "
"662";"-";"+";"-";"-";"-";"<E>";"être";"à";"<E>";"usage";"commercial";"-";"-";"-";"§être§à usage commercial "
"663";"-";"+";"-";"-";"-";"<E>";"être";"de";"<E>";"usage";"courant";"-";"-";"-";"§être§d'usage courant "
"664";"-";"+";"-";"-";"-";"<E>";"être";"de";"un";"usage";"courant";"-";"-";"-";"§être§d'un usage courant "
"665";"-";"+";"-";"-";"-";"<E>";"être";"en";"<E>";"usage";"courant";"-";"-";"-";"§être§en usage courant "
"666";"-";"+";"-";"-";"-";"<E>";"être";"à";"<E>";"usage";"externe";"-";"-";"-";"§être§à usage externe "
"667";"-";"+";"-";"-";"-";"<E>";"être";"à";"<E>";"usage";"industriel";"-";"-";"-";"§être§à usage industriel "
"668";"-";"+";"-";"-";"-";"<E>";"être";"à";"<E>";"usage";"interne";"-";"-";"-";"§être§à usage interne "
"669";"-";"+";"-";"-";"-";"<E>";"être";"à";"<E>";"usage";"médical";"-";"-";"-";"§être§à usage médical "
"670";"-";"+";"-";"-";"-";"<E>";"être";"pour";"Poss0";"usage";"personnel";"-";"-";"-";"§être§pour son usage personnel "
"671";"-";"+";"-";"-";"-";"<E>";"être";"à";"<E>";"usages";"multiples";"-";"-";"-";"§être§à usages multiples "
"672";"-";"+";"-";"-";"-";"<E>";"être";"à";"<E>";"usages";"variés";"-";"-";"-";"§être§à usages variés "
"673";"-";"+";"-";"-";"-";"<E>";"être";"de";"<E>";"utilité";"publique";"-";"-";"-";"§être§d'utilité publique "
"674";"+";"-";"-";"-";"-";"<E>";"être";"en";"<E>";"vedette";"américaine";"-";"-";"-";"§être§en vedette américaine "
"675";"-";"+";"-";"-";"-";"<E>";"être";"en";"<E>";"vente";"libre";"-";"-";"-";"§être§en vente libre "
"676";"-";"+";"-";"-";"-";"<E>";"être";"en";"<E>";"vidéo";"inversée";"-";"-";"-";"§être§en vidéo inversée "
"677";"+";"-";"-";"-";"+";"n'";"être";"à";"une";"vie humaine";"près";"-";"-";"-";"§n'est§à une vie humaine près "
"678";"+";"-";"-";"+";"+";"n'en";"être";"à";"une";"vie humaine";"près";"-";"-";"-";"§n'en est§à une vie humaine près "
"679";"+";"-";"-";"-";"-";"<E>";"être";"à";"<E>";"visage";"découvert";"-";"-";"-";"§être§à visage découvert "
"680";"-";"+";"-";"-";"-";"<E>";"être";"à";"<E>";"visage";"humain";"-";"-";"-";"§être§à visage humain "
"681";"-";"+";"-";"-";"-";"<E>";"être";"à";"<E>";"visée";"Adj";"-";"-";"-";"§être§à visée Adj "
"682";"-";"+";"-";"-";"-";"<E>";"être";"à";"<E>";"visée";"internationale";"-";"-";"-";"§être§à visée internationale "
"683";"-";"+";"-";"-";"-";"<E>";"être";"à";"<E>";"visées";"Adj";"-";"-";"-";"§être§à visées Adj "
"684";"-";"+";"-";"-";"-";"<E>";"être";"à";"<E>";"visées";"internationales";"-";"-";"-";"§être§à visées internationales "
"685";"-";"+";"-";"-";"-";"<E>";"être";"à";"<E>";"vocation";"Adj";"-";"-";"-";"§être§à vocation Adj "
"686";"-";"+";"-";"-";"-";"<E>";"être";"à";"<E>";"vocation";"financière";"-";"-";"-";"§être§à vocation financière "
"687";"-";"+";"-";"-";"-";"<E>";"être";"à";"<E>";"vocation";"internationale";"-";"-";"-";"§être§à vocation internationale "
"688";"-";"+";"-";"-";"-";"<E>";"être";"à";"<E>";"vocation";"scolaire";"-";"-";"-";"§être§à vocation scolaire "
"689";"+";"+";"-";"-";"-";"<E>";"être";"sur";"la";"voie";"publique";"-";"-";"+";"§être§sur la voie publique "
"690";"-";"+";"-";"-";"-";"<E>";"être";"à";"<E>";"voie";"unique";"-";"-";"-";"§être§à voie unique "
"691";"-";"+";"-";"-";"-";"<E>";"être";"en";"<E>";"vol";"plané";"-";"-";"-";"§être§en vol plané "
"692";"-";"+";"-";"-";"-";"<E>";"être";"en";"<E>";"vol";"suborbital";"-";"-";"-";"§être§en vol suborbital "
"693";"-";"+";"-";"-";"-";"<E>";"être";"sous";"un";"volume";"Adj";"-";"-";"-";"§être§sous un volume Adj "
"694";"-";"+";"-";"-";"-";"<E>";"être";"sous";"un";"volume";"compact";"-";"-";"-";"§être§sous un volume compact "
"695";"-";"+";"-";"-";"-";"<E>";"être";"sous";"un";"volume";"ramassé";"-";"-";"-";"§être§sous un volume ramassé "
"696";"-";"+";"-";"-";"-";"<E>";"être";"avec";"<E>";"vue";"imprenable";"-";"-";"+";"§être§avec vue imprenable "
"697";"+";"-";"-";"-";"-";"<E>";"être";"en";"<E>";"week-";"end";"-";"-";"+";"§être§en week-end "
"698";"+";"+";"-";"-";"-";"<E>";"être";"en";"<E>";"zone";"franche";"-";"-";"+";"§être§en zone franche "
"699";"+";"+";"-";"-";"-";"<E>";"être";"en";"<E>";"zone";"fumeurs";"-";"-";"+";"§être§en zone fumeurs "
"700";"+";"+";"-";"-";"-";"<E>";"être";"en";"<E>";"zone";"interdite";"-";"-";"+";"§être§en zone interdite "
"701";"+";"+";"-";"-";"-";"<E>";"être";"en";"<E>";"zone";"libre";"-";"-";"+";"§être§en zone libre "
"702";"+";"+";"-";"-";"-";"<E>";"être";"en";"<E>";"zone";"non-fumeurs";"-";"-";"+";"§être§en zone non-fumeurs "
"703";"+";"+";"-";"-";"-";"<E>";"être";"en";"<E>";"zone";"occupée";"-";"-";"+";"§être§en zone occupée "
"704";"+";"+";"-";"-";"-";"<E>";"être";"en";"<E>";"zone";"piétonne";"-";"-";"+";"§être§en zone piétonne "
"705";"+";"+";"-";"-";"-";"<E>";"être";"en";"<E>";"zone";"piétonnière";"-";"-";"+";"§être§en zone piétonnière "
"706";"+";"+";"-";"-";"-";"<E>";"être";"dans";"une";"zone";"sinistrée";"-";"-";"+";"§être§dans une zone sinistrée "
"707";"+";"+";"-";"-";"-";"<E>";"être";"en";"pleine";"zone";"sinistrée";"-";"-";"+";"§être§en pleine zone sinistrée "
"708";"+";"+";"-";"-";"-";"<E>";"être";"dans";"une";"zone";"urbaine";"-";"-";"+";"§être§dans une zone urbaine "
"709";"+";"+";"-";"-";"-";"<E>";"être";"en";"<E>";"zone";"urbaine";"-";"-";"+";"§être§en zone urbaine "
"710";"+";"+";"-";"-";"-";"<E>";"être";"en";"pleine";"zone";"urbaine";"-";"-";"+";"§être§en pleine zone urbaine "
