"<ID>";"N0 =: Nhum";"N0 =: N-hum";"N0 =: Qu P";"Ppv =: en figé";"Ppv =: Neg";"<ENT>Ppv";"<ENT><être>";"N0 être très Adv1 Adj1";"<ENT>Adv1";"N0 être Adj1 Adv1";"<ENT>Adj1";"Exemple"
"1";"+";"+";"+";"-";"-";"<E>";" être";"-";"moitié";"-";"  abaissant moitié intéressant";"§être§moitié abaissant moitié intéressant "
"2";"+";"+";"-";"-";"-";"<E>";" être";"-";"plus";"-";"  abaissants les UNS que les autres";"§être§plus abaissants les UNS que les autres "
"3";"-";"+";"-";"-";"-";"<E>";" être";"-";"chèrement";"+";"  acquis";"§être§chèrement acquis "
"4";"-";"+";"-";"-";"-";"<E>";" être";"+";"mal";"-";"  acquis";"§être§mal acquis "
"5";"-";"+";"-";"-";"-";"<E>";" être";"+";"bio-";"-";"  actif";"§être§bio-actif "
"6";"-";"+";"-";"-";"-";"<E>";" être";"-";"pharmacologiquement";"-";"  actif";"§être§pharmacologiquement actif "
"7";"+";"-";"-";"-";"-";"<E>";" être";"-";"sexuellement";"-";"  actif";"§être§sexuellement actif "
"8";"-";"+";"-";"-";"-";"<E>";" être";"+";"tensio-";"-";"  actif";"§être§tensio-actif "
"9";"-";"+";"-";"-";"-";"<E>";" être";"-";"auto-";"-";"  adaptatif";"§être§auto-adaptatif "
"10";"-";"+";"-";"-";"-";"<E>";" être";"-";"sous-";"-";"  adapté";"§être§sous-adapté "
"11";"+";"+";"-";"-";"+";"n'";" être";"-";"bien";"-";"  Adj";"§n'est§bien Adj "
"12";"+";"+";"-";"-";"+";"n'";" être que";"-";"trop";"-";"  Adj";"§n'est que§trop Adj "
"13";"+";"+";"-";"-";"+";"n'";" être pas que";"-";"un peu";"-";"  Adj";"§n'est pas que§un peu Adj "
"14";"+";"+";"-";"-";"-";"<E>";" être";"-";"plus";"-";"  Adj les UNS que les autres";"§être§plus Adj les UNS que les autres "
"15";"+";"+";"-";"-";"-";"<E>";" être";"-";"mi";"-";"  Adj mi Adj";"§être§mi Adj mi Adj "
"16";"+";"+";"-";"-";"-";"<E>";" être";"-";"moitié";"-";"  Adj moitié Adj";"§être§moitié Adj moitié Adj "
"17";"+";"+";"+";"-";"-";"<E>";" être";"-";"d'autant moins";"-";"  Adj que c'est vrai";"§être§d'autant moins Adj que c'est vrai "
"18";"+";"+";"+";"-";"-";"<E>";" être";"-";"d'autant plus";"-";"  Adj que c'est vrai";"§être§d'autant plus Adj que c'est vrai "
"19";"+";"+";"+";"-";"-";"<E>";" être";"-";"d'autant moins";"-";"  Adj que P";"§être§d'autant moins Adj que P "
"20";"+";"+";"+";"-";"-";"<E>";" être";"-";"d'autant plus";"-";"  Adj que P";"§être§d'autant plus Adj que P "
"21";"+";"+";"-";"-";"+";"n'";" être pas";"-";"si";"-";"  Adj que Psubj";"§n'est pas§si Adj que Psubj "
"22";"+";"+";"-";"-";"+";"n'";" être pas";"-";"si";"-";"  Adj qu'on le dire";"§n'est pas§si Adj qu'on le dire "
"23";"-";"+";"-";"-";"-";"<E>";" être";"-";"sous-";"-";"  administré";"§être§sous-administré "
"24";"+";"+";"-";"-";"-";"<E>";" être";"-";"centre-";"-";"  africain";"§être§centre-africain "
"25";"+";"+";"-";"-";"-";"<E>";" être";"-";"est-";"+";"  africain";"§être§être-africain "
"26";"+";"+";"-";"-";"-";"<E>";" être";"-";"est-";"-";"  africain";"§être§être-africain "
"27";"+";"+";"-";"-";"-";"<E>";" être";"-";"nord-";"+";"  africain";"§être§nord-africain "
"28";"+";"+";"-";"-";"-";"<E>";" être";"-";"ouest-";"+";"  africain";"§être§ouest-africain "
"29";"+";"+";"-";"-";"-";"<E>";" être";"-";"ouest-";"-";"  africain";"§être§ouest-africain "
"30";"+";"+";"+";"-";"-";"<E>";" être";"+";"pan-";"-";"  africain";"§être§pan-africain "
"31";"+";"+";"-";"-";"-";"<E>";" être";"-";"sud-";"+";"  africain";"§être§sud-africain "
"32";"+";"+";"-";"-";"-";"<E>";" être";"-";"post-";"-";"  agrarien";"§être§post-agrarien "
"33";"+";"+";"-";"-";"-";"<E>";" être";"-";"pré-";"-";"  agrarien";"§être§pré-agrarien "
"34";"+";"+";"-";"-";"+";"n'";" être";"-";"nulle part";"-";"  ailleurs";"§n'est§nulle part ailleurs "
"35";"+";"+";"-";"-";"-";"<E>";" être";"-";"partout";"-";"  ailleurs";"§être§partout ailleurs "
"36";"+";"+";"+";"-";"-";"<E>";" être";"-";"trop";"-";"  aimable";"§être§trop aimable "
"37";"+";"+";"+";"-";"-";"<E>";" être";"-";"assez";"-";"  aimable pour faire N";"§être§assez aimable pour fait N "
"38";"+";"+";"+";"-";"-";"<E>";" être";"-";"assez";"-";"  aimable pour V-0-inf W";"§être§assez aimable pour V-0-inf W "
"39";"+";"-";"-";"-";"-";"<E>";" être";"+";"mal";"-";"  aimé";"§être§mal aimé "
"40";"+";"-";"-";"-";"-";"<E>";" être";"-";"bien";"-";"  aise de N";"§être§bien aise de N "
"41";"+";"-";"-";"-";"-";"<E>";" être";"-";"fort";"-";"  aise de N";"§être§fort aise de N "
"42";"-";"+";"-";"-";"-";"<E>";" être";"-";"pseudo-";"-";"  aléatoire";"§être§pseudo-aléatoire "
"43";"-";"+";"-";"-";"-";"<E>";" être";"-";"non";"-";"  aligné";"§être§non aligné "
"44";"+";"+";"-";"-";"-";"<E>";" être";"-";"est-";"-";"  allemand";"§être§être-allemand "
"45";"+";"+";"-";"-";"-";"<E>";" être";"-";"ouest-";"-";"  allemand";"§être§ouest-allemand "
"46";"+";"+";"+";"-";"-";"<E>";" être";"+";"pan-";"-";"  allemand";"§être§pan-allemand "
"47";"-";"+";"-";"-";"-";"<E>";" être";"-";"apico-";"-";"  alvéolaire";"§être§apico-alvéolaire "
"48";"-";"+";"-";"-";"-";"<E>";" être";"-";"bien";"-";"  amené";"§être§bien amené "
"49";"+";"+";"-";"-";"-";"<E>";" être";"-";"afro-";"-";"  américain";"§être§afro-américain "
"50";"+";"+";"+";"-";"-";"<E>";" être";"+";"anti-";"-";"  américain";"§être§anti-américain "
"51";"+";"+";"-";"-";"-";"<E>";" être";"-";"nord-";"+";"  américain";"§être§nord-américain "
"52";"+";"+";"+";"-";"-";"<E>";" être";"+";"pan-";"-";"  américain";"§être§pan-américain "
"53";"+";"+";"+";"-";"-";"<E>";" être";"+";"pro-";"-";"  américain";"§être§pro-américain "
"54";"+";"+";"-";"-";"-";"<E>";" être";"-";"sud-";"+";"  américain";"§être§sud-américain "
"55";"+";"-";"-";"-";"-";"<E>";" être";"-";"éperdument";"-";"  amoureux de Nhum";"§être§éperdument amoureux de Nhum "
"56";"+";"-";"-";"-";"-";"<E>";" être";"-";"follement";"-";"  amoureux de Nhum";"§être§follement amoureux de Nhum "
"57";"-";"+";"-";"-";"-";"<E>";" être";"-";"optiquement";"+";"  anisotrope";"§être§optiquement anisotrope "
"58";"-";"+";"-";"-";"-";"<E>";" être";"-";"sous-";"-";"  aponévrotique";"§être§sous-aponévrotique "
"59";"-";"+";"-";"-";"-";"<E>";" être";"-";"sub-";"-";"  aquatique";"§être§sub-aquatique "
"60";"-";"+";"-";"-";"-";"<E>";" être";"-";"sous-";"-";"  arachnoïdien";"§être§sous-arachnoïdien "
"61";"-";"+";"-";"-";"-";"<E>";" être";"-";"sus-";"-";"  arachnoïdien";"§être§sus-arachnoïdien "
"62";"-";"+";"-";"-";"-";"<E>";" être";"-";"intra-";"-";"  artériel";"§être§intra-artériel "
"63";"-";"+";"-";"-";"-";"<E>";" être";"-";"intra-";"-";"  articulaire";"§être§intra-articulaire "
"64";"+";"+";"-";"-";"-";"<E>";" être";"-";"afro-";"-";"  asiatique";"§être§afro-asiatique "
"65";"-";"+";"-";"-";"-";"<E>";" être";"-";"sous-";"-";"  astragalien";"§être§sous-astragalien "
"66";"-";"+";"-";"-";"-";"<E>";" être";"-";"extra-";"-";"  atmosphérique";"§être§extra-atmosphérique "
"67";"-";"+";"-";"-";"-";"<E>";" être";"-";"intra-";"-";"  atomique";"§être§intra-atomique "
"68";"+";"-";"-";"-";"-";"<E>";" être";"-";"gravement";"+";"  atteint";"§être§gravement atteint "
"69";"+";"-";"-";"-";"-";"<E>";" être";"-";"sérieusement";"+";"  atteint";"§être§sérieusement atteint "
"70";"-";"+";"-";"-";"-";"<E>";" être";"-";"semi-";"-";"  automatique";"§être§semi-automatique "
"71";"-";"+";"-";"-";"-";"<E>";" être";"-";"bien";"-";"  avancé";"§être§bien avancé "
"72";"+";"-";"-";"-";"+";"n'";" être";"-";"guère";"-";"  avancé";"§n'est§guère avancé "
"73";"+";"-";"-";"-";"+";"n'";" être pas";"-";"très";"-";"  avancé";"§n'est pas§très avancé "
"74";"+";"-";"-";"-";"-";"<E>";" être";"+";"bien";"-";"  avisé de ce que P";"§être§bien avisé de ce que P "
"75";"+";"-";"-";"-";"-";"<E>";" être";"+";"mal";"-";"  avisé de ce que P";"§être§mal avisé de ce que P "
"76";"+";"-";"-";"-";"-";"<E>";" être";"+";"mal";"-";"  baisée";"§être§mal baisée "
"77";"+";"-";"-";"-";"-";"<E>";" être";"+";"mal";"-";"  balancé";"§être§mal balancé "
"78";"+";"-";"-";"-";"-";"<E>";" être";"+";"mal";"-";"  barré";"§être§mal barré "
"79";"+";"-";"-";"-";"-";"<E>";" être";"-";"bien";"-";"  bas";"§être§bien bas "
"80";"+";"-";"-";"-";"-";"<E>";" être";"-";"fort";"-";"  bas";"§être§fort bas "
"81";"+";"-";"-";"-";"-";"<E>";" être";"-";"très";"-";"  bas";"§être§très bas "
"82";"-";"+";"-";"-";"-";"<E>";" être";"-";"acido";"-";"  basique";"§être§acido basique "
"83";"+";"-";"-";"-";"-";"<E>";" être";"+";"bien";"-";"  bâti";"§être§bien bâti "
"84";"-";"+";"+";"-";"-";"<E>";" être";"-";"trop";"-";"  beau";"§être§trop beau "
"85";"-";"+";"+";"-";"-";"<E>";" être";"-";"trop";"-";"  beau pour être vrai";"§être§trop beau pour est vrai "
"86";"+";"+";"+";"-";"-";"<E>";" être";"-";"tout";"-";"  beau tout nouveau";"§être§tout beau tout nouveau "
"87";"+";"+";"-";"-";"+";"n'";" être pas";"-";"si";"-";"  bête";"§n'est pas§si bête "
"88";"-";"+";"+";"-";"+";"n'";" être pas";"-";"plus";"-";"  bête que ça";"§n'est pas§plus bête que ça "
"89";"-";"+";"+";"-";"+";"n'";" être pas";"-";"plus";"-";"  bête que le reste";"§n'est pas§plus bête que le reste "
"90";"+";"-";"-";"-";"-";"<E>";" être";"-";"aussi";"-";"  bête que Poss-0 pieds";"§être§aussi bête que son pieds "
"91";"+";"-";"-";"-";"-";"<E>";" être";"-";"plus";"-";"  bête que Poss-0 pieds";"§être§plus bête que ses pieds "
"92";"-";"+";"+";"-";"-";"<E>";" être";"-";"aussi";"-";"  bien";"§être§aussi bien "
"93";"-";"+";"+";"-";"-";"<E>";" être";"-";"tout aussi";"-";"  bien";"§être§tout aussi bien "
"94";"+";"+";"+";"-";"-";"<E>";" être";"-";"un peu";"-";"  bien";"§être§un peu bien "
"95";"+";"-";"-";"-";"-";"<E>";" être";"-";"sérieusement";"+";"  blessé";"§être§sérieusement blessé "
"96";"+";"-";"-";"-";"-";"<E>";" être";"+";"bien";"-";"  bon";"§être§bien bon "
"97";"-";"+";"-";"-";"-";"<E>";" être";"-";"fin";"-";"  bon";"§être§fin bon "
"98";"-";"+";"-";"-";"-";"<E>";" être";"-";"fort";"+";"  bon";"§être§fort bon "
"99";"+";"-";"-";"-";"-";"<E>";" être";"+";"trop";"-";"  bon";"§être§trop bon "
"100";"-";"+";"-";"-";"-";"<E>";" être";"-";"un peu";"-";"  bon";"§être§un peu bon "
"101";"+";"-";"-";"-";"-";"<E>";" être";"+";"bien";"-";"  bon Lui-0";"§être§bien bon lui "
"102";"-";"+";"-";"-";"-";"<E>";" être";"-";"bien";"-";"  bonne";"§être§bien bonne "
"103";"-";"+";"-";"-";"-";"<E>";" être";"-";"non";"-";"  borné";"§être§non borné "
"104";"-";"+";"-";"-";"-";"<E>";" être";"-";"tire-";"-";"  bouchonné";"§être§tire-bouchonné "
"105";"+";"+";"-";"-";"-";"<E>";" être";"-";"luso-";"-";"  brésilien";"§être§luso-brésilien "
"106";"-";"+";"-";"-";"-";"<E>";" être";"-";"sous-";"-";"  calibré";"§être§sous-calibré "
"107";"+";"-";"-";"-";"-";"<E>";" être";"-";"étrangement";"-";"  calme";"§être§étrangement calme "
"108";"-";"+";"-";"-";"-";"<E>";" être";"-";"sous-";"-";"  capitalisé";"§être§sous-capitalisé "
"109";"+";"+";"+";"-";"-";"<E>";" être";"+";"anti-";"-";"  capitaliste";"§être§anti-capitaliste "
"110";"+";"+";"+";"-";"-";"<E>";" être";"+";"néo-";"-";"  capitaliste";"§être§néo-capitaliste "
"111";"+";"+";"-";"-";"-";"<E>";" être";"-";"tristement";"-";"  célèbre";"§être§tristement célèbre "
"112";"-";"+";"-";"-";"-";"<E>";" être";"-";"néo-";"-";"  celtique";"§être§néo-celtique "
"113";"-";"+";"+";"-";"-";"<E>";" être";"-";"plus que";"-";"  certain";"§être§plus que certain "
"114";"-";"+";"-";"-";"-";"<E>";" être";"-";"négativement";"+";"  chargé";"§être§négativement chargé "
"115";"-";"+";"-";"-";"-";"<E>";" être";"-";"positivement";"+";"  chargé";"§être§positivement chargé "
"116";"-";"+";"-";"-";"-";"<E>";" être";"-";"sous-";"-";"  chargé";"§être§sous-chargé "
"117";"+";"-";"-";"-";"-";"<E>";" être";"+";"bien";"-";"  charpenté";"§être§bien charpenté "
"118";"-";"+";"-";"-";"-";"<E>";" être";"-";"judéo-";"-";"  chrétien";"§être§judéo-chrétien "
"119";"-";"+";"-";"-";"-";"<E>";" être";"-";"paléo-";"-";"  chrétien";"§être§paléo-chrétien "
"120";"-";"+";"-";"-";"-";"<E>";" être";"-";"sous-";"-";"  claviculaire";"§être§sous-claviculaire "
"121";"-";"+";"-";"-";"-";"<E>";" être";"-";"sous-";"-";"  clavier";"§être§sous-clavier "
"122";"-";"+";"-";"-";"-";"<E>";" être";"+";"gastro-";"-";"  colique";"§être§gastro-colique "
"123";"-";"+";"-";"-";"-";"<E>";" être";"-";"auto-";"-";"  collant";"§être§auto-collant "
"124";"+";"+";"-";"-";"-";"<E>";" être";"-";"néo-";"-";"  colonialiste";"§être§néo-colonialiste "
"125";"-";"+";"+";"-";"-";"<E>";" être";"-";"héroï-";"-";"  comique";"§être§héroï-comique "
"126";"-";"+";"+";"-";"-";"<E>";" être";"-";"tragi-";"-";"  comique";"§être§tragi-comique "
"127";"-";"+";"-";"-";"-";"<E>";" être";"-";"radio-";"-";"  commandé";"§être§radio-commandé "
"128";"-";"+";"-";"-";"-";"<E>";" être";"-";"sous-";"-";"  commissural";"§être§sous-commissural "
"129";"-";"+";"-";"-";"-";"<E>";" être";"+";"mal";"-";"  commode";"§être§mal commode "
"130";"-";"+";"+";"-";"+";"n'";" être";"-";"guère";"-";"  commun";"§n'est§guère commun "
"131";"-";"+";"+";"-";"-";"<E>";" être";"+";"peu";"-";"  commun";"§être§peu commun "
"132";"+";"-";"-";"-";"-";"<E>";" être";"-";"extra";"-";"  communautaire";"§être§extra communautaire "
"133";"-";"+";"-";"-";"-";"<E>";" être";"-";"ultérieurement";"+";"  communiqué";"§être§ultérieurement communiqué "
"134";"+";"+";"+";"-";"-";"<E>";" être";"+";"anti-";"-";"  communiste";"§être§anti-communiste "
"135";"+";"+";"+";"-";"-";"<E>";" être";"+";"pro-";"-";"  communiste";"§être§pro-communiste "
"136";"-";"+";"-";"-";"-";"<E>";" être";"-";"localement";"-";"  compact";"§être§localement compact "
"137";"-";"+";"-";"-";"-";"<E>";" être";"-";"histo-";"-";"  compatible avec N";"§être§histo-compatible avec N "
"138";"-";"+";"+";"-";"+";"n'";" être pas";"-";"bien";"-";"  compliqué";"§n'est pas§bien compliqué "
"139";"-";"+";"-";"-";"-";"<E>";" être";"-";"inutilement";"-";"  compliqué";"§être§inutilement compliqué "
"140";"-";"+";"+";"-";"+";"n'";" être pas";"-";"plus";"-";"  compliqué que ça";"§n'est pas§plus compliqué que ça "
"141";"-";"+";"+";"-";"+";"n'";" être pas";"-";"plus";"-";"  compliqué que le reste";"§n'est pas§plus compliqué que le reste "
"142";"-";"+";"-";"-";"-";"<E>";" être";"-";"non";"-";"  compositionnel";"§être§non compositionnel "
"143";"-";"+";"-";"-";"-";"<E>";" être";"-";"sémantiquement";"-";"  compositionnel";"§être§sémantiquement compositionnel "
"144";"-";"+";"-";"-";"-";"<E>";" être";"+";"bien";"-";"  compris";"§être§bien compris "
"145";"-";"+";"-";"-";"-";"<E>";" être";"-";"tout";"-";"  compris";"§être§tout compris "
"146";"+";"-";"-";"-";"-";"<E>";" être";"-";"tout";"-";"  con devant N";"§être§tout con devant N "
"147";"-";"+";"-";"-";"-";"<E>";" être";"-";"supra-";"-";"  conducteur";"§être§supra-conducteur "
"148";"-";"+";"-";"-";"-";"<E>";" être";"-";"bien";"-";"  conduit";"§être§bien conduit "
"149";"-";"+";"-";"-";"-";"<E>";" être";"-";"mal";"-";"  conduit";"§être§mal conduit "
"150";"+";"+";"-";"-";"-";"<E>";" être";"-";"non";"-";"  conformiste";"§être§non conformiste "
"151";"-";"+";"-";"-";"-";"<E>";" être";"-";"sous-";"-";"  conjonctival";"§être§sous-conjonctival "
"152";"-";"+";"-";"-";"-";"<E>";" être";"-";"extra";"-";"  conjugal";"§être§extra conjugal "
"153";"+";"+";"-";"-";"-";"<E>";" être";"-";"honorablement";"+";"  connu";"§être§honorablement connu "
"154";"-";"+";"-";"-";"-";"<E>";" être";"-";"notoirement";"+";"  connu";"§être§notoirement connu "
"155";"+";"-";"-";"-";"-";"<E>";" être";"-";"pleinement";"-";"  conscient de N-hum";"§être§pleinement conscient de N-hum "
"156";"-";"+";"+";"-";"-";"<E>";" être";"-";"librement";"+";"  consenti";"§être§librement consenti "
"157";"+";"-";"-";"-";"-";"<E>";" être";"-";"ultra-";"-";"  conservateur";"§être§ultra-conservateur "
"158";"+";"+";"+";"-";"-";"<E>";" être";"+";"bien";"-";"  considéré de Nhum";"§être§bien considéré de Nhum "
"159";"+";"+";"+";"-";"-";"<E>";" être";"+";"mal";"-";"  considéré de Nhum";"§être§mal considéré de Nhum "
"160";"+";"+";"-";"-";"-";"<E>";" être";"-";"normalement";"-";"  constitué";"§être§normalement constitué "
"161";"-";"+";"-";"-";"-";"<E>";" être";"+";"vaso";"-";"  constricteur";"§être§vaso constricteur "
"162";"-";"+";"-";"-";"-";"<E>";" être";"-";"uniformément";"-";"  continu";"§être§uniformément continu "
"163";"+";"+";"-";"-";"-";"<E>";" être";"+";"difficilement";"-";"  contrôlable";"§être§difficilement contrôlable "
"164";"+";"-";"-";"-";"-";"<E>";" être";"+";"fermement";"-";"  convaincu de N";"§être§fermement convaincu de N "
"165";"-";"+";"-";"-";"-";"<E>";" être";"-";"non";"-";"  conventionnel";"§être§non conventionnel "
"166";"-";"+";"-";"-";"-";"<E>";" être";"-";"uniformément";"-";"  convergent";"§être§uniformément convergent "
"167";"-";"+";"-";"-";"-";"<E>";" être";"-";"sous-";"-";"  coracoïdien";"§être§sous-coracoïdien "
"168";"-";"+";"-";"-";"-";"<E>";" être";"-";"sous-";"-";"  cortical";"§être§sous-cortical "
"169";"-";"+";"-";"-";"-";"<E>";" être";"-";"sous-";"-";"  costal";"§être§sous-costal "
"170";"+";"-";"-";"-";"-";"<E>";" être";"-";"indubitablement";"+";"  coupable";"§être§indubitablement coupable "
"171";"-";"+";"-";"-";"-";"<E>";" être";"-";"bien";"-";"  coupé";"§être§bien coupé "
"172";"-";"+";"-";"-";"-";"<E>";" être";"-";"mal";"-";"  coupé";"§être§mal coupé "
"173";"-";"+";"+";"-";"-";"<E>";" être";"-";"avant-";"-";"  coureur de N-hum";"§être§avant-coureur de N-hum "
"174";"-";"+";"-";"-";"-";"<E>";" être";"-";"un peu";"-";"  court";"§être§un peu court "
"175";"-";"+";"-";"-";"-";"<E>";" être";"-";"sous-";"-";"  crépitant";"§être§sous-crépitant "
"176";"-";"+";"-";"-";"-";"<E>";" être";"-";"sous-";"-";"  critique";"§être§sous-critique "
"177";"+";"+";"-";"-";"-";"<E>";" être";"-";"serbo-";"-";"  croate";"§être§serbo-croate "
"178";"-";"+";"-";"-";"-";"<E>";" être";"+";"génito-";"-";"  crural";"§être§génito-crural "
"179";"-";"+";"-";"-";"-";"<E>";" être";"-";"afro-";"-";"  cubain";"§être§afro-cubain "
"180";"-";"+";"-";"-";"-";"<E>";" être";"-";"socio-";"-";"  culturel";"§être§socio-culturel "
"181";"+";"+";"-";"-";"-";"<E>";" être";"-";"sous-";"-";"  culturel";"§être§sous-culturel "
"182";"-";"+";"-";"-";"-";"<E>";" être";"-";"extra-";"-";"  curriculaire";"§être§extra-curriculaire "
"183";"-";"+";"-";"-";"-";"<E>";" être";"-";"fémoro-";"-";"  cutané";"§être§fémoro-cutané "
"184";"-";"+";"-";"-";"-";"<E>";" être";"-";"sous-";"-";"  cutané";"§être§sous-cutané "
"185";"-";"+";"-";"-";"-";"<E>";" être";"-";"sylvo-";"-";"  cynégétique";"§être§sylvo-cynégétique "
"186";"+";"-";"-";"-";"-";"<E>";" être";"+";"fermement";"-";"  décidé à V-0-inf W";"§être§fermement décidé à V-0-inf W "
"187";"+";"-";"-";"-";"-";"<E>";" être";"+";"fermement";"-";"  décidé à venir ici";"§être§fermement décidé à venir ici "
"188";"-";"+";"-";"-";"-";"<E>";" être";"-";"non";"-";"  dédouané";"§être§non dédouané "
"189";"-";"+";"-";"-";"-";"<E>";" être";"-";"clairement";"+";"  défini";"§être§clairement défini "
"190";"+";"+";"-";"-";"-";"<E>";" être";"-";"bien";"-";"  dégagé autour des oreilles";"§être§bien dégagé autour des oreilles "
"191";"-";"+";"-";"-";"-";"<E>";" être";"+";"bio-";"-";"  dégradable";"§être§bio-dégradable "
"192";"+";"+";"-";"-";"-";"<E>";" être";"-";"chrétien-";"-";"  démocrate";"§être§chrétien-démocrate "
"193";"+";"+";"-";"-";"-";"<E>";" être";"-";"social-";"-";"  démocrate";"§être§social-démocrate "
"194";"-";"+";"-";"-";"-";"<E>";" être";"-";"apico-";"-";"  dental";"§être§apico-dental "
"195";"+";"-";"-";"-";"-";"<E>";" être";"+";"hormone";"-";"  dépendant";"§être§hormone dépendant "
"196";"+";"-";"-";"-";"-";"<E>";" être";"-";"sincèrement";"+";"  désolé";"§être§sincèrement désolé "
"197";"+";"+";"-";"-";"-";"<E>";" être";"+";"sous-";"-";"  développé";"§être§sous-développé "
"198";"-";"+";"+";"-";"+";"n'";" être pas";"-";"plus";"-";"  difficile que ça";"§n'est pas§plus difficile que ça "
"199";"-";"+";"+";"-";"+";"n'";" être pas";"-";"plus";"-";"  difficile que le reste";"§n'est pas§plus difficile que le reste "
"200";"-";"+";"+";"-";"-";"<E>";" être";"-";"beaucoup";"-";"  dire";"§être§beaucoup dire "
"201";"-";"+";"+";"-";"-";"<E>";" être";"-";"peu";"-";"  dire";"§être§peu dire "
"202";"-";"+";"+";"-";"+";"n'";" être pas";"-";"peu";"-";"  dire";"§n'est pas§peu dire "
"203";"-";"+";"-";"-";"-";"<E>";" être";"-";"sous-";"-";"  dirigé";"§être§sous-dirigé "
"204";"-";"+";"-";"-";"-";"<E>";" être";"+";"inter-";"-";"  disciplinaire";"§être§inter-disciplinaire "
"205";"-";"+";"-";"-";"-";"<E>";" être";"+";"pluri-";"-";"  disciplinaire";"§être§pluri-disciplinaire "
"206";"-";"+";"-";"-";"-";"<E>";" être";"+";"trans-";"-";"  disciplinaire";"§être§trans-disciplinaire "
"207";"+";"-";"-";"-";"-";"<E>";" être";"+";"bien";"-";"  disposé à l'égard de N";"§être§bien disposé à l'égard de N "
"208";"+";"-";"-";"-";"-";"<E>";" être";"-";"excellemment";"+";"  disposé à l'égard de N";"§être§excellemment disposé à l'égard de N "
"209";"+";"-";"-";"-";"-";"<E>";" être";"+";"mal";"-";"  disposé à l'égard de N";"§être§mal disposé à l'égard de N "
"210";"+";"-";"-";"-";"-";"<E>";" être";"+";"mieux";"-";"  disposé à l'égard de N";"§être§mieux disposé à l'égard de N "
"211";"+";"-";"-";"-";"-";"<E>";" être";"+";"bien";"-";"  disposé envers N";"§être§bien disposé envers N "
"212";"+";"-";"-";"-";"-";"<E>";" être";"-";"excellemment";"+";"  disposé envers N";"§être§excellemment disposé envers N "
"213";"+";"-";"-";"-";"-";"<E>";" être";"+";"mal";"-";"  disposé envers N";"§être§mal disposé envers N "
"214";"+";"-";"-";"-";"-";"<E>";" être";"+";"mieux";"-";"  disposé envers N";"§être§mieux disposé envers N "
"215";"+";"-";"-";"-";"-";"<E>";" être";"+";"bien";"-";"  disposé vis à vis de N";"§être§bien disposé vis à vis de N "
"216";"+";"-";"-";"-";"-";"<E>";" être";"-";"excellemment";"+";"  disposé vis à vis de N";"§être§excellemment disposé vis à vis de N "
"217";"+";"-";"-";"-";"-";"<E>";" être";"+";"mal";"-";"  disposé vis à vis de N";"§être§mal disposé vis à vis de N "
"218";"+";"-";"-";"-";"-";"<E>";" être";"+";"mieux";"-";"  disposé vis à vis de N";"§être§mieux disposé vis à vis de N "
"219";"-";"+";"+";"-";"-";"<E>";" être";"+";"vite";"-";"  dit";"§être§vite dit "
"220";"+";"+";"-";"-";"-";"<E>";" être";"-";"bien";"-";"  documenté";"§être§bien documenté "
"221";"+";"-";"-";"-";"-";"<E>";" être";"-";"tout";"-";"  drôle";"§être§tout drôle "
"222";"-";"+";"+";"-";"-";"<E>";" être";"-";"trop";"-";"  drôle";"§être§trop drôle "
"223";"-";"+";"-";"-";"-";"<E>";" être";"-";"extra";"-";"  dry";"§être§extra dry "
"224";"-";"+";"-";"-";"-";"<E>";" être";"+";"grand-";"-";"  ducal";"§être§grand-ducal "
"225";"-";"+";"-";"-";"-";"<E>";" être";"-";"anti-";"-";"  dumping";"§être§anti-dumping "
"226";"-";"+";"-";"-";"-";"<E>";" être";"-";"sous-";"-";"  dural";"§être§sous-dural "
"227";"-";"+";"-";"-";"-";"<E>";" être";"-";"radio-";"-";"  durcissable";"§être§radio-durcissable "
"228";"-";"+";"-";"-";"-";"<E>";" être";"-";"thermo-";"-";"  durcissable";"§être§thermo-durcissable "
"229";"-";"+";"-";"-";"-";"<E>";" être";"-";"macro-";"-";"  économique";"§être§macro-économique "
"230";"-";"+";"+";"-";"-";"<E>";" être";"-";"pré-";"-";"  électoral";"§être§pré-électoral "
"231";"-";"+";"-";"-";"-";"<E>";" être";"-";"piézo-";"-";"  électrique";"§être§piézo-électrique "
"232";"+";"-";"-";"-";"-";"<E>";" être";"+";"bien";"-";"  élevé";"§être§bien élevé "
"233";"+";"-";"-";"-";"-";"<E>";" être";"+";"mal";"-";"  élevé";"§être§mal élevé "
"234";"+";"-";"-";"-";"-";"<E>";" être";"-";"démocratiquement";"-";"  élu";"§être§démocratiquement élu "
"235";"-";"+";"-";"-";"-";"<E>";" être";"-";"sous-";"-";"  élytral";"§être§sous-élytral "
"236";"+";"-";"-";"-";"-";"<E>";" être";"+";"mal";"-";"  embouché";"§être§mal embouché "
"237";"-";"+";"-";"-";"-";"<E>";" être";"+";"mal";"-";"  emmanché";"§être§mal emmanché "
"238";"+";"-";"-";"-";"-";"<E>";" être";"-";"hyper";"+";"  émotif";"§être§hyper émotif "
"239";"+";"-";"-";"-";"-";"<E>";" être";"+";"visiblement";"+";"  ému";"§être§visiblement ému "
"240";"-";"+";"-";"-";"-";"<E>";" être";"-";"sous-";"-";"  endothélial";"§être§sous-endothélial "
"241";"-";"+";"-";"-";"-";"<E>";" être";"-";"non";"-";"  engagé";"§être§non engagé "
"242";"-";"+";"+";"-";"-";"<E>";" être";"-";"sous-";"-";"  entendu";"§être§sous-entendu "
"243";"+";"-";"-";"-";"-";"<E>";" être";"+";"bien";"-";"  entouré";"§être§bien entouré "
"244";"+";"-";"-";"-";"-";"<E>";" être";"+";"mal";"-";"  entouré";"§être§mal entouré "
"245";"-";"+";"-";"-";"-";"<E>";" être";"-";"bien";"-";"  envoyé";"§être§bien envoyé "
"246";"-";"+";"-";"-";"-";"<E>";" être";"-";"sous-";"-";"  épineux";"§être§sous-épineux "
"247";"-";"+";"-";"-";"-";"<E>";" être";"-";"sus-";"-";"  épineux";"§être§sus-épineux "
"248";"-";"+";"-";"-";"-";"<E>";" être";"+";"gastro-";"-";"  épiploïque";"§être§gastro-épiploïque "
"249";"-";"+";"-";"-";"-";"<E>";" être";"-";"parfaitement";"+";"  étanche";"§être§parfaitement étanche "
"250";"-";"+";"-";"-";"-";"<E>";" être";"-";"morpho-éco-";"-";"  éthologique";"§être§morpho-éco-éthologique "
"251";"-";"+";"-";"-";"-";"<E>";" être";"-";"non";"-";"  euclidien";"§être§non euclidien "
"252";"+";"+";"-";"-";"-";"<E>";" être";"-";"centre-";"-";"  européen";"§être§centre-européen "
"253";"+";"+";"-";"-";"-";"<E>";" être";"-";"est-";"-";"  européen";"§être§être-européen "
"254";"-";"+";"-";"-";"-";"<E>";" être";"-";"indo-";"-";"  européen";"§être§indo-européen "
"255";"+";"+";"-";"-";"-";"<E>";" être";"-";"ouest-";"-";"  européen";"§être§ouest-européen "
"256";"+";"+";"+";"-";"-";"<E>";" être";"+";"pan-";"-";"  européen";"§être§pan-européen "
"257";"-";"+";"-";"-";"-";"<E>";" être";"-";"auto-";"-";"  extinguible";"§être§auto-extinguible "
"258";"+";"+";"-";"-";"+";"n'";" être pas";"-";"toujours";"-";"  facile";"§n'est pas§toujours facile "
"259";"-";"+";"+";"-";"-";"<E>";" être";"-";"trop";"-";"  facile";"§être§trop facile "
"260";"-";"+";"+";"-";"-";"<E>";" être";"-";"plus";"-";"  facile à dire qu'à faire";"§être§plus facile à dire qu'à fait "
"261";"+";"-";"-";"-";"-";"<E>";" être";"+";"mal";"-";"  fagoté";"§être§mal fagoté "
"262";"+";"-";"-";"-";"-";"<E>";" être";"-";"économiquement";"-";"  faible";"§être§économiquement faible "
"263";"-";"+";"+";"-";"-";"<E>";" être";"-";"autant de";"-";"  fait";"§être§autant de fait "
"264";"+";"-";"-";"-";"-";"<E>";" être";"+";"bien";"-";"  fait";"§être§bien fait "
"265";"-";"+";"-";"-";"-";"<E>";" être";"+";"bien";"-";"  fait";"§être§bien fait "
"266";"+";"-";"-";"-";"-";"<E>";" être";"+";"mal";"-";"  fait";"§être§mal fait "
"267";"-";"+";"-";"-";"-";"<E>";" être";"+";"mal";"-";"  fait";"§être§mal fait "
"268";"-";"+";"+";"-";"-";"<E>";" être";"+";"vite";"-";"  fait";"§être§vite fait "
"269";"-";"+";"+";"-";"-";"<E>";" être";"+";"vite";"-";"  fait bien fait";"§être§vite fait bien fait "
"270";"+";"-";"-";"-";"-";"<E>";" être";"+";"bien";"-";"  fait de Poss-0 personne";"§être§bien fait de sa personne "
"271";"+";"-";"-";"-";"-";"<E>";" être";"+";"mal";"-";"  fait de Poss-0 personne";"§être§mal fait de  personne "
"272";"-";"+";"+";"-";"-";"<E>";" être";"-";"bien";"-";"  fait pour la gueule de Nhum";"§être§bien fait pour la gueule de Nhum "
"273";"-";"+";"+";"-";"-";"<E>";" être";"-";"bien";"-";"  fait pour la pomme de Nhum";"§être§bien fait pour la pomme de Nhum "
"274";"-";"+";"+";"-";"-";"<E>";" être";"-";"bien";"-";"  fait pour les fesses de Nhum";"§être§bien fait pour les fesses de Nhum "
"275";"-";"+";"+";"-";"-";"<E>";" être";"-";"bien";"-";"  fait pour les pieds de Nhum";"§être§bien fait pour les pieds de Nhum "
"276";"-";"+";"+";"-";"-";"<E>";" être";"+";"bien";"-";"  fait pour Nhum";"§être§bien fait pour Nhum "
"277";"+";"+";"-";"-";"-";"<E>";" être";"-";"ainsi";"+";"  fait que P";"§être§ainsi fait que P "
"278";"-";"+";"-";"-";"-";"<E>";" être";"+";"mal";"-";"  famé";"§être§mal famé "
"279";"-";"+";"-";"-";"-";"<E>";" être";"+";"bien";"-";"  ficelé";"§être§bien ficelé "
"280";"-";"+";"-";"-";"-";"<E>";" être";"+";"mal";"-";"  ficelé";"§être§mal ficelé "
"281";"+";"-";"-";"-";"-";"<E>";" être";"+";"bien";"-";"  fichu";"§être§bien fichu "
"282";"+";"+";"-";"-";"-";"<E>";" être";"+";"mal";"-";"  fichu";"§être§mal fichu "
"283";"+";"-";"-";"-";"-";"<E>";" être";"+";"mal";"-";"  fichu";"§être§mal fichu "
"284";"+";"-";"-";"-";"+";"n'";" être pas";"-";"peu";"-";"  fier de V-0-inf W";"§n'est pas§peu fier de V-0-inf W "
"285";"-";"+";"-";"-";"-";"<E>";" être";"-";"semi-";"-";"  figé";"§être§semi-figé "
"286";"-";"+";"-";"-";"-";"<E>";" être";"-";"sous-";"-";"  filé";"§être§sous-filé "
"287";"-";"+";"-";"-";"-";"<E>";" être";"-";"extra";"-";"  fin";"§être§extra fin "
"288";"-";"+";"+";"-";"-";"<E>";" être";"-";"bien";"-";"  fini";"§être§bien fini "
"289";"-";"+";"-";"-";"-";"<E>";" être";"-";"semi-";"-";"  fini";"§être§semi-fini "
"290";"-";"+";"-";"-";"-";"<E>";" être";"+";"balto-";"-";"  finnois";"§être§balto-finnois "
"291";"-";"+";"+";"-";"-";"<E>";" être";"-";"de plus en plus";"-";"  fort";"§être§de plus en plus fort "
"292";"-";"+";"+";"-";"-";"<E>";" être";"-";"plus";"-";"  fort que de jouer au bouchon";"§être§plus fort que de jouer au bouchon "
"293";"-";"+";"+";"-";"-";"<E>";" être";"-";"plus";"-";"  fort que Lui-i";"§être§plus fort que Lui-i "
"294";"-";"+";"+";"-";"-";"<E>";" être";"-";"plus";"-";"  fort que P";"§être§plus fort que P "
"295";"+";"-";"-";"-";"-";"<E>";" être";"-";"comme";"-";"  fou";"§être§comme fou "
"296";"+";"-";"-";"-";"-";"<E>";" être";"-";"raide";"-";"  fou";"§être§raide fou "
"297";"+";"-";"-";"-";"-";"<E>";" être";"-";"toujours";"-";"  fourré dans les jambes de Nhum";"§être§toujours fourré dans les jambes de Nhum "
"298";"+";"-";"-";"-";"-";"<E>";" être";"-";"toujours";"-";"  fourré dans les jupes de Nhum";"§être§toujours fourré dans les jupes de Nhum "
"299";"+";"-";"-";"-";"-";"<E>";" être";"+";"bien";"-";"  foutu";"§être§bien foutu "
"300";"+";"-";"-";"-";"-";"<E>";" être";"+";"mal";"-";"  foutu";"§être§mal foutu "
"301";"+";"-";"-";"-";"-";"<E>";" être";"+";"mal";"-";"  foutu";"§être§mal foutu "
"302";"-";"+";"-";"-";"-";"<E>";" être";"-";"extra";"-";"  frais";"§être§extra frais "
"303";"+";"+";"+";"-";"-";"<E>";" être";"+";"franco-";"+";"  français";"§être§franco-français "
"304";"+";"+";"-";"-";"+";"n'";" être pas";"-";"très";"-";"  fréquentable";"§n'est pas§très fréquentable "
"305";"+";"+";"-";"-";"+";"n'";" être pas";"-";"vraiment";"-";"  fréquentable";"§n'est pas§vraiment fréquentable "
"306";"-";"+";"-";"-";"-";"<E>";" être";"+";"bien";"-";"  fréquenté";"§être§bien fréquenté "
"307";"-";"+";"-";"-";"-";"<E>";" être";"+";"mal";"-";"  fréquenté";"§être§mal fréquenté "
"308";"-";"+";"-";"-";"-";"<E>";" être";"-";"sous-";"-";"  fréquenté";"§être§sous-fréquenté "
"309";"+";"-";"-";"-";"+";"n'";" être pas";"-";"bien";"-";"  futé";"§n'est pas§bien futé "
"310";"-";"+";"+";"-";"-";"<E>";" être";"-";"autant de";"-";"  gagné";"§être§autant de gagné "
"311";"+";"+";"+";"-";"-";"<E>";" être";"-";"avant-";"-";"  gardiste";"§être§avant-gardiste "
"312";"+";"+";"+";"-";"-";"<E>";" être";"-";"tout plein";"+";"  gentil";"§être§tout plein gentil "
"313";"+";"+";"+";"-";"-";"<E>";" être";"-";"trop";"-";"  gentil";"§être§trop gentil "
"314";"-";"+";"-";"-";"-";"<E>";" être";"-";"indo-";"-";"  germanique";"§être§indo-germanique "
"315";"-";"+";"-";"-";"-";"<E>";" être";"-";"nivo-";"-";"  glaciaire";"§être§nivo-glaciaire "
"316";"-";"+";"-";"-";"-";"<E>";" être";"-";"sous-";"-";"  glaciaire";"§être§sous-glaciaire "
"317";"-";"+";"-";"-";"-";"<E>";" être";"-";"sous-";"-";"  glottique";"§être§sous-glottique "
"318";"+";"+";"+";"-";"-";"<E>";" être";"+";"anti-";"-";"  gouvernemental";"§être§anti-gouvernemental "
"319";"+";"+";"+";"-";"-";"<E>";" être";"+";"pro-";"-";"  gouvernemental";"§être§pro-gouvernemental "
"320";"+";"-";"-";"-";"-";"<E>";" être";"+";"haut";"-";"  gradé";"§être§haut gradé "
"321";"-";"+";"-";"-";"-";"<E>";" être";"-";"lexico";"-";"  grammatical";"§être§lexico grammatical "
"322";"-";"+";"-";"-";"-";"<E>";" être";"-";"infiniment";"-";"  grand";"§être§infiniment grand "
"323";"-";"+";"-";"-";"-";"<E>";" être";"-";"aussi";"-";"  grand que l'on voudra";"§être§aussi grand que l'on voudra "
"324";"+";"+";"-";"-";"+";"n'";" être";"-";"bien";"-";"  gros";"§n'est§bien gros "
"325";"+";"+";"-";"-";"+";"n'";" être pas";"-";"plus";"-";"  gros que le poing";"§n'est pas§plus gros que le poing "
"326";"+";"+";"-";"-";"+";"n'";" être pas";"-";"plus";"-";"  gros qu'un oeuf";"§n'est pas§plus gros qu'un oeuf "
"327";"+";"+";"-";"-";"+";"n'";" être pas";"-";"plus";"-";"  gros qu'une mouche";"§n'est pas§plus gros qu'une mouche "
"328";"+";"+";"-";"-";"+";"n'";" être pas";"-";"plus";"-";"  haut que trois pommes";"§n'est pas§plus haut que trois pommes "
"329";"-";"+";"-";"-";"-";"<E>";" être";"-";"néo-";"-";"  hellénique";"§être§néo-hellénique "
"330";"-";"+";"-";"-";"-";"<E>";" être";"-";"sous-";"-";"  hépatique";"§être§sous-hépatique "
"331";"-";"+";"-";"-";"-";"<E>";" être";"-";"sus-";"-";"  hépatique";"§être§sus-hépatique "
"332";"+";"-";"-";"-";"-";"<E>";" être";"-";"trop";"-";"  heureux de V-0-inf W";"§être§trop heureux de V-0-inf W "
"333";"+";"-";"-";"-";"-";"<E>";" être";"-";"trop";"-";"  heureux de venir ici";"§être§trop heureux de venir ici "
"334";"+";"+";"+";"-";"-";"<E>";" être";"-";"plus que";"-";"  honorable";"§être§plus qu'honorable "
"335";"-";"+";"-";"-";"-";"<E>";" être";"-";"sous-";"-";"  hyodïen";"§être§sous-hyodïen "
"336";"-";"+";"-";"-";"-";"<E>";" être";"-";"sus-";"-";"  hyoïdien";"§être§sus-hyoïdien "
"337";"+";"+";"-";"-";"+";"n'";" être pas que";"-";"un peu";"-";"  idiot";"§n'est pas que§un peu idiot "
"338";"-";"+";"-";"-";"-";"<E>";" être";"-";"auto-";"-";"  immun";"§être§auto-immun "
"339";"-";"+";"-";"-";"-";"<E>";" être";"-";"auto-";"-";"  immunitaire";"§être§auto-immunitaire "
"340";"-";"+";"-";"-";"-";"<E>";" être";"+";"hautement";"-";"  improbable";"§être§hautement improbable "
"341";"-";"+";"+";"-";"-";"<E>";" être";"+";"contre";"-";"  indiqué";"§être§contre indiqué "
"342";"-";"+";"-";"-";"-";"<E>";" être";"-";"sous-";"-";"  industrialisé";"§être§sous-industrialisé "
"343";"-";"+";"-";"-";"-";"<E>";" être";"-";"militaro-";"-";"  industriel";"§être§militaro-industriel "
"344";"-";"+";"-";"-";"-";"<E>";" être";"-";"chimiquement";"+";"  inerte";"§être§chimiquement inerte "
"345";"-";"+";"-";"-";"-";"<E>";" être";"-";"anti-";"-";"  infectieux";"§être§anti-infectieux "
"346";"-";"+";"-";"-";"-";"<E>";" être";"-";"anti-";"-";"  inflammatoire";"§être§anti-inflammatoire "
"347";"+";"+";"+";"-";"-";"<E>";" être";"-";"trop";"-";"  injuste";"§être§trop injuste "
"348";"+";"-";"-";"-";"-";"<E>";" être";"+";"bien";"-";"  inspiré de V-0-inf W";"§être§bien inspiré de V-0-inf W "
"349";"+";"-";"-";"-";"-";"<E>";" être";"+";"mal";"-";"  inspiré de V-0-inf W";"§être§mal inspiré de V-0-inf W "
"350";"+";"-";"-";"-";"-";"<E>";" être";"+";"pas mal";"-";"  inspiré de V-0-inf W";"§être§pas mal inspiré de V-0-inf W "
"351";"-";"+";"-";"-";"-";"<E>";" être";"-";"politiquement";"+";"  instable";"§être§politiquement instable "
"352";"+";"-";"-";"-";"-";"<E>";" être";"-";"psychologiquement";"+";"  instable";"§être§psychologiquement instable "
"353";"+";"-";"-";"-";"-";"<E>";" être";"+";"bien";"-";"  intentionné à l'égard de N";"§être§bien intentionné à l'égard de N "
"354";"+";"-";"-";"-";"-";"<E>";" être";"-";"excellemment";"+";"  intentionné à l'égard de N";"§être§excellemment intentionné à l'égard de N "
"355";"+";"-";"-";"-";"-";"<E>";" être";"+";"mal";"-";"  intentionné à l'égard de N";"§être§mal intentionné à l'égard de N "
"356";"+";"-";"-";"-";"-";"<E>";" être";"+";"mieux";"-";"  intentionné à l'égard de N";"§être§mieux intentionné à l'égard de N "
"357";"+";"-";"-";"-";"-";"<E>";" être";"+";"bien";"-";"  intentionné envers N";"§être§bien intentionné envers N "
"358";"+";"-";"-";"-";"-";"<E>";" être";"-";"excellemment";"+";"  intentionné envers N";"§être§excellemment intentionné envers N "
"359";"+";"-";"-";"-";"-";"<E>";" être";"+";"mal";"-";"  intentionné envers N";"§être§mal intentionné envers N "
"360";"+";"-";"-";"-";"-";"<E>";" être";"+";"mieux";"-";"  intentionné envers N";"§être§mieux intentionné envers N "
"361";"+";"-";"-";"-";"-";"<E>";" être";"-";"faussement";"-";"  intéressé";"§être§faussement intéressé "
"362";"-";"+";"-";"-";"-";"<E>";" être";"+";"gastro-";"-";"  intestinal";"§être§gastro-intestinal "
"363";"-";"+";"+";"-";"-";"<E>";" être";"+";"contre";"-";"  intuitif";"§être§contre intuitif "
"364";"-";"+";"-";"-";"-";"<E>";" être";"+";"hautement";"-";"  invraisemblable";"§être§hautement invraisemblable "
"365";"-";"+";"-";"-";"-";"<E>";" être";"-";"optiquement";"+";"  isotrope";"§être§optiquement isotrope "
"366";"-";"+";"+";"-";"-";"<E>";" être";"-";"sous-";"-";"  jacent à N";"§être§sous-jacent à N "
"367";"+";"-";"-";"-";"-";"<E>";" être";"-";"encore";"+";"  jeune";"§être§encore jeune "
"368";"+";"-";"-";"-";"-";"<E>";" être";"-";"toujours";"+";"  jeune";"§être§toujours jeune "
"369";"+";"-";"-";"-";"-";"<E>";" être";"-";"un peu";"+";"  jeune pour V-0-inf W";"§être§un peu jeune pour V-0-inf W "
"370";"-";"+";"-";"-";"-";"<E>";" être";"+";"bas-";"-";"  jointé";"§être§bas-jointé "
"371";"-";"+";"+";"-";"-";"<E>";" être";"-";"bien";"-";"  joué";"§être§bien joué "
"372";"-";"+";"-";"-";"-";"<E>";" être";"+";"don";"-";"  juanesque";"§être§don juanesque "
"373";"-";"+";"+";"-";"-";"<E>";" être";"-";"promis";"-";"  juré";"§être§promis juré "
"374";"-";"+";"-";"-";"-";"<E>";" être";"-";"sous-";"-";"  lacustre";"§être§sous-lacustre "
"375";"-";"+";"-";"-";"-";"<E>";" être";"+";"bien";"-";"  léché";"§être§bien léché "
"376";"-";"+";"-";"-";"-";"<E>";" être";"+";"mal";"-";"  léché";"§être§mal léché "
"377";"-";"+";"-";"-";"-";"<E>";" être";"-";"médico-";"-";"  légal";"§être§médico-légal "
"378";"+";"-";"-";"-";"-";"<E>";" être";"-";"plus";"-";"  léger de Nsomme";"§être§plus léger de Nsomme "
"379";"+";"+";"-";"-";"-";"<E>";" être";"-";"hors";"-";"  ligne";"§être§hors ligne "
"380";"-";"+";"-";"-";"-";"<E>";" être";"-";"sous-";"-";"  ligneux";"§être§sous-ligneux "
"381";"-";"+";"-";"-";"-";"<E>";" être";"-";"sous-";"-";"  liminaire";"§être§sous-liminaire "
"382";"-";"+";"-";"-";"-";"<E>";" être";"-";"non";"-";"  linéaire";"§être§non linéaire "
"383";"-";"+";"-";"-";"-";"<E>";" être";"-";"extra";"-";"  linguistique";"§être§extra linguistique "
"384";"+";"-";"-";"-";"-";"<E>";" être";"-";"méta-";"-";"  logique";"§être§méta-logique "
"385";"+";"+";"-";"-";"-";"<E>";" être";"-";"pré-";"-";"  logique";"§être§pré-logique "
"386";"+";"+";"-";"-";"-";"<E>";" être";"-";"non";"-";"  loin de N";"§être§non loin de N "
"387";"+";"+";"+";"-";"-";"<E>";" être";"-";"non";"+";"  loin de V-0-inf W";"§être§non loin de V-0-inf W "
"388";"-";"+";"-";"-";"-";"<E>";" être";"+";"dorso-";"-";"  lombaire";"§être§dorso-lombaire "
"389";"-";"+";"-";"-";"-";"<E>";" être";"-";"sacro-";"-";"  lombaire";"§être§sacro-lombaire "
"390";"-";"+";"-";"-";"-";"<E>";" être";"-";"interminablement";"-";"  long";"§être§interminablement long "
"391";"-";"+";"+";"-";"-";"<E>";" être";"-";"un peu";"-";"  longuet";"§être§un peu longuet "
"392";"+";"-";"-";"-";"-";"<E>";" être";"+";"bien";"-";"  loti";"§être§bien loti "
"393";"+";"-";"-";"-";"-";"<E>";" être";"-";"excellement";"-";"  loti";"§être§excellement loti "
"394";"+";"-";"-";"-";"-";"<E>";" être";"+";"mal";"-";"  loti";"§être§mal loti "
"395";"+";"-";"-";"-";"-";"<E>";" être";"-";"extra";"-";"  lucide";"§être§extra lucide "
"396";"+";"-";"-";"-";"-";"<E>";" être";"+";"bien";"-";"  luné";"§être§bien luné "
"397";"+";"-";"-";"-";"-";"<E>";" être";"+";"mal";"-";"  luné";"§être§mal luné "
"398";"+";"+";"-";"-";"-";"<E>";" être";"-";"belgo-";"-";"  luxembourgeois";"§être§belgo-luxembourgeois "
"399";"+";"+";"-";"-";"-";"<E>";" être";"-";"carolo-";"-";"  macérien";"§être§carolo-macérien "
"400";"+";"-";"-";"-";"-";"<E>";" être";"-";"si";"-";"  maigre qu'on Lui-0 compterait les côtes";"§être§si maigre qu'on lui compterait les côtes "
"401";"+";"+";"-";"-";"-";"<E>";" être";"-";"largement";"+";"  majoritaire";"§être§largement majoritaire "
"402";"+";"+";"+";"-";"+";"n'";" être pas";"-";"si";"-";"  mal";"§n'est pas§si mal "
"403";"-";"+";"+";"-";"+";"n'";" être pas";"-";"plus";"-";"  mal que ça";"§n'est pas§plus mal que ça "
"404";"-";"+";"+";"-";"+";"n'";" être pas";"-";"plus";"-";"  mal que le reste";"§n'est pas§plus mal que le reste "
"405";"+";"-";"-";"-";"-";"<E>";" être";"-";"gravement";"+";"  malade";"§être§gravement malade "
"406";"+";"-";"-";"-";"-";"<E>";" être";"-";"sérieusement";"+";"  malade";"§être§sérieusement malade "
"407";"+";"+";"-";"-";"+";"n'";" être pas";"-";"si";"-";"  malade que IL-0 ne puisse venir ici";"§n'est pas§si malade qu'IL-0 ne puisse venir ici "
"408";"-";"+";"+";"-";"+";"n'";" être pas";"-";"bien";"-";"  malin";"§n'est pas§bien malin "
"409";"-";"+";"+";"-";"+";"n'";" être pas";"-";"plus";"-";"  malin que ça";"§n'est pas§plus malin que ça "
"410";"-";"+";"+";"-";"+";"n'";" être pas";"-";"plus";"-";"  malin que le reste";"§n'est pas§plus malin que le reste "
"411";"-";"+";"-";"-";"-";"<E>";" être";"-";"sous-";"-";"  mammaire";"§être§sous-mammaire "
"412";"+";"-";"-";"-";"-";"<E>";" être";"+";"bien";"-";"  marié";"§être§bien marié "
"413";"+";"-";"-";"-";"-";"<E>";" être";"+";"mal";"-";"  marié";"§être§mal marié "
"414";"-";"+";"-";"-";"-";"<E>";" être";"-";"sous-";"-";"  marin";"§être§sous-marin "
"415";"-";"+";"-";"-";"-";"<E>";" être";"-";"non";"-";"  marqué";"§être§non marqué "
"416";"-";"+";"+";"-";"-";"<E>";" être";"-";"bassement";"-";"  matériel";"§être§bassement matériel "
"417";"-";"+";"-";"-";"-";"<E>";" être";"-";"franchement";"+";"  mauvais";"§être§franchement mauvais "
"418";"+";"+";"+";"-";"-";"<E>";" être";"-";"moins";"-";"  mauvais que N";"§être§moins mauvais que N "
"419";"-";"+";"-";"-";"-";"<E>";" être";"-";"sous-";"-";"  maxillaire";"§être§sous-maxillaire "
"420";"-";"+";"-";"-";"-";"<E>";" être";"-";"sous-";"-";"  médicalisé";"§être§sous-médicalisé "
"421";"+";"+";"-";"-";"-";"<E>";" être";"+";"outre-";"-";"  méditerranéen";"§être§outre-méditerranéen "
"422";"+";"-";"-";"-";"-";"<E>";" être";"-";"toujours LE";"-";"  même";"§être§toujours LE même "
"423";"-";"+";"-";"-";"-";"<E>";" être";"-";"bien";"-";"  mené";"§être§bien mené "
"424";"-";"+";"-";"-";"-";"<E>";" être";"-";"sous-";"-";"  mésocolique";"§être§sous-mésocolique "
"425";"+";"+";"+";"-";"-";"<E>";" être";"-";"tout plein";"+";"  mignon";"§être§tout plein mignon "
"426";"+";"+";"+";"-";"-";"<E>";" être";"-";"trop";"+";"  mignon";"§être§trop mignon "
"427";"-";"+";"-";"-";"-";"<E>";" être";"-";"ultra-";"-";"  mince";"§être§ultra-mince "
"428";"+";"-";"-";"-";"-";"<E>";" être";"+";"bien";"-";"  mis";"§être§bien mis "
"429";"+";"-";"-";"-";"-";"<E>";" être";"+";"mal";"-";"  mis";"§être§mal mis "
"430";"+";"+";"-";"-";"-";"<E>";" être";"-";"post-";"-";"  moderne";"§être§post-moderne "
"431";"-";"+";"-";"-";"-";"<E>";" être";"-";"ultra-";"-";"  moderne";"§être§ultra-moderne "
"432";"+";"-";"-";"-";"-";"<E>";" être";"-";"faussement";"-";"  modeste";"§être§faussement modeste "
"433";"+";"+";"+";"-";"+";"n'";" être";"-";"rien";"-";"  moins que N";"§n'est§rien moins que N "
"434";"+";"-";"-";"-";"-";"<E>";" être";"+";"bien";"-";"  monté";"§être§bien monté "
"435";"+";"-";"-";"-";"-";"<E>";" être";"-";"bien";"-";"  monté avec N";"§être§bien monté avec N "
"436";"+";"-";"-";"-";"-";"<E>";" être";"-";"cliniquement";"-";"  mort";"§être§cliniquement mort "
"437";"+";"-";"-";"-";"-";"<E>";" être";"-";"ivre";"-";"  mort";"§être§ivre mort "
"438";"+";"-";"-";"-";"-";"<E>";" être";"-";"raide";"-";"  mort";"§être§raide mort "
"439";"+";"-";"-";"-";"-";"<E>";" être";"-";"plus";"-";"  mort que vif";"§être§plus mort que vif "
"440";"-";"+";"-";"-";"-";"<E>";" être";"-";"sensori-";"-";"  moteur";"§être§sensori-moteur "
"441";"+";"-";"-";"-";"-";"<E>";" être";"-";"cliniquement";"-";"  muet";"§être§cliniquement muet "
"442";"-";"+";"-";"-";"-";"<E>";" être";"-";"sous-";"-";"  muqueux";"§être§sous-muqueux "
"443";"+";"+";"-";"-";"-";"<E>";" être";"-";"arabo-";"-";"  musulman";"§être§arabo-musulman "
"444";"+";"-";"-";"-";"-";"<E>";" être";"-";"faussement";"-";"  naïf";"§être§faussement naïf "
"445";"-";"+";"-";"-";"-";"<E>";" être";"-";"sous-";"-";"  nasal";"§être§sous-nasal "
"446";"-";"+";"-";"-";"-";"<E>";" être";"-";"supra-";"-";"  national";"§être§supra-national "
"447";"+";"+";"-";"-";"-";"<E>";" être";"-";"néo-";"-";"  nazi";"§être§néo-nazi "
"448";"+";"-";"-";"-";"-";"<E>";" être";"-";"bien";"-";"  né";"§être§bien né "
"449";"+";"+";"-";"-";"-";"<E>";" être";"-";"mort";"-";"  né";"§être§mort né "
"450";"+";"+";"+";"-";"-";"<E>";" être";"-";"plus que";"-";"  nécessaire";"§être§plus que nécessaire "
"451";"-";"+";"-";"-";"-";"<E>";" être";"-";"gram-";"-";"  négatif";"§être§gram-négatif "
"452";"-";"+";"-";"-";"-";"<E>";" être";"-";"comme";"-";"  neuf";"§être§comme neuf "
"453";"-";"+";"-";"-";"-";"<E>";" être";"-";"sous-";"-";"  neural";"§être§sous-neural "
"454";"-";"+";"-";"-";"-";"<E>";" être";"-";"électriquement";"+";"  neutre";"§être§électriquement neutre "
"455";"+";"-";"-";"-";"-";"<E>";" être";"+";"bien";"-";"  noté";"§être§bien noté "
"456";"+";"-";"-";"-";"-";"<E>";" être";"+";"mal";"-";"  noté";"§être§mal noté "
"457";"+";"-";"-";"-";"-";"<E>";" être";"+";"bien";"-";"  noté par Poss-0 supérieurs";"§être§bien noté par son supérieurs "
"458";"+";"+";"+";"-";"-";"<E>";" être";"-";"tout";"-";"  nouveau tout beau";"§être§tout nouveau tout beau "
"459";"-";"+";"-";"-";"-";"<E>";" être";"-";"non";"-";"  nul";"§être§non nul "
"460";"+";"+";"+";"-";"-";"<E>";" être";"+";"anti-";"-";"  occidental";"§être§anti-occidental "
"461";"+";"+";"+";"-";"-";"<E>";" être";"+";"pro-";"-";"  occidental";"§être§pro-occidental "
"462";"-";"+";"-";"-";"-";"<E>";" être";"-";"sous-";"-";"  occipital";"§être§sous-occipital "
"463";"-";"+";"-";"-";"-";"<E>";" être";"-";"supra-";"-";"  occipital";"§être§supra-occipital "
"464";"-";"+";"-";"-";"-";"<E>";" être";"-";"sus-";"-";"  occipital";"§être§sus-occipital "
"465";"-";"+";"-";"-";"-";"<E>";" être";"-";"semi-";"-";"  officiel";"§être§semi-officiel "
"466";"-";"+";"-";"-";"-";"<E>";" être";"-";"sous-";"-";"  ombilical";"§être§sous-ombilical "
"467";"-";"+";"-";"-";"-";"<E>";" être";"-";"post-";"-";"  opératoire";"§être§post-opératoire "
"468";"+";"+";"+";"-";"-";"<E>";" être";"+";"violemment";"-";"  opposé à N";"§être§violemment opposé à N "
"469";"-";"+";"-";"-";"-";"<E>";" être";"-";"auto-";"-";"  optimalisant";"§être§auto-optimalisant "
"470";"-";"+";"-";"-";"-";"<E>";" être";"-";"sous-";"-";"  optique";"§être§sous-optique "
"471";"-";"+";"-";"-";"-";"<E>";" être";"-";"sus-";"-";"  optique";"§être§sus-optique "
"472";"-";"+";"-";"-";"-";"<E>";" être";"-";"audio-";"-";"  oral";"§être§audio-oral "
"473";"-";"+";"-";"-";"-";"<E>";" être";"-";"sous-";"-";"  orbitaire";"§être§sous-orbitaire "
"474";"-";"+";"-";"-";"-";"<E>";" être";"-";"sus-";"-";"  orbitaire";"§être§sus-orbitaire "
"475";"-";"+";"-";"-";"-";"<E>";" être";"-";"sous-";"-";"  orbital";"§être§sous-orbital "
"476";"-";"+";"+";"-";"-";"<E>";" être";"+";"peu";"-";"  ordinaire";"§être§peu ordinaire "
"477";"+";"-";"-";"-";"-";"<E>";" être";"+";"bien";"-";"  organisé";"§être§bien organisé "
"478";"+";"-";"-";"-";"-";"<E>";" être";"+";"mal";"-";"  organisé";"§être§mal organisé "
"479";"+";"+";"-";"-";"-";"<E>";" être";"-";"extrême-";"+";"  oriental";"§être§extrême-oriental "
"480";"+";"+";"-";"-";"-";"<E>";" être";"-";"moyen-";"+";"  oriental";"§être§moyen-oriental "
"481";"+";"+";"-";"-";"-";"<E>";" être";"-";"proche-";"+";"  oriental";"§être§proche-oriental "
"482";"-";"+";"-";"-";"-";"<E>";" être";"-";"auto-";"-";"  oscillateur";"§être§auto-oscillateur "
"483";"+";"+";"-";"-";"-";"<E>";" être";"-";"injustement";"-";"  oublié";"§être§injustement oublié "
"484";"-";"+";"-";"-";"-";"<E>";" être";"-";"finno-";"-";"  ougrien";"§être§finno-ougrien "
"485";"-";"+";"-";"-";"-";"<E>";" être";"+";"dorso-";"-";"  palatal";"§être§dorso-palatal "
"486";"+";"+";"+";"-";"-";"<E>";" être";"+";"bien";"-";"  parti";"§être§bien parti "
"487";"+";"+";"+";"-";"-";"<E>";" être";"+";"mal";"-";"  parti";"§être§mal parti "
"488";"-";"+";"-";"-";"-";"<E>";" être";"-";"cher";"-";"  payé";"§être§cher payé "
"489";"-";"+";"-";"-";"-";"<E>";" être";"-";"chèrement";"+";"  payé";"§être§chèrement payé "
"490";"-";"+";"-";"-";"-";"<E>";" être";"-";"honnêtement";"+";"  payé";"§être§honnêtement payé "
"491";"-";"+";"-";"-";"-";"<E>";" être";"-";"non";"-";"  payé";"§être§non payé "
"492";"+";"-";"-";"-";"-";"<E>";" être";"-";"bien";"-";"  payé pour savoir que P";"§être§bien payé pour savoir que P "
"493";"+";"+";"+";"-";"-";"<E>";" être";"+";"bien";"-";"  pensant";"§être§bien pensant "
"494";"-";"+";"+";"-";"-";"<E>";" être";"+";"bien";"-";"  pensé";"§être§bien pensé "
"495";"+";"+";"-";"-";"-";"<E>";" être";"+";"haut";"-";"  perché";"§être§haut perché "
"496";"-";"+";"-";"-";"-";"<E>";" être";"-";"sous-";"-";"  périosté";"§être§sous-périosté "
"497";"-";"+";"-";"-";"-";"<E>";" être";"-";"sous-";"-";"  péritonéal";"§être§sous-péritonéal "
"498";"+";"-";"-";"-";"-";"<E>";" être";"+";"intimement";"-";"  persuadé de N-hum";"§être§intimement persuadé de N-hum "
"499";"-";"+";"-";"-";"-";"<E>";" être";"-";"infiniment";"-";"  petit";"§être§infiniment petit "
"500";"-";"+";"-";"-";"-";"<E>";" être";"-";"aussi";"-";"  petit que l'on voudra";"§être§aussi petit que l'on voudra "
"501";"-";"+";"-";"-";"-";"<E>";" être";"-";"sous-";"-";"  peuplé";"§être§sous-peuplé "
"502";"-";"+";"-";"-";"-";"<E>";" être";"-";"sous-";"-";"  phrénique";"§être§sous-phrénique "
"503";"+";"-";"-";"-";"-";"<E>";" être";"+";"haut";"-";"  placé";"§être§haut placé "
"504";"+";"+";"-";"-";"-";"<E>";" être";"+";"mal";"-";"  placé";"§être§mal placé "
"505";"+";"-";"-";"-";"-";"<E>";" être";"+";"haut";"+";"  placé dans la hiérarchie";"§être§haut placé dans l'hiérarchie "
"506";"+";"-";"-";"-";"-";"<E>";" être";"-";"bien";"-";"  placé pour en parler";"§être§bien placé pour en parler "
"507";"+";"-";"-";"-";"-";"<E>";" être";"-";"mal";"-";"  placé pour en parler";"§être§mal placé pour en parler "
"508";"+";"-";"-";"-";"-";"<E>";" être";"-";"bien";"-";"  placé pour savoir que P";"§être§bien placé pour savoir que P "
"509";"+";"-";"-";"-";"-";"<E>";" être";"+";"bien";"-";"  placé pour V-0-inf W";"§être§bien placé pour V-0-inf W "
"510";"+";"-";"-";"-";"-";"<E>";" être";"+";"mal";"-";"  placé pour V-0-inf W";"§être§mal placé pour V-0-inf W "
"511";"+";"-";"-";"-";"-";"<E>";" être";"+";"bien";"-";"  planté";"§être§bien planté "
"512";"+";"-";"-";"-";"-";"<E>";" être";"+";"mal";"-";"  planté";"§être§mal planté "
"513";"-";"+";"-";"-";"-";"<E>";" être";"-";"extra";"-";"  plat";"§être§extra plat "
"514";"-";"+";"-";"-";"-";"<E>";" être";"-";"ultra-";"-";"  plat";"§être§ultra-plat "
"515";"-";"+";"-";"-";"-";"<E>";" être";"-";"nivo-";"-";"  pluvial";"§être§nivo-pluvial "
"516";"+";"-";"-";"-";"-";"<E>";" être";"-";"trop";"-";"  poli pour être honnête";"§être§trop poli pour est honnête "
"517";"-";"+";"-";"-";"-";"<E>";" être";"-";"socio-";"-";"  politique";"§être§socio-politique "
"518";"-";"+";"-";"-";"-";"<E>";" être";"-";"malayo-";"-";"  polynésien";"§être§malayo-polynésien "
"519";"+";"-";"-";"-";"-";"<E>";" être";"+";"bien";"-";"  portant";"§être§bien portant "
"520";"-";"+";"-";"-";"-";"<E>";" être";"-";"globalement";"-";"  positif";"§être§globalement positif "
"521";"-";"+";"-";"-";"-";"<E>";" être";"-";"gram-";"-";"  positif";"§être§gram-positif "
"522";"-";"+";"+";"-";"+";"n'";" être pas";"-";"Dieu";"+";"  possible";"§n'est pas§Dieu possible "
"523";"-";"+";"+";"-";"-";"<E>";" être";"+";"humainement";"+";"  possible";"§être§humainement possible "
"524";"-";"+";"+";"+";"+";"n'en";" être pas";"-";"moins";"-";"  possible";"§n'en est pas§moins possible "
"525";"-";"+";"-";"-";"-";"<E>";" être";"-";"sous-";"-";"  préfectoral";"§être§sous-préfectoral "
"526";"+";"-";"-";"-";"-";"<E>";" être";"-";"profondément";"+";"  préoccupé";"§être§profondément préoccupé "
"527";"+";"-";"-";"-";"-";"<E>";" être";"-";"ici";"-";"  présent";"§être§ici présent "
"528";"+";"+";"-";"-";"-";"<E>";" être";"-";"fin";"-";"  prêt";"§être§fin prêt "
"529";"-";"+";"+";"-";"-";"<E>";" être";"-";"autant de";"-";"  pris";"§être§autant de pris "
"530";"-";"-";"+";"-";"-";"<E>";" être";"-";"autant de";"-";"  pris sur l'ennemi";"§être§autant de pris sur l'ennemi "
"531";"-";"-";"+";"-";"-";"<E>";" être";"-";"toujours ça de";"-";"  pris sur l'ennemi";"§être§toujours ça de pris sur l'ennemi "
"532";"-";"+";"-";"-";"-";"<E>";" être";"+";"hautement";"-";"  probable";"§être§hautement probable "
"533";"-";"+";"+";"-";"-";"<E>";" être";"-";"plus que";"-";"  probable";"§être§plus que probable "
"534";"-";"+";"+";"-";"-";"<E>";" être";"+";"contre";"-";"  productif";"§être§contre productif "
"535";"-";"+";"-";"-";"-";"<E>";" être";"-";"sous-";"-";"  productif";"§être§sous-productif "
"536";"-";"+";"-";"-";"-";"<E>";" être";"-";"génétiquement";"+";"  programmé";"§être§génétiquement programmé "
"537";"-";"+";"+";"-";"-";"<E>";" être";"-";"directement";"-";"  proportionnel à N-hum";"§être§directement proportionnel à N-hum "
"538";"-";"+";"+";"-";"-";"<E>";" être";"-";"inversement";"-";"  proportionnel à N-hum";"§être§inversement proportionnel à N-hum "
"539";"+";"+";"+";"-";"-";"<E>";" être";"+";"néo-";"-";"  protectionniste";"§être§néo-protectionniste "
"540";"-";"+";"-";"-";"-";"<E>";" être";"-";"sous-";"-";"  pubien";"§être§sous-pubien "
"541";"-";"+";"-";"-";"-";"<E>";" être";"-";"sus-";"-";"  pubien";"§être§sus-pubien "
"542";"-";"+";"-";"-";"-";"<E>";" être";"-";"chimiquement";"+";"  pur";"§être§chimiquement pur "
"543";"+";"-";"-";"-";"-";"<E>";" être";"-";"hautement";"-";"  qualifié";"§être§hautement qualifié "
"544";"-";"+";"-";"-";"-";"<E>";" être";"-";"ultra-";"-";"  rapide";"§être§ultra-rapide "
"545";"-";"+";"-";"-";"-";"<E>";" être";"-";"mûrement";"-";"  réfléchi";"§être§mûrement réfléchi "
"546";"-";"-";"+";"-";"-";"<E>";" être";"-";"tout";"-";"  réfléchi";"§être§tout réfléchi "
"547";"-";"+";"-";"-";"-";"<E>";" être";"-";"très";"-";"  relatif";"§être§très relatif "
"548";"+";"+";"+";"-";"-";"<E>";" être";"+";"anti-";"-";"  religieux";"§être§anti-religieux "
"549";"-";"+";"-";"-";"-";"<E>";" être";"-";"non";"-";"  remboursable";"§être§non remboursable "
"550";"-";"+";"-";"-";"-";"<E>";" être";"-";"sous-";"-";"  réparti";"§être§sous-réparti "
"551";"-";"+";"-";"-";"-";"<E>";" être";"-";"sous-";"-";"  représenté";"§être§sous-représenté "
"552";"-";"+";"-";"-";"-";"<E>";" être";"+";"acido";"+";"  résistant";"§être§acido résistant "
"553";"-";"+";"-";"-";"-";"<E>";" être";"+";"alcali";"+";"  résistant";"§être§alcali résistant "
"554";"+";"-";"-";"-";"-";"<E>";" être";"-";"civilement";"+";"  responsable";"§être§civilement responsable "
"555";"+";"-";"-";"-";"-";"<E>";" être";"-";"légalement";"+";"  responsable";"§être§légalement responsable "
"556";"+";"-";"-";"-";"-";"<E>";" être";"-";"pénalement";"+";"  responsable";"§être§pénalement responsable "
"557";"+";"-";"-";"-";"-";"<E>";" être";"+";"mal";"-";"  réveillé";"§être§mal réveillé "
"558";"+";"+";"+";"-";"-";"<E>";" être";"-";"contre-";"-";"  révolutionnaire";"§être§contre-révolutionnaire "
"559";"+";"+";"-";"-";"-";"<E>";" être";"-";"gallo-";"-";"  romain";"§être§gallo-romain "
"560";"+";"+";"-";"-";"-";"<E>";" être";"-";"gréco-";"-";"  romain";"§être§gréco-romain "
"561";"+";"-";"-";"-";"-";"<E>";" être";"+";"bien";"-";"  roulé";"§être§bien roulé "
"562";"+";"-";"-";"-";"-";"<E>";" être";"+";"mal";"-";"  roulé";"§être§mal roulé "
"563";"+";"-";"-";"-";"-";"<E>";" être";"-";"plus";"-";"  royaliste que le roi";"§être§plus royaliste que le roi "
"564";"+";"+";"+";"-";"-";"<E>";" être";"-";"sacro-";"-";"  saint";"§être§sacro-saint "
"565";"-";"+";"-";"-";"-";"<E>";" être";"-";"sous-";"-";"  saturé";"§être§sous-saturé "
"566";"-";"+";"-";"-";"-";"<E>";" être";"-";"sous-";"-";"  scapulaire";"§être§sous-scapulaire "
"567";"-";"+";"-";"-";"-";"<E>";" être";"-";"sus-";"-";"  scapulaire";"§être§sus-scapulaire "
"568";"+";"-";"-";"-";"-";"<E>";" être";"+";"peu";"-";"  scrupuleux";"§être§peu scrupuleux "
"569";"-";"+";"-";"-";"-";"<E>";" être";"-";"top";"-";"  secret";"§être§top secret "
"570";"-";"+";"+";"-";"-";"<E>";" être";"-";"ultra-";"-";"  secret";"§être§ultra-secret "
"571";"-";"+";"-";"-";"-";"<E>";" être";"-";"chamito-";"-";"  sémitique";"§être§chamito-sémitique "
"572";"-";"+";"-";"-";"-";"<E>";" être";"-";"ultra-";"-";"  sensible";"§être§ultra-sensible "
"573";"-";"+";"-";"-";"-";"<E>";" être";"-";"bien";"-";"  senti";"§être§bien senti "
"574";"-";"+";"-";"-";"-";"<E>";" être";"-";"mal";"-";"  senti";"§être§mal senti "
"575";"-";"+";"-";"-";"-";"<E>";" être";"-";"sous-";"-";"  séreux";"§être§sous-séreux "
"576";"+";"-";"-";"-";"-";"<E>";" être";"-";"désespérément";"-";"  seul";"§être§désespérément seul "
"577";"+";"-";"-";"-";"-";"<E>";" être";"-";"enfin";"-";"  seuls";"§être§enfin seuls "
"578";"-";"+";"+";"-";"-";"<E>";" être";"-";"excessivement";"-";"  simple";"§être§excessivement simple "
"579";"-";"+";"+";"-";"+";"n'";" être pas";"-";"si";"-";"  simple";"§n'est pas§si simple "
"580";"-";"+";"-";"-";"-";"<E>";" être";"+";"bien";"-";"  situé";"§être§bien situé "
"581";"-";"+";"-";"-";"-";"<E>";" être";"+";"mal";"-";"  situé";"§être§mal situé "
"582";"+";"+";"-";"-";"-";"<E>";" être";"-";"national-";"-";"  socialiste";"§être§national-socialiste "
"583";"-";"+";"-";"-";"-";"<E>";" être";"-";"hyper-";"-";"  sonique";"§être§hyper-sonique "
"584";"-";"+";"-";"-";"-";"<E>";" être";"-";"sub-";"-";"  sonique";"§être§sub-sonique "
"585";"+";"-";"-";"-";"-";"<E>";" être";"-";"profondément";"+";"  soucieux de N";"§être§profondément soucieux de N "
"586";"+";"-";"-";"-";"-";"<E>";" être";"+";"peu";"-";"  soucieux de V-0-inf W";"§être§peu soucieux de V-0-inf W "
"587";"+";"-";"-";"-";"-";"<E>";" être";"+";"peu";"-";"  soucieux de venir ici";"§être§peu soucieux de venir ici "
"588";"+";"-";"-";"-";"-";"<E>";" être";"-";"fin";"-";"  soûl";"§être§fin soûl "
"589";"-";"+";"-";"-";"-";"<E>";" être";"-";"politiquement";"+";"  stable";"§être§politiquement stable "
"590";"-";"+";"-";"-";"-";"<E>";" être";"-";"non";"-";"  stop";"§être§non stop "
"591";"+";"+";"-";"-";"-";"<E>";" être";"-";"auto-";"-";"  suffisant";"§être§auto-suffisant "
"592";"-";"+";"+";"-";"-";"<E>";" être";"-";"plus que";"-";"  sur";"§être§plus que sur "
"593";"-";"+";"+";"-";"-";"<E>";" être";"-";"bien";"-";"  sûr ?";"§être§bien sûr ? "
"594";"-";"+";"+";"-";"-";"<E>";" être";"-";"aussi";"-";"  sûr que je m'appelle N";"§être§aussi sûr que je m'appelle N "
"595";"-";"+";"+";"-";"-";"<E>";" être";"-";"aussi";"-";"  sûr que je suis ici";"§être§aussi sûr que je suis ici "
"596";"-";"+";"-";"-";"-";"<E>";" être";"+";"hautement";"-";"  symbolique";"§être§hautement symbolique "
"597";"-";"+";"+";"-";"+";"n'";" être pas";"-";"trop";"-";"  tard";"§n'est pas§trop tard "
"598";"-";"+";"-";"-";"-";"<E>";" être";"+";"bien";"-";"  tassé";"§être§bien tassé "
"599";"-";"+";"-";"-";"-";"<E>";" être";"-";"sous-";"-";"  tentoriel";"§être§sous-tentoriel "
"600";"-";"+";"-";"-";"-";"<E>";" être";"+";"bien";"-";"  tenu";"§être§bien tenu "
"601";"-";"+";"-";"-";"-";"<E>";" être";"+";"mal";"-";"  tenu";"§être§mal tenu "
"602";"+";"+";"-";"-";"-";"<E>";" être";"-";"extra";"-";"  terrestre";"§être§extra terrestre "
"603";"-";"+";"-";"-";"-";"<E>";" être";"-";"extra";"-";"  territorial";"§être§extra territorial "
"604";"-";"+";"-";"-";"-";"<E>";" être";"-";"sous-";"-";"  thalamique";"§être§sous-thalamique "
"605";"+";"+";"-";"-";"-";"<E>";" être";"-";"injustement";"-";"  tombé dans l'oubli";"§être§injustement tombé dans l'oubli "
"606";"-";"+";"+";"-";"+";"n'";" être pas";"-";"trop";"-";"  tôt";"§n'est pas§trop tôt "
"607";"+";"-";"-";"-";"-";"<E>";" être";"-";"gravement";"+";"  touché";"§être§gravement touché "
"608";"+";"-";"-";"-";"-";"<E>";" être";"-";"sérieusement";"+";"  touché";"§être§sérieusement touché "
"609";"+";"+";"-";"-";"-";"<E>";" être";"+";"bien";"-";"  tourné";"§être§bien tourné "
"610";"-";"+";"-";"-";"-";"<E>";" être";"+";"bien";"-";"  tourné";"§être§bien tourné "
"611";"+";"+";"-";"-";"-";"<E>";" être";"+";"mal";"-";"  tourné";"§être§mal tourné "
"612";"-";"+";"-";"-";"-";"<E>";" être";"+";"mal";"-";"  tourné";"§être§mal tourné "
"613";"+";"-";"-";"-";"-";"<E>";" être";"-";"anti-";"-";"  tout";"§être§anti-tout "
"614";"-";"+";"-";"-";"-";"<E>";" être";"-";"hépato-";"-";"  toxique";"§être§hépato-toxique "
"615";"-";"+";"-";"-";"-";"<E>";" être";"-";"non";"-";"  transférable";"§être§non transférable "
"616";"-";"+";"-";"-";"-";"<E>";" être";"-";"sexuellement";"-";"  transmissible";"§être§sexuellement transmissible "
"617";"-";"+";"-";"-";"-";"<E>";" être";"-";"sous-";"-";"  trochantérien";"§être§sous-trochantérien "
"618";"-";"+";"+";"-";"-";"<E>";" être";"+";"bien";"-";"  trouvé";"§être§bien trouvé "
"619";"-";"+";"-";"-";"-";"<E>";" être";"-";"anti-";"-";"  tumoral";"§être§anti-tumoral "
"620";"-";"+";"-";"-";"-";"<E>";" être";"-";"sous-";"-";"  unguéal";"§être§sous-unguéal "
"621";"+";"+";"-";"-";"-";"<E>";" être";"-";"péri-";"-";"  urbain";"§être§péri-urbain "
"622";"+";"+";"-";"-";"-";"<E>";" être";"-";"post-";"-";"  urbain";"§être§post-urbain "
"623";"+";"+";"-";"-";"-";"<E>";" être";"-";"pré-";"-";"  urbain";"§être§pré-urbain "
"624";"-";"+";"-";"-";"-";"<E>";" être";"+";"génito-";"-";"  urinaire";"§être§génito-urinaire "
"625";"-";"+";"-";"-";"-";"<E>";" être";"-";"mono-";"-";"  utilisateur";"§être§mono-utilisateur "
"626";"-";"+";"-";"-";"-";"<E>";" être";"-";"multi-";"-";"  utilisateur";"§être§multi-utilisateur "
"627";"-";"+";"-";"-";"-";"<E>";" être";"-";"intra-";"-";"  veineux";"§être§intra-veineux "
"628";"-";"+";"-";"-";"-";"<E>";" être";"+";"dorso-";"-";"  vélaire";"§être§dorso-vélaire "
"629";"-";"+";"-";"-";"-";"<E>";" être";"-";"sous-";"-";"  venté";"§être§sous-venté "
"630";"-";"+";"-";"-";"-";"<E>";" être";"-";"auriculo-";"-";"  ventriculaire";"§être§auriculo-ventriculaire "
"631";"-";"+";"-";"-";"-";"<E>";" être";"+";"bien";"-";"  venu";"§être§bien venu "
"632";"-";"+";"-";"-";"-";"<E>";" être";"+";"mal";"-";"  venu";"§être§mal venu "
"633";"-";"+";"+";"-";"-";"<E>";" être";"+";"bien";"-";"  venu de la part de Nhum";"§être§bien venu de la part de Nhum "
"634";"-";"+";"+";"-";"-";"<E>";" être";"+";"mal";"-";"  venu de la part de Nhum";"§être§mal venu de la part de Nhum "
"635";"+";"-";"-";"-";"-";"<E>";" être";"+";"mal";"-";"  venu de V-0 W";"§être§mal venu de V-0 W "
"636";"+";"-";"-";"-";"-";"<E>";" être";"-";"cap-";"-";"  verdien";"§être§cap-verdien "
"637";"+";"-";"-";"-";"-";"<E>";" être";"+";"pauvrement";"+";"  vêtu";"§être§pauvrement vêtu "
"638";"-";"+";"-";"-";"-";"<E>";" être";"-";"désespérément";"-";"  vide";"§être§désespérément vide "
"639";"+";"-";"-";"-";"-";"<E>";" être";"-";"déjà";"+";"  vieux";"§être§déjà vieux "
"640";"+";"+";"-";"-";"-";"<E>";" être";"-";"non";"-";"  violent";"§être§non violent "
"641";"-";"+";"-";"-";"-";"<E>";" être";"-";"sous-";"-";"  vireur";"§être§sous-vireur "
"642";"-";"+";"-";"-";"-";"<E>";" être";"-";"audio-";"-";"  visuel";"§être§audio-visuel "
"643";"-";"+";"-";"-";"-";"<E>";" être";"-";"bi-";"-";"  voltage";"§être§bi-voltage "
"644";"-";"+";"-";"-";"-";"<E>";" être";"+";"sous-";"-";"  volté";"§être§sous-volté "
"645";"+";"+";"+";"-";"-";"<E>";" être";"-";"quasi-";"-";"  voulu";"§être§quasi-voulu "
"646";"-";"+";"+";"+";"+";"n'en";" être pas";"-";"moins";"-";"  vrai";"§n'en est pas§moins vrai "
"647";"-";"+";"+";"-";"-";"<E>";" être";"-";"aussi";"-";"  vrai que deux et deux font quatre";"§être§aussi vrai que deux et deux font quatre "
"648";"-";"+";"+";"-";"-";"<E>";" être";"-";"aussi";"-";"  vrai que je m'appelle N";"§être§aussi vrai que je m'appelle N "
"649";"-";"+";"+";"-";"-";"<E>";" être";"-";"aussi";"-";"  vrai que je suis ici";"§être§aussi vrai que je suis ici "
"650";"-";"+";"+";"-";"-";"<E>";" être";"-";"aussi";"-";"  vrai que nature";"§être§aussi vrai que nature "
"651";"-";"+";"+";"-";"-";"<E>";" être";"-";"plus";"-";"  vrai que nature";"§être§plus vrai que nature "
"652";"-";"+";"-";"-";"-";"<E>";" être";"+";"hautement";"-";"  vraisemblable";"§être§hautement vraisemblable "
"653";"-";"+";"+";"-";"-";"<E>";" être";"+";"bien";"-";"  vu";"§être§bien vu "
"654";"-";"+";"+";"-";"-";"<E>";" être";"+";"mal";"-";"  vu";"§être§mal vu "
"655";"-";"+";"+";"-";"-";"<E>";" être";"+";"très bien";"-";"  vu";"§être§très bien vu "
"656";"-";"+";"+";"-";"-";"<E>";" être";"+";"très mal";"-";"  vu";"§être§très mal vu "
"657";"+";"+";"+";"-";"-";"<E>";" être";"+";"bien";"-";"  vu de Nhum";"§être§bien vu de Nhum "
"658";"+";"+";"+";"-";"-";"<E>";" être";"+";"mal";"-";"  vu de Nhum";"§être§mal vu de Nhum "
"659";"+";"+";"+";"-";"-";"<E>";" être";"+";"très bien";"-";"  vu de Nhum";"§être§très bien vu de Nhum "
"660";"+";"+";"+";"-";"-";"<E>";" être";"+";"très mal";"-";"  vu de Nhum";"§être§très mal vu de Nhum "
"661";"+";"-";"-";"-";"-";"<E>";" être";"-";"complétement";"+";"  zinzin";"§être§complétement zinzin "
